OID_;UIDENTSTLAE;ULAND;UREGBEZ;UKREIS;UGEMEINDE;UJAHR;UMONAT;USTUNDE;UWOCHENTAG;UKATEGORIE;UART;UTYP1;ULICHTVERH;IstStrassenzustand;IstRad;IstPKW;IstFuss;IstKrad;IstGkfz;IstSonstige;LINREFX;LINREFY;XGCSWGS84;YGCSWGS84;PLST
27220;5230131603144991797;5;3;66;44;2023;1;15;3;3;0;1;0;0;1;0;0;0;0;0;333914,306499999947846;5615669,676200000569224;6,649627788000032;50,669148812000060;1
27224;5230131601400445498;5;3;15;0;2023;1;14;3;3;5;2;0;0;1;0;0;0;0;1;356520,342199999839067;5652110,635299999266863;6,955038001000048;51,002656549000051;1
27225;5230131601400026688;5;3;15;0;2023;1;23;3;3;1;5;2;1;1;1;0;0;0;0;356238,608799999579787;5646967,533299999311566;6,953059382000049;50,956366283000079;1
27229;5230131601200782434;5;3;15;0;2023;1;19;3;3;0;3;2;1;1;1;0;0;0;0;358093,521999999880791;5639398,586999999359250;6,982398147000026;50,888803684000038;1
27230;5230131601100586607;5;3;15;0;2023;1;11;3;3;3;2;0;0;1;1;0;0;0;0;356615,803100000135601;5643028,399900000542402;6,959976615000073;50,921059717000048;1
27232;5230131518302991800;5;1;70;40;2023;1;14;3;2;5;2;0;1;1;1;0;0;0;0;318554,584599999710917;5719935,969399999827147;6,379978584000071;51,601196840000057;1
27239;5230131502103091616;5;1;13;0;2023;1;5;3;3;5;3;2;0;1;1;0;0;0;0;362685,853000000119209;5703843,486899999901652;7,023023249000062;51,469075508000060;1
27254;5230131400200991813;5;7;11;0;2023;1;3;3;3;0;1;2;0;1;0;0;0;0;0;467545,440000000409782;5763053,599700000137091;8,527067516000045;52,017171018000056;1
27280;5230130705000982336;5;5;54;8;2023;1;6;2;3;0;1;2;1;1;0;0;0;0;0;333677,515999999828637;5745546,033999999985099;6,585905589000049;51,835932233000051;1
27284;5230130702100956377;5;5;15;0;2023;1;18;2;2;0;1;2;0;1;0;0;0;0;0;404524,404000000096858;5758344,176999999210238;7,610223284000028;51,967576918000077;1
27285;5230203506100069412;5;1;16;0;2023;2;16;6;3;5;3;1;1;1;1;0;0;0;0;321508,944299999624491;5672356,508799999952316;6,446507989000054;51,174740245000066;1
27288;5230130702100868387;5;5;15;0;2023;1;16;2;3;5;3;0;0;1;0;0;0;0;1;406508,298000000417233;5757239,360999999567866;7,639393410000025;51,957983525000031;1
27289;5230130702100672400;5;5;15;0;2023;1;7;2;3;7;7;2;1;1;0;0;0;0;1;409265,820700000040233;5752560,432099999859929;7,680746912000075;51,916382999000064;1
27293;5230130702100070563;5;5;15;0;2023;1;11;2;3;3;2;0;1;1;1;0;0;0;0;405602,506299999542534;5754294,649399999529123;7,627023813000051;51,931362074000049;1
27294;5230130702100070562;5;5;15;0;2023;1;6;2;3;5;2;2;1;1;1;0;0;0;0;408385,850800000131130;5753905,170399999246001;7,667598206000036;51,928326301000027;1
27296;5230130701500598960;5;5;62;24;2023;1;6;2;3;5;2;2;1;1;1;0;0;0;0;370136,817800000309944;5725312,551200000569224;7,122301503000074;51,663773002000028;1
27312;5230130601600025265;5;3;15;0;2023;1;7;2;3;5;3;1;0;1;1;0;0;0;0;361688,360899999737740;5645006,217900000512600;7,031350459000066;50,940073215000041;1
27313;5230130601500781664;5;3;15;0;2023;1;16;2;3;2;2;0;0;1;1;0;0;0;0;360028,450000000186265;5648029,846999999135733;7,006576831000075;50,966846404000080;1
27316;5230130600360695366;5;3;82;12;2023;1;9;2;3;5;3;0;1;1;1;0;0;0;0;361746,940700000151992;5625950,318900000303984;7,039380116000075;50,768823587000043;1
27320;5230131608404075493;5;3;34;4;2023;1;19;3;3;0;1;2;1;1;0;0;0;0;0;299782,508999999612570;5640535,224700000137091;6,153653594000048;50,881751546000032;1
27323;5230130513320663488;5;1;62;4;2023;1;10;2;3;3;2;0;1;1;1;0;0;0;0;348794,565000000409782;5662764,575999999418855;6,840557362000027;51,096414870000046;1
27324;5230130513320090221;5;1;62;4;2023;1;7;2;3;3;2;1;1;1;1;0;0;0;0;344251,543999999761581;5664760,609999999403954;6,774866399000075;51,113134459000037;1
27325;5230130513210978747;5;1;62;24;2023;1;9;2;3;5;3;0;1;1;1;0;0;0;0;338497,824799999594688;5673550,488399999216199;6,688791087000027;51,190518653000026;1
27326;5230130513210281478;5;1;62;24;2023;1;18;2;3;5;2;2;0;1;1;0;0;0;0;338609,416799999773502;5673378,525000000372529;6,690463927000053;51,189005102000067;1
27327;5230130513210078747;5;1;62;24;2023;1;11;2;3;0;7;0;1;1;0;0;0;0;1;339893,712500000372529;5672910,189799999818206;6,709035417000052;51,185158303000037;1
27329;5230130505100978123;5;1;14;0;2023;1;18;2;3;3;2;2;1;1;1;0;0;0;0;329378,495699999853969;5689934,279400000348687;6,550595720000047;51,335059474000047;1
27334;5230130502402089588;5;1;17;0;2023;1;8;2;3;5;3;0;1;1;1;0;0;0;0;353503,905799999833107;5700762,864299999549985;6,892195411000046;51,439091480000059;1
27337;5230130502300174734;5;1;13;0;2023;1;6;2;3;4;3;2;1;1;1;0;0;0;0;359703,524000000208616;5705601,629000000655651;6,979415432000053;51,484142936000069;1
27340;5230130501311279021;5;1;12;0;2023;1;20;2;3;5;3;2;0;1;1;0;0;0;0;344937,947999999858439;5699651,380999999120831;6,769531552000046;51,426824955000029;1
27352;5230130404301482003;5;7;66;24;2023;1;7;2;2;8;6;1;1;1;1;0;0;0;0;499520,214200000278652;5766900,970799999311566;8,993002966000063;52,052711371000044;1
27356;5230130317210485000;5;9;78;4;2023;1;18;2;3;6;6;2;0;1;0;1;0;0;0;407062,599200000055134;5720433,255000000819564;7,657320184000071;51,627234166000051;1
27376;5230130301101991825;5;9;13;0;2023;1;5;2;3;0;2;2;1;1;1;0;0;0;0;393464,714999999850988;5708539,383999999612570;7,464547777000064;51,517917289000081;1
27384;5230129700000896674;5;5;13;0;2023;1;19;1;3;5;3;2;0;1;1;0;0;0;0;368932,021099999547005;5711222,780700000002980;7,110156466000035;51,536873257000082;1
27391;5230129601700575861;5;3;16;0;2023;1;12;1;3;5;3;0;0;1;1;0;0;0;0;359537,286999999545515;5657194,385999999940395;6,996039262000068;51,049088493000056;1
27414;5230128702100274700;5;5;15;0;2023;1;9;7;3;5;2;0;0;1;1;0;0;0;0;404345,676099999807775;5754772,550100000575185;7,608616597000037;51,935443060000068;1
27425;5230128601100690266;5;3;15;0;2023;1;0;7;3;1;5;2;0;1;1;0;0;0;0;355273,614099999889731;5644236,958699999377131;6,940413786000022;50,931585702000064;1
27429;5230128513210991782;5;1;62;24;2023;1;19;7;3;4;6;0;0;1;0;0;0;0;1;336754,052000000141561;5676577,785000000149012;6,662481560000060;51,217222603000039;1
27431;5230128506100991841;5;1;16;0;2023;1;9;7;3;1;5;0;0;1;1;0;0;0;0;321027,953599999658763;5673716,627199999988079;6,438956931000064;51,186808180000071;1
27443;5230128410140387152;5;7;70;12;2023;1;14;7;2;0;7;0;0;1;0;0;0;0;0;482670,819400000385940;5797602,532400000840425;8,745708459000070;52,328465408000056;1
27451;5230128300600991838;5;9;16;0;2023;1;16;7;3;5;2;0;0;1;1;0;0;0;0;377068,707000000402331;5710290,317999999970198;7,227740908000044;51,530323511000063;1
27460;5230127702100872434;5;5;15;0;2023;1;15;6;3;5;3;0;0;1;1;0;0;0;0;406290,510800000280142;5758765,771099999547005;7,635808332000067;51,971666945000038;1
27462;5230127700000581500;5;5;13;0;2023;1;19;6;2;6;7;2;0;1;0;1;0;0;0;364640,322399999946356;5715230,274000000208616;7,046770943000070;51,571873519000064;1
27469;5230127602100914966;5;3;62;8;2023;1;9;6;2;0;3;0;0;1;1;0;0;0;0;338343,386800000444055;5644959,386700000613928;6,699357840000062;50,933580854000070;1
27474;5230127601500193548;5;3;15;0;2023;1;8;6;3;0;1;0;0;1;0;0;0;0;0;358192,625699999742210;5645374,776699999347329;6,981483282000056;50,942536345000065;1
27475;5230127601300877938;5;3;15;0;2023;1;9;6;3;0;1;0;0;1;0;0;0;0;0;355383,385999999940395;5646703,260999999940395;6,940995705000034;50,953777351000042;1
27477;5230127601300163938;5;3;15;0;2023;1;13;6;3;3;3;0;0;1;1;0;0;0;0;349549,255599999800324;5645108,870999999344349;6,858650740000030;50,937956280000037;1
27480;5230127601100978583;5;3;15;0;2023;1;11;6;3;0;1;0;1;1;0;0;0;0;0;356888,351700000464916;5644695,428300000727177;6,963197305000051;50,936108840000031;1
27482;5230127601100793525;5;3;15;0;2023;1;17;6;2;0;1;2;0;1;0;0;0;0;0;354869,351700000464916;5644798,696900000795722;6,934441061000030;50,936532327000066;1
27483;5230127601100099147;5;3;15;0;2023;1;11;6;2;0;1;0;1;1;0;0;0;0;0;356886,707499999552965;5644649,823300000280142;6,963191831000074;50,935698584000079;1
27487;5230127516300991845;5;1;58;28;2023;1;20;6;3;4;6;2;1;1;0;0;0;0;1;349301,594100000336766;5685361,517300000414252;6,838306960000068;51,299600302000044;1
27490;5230127515110022282;5;1;54;40;2023;1;8;6;3;5;3;0;0;1;1;0;0;0;0;290845,843000000342727;5743747,817800000309944;5,966153856000062;51,805395213000054;1
27498;5230127506100991854;5;1;16;0;2023;1;10;6;2;0;1;0;1;1;0;0;0;0;0;321380,350999999791384;5673633,456399999558926;6,444035614000029;51,186171258000059;1
27499;5230127503400991852;5;1;22;0;2023;1;13;6;3;5;7;0;0;1;1;0;0;0;0;366566,918800000101328;5669922,374800000339746;7,091562371000066;51,165155523000067;1
27506;5230127500300045580;5;1;11;0;2023;1;13;6;3;5;3;0;0;1;1;0;0;0;0;344584,282200000248849;5674504,388800000771880;6,775407877000021;51,200777378000055;1
27512;5230127400200991846;5;7;11;0;2023;1;17;6;3;6;4;1;0;1;0;1;0;0;0;472944,533900000154972;5764757,461100000888109;8,605606945000034;52,032779483000070;1
27514;5230127317140877840;5;9;78;28;2023;1;17;6;3;0;3;2;0;1;1;0;0;0;0;399784,971699999645352;5700084,557099999859929;7,558006324000075;51,443074391000039;1
27517;5230127307000977963;5;9;62;32;2023;1;7;6;3;5;3;2;1;1;0;0;0;0;1;404713,547000000253320;5674212,283999999985099;7,635820649000038;51,211348080000050;1
27533;5230204601100386351;5;3;15;0;2023;2;16;7;3;0;2;0;0;1;1;0;0;0;0;354741,600999999791384;5644805,462999999523163;6,932621428000061;50,936560968000038;1
27541;5230126709500402376;5;5;66;76;2023;1;4;5;3;0;1;2;2;1;0;0;0;0;0;393041,209900000132620;5793900,317099999636412;7,431954265000059;52,285044001000074;1
27544;5230126705000810851;5;5;54;20;2023;1;7;5;3;0;1;2;2;1;0;0;0;0;0;367769,494099999777973;5785363,045299999415874;7,065012373000059;52,202834151000047;1
27550;5230126701800852518;5;5;62;4;2023;1;17;5;3;3;2;2;1;1;1;0;0;0;0;382499,083999999798834;5715516,722999999299645;7,304244871000037;51,578453131000060;1
27554;5230126608100994885;5;3;34;2;2023;1;10;5;3;5;3;0;1;1;0;0;0;0;1;291857,589499999769032;5628820,642599999904633;6,047796622000021;50,773745468000072;1
27561;5230126601700495761;5;3;16;0;2023;1;7;5;3;6;6;2;1;1;0;1;0;0;0;363553,808000000193715;5655796,187999999150634;7,053833230000066;51,037490752000053;1
27570;5230126601100486374;5;3;15;0;2023;1;8;5;3;0;2;1;1;1;1;0;0;0;0;356590,182300000451505;5643013,034399999305606;6,959618379000062;50,920915261000061;1
27571;5230126600360995378;5;3;82;12;2023;1;14;5;2;5;3;0;1;1;1;0;0;0;0;355673,197599999606609;5625701,353299999609590;6,953401104000022;50,765106858000081;1
27572;5230126600310995342;5;3;14;0;2023;1;19;5;3;5;2;2;1;1;1;0;0;0;0;362680,165900000371039;5620289,164999999105930;7,054716477000056;50,718164471000080;1
27573;5230126518400069630;5;1;70;8;2023;1;9;5;3;5;3;0;1;1;1;0;0;0;0;342818,497000000439584;5715938,955000000074506;6,731813884000076;51,572580075000076;1
27581;5230126514112991867;5;1;66;16;2023;1;17;5;3;0;1;1;1;1;0;0;0;0;0;308954,666000000201166;5683996,414799999445677;6,260915626000042;51,275232908000078;1
27587;5230126502401072165;5;1;17;0;2023;1;11;5;3;5;2;0;1;1;1;0;0;0;0;352990,818599999882281;5699791,015300000086427;6,885221879000028;51,430225821000079;1
27590;5230126501128991876;5;1;12;0;2023;1;9;5;3;0;1;1;2;1;0;0;0;0;0;343231,612499999813735;5701867,999500000849366;6,744026002000055;51,446271530000047;1
27604;5230126406110231931;5;7;58;12;2023;1;6;5;3;5;2;2;2;1;1;0;0;0;0;477330,310700000263751;5774773,732100000604987;8,668872399000065;52,123029299000052;1
27611;5230126310140599544;5;9;54;28;2023;1;9;5;3;0;5;0;1;1;1;0;0;0;0;380032,077800000086427;5688338,411599999293685;7,277877624000041;51,333662706000041;1
27614;5230126307000190502;5;9;62;52;2023;1;12;5;3;1;5;0;1;1;1;0;0;0;0;419782,108099999837577;5672866,302100000903010;7,851801552000040;51,201562937000062;1
27618;5230126303100066320;5;9;15;0;2023;1;13;5;2;0;1;1;1;1;0;0;0;0;0;415145,052299999631941;5725774,657700000330806;7,772762162000049;51,676527366000073;1
27625;5230126301306094248;5;9;13;0;2023;1;9;5;3;0;1;0;2;1;0;0;0;0;0;400310,720999999903142;5714637,549000000581145;7,561454198000035;51,573982361000049;1
27631;5230125709700991893;5;5;66;28;2023;1;13;4;3;5;2;0;0;1;1;0;0;0;0;412473,951000000350177;5791799,265499999746680;7,717303023000056;52,269597801000032;1
27632;5230125709110096566;5;5;66;8;2023;1;14;4;3;4;2;0;0;1;1;0;0;0;0;398609,971900000236928;5781227,497099999338388;7,517363050000029;52,172201517000076;1
27634;5230125705000095150;5;5;54;12;2023;1;17;4;3;0;7;1;0;1;0;0;0;0;0;353048,666500000283122;5745585,513100000098348;6,866827985000043;51,841719839000064;1
27635;5230125701110771521;5;5;62;32;2023;1;13;4;3;5;2;0;0;1;1;0;0;0;0;373758,467000000178814;5719182,892000000923872;7,176848937000045;51,609511311000063;1
27639;5230125602800390955;5;3;62;12;2023;1;5;4;3;5;3;2;0;1;1;0;0;0;0;353499,873999999836087;5633593,570599999278784;6,919455750000054;50,835488615000031;1
27647;5230125601500093450;5;3;15;0;2023;1;7;4;3;0;5;1;0;1;0;0;0;1;0;361048,252700000070035;5649334,850600000470877;7,020592509000039;50,978821587000027;1
27648;5230125601400499182;5;3;15;0;2023;1;11;4;3;6;4;0;0;1;0;1;0;0;0;355952,783200000412762;5649807,365299999713898;6,947867746000043;50,981815848000053;1
27650;5230125601300599152;5;3;15;0;2023;1;13;4;3;5;2;0;0;1;1;0;0;0;0;353872,565000000409782;5646643,319099999964237;6,919524275000072;50,952857595000069;1
27659;5230125508000996056;5;1;19;0;2023;1;8;4;3;0;3;1;0;1;1;0;0;0;0;351647,571299999952316;5703789,767400000244379;6,864236734000031;51,465806786000030;1
27665;5230125502401260650;5;1;17;0;2023;1;14;4;3;3;6;0;0;1;1;0;0;0;0;352510,206299999728799;5698586,560499999672174;6,878814533000025;51,419278095000038;1
27686;5230125405108991888;5;7;54;28;2023;1;17;4;3;4;2;1;0;1;1;0;0;0;0;451554,150000000372529;5742517,091000000014901;8,296946618000050;51,831373875000054;1
27688;5230125404302978117;5;7;66;8;2023;1;6;4;2;5;3;2;1;1;1;0;0;0;0;477486,174800000153482;5767290,835400000214577;8,671643204000077;52,055759390000048;1
27697;5230125316300991897;5;9;74;16;2023;1;11;4;3;0;1;0;0;1;0;0;0;0;0;454013,428000000305474;5717499,382899999618530;8,335936400000037;51,606652992000079;1
27699;5230125316300294491;5;9;74;4;2023;1;16;4;3;5;3;0;1;1;1;0;0;0;0;453367,993999999947846;5712558,540999999269843;8,327273126000023;51,562176910000062;1
27714;5230124705000081093;5;5;54;64;2023;1;8;3;3;5;3;1;0;1;1;0;0;0;0;356859,157100000418723;5750394,391599999740720;6,920109314000058;51,885918557000082;1
27719;5230124700000175987;5;5;13;0;2023;1;18;3;3;6;7;2;0;1;0;1;0;0;0;368619,894600000232458;5708922,556600000709295;7,106516534000036;51,516129115000069;1
27720;5230124610221254347;5;3;70;20;2023;1;15;3;3;5;3;0;1;1;1;0;0;0;0;305814,209200000390410;5658797,484899999573827;6,229546785000025;51,047842772000081;1
27726;5230124607500386341;5;3;82;56;2023;1;17;3;3;3;6;2;0;1;0;0;0;0;0;371256,606599999591708;5624911,028699999675155;7,174528232000057;50,761670656000035;1
27727;5230124607500186341;5;3;82;56;2023;1;14;3;3;5;3;0;0;1;1;0;0;0;0;372045,235700000077486;5626212,205199999734759;7,185251771000026;50,773540523000065;1
27728;5230124606400369903;5;3;78;24;2023;1;20;3;2;0;1;2;1;1;0;0;0;0;0;382906,448900000192225;5645969,117599999532104;7,332898026000066;50,953428228000064;1
27733;5230124601600986408;5;3;15;0;2023;1;8;3;3;4;6;0;2;1;1;0;0;0;0;363407,383899999782443;5639906,736899999901652;7,057712429000048;50,894651667000062;1
27734;5230124601600793440;5;3;15;0;2023;1;6;3;3;5;2;1;0;1;1;0;0;0;0;358959,599600000306964;5642276,266599999740720;6,993592157000023;50,914877893000039;1
27735;5230124601500374363;5;3;15;0;2023;1;0;3;2;0;1;2;0;1;0;0;0;0;0;364934,215300000272691;5649431,622099999338388;7,075879332000056;50,980615957000055;1
27743;5230124600140595344;5;3;14;0;2023;1;8;3;3;5;3;0;0;1;1;0;0;0;0;368830,516999999992549;5623127,859999999403954;7,140782745000024;50,745099926000080;1
27745;5230124518120682273;5;1;70;44;2023;1;15;3;3;5;3;0;0;1;1;0;0;0;0;337998,142199999652803;5719299,743599999696016;6,660764939000046;51,601409350000040;1
27747;5230124516700081920;5;1;58;8;2023;1;14;3;3;0;7;0;0;1;0;0;0;0;0;361344,845700000412762;5673568,441999999806285;7,015513413000065;51,196680147000052;1
27748;5230124515210522353;5;1;54;12;2023;1;12;3;3;5;3;0;0;1;1;0;0;0;0;315188,095399999991059;5711078,502800000831485;6,336079245000064;51,520545586000026;1
27759;5230124505100082277;5;1;14;0;2023;1;13;3;3;3;2;0;0;1;1;0;0;0;0;331889,103699999861419;5689666,109899999573827;6,586729428000069;51,333398043000045;1
27772;5230124502100280548;5;1;13;0;2023;1;12;3;3;6;4;0;0;1;0;1;0;0;0;361555,199799999594688;5700713,920900000259280;7,007980157000077;51,440676626000027;1
27784;5230124405228781503;5;7;54;28;2023;1;15;3;3;4;6;0;0;1;0;0;0;0;0;452282,272599999792874;5744837,645800000056624;8,307192222000026;51,852299606000031;1
27789;5230124314310714094;5;9;66;20;2023;1;12;3;3;6;6;0;0;1;0;1;0;0;0;435602,246799999848008;5662016,288799999281764;8,080149601000073;51,106012073000045;1
27801;5230123711231390740;5;5;70;40;2023;1;7;2;3;0;3;2;0;1;1;0;0;0;0;420133,124200000427663;5744093,402899999171495;7,840677037000034;51,841935049000028;1
27803;5230123709110991938;5;5;66;12;2023;1;12;2;3;5;3;0;0;1;1;0;0;0;0;406549,294999999925494;5767753,906999999657273;7,637121749000073;52,052499467000075;1
27806;5230123705000520718;5;5;54;20;2023;1;15;2;3;0;3;0;0;1;1;0;0;0;0;366876,479000000283122;5785604,960000000894070;7,051857553000048;52,204792923000070;1
27807;5230123702100991908;5;5;15;0;2023;1;12;2;2;0;7;0;2;1;1;0;0;0;0;405066,600200000219047;5755265,141899999231100;7,618963858000029;51,939994142000046;1
27808;5230123702100639948;5;5;15;0;2023;1;13;2;3;5;3;0;0;1;1;0;0;0;0;405425,171799999661744;5755356,486400000751019;7,624153401000058;51,940876252000066;1
27809;5230123702100574736;5;5;15;0;2023;1;8;2;3;5;2;0;1;1;1;0;0;0;0;405161,176500000059605;5756925,038399999961257;7,619881306000025;51,954930133000062;1
27810;5230123702100272434;5;5;15;0;2023;1;9;2;3;0;7;0;1;1;0;0;0;0;0;403503,683899999596179;5760699,297900000587106;7,594707818000074;51,988569162000033;1
27811;5230123701400689547;5;5;12;0;2023;1;7;2;3;5;2;2;0;1;1;0;0;0;0;360127,241999999620020;5709857,547000000253320;6,983826201000056;51,522492225000065;1
27815;5230123607000373822;5;3;82;28;2023;1;13;2;2;5;3;0;0;1;1;0;0;0;0;373187,360000000335276;5637378,815999999642372;7,197580214000027;50,874160529000051;1
27823;5230123601600099807;5;3;15;0;2023;1;18;2;2;4;2;2;0;1;1;0;0;0;0;362242,813000000081956;5643840,630999999120831;7,039677882000035;50,929730430000063;1
27833;5230123515110072077;5;1;54;36;2023;1;7;2;3;0;2;2;1;1;1;0;0;0;0;302285,330000000074506;5742754,923000000417233;6,132422631000054;51,800640720000047;1
27835;5230123514110991948;5;1;66;32;2023;1;7;2;3;5;3;1;0;1;1;0;0;0;0;318429,222000000067055;5680154,134999999776483;6,398551555000040;51,243816172000038;1
27838;5230123506100011761;5;1;16;0;2023;1;13;2;2;5;3;0;1;1;1;0;0;0;0;318724,582600000314415;5676185,266100000590086;6,404785862000040;51,208258104000038;1
27839;5230123505200996046;5;1;14;0;2023;1;7;2;3;0;1;2;0;1;0;0;0;0;0;330978,066999999806285;5692437,424000000581145;6,572347982000053;51,358025172000055;1
27840;5230123503400991934;5;1;22;0;2023;1;15;2;2;0;1;0;1;1;0;0;0;0;0;361685,966000000014901;5672385,121999999508262;7,020848296000054;51,186128524000026;1
27842;5230123503400695461;5;1;22;0;2023;1;12;2;3;5;3;0;0;1;1;0;0;0;0;360287,082999999634922;5669270,777000000700355;7,002054790000045;51,157800446000067;1
27847;5230131503100170387;5;1;24;0;2023;1;18;3;3;5;3;2;1;1;1;0;0;0;0;371132,807000000029802;5680235,392000000923872;7,153124103000039;51,258890697000027;1
27852;5230123406130031883;5;7;58;8;2023;1;7;2;3;5;3;2;0;1;1;0;0;0;0;470735,888299999758601;5776506,286399999633431;8,572403645000065;52,138296047000040;1
27853;5230123609236394752;5;3;58;36;2023;1;12;2;2;5;3;0;1;1;1;0;0;0;0;311851,849499999545515;5649281,713300000876188;6,320515741000065;50,964375286000063;1
27861;5230123316100991943;5;9;74;8;2023;1;11;2;2;5;2;0;1;1;1;0;0;0;0;442520,541400000452995;5715311,487800000235438;8,170350107000047;51,585926446000030;1
27862;5230123313211578062;5;9;58;12;2023;1;7;2;3;2;6;2;1;1;0;0;0;1;0;469179,417899999767542;5698943,907999999821186;8,556553740000027;51,440847402000031;1
27865;5230131506100991798;5;1;16;0;2023;1;16;3;3;5;3;0;1;1;1;0;0;0;0;323213,449000000022352;5676928,120999999344349;6,468616136000037;51,216338423000082;1
27866;5230125500300471860;5;1;11;0;2023;1;21;4;2;0;1;2;0;1;0;0;0;0;0;350961,094999999739230;5676465,796000000089407;6,865800181000054;51,220101604000035;1
27880;5230122702100096667;5;5;15;0;2023;1;13;1;3;0;2;0;1;1;1;0;0;0;0;402894,179700000211596;5755013,039400000125170;7,587442185000043;51,937353270000074;1
27918;5230121705000091730;5;5;54;40;2023;1;12;7;3;2;6;0;0;1;1;0;0;0;0;350227,154000000096858;5737356,202999999746680;6,829457377000040;51,767031589000055;1
27922;5230121702100055910;5;5;15;0;2023;1;12;7;3;2;6;0;0;1;0;0;0;0;0;405554,981100000441074;5756711,445000000298023;7,625668973000074;51,953077281000049;1
27923;5230121701300695791;5;5;62;14;2023;1;14;7;3;5;3;0;0;1;1;0;0;0;0;358014,462600000202656;5714112,630100000649691;6,951676084000042;51,560200879000035;1
27925;5230121606700495398;5;3;78;16;2023;1;14;7;3;5;3;0;2;1;1;0;0;0;0;366532,129999999888241;5663780,001000000163913;7,093340975000046;51,109944064000047;1
27931;5230121601100145795;5;3;15;0;2023;1;1;7;3;6;4;2;1;1;0;1;0;0;0;355259,178700000047684;5645176,073699999600649;6,939835484000071;50,940021702000081;1
27936;5230121515110091522;5;1;54;36;2023;1;16;7;3;0;1;0;1;1;1;0;0;0;0;301698,184999999590218;5741092,823000000789762;6,124868508000020;51,785507297000038;1
27947;5230131506100791603;5;1;16;0;2023;1;10;3;3;5;3;0;0;1;1;0;0;0;0;321004,815000000409782;5671369,398000000044703;6,439794992000031;51,165715216000081;1
27978;5230120701300881321;5;5;62;14;2023;1;7;6;3;5;2;2;1;1;1;0;0;0;0;359183,669900000095367;5715966,025800000876188;6,967789236000044;51,577148535000049;1
28009;5230120601500274363;5;3;15;0;2023;1;7;6;3;5;3;2;0;1;1;0;0;0;0;359947,054999999701977;5648940,793999999761581;7,005067571000041;50,975013384000079;1
28012;5230120601200086398;5;3;15;0;2023;1;17;6;3;0;3;2;1;1;1;0;0;0;0;354717,653199999593198;5643090,786699999123812;6,932964173000073;50,921145566000064;1
28046;5230120410110082104;5;7;70;24;2023;1;11;6;3;0;1;0;0;1;0;0;0;0;0;493027,924399999901652;5795251,535099999979138;8,897738770000046;52,307558229000051;1
28051;5230120405140257260;5;7;54;40;2023;1;10;6;3;5;3;0;1;1;0;0;1;0;0;461492,139999999664724;5762539,383999999612570;8,438920013000029;52,012160861000041;1
28052;5230120405140078187;5;7;54;40;2023;1;12;6;3;5;2;0;0;1;1;0;0;0;0;459576,908499999903142;5761628,974099999293685;8,411123073000056;52,003839643000049;1
28053;5230120405108974501;5;7;54;8;2023;1;19;6;3;5;3;2;1;1;1;0;0;0;0;457620,817999999970198;5749141,802999999374151;8,384168417000069;51,891427617000033;1
28055;5230120404101090720;5;7;66;20;2023;1;7;6;2;0;3;2;1;1;1;0;0;0;0;492829,104000000283122;5757513,303999999538064;8,895618741000021;51,968261348000055;1
28056;5230120400300120666;5;7;11;0;2023;1;6;6;3;5;3;2;0;1;1;0;0;0;0;466517,462799999862909;5756613,197599999606609;8,512717118000069;51,959206529000028;1
28067;5230120303100077884;5;9;15;0;2023;1;20;6;3;0;7;2;1;1;0;0;0;0;0;417258,739400000311434;5725420,101999999955297;7,803408670000067;51,673655451000059;1
28073;5230120300300575642;5;9;11;0;2023;1;9;6;3;0;1;0;1;1;0;0;0;0;0;382397,117300000041723;5704854,626499999314547;7,306334573000072;51,482603710000035;1
28078;5230123602100514824;5;3;62;8;2023;1;16;2;3;5;2;0;0;1;1;0;0;0;0;336962,754200000315905;5645928,714299999177456;6,679292590000045;50,941901860000030;1
28079;5230119705000991986;5;5;54;16;2023;1;20;5;2;0;1;2;2;1;0;0;0;0;0;362174,917000000365078;5757692,948000000789762;6,994375918000060;51,952839754000081;1
28104;5230119607500595335;5;3;82;56;2023;1;8;5;3;5;2;1;2;1;0;0;0;0;1;375647,025299999862909;5627193,590900000184774;7,235976855000047;50,783145207000075;1
28124;5230119602700099710;5;3;62;28;2023;1;19;5;3;5;3;2;1;1;1;0;0;0;0;352627,634100000374019;5639040,246099999174476;6,904884103000029;50,884214840000027;1
28136;5230119601300299808;5;3;15;0;2023;1;8;5;3;0;3;2;0;1;0;0;0;0;1;354070,735999999567866;5646929,110999999567866;6,922229163000054;50,955476117000046;1
28138;5230119600380293482;5;3;14;0;2023;1;21;5;3;2;6;2;0;1;1;0;0;0;0;369501,117700000293553;5616448,653200000524521;7,152644795000072;50,685216620000062;1
28140;5230119600360586558;5;3;82;12;2023;1;8;5;3;5;3;0;1;1;1;0;0;0;0;353038,509800000116229;5629696,187400000169873;6,914469495000048;50,800346586000046;1
28143;5230119600110681222;5;3;14;0;2023;1;21;5;3;0;1;2;0;1;0;0;0;0;0;365171,918899999931455;5622292,855399999767542;7,089261089000047;50,736756915000058;1
28145;5230119518210096134;5;1;70;28;2023;1;17;5;3;3;6;1;0;1;0;0;0;0;1;328591,085500000044703;5701463,345699999481440;6,533738430000028;51,438394997000046;1
28148;5230119518110992005;5;1;70;12;2023;1;7;5;3;0;1;2;2;1;0;0;0;0;0;335142,115000000223517;5740794,058000000193715;6,609404689000030;51,793677516000059;1
28149;5230119518100195870;5;1;70;48;2023;1;7;5;3;0;7;1;2;1;1;0;0;0;0;336760,026200000196695;5725824,544199999421835;6,639861657000040;51,659670052000081;1