OID_;UIDENTSTLAE;ULAND;UREGBEZ;UKREIS;UGEMEINDE;UJAHR;UMONAT;USTUNDE;UWOCHENTAG;UKATEGORIE;UART;UTYP1;ULICHTVERH;IstStrassenzustand;IstRad;IstPKW;IstFuss;IstKrad;IstGkfz;IstSonstige;LINREFX;LINREFY;XGCSWGS84;YGCSWGS84;PLST
28151;5230119516800579321;5;1;58;20;2023;1;8;5;3;0;7;2;1;1;0;0;0;0;0;356849,596099999733269;5662312,877699999138713;6,955693842000073;51,094423130000052;1
28160;5230119514111777514;5;1;66;32;2023;1;12;5;3;5;3;0;1;1;1;0;0;0;0;314989,246199999935925;5678911,312500000000000;6,349963373000037;51,231547320000061;1
28177;5230119505200972115;5;1;14;0;2023;1;6;5;3;3;6;2;2;1;1;0;0;0;0;328217,221599999815226;5690436,443299999460578;6,533699043000070;51,339221100000032;1
28197;5230119410110096988;5;7;70;24;2023;1;10;5;3;6;4;0;1;1;0;1;0;0;0;494360,581600000150502;5792854,327999999746680;8,917325312000060;52,286021457000061;1
28207;5230119405116992003;5;7;54;16;2023;1;7;5;3;5;3;2;1;1;1;0;0;0;0;450625,156999999657273;5755911,585000000894070;8,281548246000057;51,951714646000028;1
28209;5230131601600991802;5;3;15;0;2023;1;12;3;2;2;1;0;0;1;1;0;0;0;0;361636,196999999694526;5634874,051999999210238;7,034446639000066;50,848999312000046;1
28216;5230119317240018406;5;9;78;40;2023;1;7;5;3;4;2;2;2;1;1;0;0;0;0;404888,858199999667704;5725507,898399999365211;7,624545384000044;51,672486409000044;1
28251;5230119301202689405;5;9;13;0;2023;1;14;5;3;4;6;0;1;1;0;0;0;0;1;394206,547799999825656;5709357,315700000151992;7,474989844000049;51,525408701000060;1
28254;5230203709110572364;5;5;66;12;2023;2;14;6;3;5;3;0;1;1;1;0;0;0;0;404523,864699999801815;5772127,906899999827147;7,606368645000032;52,091468553000027;1
28261;5230118705000796584;5;5;54;48;2023;1;17;4;3;3;2;2;1;1;1;0;0;0;0;341677,816999999806285;5745013,654899999499321;6,702166509000051;51,833474421000062;1
28262;5230118705000681025;5;5;54;8;2023;1;11;4;2;5;3;0;1;1;1;0;0;0;0;335201,578200000338256;5742184,155300000682473;6,609605494000050;51,806182888000080;1
28267;5230118702100570584;5;5;15;0;2023;1;7;4;3;5;3;2;0;1;1;0;0;0;0;399109,754800000227988;5757238,271700000390410;7,531757809000055;51,956680587000051;1
28268;5230118701910185415;5;5;62;8;2023;1;16;4;3;4;2;0;0;1;1;0;0;0;0;385397,847500000149012;5723437,935200000181794;7,343470048000029;51,650244209000050;1
28270;5230118701200395124;5;5;62;20;2023;1;14;4;3;1;3;0;0;1;1;0;0;0;0;371738,179499999620020;5716317,351500000804663;7,148736310000061;51,583302446000062;1
28276;5230118608436833441;5;3;34;36;2023;1;17;4;3;5;3;1;0;1;1;0;0;0;0;297157,577999999746680;5634123,327999999746680;6,119938568000066;50,823248720000038;1
28277;5230118608436077566;5;3;34;36;2023;1;6;4;3;0;3;2;1;1;1;0;0;0;0;297850,280600000172853;5634699,956900000572205;6,129442884000071;50,828669919000049;1
28278;5230118608100991906;5;3;34;2;2023;1;7;4;3;0;7;2;0;1;0;1;0;0;0;293430,370199999772012;5628368,943099999800324;6,070326661000024;50,770250886000042;1
28285;5230118606100090434;5;3;78;4;2023;1;17;4;3;5;2;1;0;1;1;0;0;0;0;366964,064399999566376;5645832,279500000178814;7,106095372000027;50,948738976000072;1
28286;5230118605136090382;5;3;74;36;2023;1;19;4;3;2;6;2;0;1;1;0;0;0;0;385678,602900000289083;5677413,891300000250340;7,362392925000051;51,236632405000080;1
28287;5230118603228175840;5;3;66;28;2023;1;9;4;2;3;2;0;1;1;1;0;0;0;0;334556,677799999713898;5606709,589700000360608;6,662707619000059;50,588820201000033;1
28291;5230118602700958291;5;3;62;28;2023;1;16;4;3;5;2;0;0;1;1;0;0;0;0;352261,637000000104308;5638862,629000000655651;6,899756439000043;50,882525188000045;1
28295;5230118601700786592;5;3;16;0;2023;1;16;4;3;5;3;0;0;1;1;0;0;0;0;356574,645999999716878;5657941,126000000163913;6,953504397000074;51,055067079000025;1
28297;5230202705000281102;5;5;54;4;2023;2;13;5;3;5;3;0;0;1;1;0;0;0;0;365245,400000000372529;5771831,152000000700355;7,033464301000038;52,080633064000040;1
28299;5230118601300686363;5;3;15;0;2023;1;8;4;3;0;1;0;2;1;0;0;0;0;0;347861,754499999806285;5645204,202899999916553;6,834611151000047;50,938370218000045;1
28300;5230118601100099077;5;3;15;0;2023;1;17;4;3;6;4;1;0;1;0;1;0;0;0;356684,303100000135601;5644674,085799999535084;6,960303591000070;50,935866364000049;1
28304;5230118600110165600;5;3;14;0;2023;1;7;4;3;5;3;2;0;1;1;0;0;0;0;365249,003100000321865;5623069,641799999400973;7,090068785000028;50,743756486000052;1
28308;5230118518200544791;5;1;70;24;2023;1;13;4;3;5;3;0;0;1;1;0;0;0;0;335414,434999999590218;5703295,974999999627471;6,630969605000075;51,456882987000029;1
28313;5230118514123086903;5;1;66;20;2023;1;14;4;3;0;7;0;0;1;0;0;0;0;0;305564,751799999736249;5675890,587700000032783;6,216774189000034;51,201283937000028;1
28314;5230118508000686208;5;1;19;0;2023;1;20;4;3;5;2;2;0;1;1;0;0;0;0;349336,869599999859929;5709748,913899999111891;6,828452406000054;51,518741000000034;1
28316;5230118506100992023;5;1;16;0;2023;1;10;4;3;5;2;0;1;1;1;0;0;0;0;321238,548600000329316;5671094,596300000324845;6,443271131000074;51,163319680000029;1
28324;5230118503000992012;5;1;24;0;2023;1;18;4;3;0;1;1;0;1;0;0;0;0;0;370238,344999999739230;5679785,541600000113249;7,140475394000021;51,254644843000051;1
28335;5230118405236296924;5;7;54;44;2023;1;15;4;2;5;3;0;0;1;1;0;0;0;0;472547,550300000235438;5751140,771800000220537;8,600909250000029;51,910335269000029;1
28336;5230118405148730643;5;7;54;48;2023;1;15;4;3;5;3;0;0;1;1;0;0;0;0;441905,786000000312924;5767049,373999999836087;8,152798484000073;52,051000646000034;1
28340;5230118400200196970;5;7;11;0;2023;1;15;4;3;0;3;0;0;1;0;0;0;0;1;470002,590099999681115;5764962,612400000914931;8,562704920000044;52,034472584000071;1
28346;5230118310110577814;5;9;54;16;2023;1;13;4;3;5;3;0;0;1;1;0;0;0;0;378192,468999999575317;5696592,070000000298023;7,248654816000055;51,407453240000052;1
28361;5230117709500812492;5;5;66;16;2023;1;8;3;3;5;3;1;1;1;1;0;0;0;0;404017,813000000081956;5794597,677999999374151;7,592620041000032;52,293338441000060;1
28371;5230117702100796747;5;5;15;0;2023;1;17;3;3;0;4;1;0;1;0;1;0;0;0;404390,587100000120699;5758889,660599999129772;7,608124099000065;51,972456914000077;1
28373;5230117702100372434;5;5;15;0;2023;1;8;3;3;5;3;0;0;1;1;0;0;0;0;407900,576000000350177;5760301,456000000238419;7,658827922000057;51,985739632000048;1
28384;5230117610211780718;5;3;70;4;2023;1;13;3;3;5;3;0;0;1;1;0;0;0;0;311800,389999999664724;5662533,278000000864267;6,312906158000033;51,083391861000052;1
28385;5230117609224394920;5;3;58;24;2023;1;4;3;3;5;3;2;1;1;0;0;0;0;1;316410,395299999974668;5641237,585400000214577;6,389413276000028;50,893583426000077;1
28389;5230117608200294804;5;3;34;2;2023;1;12;3;3;5;2;0;0;1;1;0;0;0;0;296450,051500000059605;5628462,347500000149012;6,113043156000060;50,772157069000059;1
28390;5230117608200089810;5;3;34;2;2023;1;17;3;2;6;6;2;1;1;0;1;0;0;0;302009,330299999564886;5626036,969200000166893;6,193092813000021;50,752296132000026;1
28392;5230117608100589798;5;3;34;2;2023;1;8;3;3;0;1;1;2;1;0;0;0;0;0;294443,882000000216067;5626404,643999999389052;6,085777800000074;50,752969041000028;1
28394;5230125518110891568;5;1;70;12;2023;1;9;4;3;5;3;0;0;1;0;0;0;1;0;335306,150799999944866;5738228,233100000768900;6,612998541000024;51,770675798000070;1
28398;5230130605144299186;5;3;74;44;2023;1;7;2;3;4;6;2;1;1;1;0;0;0;0;403842,195899999700487;5637789,279999999329448;7,633023482000056;50,883764790000043;1
28417;5230117601200493358;5;3;15;0;2023;1;18;3;3;5;2;2;0;1;0;0;0;0;0;357818,987200000323355;5641399,464600000530481;6,977718452000033;50,906718172000069;1
28420;5230117518400889228;5;1;70;8;2023;1;15;3;3;5;2;0;0;1;1;0;0;0;0;343551,430999999865890;5714920,255999999120831;6,742835036000031;51,563631286000032;1
28425;5230117518110390435;5;1;70;12;2023;1;15;3;3;5;2;0;0;1;1;0;0;0;0;327361,262400000356138;5734664,834300000220537;6,499733641000034;51,736273243000028;1
28432;5230117513110474104;5;1;62;16;2023;1;15;3;3;5;2;0;0;1;1;0;0;0;0;333689,165500000119209;5676931,156300000846386;6,618471840000041;51,219512983000072;1
28444;5230117506100069412;5;1;16;0;2023;1;15;3;3;4;2;0;0;1;1;0;0;0;0;322930,241700000129640;5673063,189300000667572;6,466471522000063;51,181530497000040;1
28446;5230117505100382277;5;1;14;0;2023;1;4;3;3;0;1;2;1;1;0;0;0;0;0;330107,093299999833107;5688223,416300000622869;6,561860792000061;51,319907507000039;1
28453;5230117502319185351;5;1;13;0;2023;1;15;3;3;5;3;0;0;1;1;0;0;0;0;356660,020999999716878;5707051,989000000059605;6,935023495000053;51,496412577000058;1
28460;5230117501319196081;5;1;12;0;2023;1;17;3;3;1;2;0;0;1;0;0;0;1;0;344759,420900000259280;5697627,585200000554323;6,767851928000027;51,408592232000046;1
28461;5230117501311681477;5;1;12;0;2023;1;18;3;3;3;2;2;0;1;1;0;0;0;0;345387,099999999627471;5700338,880999999120831;6,775687005000066;51,433124891000034;1
28469;5230202701400275422;5;5;12;0;2023;2;14;5;3;5;3;0;1;1;1;0;0;0;0;357031,639000000432134;5709681,154999999329448;6,939307401000065;51,520132094000076;1
28482;5230307500200565754;5;1;11;0;2023;3;13;3;2;5;3;0;1;1;1;0;0;0;0;346882,695799999870360;5677849,248199999332428;6,806852773000060;51,231453487000067;1
28484;5230307411224587045;5;7;74;24;2023;3;17;3;3;5;3;0;2;1;1;0;0;0;0;476767,451000000350177;5741327,771999999880791;8,662915074000068;51,822298525000065;1
28492;5230307406110991124;5;7;58;12;2023;3;19;3;3;0;2;2;1;1;1;0;0;0;0;477083,517500000074506;5774958,811599999666214;8,665255183000056;52,124683101000073;1
28498;5230307316100082004;5;9;74;40;2023;3;6;3;3;3;6;2;0;1;0;0;0;0;1;437236,270399999804795;5715166,958399999886751;8,094113404000041;51,584063222000054;1
28512;5230307301303180857;5;9;13;0;2023;3;6;3;3;3;2;1;1;1;1;0;0;0;0;398293,127000000327826;5705290,638000000268221;7,535049612000023;51,489605084000061;1
28514;5230307301101110744;5;9;13;0;2023;3;14;3;3;0;2;0;2;1;0;0;0;1;0;395187,371299999766052;5706163,762399999424815;7,490072532000056;51,496886081000071;1
28518;5230306711100051246;5;5;70;24;2023;3;14;2;2;6;4;0;0;1;0;1;0;0;0;420175,966300000436604;5753154,336500000208616;7,839202529000033;51,923392582000076;1
28519;5230306702100845124;5;5;15;0;2023;3;17;2;3;5;3;0;0;1;1;0;0;0;0;406140,707700000144541;5750914,709300000220537;7,635770560000026;51,901072387000056;1
28533;5230306601600063452;5;3;15;0;2023;3;11;2;3;1;5;0;1;1;1;0;0;0;0;360009,263700000010431;5644897,424300000071526;7,007508303000066;50,938690260000044;1
28534;5230306601400190327;5;3;15;0;2023;3;6;2;2;5;3;1;1;1;1;0;0;0;0;357211,137000000104308;5647239,575600000098348;6,966790597000056;50,959052891000056;1
28539;5230306514113991152;5;1;66;32;2023;3;16;2;3;5;2;0;0;1;1;0;0;0;0;316117,700600000098348;5684694,333599999547005;6,363136484000051;51,283858462000069;1
28542;5230306506100491101;5;1;16;0;2023;3;11;2;3;8;1;0;1;1;0;0;0;0;0;321642,874099999666214;5673497,986899999901652;6,447855453000045;51,185036265000065;1
28543;5230306505200091563;5;1;14;0;2023;3;5;2;3;5;3;2;0;1;1;0;0;0;0;331146,178999999538064;5691417,412499999627471;6,575244296000051;51,348911485000031;1
28554;5230306406130833680;5;7;58;8;2023;3;17;2;3;5;3;0;0;1;1;0;0;0;0;467196,434000000357628;5778371,797000000253320;8,520508191000033;52,154868936000071;1
28557;5230306400100070286;5;7;11;0;2023;3;17;2;3;5;3;1;0;1;1;0;0;0;0;472727,280199999921024;5765613,947000000625849;8,602371764000054;52,040469236000035;1
28559;5230306316300091307;5;9;74;28;2023;3;13;2;3;5;3;0;1;1;1;0;0;0;0;446379,775600000284612;5722808,921800000593066;8,224900466000065;51,653714259000026;1
28574;5230305607500095371;5;3;82;56;2023;3;12;1;2;5;3;0;1;1;1;0;0;0;0;370937,574000000022352;5624473,744999999180436;7,170160414000065;50,757669354000029;1
28581;5230305514119081684;5;1;66;16;2023;3;18;1;2;0;2;0;0;1;1;0;0;0;0;308280,553000000305474;5686469,617000000551343;6,249935165000068;51,297220069000048;1
28585;5230305501328669434;5;1;12;0;2023;3;13;1;3;5;3;0;0;1;1;0;0;0;0;341228,991999999620020;5692965,589400000870228;6,719216296000070;51,365727917000072;1
28588;5230305500300182035;5;1;11;0;2023;3;16;1;3;0;1;0;0;1;0;0;0;0;0;346057,976999999955297;5674045,997999999672174;6,796681849000038;51,197057481000058;1
28593;5230305314320590124;5;9;66;16;2023;3;22;1;3;0;1;2;1;1;0;0;0;0;0;429631,034300000406802;5654628,542199999094009;7,996308886000065;51,038886800000057;1
28599;5230304709800696660;5;5;66;40;2023;3;23;7;3;0;7;2;0;1;0;0;0;0;0;424903,095499999821186;5780142,704299999400973;7,902000350000037;52,166655367000033;1
28600;5230304702100079127;5;5;15;0;2023;3;16;7;3;4;3;0;0;1;1;0;0;0;0;408143,343000000342727;5761316,994999999180436;7,662090052000053;51,994908022000061;1
28609;5230304601500178510;5;3;15;0;2023;3;3;7;2;0;1;2;0;1;0;0;0;0;0;358186,911399999633431;5644783,136299999430776;6,981632297000033;50,937217862000068;1
28615;5230304508000762147;5;1;19;0;2023;3;18;7;3;3;6;2;0;1;1;0;0;0;0;349652,072300000116229;5710720,997199999168515;6,832577201000049;51,527559396000072;1
28617;5230304502405991164;5;1;17;0;2023;3;13;7;3;0;6;0;0;1;1;0;0;0;0;355511,450000000186265;5700827,485500000417233;6,921033261000048;51,440187766000065;1
28622;5230304500100986687;5;1;11;0;2023;3;15;7;3;9;3;0;0;1;1;0;0;0;0;346409,757000000216067;5676489,330000000074506;6,800666808000074;51,219106831000033;1
28623;5230304500100895578;5;1;11;0;2023;3;16;7;3;3;6;0;0;1;1;0;0;0;0;344468,430100000463426;5678652,437999999150634;6,771951596000065;51,238017572000047;1
28625;5230304406240682103;5;7;58;28;2023;3;15;7;1;0;3;0;0;1;1;0;0;0;0;463077,585099999792874;5783673,420299999415874;8,459728237000036;52,202271958000040;1
28637;5230304300300389333;5;9;11;0;2023;3;11;7;2;0;1;0;0;1;0;0;0;0;0;380850,371000000275671;5707428,791099999099970;7,283200584000042;51,505415793000054;1
28640;5230303711200890830;5;5;70;4;2023;3;8;6;3;0;3;0;0;1;1;0;0;0;0;425355,297000000253320;5735346,346000000834465;7,918349001000024;51,764024612000071;1
28648;5230303701300375487;5;5;62;14;2023;3;19;6;2;5;2;2;0;1;1;0;0;0;0;360804,372000000439584;5716332,746999999508262;6,991017711000040;51,580846452000060;1
28650;5230303701110167108;5;5;62;32;2023;3;7;6;3;4;6;0;0;1;0;0;0;0;1;375600,770800000056624;5719706,628100000321865;7,203254994000076;51,614628258000039;1
28651;5230303609128585691;5;3;58;28;2023;3;10;6;3;8;1;0;2;1;0;0;0;0;0;320030,858900000341237;5622927,763699999079108;6,449818275000041;50,730230245000030;1
28660;5230303601500376546;5;3;15;0;2023;3;7;6;3;4;6;0;0;1;1;0;0;0;0;365387,446600000374019;5649834,119599999859929;7,082183017000034;50,984339539000075;1
28661;5230303601500290333;5;3;15;0;2023;3;21;6;3;0;3;2;0;1;1;0;0;0;0;359948,283999999985099;5648937,216199999675155;7,005086444000028;50,974981529000047;1
28664;5230303601100690245;5;3;15;0;2023;3;7;6;2;5;3;0;0;1;1;0;0;0;0;354872,786999999545515;5644677,645999999716878;6,934538130000021;50,935445337000033;1
28666;5230303516800291532;5;1;58;20;2023;3;5;6;3;5;2;2;2;1;1;0;0;0;0;357461,407999999821186;5666041,307000000029802;6,962952000000030;51,128081592000058;1
28670;5230303514210991185;5;1;66;12;2023;3;7;6;3;0;1;0;0;1;0;0;0;0;0;320110,339999999850988;5693315,048000000417233;6,415976917000023;51,362571945000070;1
28671;5230303513130286230;5;1;62;22;2023;3;16;6;2;5;3;0;0;1;1;0;0;0;0;338283,059600000269711;5686485,925699999555945;6,679876364000052;51,306679667000026;1
28672;5230303508000991181;5;1;12;0;2023;3;8;6;3;0;7;0;0;1;1;0;0;0;0;346457,271999999880791;5709992,401000000536442;6,786874914000066;51,520153379000078;1
28675;5230303503100091067;5;1;24;0;2023;3;13;6;3;1;5;0;0;1;1;0;0;0;0;370790,622000000439584;5681119,264000000432134;7,147903450000058;51,266756951000048;1
28684;5230303500200061178;5;1;11;0;2023;3;8;6;3;5;3;0;0;1;1;0;0;0;0;344163,469999999739230;5680140,106000000610948;6,766938960000061;51,251301487000035;1
28685;5230303410110596904;5;7;70;24;2023;3;7;6;3;0;6;0;0;1;0;0;0;0;0;492643,430999999865890;5794054,396700000390410;8,892125474000068;52,296790364000060;1
28690;5230303400200490677;5;7;11;0;2023;3;13;6;3;0;2;0;0;1;1;0;0;0;0;469483,993999999947846;5763596,748999999836087;8,555267028000060;52,022164294000049;1
28692;5230303317240962550;5;9;78;40;2023;3;13;6;3;2;6;0;0;1;1;0;0;0;0;406098,573599999770522;5725078,449799999594688;7,642149861000064;51,668829643000038;1
28693;5230303317110552530;5;9;78;36;2023;3;14;6;3;6;6;0;0;1;0;1;0;0;0;409790,511300000362098;5709696,148800000548363;7,699477890000026;51,531159275000050;1
28709;5230302705000695046;5;5;54;12;2023;3;16;5;3;3;2;0;0;1;1;0;0;0;0;352814,116000000387430;5746293,858999999240041;6,863124293000055;51,848022512000057;1
28717;5230302700000772394;5;5;13;0;2023;3;15;5;3;5;2;0;0;1;1;0;0;0;0;366643,224200000055134;5714630,634199999272823;7,075882553000042;51,566962139000054;1
28724;5230302607400095330;5;3;82;44;2023;3;16;5;3;5;3;0;0;1;1;0;0;0;0;363604,435999999754131;5627264,841000000014901;7,065218293000044;50,781077851000077;1
28726;5230302607200664430;5;3;82;20;2023;3;18;5;3;0;1;1;0;1;0;0;0;0;0;378394,714800000190735;5626651,995699999853969;7,275114603000077;50,778859745000034;1
28728;5230302607000341637;5;3;82;68;2023;3;12;5;3;5;7;0;0;1;1;0;0;0;0;366621,272300000302494;5633161,105399999767542;7,105844596000054;50,834774579000054;1
28730;5230302602600090947;5;3;62;20;2023;3;11;5;3;5;3;0;0;1;1;0;0;0;0;342454,896999999880791;5629884,573000000789762;6,764314604000049;50,799258824000049;1
28731;5230302602500991198;5;3;62;24;2023;3;14;5;3;0;1;0;0;1;0;0;0;0;1;345917,897599999792874;5642401,980000000447035;6,808149834000062;50,912673258000041;1
28735;5230302601500476561;5;3;15;0;2023;3;20;5;3;5;3;2;0;1;1;0;0;0;0;361028,264299999922514;5647755,497700000181794;7,020911507000051;50,964622846000054;1
28736;5230302601100093391;5;3;15;0;2023;3;13;5;3;7;7;0;0;1;0;0;0;0;1;355058,356300000101328;5644789,254300000146031;6,937132943000051;50,936495003000061;1
28737;5230302600380595314;5;3;14;0;2023;3;13;5;3;5;3;0;0;1;1;0;0;0;0;369507,622700000181794;5616461,018600000068545;7,152732464000053;50,685329223000053;1
28742;5230302600110095272;5;3;14;0;2023;3;14;5;3;3;2;0;0;1;1;0;0;0;0;366202,187199999578297;5622326,455700000748038;7,103840948000027;50,737297183000067;1
28750;5230302513120576538;5;1;62;20;2023;3;9;5;1;5;3;0;0;1;1;0;0;0;0;327988,859500000253320;5674086,512800000607967;6,538287985000068;51,192268270000056;1
28751;5230302513110091337;5;1;62;16;2023;3;11;5;2;2;2;0;0;1;1;0;0;0;0;333898,122999999672174;5678294,973999999463558;6,620829277000041;51,231826886000079;1
28755;5230302502409991192;5;1;17;0;2023;3;14;5;3;5;3;0;0;1;0;0;0;0;1;350225,347599999979138;5699649,441199999302626;6,845529425000052;51,428229536000060;1
28757;5230302502210995192;5;1;13;0;2023;3;11;5;2;1;5;0;0;1;1;0;0;0;0;362790,018500000238419;5698536,545800000429153;7,026579497000057;51,421410117000050;1
28766;5230302500300881091;5;1;11;0;2023;3;12;5;3;5;2;0;0;1;1;0;0;0;0;343334,769000000320375;5675240,313999999314547;6,757215936000023;51,207048612000051;1
28767;5230302500200795200;5;1;11;0;2023;3;15;5;3;5;3;0;0;1;1;0;0;0;0;350540,836799999698997;5678985,927999999374151;6,858735451000030;51,242637295000065;1
28773;5230302405232496871;5;7;54;32;2023;3;15;5;3;8;1;0;0;1;0;0;0;0;0;457316,089700000360608;5731944,279600000008941;8,381859672000076;51,736786269000049;1
28776;5230302404102290593;5;7;66;40;2023;3;21;5;3;0;1;2;0;1;0;0;0;0;0;486873,658900000154972;5760647,624399999156594;8,808810337000068;51,996333079000067;1
28792;5230301709300579126;5;5;66;24;2023;3;12;4;3;0;3;0;0;1;1;0;0;0;0;383937,258000000379980;5771182,801000000908971;7,306324399000061;52,079040690000056;1
28794;5230301706000894962;5;5;58;16;2023;3;9;4;2;3;2;0;0;1;0;0;0;1;0;382102,957999999634922;5744734,537000000476837;7,288647260000062;51,840962993000062;1
28795;5230301706000281061;5;5;58;16;2023;3;13;4;3;5;3;0;0;1;1;0;0;0;0;380328,911999999545515;5744834,052999999374151;7,262874071000056;51,841479974000038;1
28802;5230301610000395000;5;3;70;16;2023;3;19;4;3;6;6;2;0;1;0;1;0;0;0;296752,668700000271201;5661530,103900000452995;6,098904373000039;51,069249944000035;1
28804;5230301608436077552;5;3;34;2;2023;3;14;4;3;3;2;0;0;1;1;0;0;0;0;297916,158999999985099;5631682,206800000742078;6,132038895000051;50,801588980000076;1
28809;5230301608100485867;5;3;34;2;2023;3;15;4;3;5;5;0;0;1;1;0;0;0;0;295196,306499999947846;5628977,505599999800324;6,094998731000032;50,776342614000043;1
28823;5230301601300178615;5;3;15;0;2023;3;18;4;3;3;2;2;0;1;1;0;0;0;0;347537,454199999570847;5646163,513299999758601;6,829597397000043;50,946905058000027;1
28824;5230301601100991215;5;3;15;0;2023;3;16;4;3;5;2;0;0;1;0;0;0;0;0;355886,512799999676645;5644649,470399999991059;6,948966779000045;50,935446339000066;1
28827;5230301514117096168;5;1;66;16;2023;3;17;4;3;5;3;0;0;1;1;0;0;0;0;306300,185999999754131;5690870,629000000655651;6,219173450000028;51,336077207000073;1
28828;5230301514113089368;5;1;66;32;2023;3;14;4;3;5;2;0;0;1;1;0;0;0;0;316117,543399999849498;5684694,291099999099970;6,363134254000045;51,283858029000044;1
28829;5230301508000985397;5;1;19;0;2023;3;16;4;2;1;5;0;0;1;1;0;0;0;0;351707,809399999678135;5704902,860500000417233;6,864636235000035;51,475824298000077;1
28836;5230301501317627744;5;1;12;0;2023;3;9;4;3;0;3;0;0;1;1;0;0;0;0;344775,904000000096858;5698964,740000000223517;6,767503326000053;51,420611119000057;1
28837;5230301501126296114;5;1;12;0;2023;3;17;4;3;5;3;1;0;1;1;0;0;0;0;345873,866999999620020;5704035,938999999314547;6,781073740000068;51,466475797000044;1
28846;5230301500100371803;5;1;11;0;2023;3;11;4;3;5;2;0;0;1;1;0;0;0;0;344787,079199999570847;5677719,514699999243021;6,776916864000043;51,229721690000076;1
28850;5230301406110587100;5;7;58;12;2023;3;5;4;3;5;3;2;0;1;1;0;0;0;0;473850,446100000292063;5769766,414300000295043;8,618428822000055;52,077856809000082;1
28854;5230301317140193765;5;9;78;28;2023;3;13;4;3;6;4;0;0;1;0;1;0;0;0;400086,518699999898672;5700124,976199999451637;7,562332401000049;51,443490995000047;1
28855;5230301316300026583;5;9;74;28;2023;3;7;4;3;5;3;0;0;1;1;0;0;0;0;454351,701100000180304;5725527,284600000828505;8,339773371000035;51,678858671000057;1
28859;5230301313110380675;5;9;58;4;2023;3;16;4;2;0;7;1;0;1;0;0;0;0;0;426802,186499999836087;5693441,368400000035763;7,948045207000064;51,387486480000064;1
28871;5230228709110996547;5;5;66;12;2023;2;15;3;3;5;3;0;0;1;1;0;0;0;0;401233,515499999746680;5775422,351099999621511;7,557401433000052;52,120501394000030;1
28872;5230228709110079240;5;5;66;8;2023;2;14;3;2;5;2;0;0;1;0;0;0;0;0;399181,779000000096858;5781477,759999999776483;7,525647266000021;52,174555576000046;1
28874;5230228705000189360;5;5;54;24;2023;2;6;3;3;5;3;2;0;1;1;0;0;0;0;365557,820100000128150;5773539,406400000676513;7,037347126000043;52,096058614000071;1
28879;5230228608328480754;5;3;34;28;2023;2;10;3;3;1;5;0;0;1;1;0;0;0;0;309821,035899999551475;5611772,288000000640750;6,311046163000071;50,626767644000040;1
28893;5230228601600181777;5;3;15;0;2023;2;8;3;3;4;6;0;0;1;0;0;0;0;1;359503,915000000037253;5644801,297000000253320;7,000357405000045;50,937703448000036;1
28895;5230228601600124397;5;3;15;0;2023;2;13;3;3;3;2;0;0;1;1;0;0;0;0;362654,810200000181794;5637163,459300000220537;7,048048593000033;50,869818098000053;1
28896;5230228601400756600;5;3;15;0;2023;2;22;3;3;5;3;2;0;1;0;0;0;0;1;350894,179499999620020;5652311,509099999442697;6,874825801000043;51,003031120000060;1
28901;5230306310220085300;5;9;54;8;2023;3;23;2;2;0;7;2;1;1;0;0;0;0;0;386920,990500000305474;5684684,141699999570847;7,377882241000066;51,302228506000063;1
28902;5230228600140991251;5;3;14;0;2023;2;16;3;3;5;3;0;0;1;1;0;0;0;0;369784,364099999889731;5620433,287499999627471;7,155247072000066;50,721095161000051;1
28908;5230228518200379226;5;1;70;24;2023;2;7;3;3;5;2;0;0;1;1;0;0;0;0;335459,626000000163913;5703863,801999999210238;6,631355290000045;51,461997538000048;1
28912;5230228514215086017;5;1;66;28;2023;2;17;3;2;3;7;1;0;1;1;0;0;0;0;326134,430100000463426;5688365,674200000241399;6,504836953000051;51,319985328000030;1
28916;5230228506100991267;5;1;16;0;2023;2;8;3;3;0;3;0;0;1;1;0;0;0;0;321765,261699999682605;5666304,363500000908971;6,453166951000071;51,120451527000057;1
28917;5230228505200891330;5;1;14;0;2023;2;10;3;3;0;7;0;0;1;0;0;0;0;1;334508,118099999614060;5692705,041799999773502;6,622878018000051;51,361468720000062;1
28918;5230228505100586057;5;1;14;0;2023;2;16;3;3;5;2;0;0;1;1;0;0;0;0;332218,521800000220537;5689722,617399999871850;6,591427195000051;51,334002999000063;1
28921;5230228502213069091;5;1;13;0;2023;2;19;3;3;5;7;2;0;1;1;0;0;0;0;364781,853600000031292;5699586,722400000318885;7,054808358000059;51,431326349000074;1
28927;5230228500200570420;5;1;11;0;2023;2;8;3;3;0;4;0;0;1;0;1;0;0;0;345547,065499999560416;5679051,630699999630451;6,787218888000041;51,241897495000046;1
28929;5230228500100666195;5;1;11;0;2023;2;7;3;3;5;3;0;0;1;1;0;0;0;0;344511,150500000454485;5677891,788100000470877;6,772893237000062;51,231194520000031;1
28940;5230228316200581012;5;9;74;56;2023;2;15;3;3;0;1;0;0;1;0;0;0;0;0;421594,447200000286102;5706009,120699999853969;7,870433507000030;51,499775811000063;1
28950;5230228300100991266;5;9;11;0;2023;2;7;3;3;5;3;1;0;1;1;0;0;0;0;374650,868999999947846;5705548,562000000849366;7,194587850000062;51,487176611000052;1
28952;5230227709110179618;5;5;66;8;2023;2;6;2;2;5;2;2;0;1;1;0;0;0;0;399120,371000000275671;5779921,178999999538064;7,525212269000065;52,160554239000078;1