OID_;UIDENTSTLAE;ULAND;UREGBEZ;UKREIS;UGEMEINDE;UJAHR;UMONAT;USTUNDE;UWOCHENTAG;UKATEGORIE;UART;UTYP1;ULICHTVERH;IstStrassenzustand;IstRad;IstPKW;IstFuss;IstKrad;IstGkfz;IstSonstige;LINREFX;LINREFY;XGCSWGS84;YGCSWGS84;PLST
28955;5230227705000076688;5;5;54;20;2023;2;17;2;3;0;7;0;0;1;0;0;0;0;0;366722,070500000379980;5782252,456100000068545;7,050917568000045;52,174631828000031;1
28958;5230227701700885465;5;5;62;16;2023;2;7;2;3;5;3;0;0;1;1;0;0;0;0;374555,781799999997020;5734321,850999999791384;7,182918682000036;51,745742460000031;1
28965;5230227610221977515;5;3;70;20;2023;2;5;2;3;0;2;2;2;1;0;0;0;0;1;309305,561200000345707;5657216,081900000572205;6,280129804000069;51,034807691000026;1
28977;5230302518400991206;5;1;70;8;2023;3;7;5;2;3;6;0;0;1;0;0;0;0;0;342818,497000000439584;5715938,955000000074506;6,731813884000076;51,572580075000076;1
28985;5230227601400100000;5;3;15;0;2023;2;18;2;3;6;2;1;0;1;0;1;0;0;0;350737,253299999982119;5652194,151699999347329;6,872639067000023;51,001935821000075;1
28986;5230227601300063938;5;3;15;0;2023;2;8;2;3;3;6;0;0;1;0;0;0;0;1;353814,804100000299513;5644837,734500000253320;6,919427188000043;50,936616792000052;1
28989;5230227600310991270;5;3;14;0;2023;2;16;2;3;5;2;0;0;1;1;0;0;0;0;363777,216000000014901;5615924,380999999120831;7,071857753000074;50,679192566000040;1
28995;5230301702100879101;5;5;15;0;2023;3;18;4;3;5;3;0;0;1;1;0;0;0;0;404393,658999999985099;5759063,542999999597669;7,608120370000051;51,974020358000075;1
28996;5230227516500086760;5;1;58;16;2023;2;17;2;3;5;2;1;0;1;1;0;0;0;0;355579,898299999535084;5670206,947499999776483;6,934410622000030;51,165044519000048;1
28998;5230227514210177510;5;1;66;12;2023;2;21;2;3;4;1;2;0;1;0;0;0;0;0;319590,514299999922514;5693234,194700000807643;6,408559091000029;51,361680816000046;1
29003;5230227502402878732;5;1;17;0;2023;2;7;2;3;5;2;0;0;1;1;0;0;0;0;353036,346400000154972;5701318,996600000187755;6,885242141000049;51,443967607000047;1
29004;5230227502214063936;5;1;13;0;2023;2;12;2;3;0;3;0;0;1;1;0;0;0;0;362694,877500000409782;5700290,586699999868870;7,024532124000075;51,437149748000081;1
29014;5230227500100069713;5;1;11;0;2023;2;10;2;3;5;3;0;0;1;1;0;0;0;0;345233,385999999940395;5677216,641799999400973;6,783521253000060;51,225324370000067;1
29015;5230227411216453231;5;7;74;40;2023;2;15;2;2;2;6;0;0;1;1;0;0;0;0;485269,774199999868870;5709914,994999999180436;8,787601108000047;51,540142971000080;1
29022;5230227307000794381;5;9;62;60;2023;2;21;2;3;5;3;2;0;1;1;0;0;0;0;414033,545699999667704;5678845,748299999162555;7,768104681000068;51,254482386000063;1
29034;5230226706000991285;5;5;58;44;2023;2;15;1;3;5;3;0;0;1;1;0;0;0;0;395789,066899999976158;5746291,812699999660254;7,486760983000067;51,857681912000032;1
29036;5230226705000047428;5;5;54;16;2023;2;9;1;3;5;3;0;0;1;1;0;0;0;0;364566,462000000290573;5751352,143999999389052;7,031649897000023;51,896450322000078;1
29039;5230226606400496621;5;3;78;24;2023;2;13;1;3;5;2;0;0;1;1;0;0;0;0;379622,132000000216067;5643774,148000000044703;7,286885541000061;50,933021952000047;1
29043;5230226600110696518;5;3;14;0;2023;2;15;1;3;0;7;0;0;1;0;0;0;0;0;366154,530000000260770;5622418,480000000447035;7,103132532000075;50,738113314000032;1
29048;5230226502409494970;5;1;17;0;2023;2;13;1;3;5;3;0;0;1;1;0;0;0;0;350081,967000000178814;5699677,576999999582767;6,843456595000021;51,428444438000042;1
29049;5230226502337895200;5;1;13;0;2023;2;14;1;3;5;7;0;0;1;1;0;0;0;0;365841,133999999612570;5704198,353000000119209;7,068288515000063;51,473021441000071;1
29054;5230226500300197000;5;1;11;0;2023;2;0;1;3;5;3;2;0;1;1;0;0;0;0;347147,309999999590218;5677479,900000000372529;6,810797507000075;51,228205616000082;1
29055;5230226405228879365;5;7;54;28;2023;2;10;1;3;0;1;0;0;1;0;0;0;0;0;453374,020200000144541;5742684,431099999696016;8,323332271000027;51,833033247000060;1
29056;5230226405108987100;5;7;54;8;2023;2;13;1;3;1;5;0;0;1;1;0;0;0;0;459346,833100000396371;5755376,491000000387430;8,408512277000057;51,947609793000026;1
29069;5230301518300691456;5;1;70;20;2023;3;7;4;3;5;3;0;0;1;1;0;0;0;0;327951,519999999552965;5708715,476999999955297;6,521015063000050;51,503349650000075;1
29071;5230225702100439948;5;5;15;0;2023;2;17;7;3;0;6;0;0;1;1;0;0;0;0;404967,847000000067055;5755242,587400000542402;7,617533938000065;51,939774554000053;1
29075;5230225609236199625;5;3;58;36;2023;2;12;7;3;5;3;0;1;1;1;0;0;0;0;308167,489699999801815;5651067,226199999451637;6,267166925000026;50,979198476000079;1
29087;5230225600110193373;5;3;14;0;2023;2;17;7;3;5;2;0;0;1;1;0;0;0;0;364417,552500000223517;5617929,006400000303984;7,080180419000044;50,697359539000047;1
29088;5230225518100890435;5;1;70;48;2023;2;17;7;2;0;7;0;0;1;0;0;0;0;0;337081,901300000026822;5727532,734099999070168;6,643714674000023;51,675109582000061;1
29102;5230225501127096137;5;1;12;0;2023;2;10;7;2;5;7;0;0;1;1;0;0;0;0;346618,152999999932945;5703927,671000000089407;6,791827491000049;51,465705203000027;1
29121;5230225310210085536;5;9;54;24;2023;2;13;7;3;9;1;0;1;1;1;0;0;0;0;379570,952700000256300;5682286,034800000488758;7,273304664000023;51,279166858000053;1
29131;5230225301101580865;5;9;13;0;2023;2;14;7;3;3;6;0;0;1;0;0;0;0;0;393609,182599999941885;5705018,696799999102950;7,467691041000023;51,486298808000072;1
29134;5230224702100091784;5;5;15;0;2023;2;5;6;3;0;3;2;0;1;1;0;0;0;0;407014,230600000359118;5755624,479900000616908;7,647191063000037;51,943552962000069;1
29135;5230224701910077767;5;5;62;8;2023;2;12;6;2;1;5;0;1;1;1;0;0;0;0;384817,410500000230968;5722557,479499999433756;7,335373766000032;51,642212317000030;1
29136;5230224701500779216;5;5;62;24;2023;2;16;6;3;5;3;0;1;1;1;0;0;0;0;370771,320600000210106;5725484,295600000768900;7,131407031000037;51,665462686000069;1
29143;5230224609108677600;5;3;58;8;2023;2;14;6;3;5;3;0;1;1;1;0;0;0;0;323007,995400000363588;5629171,596000000834465;6,488959103000070;50,787240959000030;1
29163;5230224601400756600;5;3;15;0;2023;2;10;6;3;0;1;0;0;1;0;0;0;0;0;355516,954599999822676;5648341,735700000077486;6,942245518000050;50,968535425000027;1
29166;5230224601300325683;5;3;15;0;2023;2;16;6;3;5;3;0;0;1;1;0;0;0;0;353036,006000000052154;5644916,191999999806285;6,908319219000020;50,937123914000040;1
29168;5230224601100499060;5;3;15;0;2023;2;20;6;3;3;2;2;1;1;1;0;0;0;0;355193,589999999850988;5644663,087600000202656;6,939106447000029;50,935395144000040;1
29173;5230224518100796138;5;1;70;48;2023;2;4;6;3;5;2;2;1;1;1;0;0;0;0;335766,584800000302494;5725794,282600000500679;6,625525855000035;51,659108797000044;1
29177;5230224515210095941;5;1;54;12;2023;2;7;6;3;0;3;0;0;1;1;0;0;0;0;314919,373999999836087;5707838,200999999418855;6,333910612000068;51,491353316000072;1
29192;5230224500200773580;5;1;11;0;2023;2;14;6;3;5;6;0;1;1;1;0;0;0;0;346464,785000000149012;5680079,066999999806285;6,799915585000065;51,251377234000074;1
29199;5230224405104072302;5;7;54;4;2023;2;13;6;3;4;6;0;2;1;0;0;0;0;0;451113,168700000271201;5770738,970599999651313;8,286531131000061;52,085059433000026;1
29203;5230228405140078030;5;7;54;40;2023;2;7;3;3;5;3;0;0;1;0;0;0;0;0;455294,537100000306964;5760321,905999999493361;8,348912837000057;51,991760241000065;1
29207;5230224400100591246;5;7;11;0;2023;2;7;6;3;5;2;0;0;1;1;0;0;0;0;471590,765999999828637;5766605,009999999776483;8,585719802000028;52,049322465000046;1
29210;5230227503200478165;5;1;24;0;2023;2;13;2;3;2;6;0;0;1;1;0;0;0;0;372055,271999999880791;5680133,741000000387430;7,166373590000035;51,258184878000066;1
29212;5230224316300991314;5;9;74;28;2023;2;14;6;3;0;7;0;1;1;1;0;0;0;0;454456,550099999643862;5723723,811100000515580;8,341524884000023;51,662652388000026;1
29219;5230224301301085594;5;9;78;24;2023;2;10;6;3;5;2;0;0;1;1;0;0;0;0;398797,843100000172853;5719903,030899999663234;7,538111436000065;51,621042374000069;1
29226;5230223702100064312;5;5;15;0;2023;2;12;5;3;5;2;0;1;1;1;0;0;0;0;406322,628999999724329;5756457,540999999269843;7,636905299000034;51,950924902000054;1
29228;5230223701910264262;5;5;62;8;2023;2;16;5;3;5;3;0;1;1;1;0;0;0;0;384492,813099999912083;5721613,252900000661612;7,330996435000031;51,633659318000070;1
29235;5230304518400589322;5;1;70;8;2023;3;10;7;3;5;3;0;0;1;1;0;0;0;0;341984,300999999977648;5715368,767999999225140;6,720042769000031;51,567224060000058;1
29237;5230223608312080754;5;3;34;12;2023;2;16;5;3;5;3;0;0;1;1;0;0;0;0;305253,845999999903142;5631089,064999999478459;6,236357617000067;50,798773485000027;1
29240;5230223608100094757;5;3;34;2;2023;2;16;5;2;6;4;0;1;1;0;1;0;0;0;294059,115500000305474;5628166,366299999877810;6,079344842000069;50,768655026000033;1
29241;5230223607500690217;5;3;82;56;2023;2;13;5;2;5;2;0;0;1;1;0;0;0;0;373110,914800000376999;5627861,063200000673532;7,199788888000057;50,788595236000049;1
29247;5230223601100096834;5;3;15;0;2023;2;17;5;3;0;1;1;0;1;0;0;0;0;0;357102,297799999825656;5643220,723699999973178;6,966818276000026;50,922908810000081;1
29251;5230223600140467657;5;3;14;0;2023;2;15;5;2;5;3;0;0;1;1;0;0;0;0;367493,509200000204146;5622924,658800000324845;7,121915680000029;50,742969942000059;1
29255;5230223514217991330;5;1;66;36;2023;2;7;5;3;4;3;1;1;1;0;0;0;0;1;328658,253700000233948;5682392,966099999845028;6,543886856000029;51,267093602000045;1
29260;5230223506100491428;5;1;16;0;2023;2;7;5;3;5;2;1;1;1;1;0;0;0;0;321960,798999999649823;5672891,646999999880791;6,452700297000035;51,179688419000058;1
29264;5230302516600575930;5;1;58;4;2023;3;18;5;2;4;2;2;0;1;1;0;0;0;0;356509,679200000129640;5674285,928799999877810;6,946070680000048;51,201934017000042;1
29266;5230223502404086220;5;1;17;0;2023;2;7;5;3;0;2;2;1;1;1;0;0;0;0;352713,298000000417233;5702230,500399999320507;6,880217606000031;51,452074146000029;1
29283;5230223500200991328;5;1;11;0;2023;2;7;5;2;5;2;0;1;1;1;0;0;0;0;346093,521999999880791;5677690,660000000149012;6,795626256000048;51,229816216000074;1
29284;5230223500200901718;5;1;11;0;2023;2;16;5;3;5;2;0;0;1;1;0;0;0;0;346843,932000000029802;5676461,176000000908971;6,806891105000034;51,218970484000067;1
29285;5230226406110372192;5;7;58;12;2023;2;15;1;3;2;6;0;0;1;1;0;0;0;0;475159,240000000223517;5769662,949999999254942;8,637533696000048;52,076986868000063;1
29295;5230223405108068088;5;7;54;8;2023;2;16;5;3;5;3;0;0;1;1;0;0;0;0;461303,018000000156462;5750411,025000000372529;8,437530785000035;51,903106616000059;1
29302;5230223313110096842;5;9;58;4;2023;2;21;5;3;5;3;2;1;1;1;0;0;0;0;428334,469999999739230;5699440,112999999895692;7,968849677000037;51,441613201000052;1
29322;5230222702100572552;5;5;15;0;2023;2;15;4;3;3;6;0;0;1;0;0;0;0;0;405382,462600000202656;5759119,447200000286102;7,622495880000031;51,974692079000079;1
29323;5230222702100088558;5;5;15;0;2023;2;7;4;3;0;6;1;1;1;0;0;0;0;0;406009,705199999734759;5758954,971799999475479;7,631669907000060;51,973320145000059;1
29324;5230222702100072392;5;5;15;0;2023;2;16;4;3;5;2;0;0;1;0;0;0;0;1;405539,370000000111759;5756643,392599999904633;7,625460583000063;51,952462945000036;1
29328;5230222608100564213;5;3;34;2;2023;2;13;4;3;0;1;0;0;1;0;0;0;0;1;295102,205599999986589;5626893,814899999648333;6,094826010000077;50,757595159000061;1
29345;5230222601300990397;5;3;15;0;2023;2;16;4;3;5;3;0;0;1;1;0;0;0;0;349012,377999999560416;5643049,861999999731779;6,851867921000064;50,919313125000031;1
29346;5230222601300599818;5;3;15;0;2023;2;7;4;3;5;3;1;0;1;1;0;0;0;0;352077,205000000074506;5651050,475299999117851;6,892188653000062;50,992004334000057;1
29352;5230222518200876000;5;1;70;24;2023;2;7;4;3;5;2;0;0;1;1;0;0;0;0;335737,949199999682605;5703485,734600000083447;6,635533842000029;51,458681767000030;1
29357;5230222505200079060;5;1;14;0;2023;2;21;4;3;5;2;2;1;1;1;0;0;0;0;327490,612399999983609;5689039,778100000694394;6,523953826000024;51,326454041000034;1
29359;5230222505100396022;5;1;14;0;2023;2;12;4;3;4;2;0;0;1;1;0;0;0;0;332132,408699999563396;5689052,343499999493361;6,590507997000032;51,327955823000082;1
29367;5230222500200991334;5;1;11;0;2023;2;18;4;2;7;1;2;0;1;0;0;0;0;0;345716,784099999815226;5677892,330299999564886;6,790147774000047;51,231526597000027;1
29373;5230222317230089415;5;9;78;8;2023;2;6;4;3;5;3;2;0;1;1;0;0;0;0;412481,268699999898672;5716796,578600000590086;7,736491382000054;51,595411724000030;1
29376;5230222316100080480;5;9;74;40;2023;2;16;4;3;2;6;0;0;1;1;0;0;0;0;437336,351499999873340;5713063,415500000119209;8,095932998000023;51,565162475000079;1
29391;5230222303100248540;5;9;15;0;2023;2;17;4;3;7;1;0;0;1;0;0;0;0;0;412536,238400000147521;5725225,761099999770522;7,735178705000067;51,671192992000044;1
29394;5230222301201994314;5;9;13;0;2023;2;18;4;3;5;2;2;0;1;1;0;0;0;0;390489,956000000238419;5707515,335999999195337;7,422009100000025;51,508143961000030;1
29399;5230221709110942438;5;5;66;8;2023;2;16;3;3;0;3;0;1;1;0;0;0;0;0;398473,851999999955297;5781193,939300000667572;7,515383320000069;52,171874882000054;1
29402;5230221706000720578;5;5;58;12;2023;2;11;3;3;5;2;0;1;1;1;0;0;0;0;374073,300900000147521;5755546,642699999734759;7,168206567000027;51,936373435000064;1
29403;5230221706000357496;5;5;58;12;2023;2;21;3;3;5;3;2;0;1;1;0;0;0;0;371117,072100000455976;5756208,323400000110269;7,124980411000024;51,941642676000072;1
29405;5230221702100591783;5;5;15;0;2023;2;16;3;3;5;2;0;1;1;1;0;0;0;0;404903,531000000424683;5762250,720000000670552;7,614657137000052;52,002755295000043;1
29408;5230221702100439948;5;5;15;0;2023;2;18;3;3;5;3;2;0;1;1;0;0;0;0;406570,289900000207126;5759144,235799999907613;7,639776999000048;51,975115864000031;1
29412;5230221701200949481;5;5;62;20;2023;2;22;3;3;5;2;2;0;1;0;0;0;0;1;372358,855499999597669;5718388,451600000262260;7,156936465000058;51,602056197000081;1
29413;5230221610221875578;5;3;70;20;2023;2;6;3;3;4;6;2;0;1;0;0;0;0;0;305479,446000000461936;5659026,641000000759959;6,224653603000036;51,049787771000069;1
29415;5230221608200989883;5;3;34;2;2023;2;20;3;3;0;1;2;0;1;0;0;0;0;0;297154,016900000162423;5627555,611999999731779;6,123513928000023;50,764259777000063;1
29419;5230221602500991348;5;3;62;24;2023;2;17;3;3;5;3;0;0;1;1;0;0;0;0;347547,486200000159442;5642537,018200000748038;6,831256805000066;50,914319464000073;1
29425;5230221601500886576;5;3;15;0;2023;2;14;3;3;0;7;0;0;1;0;0;0;0;0;359245,607300000265241;5647768,513000000268221;6,995536267000034;50,964307037000026;1
29435;5230221514116077594;5;1;66;24;2023;2;11;3;3;5;3;0;0;1;1;0;0;0;0;308413,332299999892712;5677238,739800000563264;6,256779648000077;51,214355133000026;1
29436;5230221503200051595;5;1;24;0;2023;2;8;3;3;5;2;0;0;1;1;0;0;0;0;375105,698599999770522;5681504,136700000613928;7,209588655000061;51,271177997000052;1
29461;5230221307000175760;5;9;62;4;2023;2;16;3;3;0;1;0;1;1;0;0;0;0;0;405957,642099999822676;5678936,993599999696016;7,652386240000055;51,254027822000069;1
29468;5230221301101080630;5;9;13;0;2023;2;10;3;3;3;2;0;1;1;1;0;0;0;0;393166,852500000037253;5707381,017999999225140;7,460607516000039;51,507449106000081;1
29476;5230304518400072083;5;1;70;8;2023;3;9;7;3;0;7;0;0;1;0;0;0;0;1;343249,324199999682605;5713962,807299999520183;6,738906875000055;51,554945083000064;1
29479;5230220701300969195;5;5;62;14;2023;2;11;2;3;5;2;0;0;1;0;0;0;0;1;360814,103000000119209;5715158,016599999740720;6,991623544000049;51,570292633000065;1
29484;5230220608100794811;5;3;34;2;2023;2;17;2;2;1;5;0;0;1;1;0;0;0;0;293768,258000000379980;5628190,338999999687076;6,075212194000073;50,768767021000031;1
29506;5230220411132066268;5;7;74;32;2023;2;12;2;3;7;7;0;0;1;0;0;0;0;1;476238,499699999578297;5734739,760999999940395;8,655691934000060;51,763042719000055;1
29508;5230220407120991368;5;7;62;8;2023;2;13;2;3;8;1;0;0;1;0;0;0;0;0;525949,206399999558926;5724678,472799999639392;9,375258066000072;51,672482555000045;1
29517;5230220301103080882;5;9;13;0;2023;2;14;2;3;0;7;0;0;1;0;0;0;0;0;393080,318199999630451;5704920,210500000044703;7,460106772000074;51,485313817000076;1
29538;5230219600370086308;5;3;82;4;2023;2;19;1;3;0;1;2;1;1;0;0;0;0;0;360688,576500000432134;5620549,039200000464916;7,026423060000070;50,720026118000078;1
29541;5230219514123085745;5;1;66;20;2023;2;22;1;3;9;7;2;0;1;0;0;0;0;0;305836,046799999661744;5676048,867399999871850;6,220567096000025;51,202797797000073;1
29554;5230219400100787024;5;7;11;0;2023;2;1;1;3;5;2;2;1;1;1;0;0;0;0;467744,362999999895692;5764247,085000000894070;8,529853656000057;52,027912792000052;1
29566;5230218709110806885;5;5;66;8;2023;2;7;7;3;5;3;1;1;1;1;0;0;0;0;397918,660000000149012;5780587,332000000402331;7,507450206000044;52,166320485000028;1
29568;5230218701500779216;5;5;62;24;2023;2;14;7;3;5;2;0;1;1;1;0;0;0;0;370462,175999999977648;5725513,566999999806285;7,126928648000046;51,665654557000039;1
29570;5230225500300174628;5;1;11;0;2023;2;19;7;3;5;3;2;0;1;1;0;0;0;0;350212,167999999597669;5673522,998999999836087;6,856312277000029;51,193461993000028;1
29583;5230218602800194866;5;3;62;12;2023;2;13;7;3;5;3;0;1;1;1;0;0;0;0;353522,208599999547005;5635124,972599999979138;6,919160417000057;50,849256687000036;1
29588;5230218601600862735;5;3;15;0;2023;2;22;7;3;0;1;2;1;1;0;0;0;0;0;360127,916899999603629;5644934,091299999505281;7,009181930000068;50,939048586000069;1
29593;5230218600110895275;5;3;14;0;2023;2;16;7;3;1;5;1;1;1;1;0;0;0;0;366148,593500000424683;5622333,731699999421835;7,103079229000059;50,737350230000061;1
29594;5230218600110095343;5;3;14;0;2023;2;14;7;3;0;7;0;1;1;1;0;0;0;0;365758,803000000305474;5622351,979000000283122;7,097551778000025;50,737424267000051;1
29619;5230302701500379216;5;5;62;24;2023;3;10;5;2;5;2;0;0;1;1;0;0;0;0;367655,510999999940395;5723806,183000000193715;7,087015733000044;51,649657189000038;1
29620;5230218404301172287;5;7;66;44;2023;2;10;7;3;5;7;0;0;1;1;0;0;0;0;493526,777099999599159;5764541,402300000190735;8,905641457000058;52,031459168000026;1
29621;5230218404101234956;5;7;66;20;2023;2;17;7;3;8;6;2;0;1;0;0;0;0;0;493214,247600000351667;5752118,739499999210238;8,901331451000033;51,919763487000068;1
29635;5230217711200189383;5;5;70;4;2023;2;5;6;2;0;1;2;1;1;0;0;0;0;0;423887,088399999774992;5734369,661599999293685;7,897291819000031;51,755046887000049;1
29637;5230217709800090802;5;5;66;88;2023;2;9;6;3;0;1;0;0;1;0;0;0;0;0;414095,541299999691546;5786536,161299999803305;7,742399616000057;52,222546583000053;1
29638;5230217709500176680;5;5;66;60;2023;2;7;6;3;5;3;1;0;1;1;0;0;0;0;388488,175999999977648;5788729,369999999180436;7,366942741000059;52,237668285000041;1
29639;5230217706200879104;5;5;58;12;2023;2;12;6;3;0;1;0;0;1;0;0;0;0;0;373863,098000000230968;5755947,673200000077486;7,165003473000070;51,939929666000069;1
29643;5230217701700270133;5;5;62;16;2023;2;7;6;3;5;3;1;1;1;1;0;0;0;0;373835,287299999967217;5733642,003000000491738;7,172734463000040;51,739471048000041;1
29644;5230228505200286740;5;1;14;0;2023;2;7;3;3;5;3;1;0;1;1;0;0;0;0;334152,007100000046194;5691025,486400000751019;6,618550470000059;51,346275445000060;1
29646;5230217701300094972;5;5;62;14;2023;2;14;6;3;0;7;0;0;1;1;0;0;0;0;360207,560700000263751;5715522,554099999368191;6,982732252000062;51,573418328000059;1
29653;5230217601700991394;5;3;16;0;2023;2;15;6;3;5;3;0;0;1;1;0;0;0;0;359632,322999999858439;5659823,039000000804663;6,996374417000027;51,072735181000041;1
29654;5230217601600991401;5;3;15;0;2023;2;6;6;3;0;1;1;0;1;0;0;0;0;0;366146,864799999631941;5635848,571499999612570;7,098129146000076;50,858819410000081;1
29660;5230217601500369945;5;3;15;0;2023;2;13;6;3;5;3;0;0;1;0;0;1;0;0;360492,936999999918044;5646626,189999999478459;7,013725762000036;50,954344201000026;1
29662;5230217600330093566;5;3;82;48;2023;2;8;6;3;0;7;0;2;1;0;0;0;0;0;355612,084800000302494;5610109,011900000274181;6,958629154000050;50,624959501000035;1
29664;5230217600110090257;5;3;14;0;2023;2;5;6;3;0;3;2;1;1;1;0;0;0;0;365722,645999999716878;5618816,418999999761581;7,098326695000026;50,705638400000055;1
29666;5230217600110079307;5;3;14;0;2023;2;17;6;3;0;7;2;1;1;0;0;0;0;0;362867,304899999871850;5622658,121700000017881;7,056484821000026;50,739500236000026;1
29671;5230217515111991400;5;1;54;8;2023;2;7;6;3;5;2;1;1;1;1;0;0;0;0;309533,683799999766052;5747531,438300000503659;6,234788393000031;51,846052861000032;1
29680;5230217503100081505;5;1;24;0;2023;2;12;6;3;0;1;0;1;1;0;0;0;0;0;371073,667100000195205;5678684,683499999344349;7,152835680000067;51,244940439000061;1
29682;5230217501314802153;5;1;12;0;2023;2;13;6;3;3;6;0;0;1;0;0;0;0;1;346325,207000000402331;5700296,135999999940395;6,789190642000051;51,432996026000069;1
29694;5230217405108090675;5;7;54;8;2023;2;8;6;3;5;2;0;1;1;1;0;0;0;0;457969,004999999888241;5748587,601999999955297;8,389295310000023;51,886471374000052;1
29696;5230228701500757636;5;5;62;24;2023;2;18;3;3;5;2;1;0;1;1;0;0;0;0;369971,428600000217557;5725162,871799999848008;7,119967208000048;51,662389644000029;1
29702;5230217317110038934;5;9;78;36;2023;2;11;6;3;3;2;0;0;1;1;0;0;0;0;408525,077700000256300;5709196,644300000742078;7,681369432000054;51,526465467000037;1
29704;5230217315260673270;5;9;70;32;2023;2;13;6;3;0;7;0;0;1;0;0;0;0;0;436436,109199999831617;5640687,327999999746680;8,095795625000051;50,914328815000033;1
29710;5230217310140130646;5;9;54;28;2023;2;12;6;3;0;1;0;1;1;0;0;0;0;0;377028,530700000002980;5687648,310599999502301;7,235022044000061;51,326818618000061;1
29712;5230217303100577975;5;9;15;0;2023;2;22;6;3;5;2;2;1;1;1;0;0;0;0;417827,202999999746680;5725257,728000000119209;7,811665994000066;51,672279234000030;1
29720;5230216711100587261;5;5;70;36;2023;2;14;5;1;5;3;0;1;1;0;0;0;0;1;433992,969999999739230;5763800,287000000476837;8,038047726000059;52,020906568000044;1
29723;5230216709700969050;5;5;66;28;2023;2;7;5;3;5;7;0;0;1;1;0;0;0;0;410990,042000000365078;5792405,800000000745058;7,695402290000061;52,274811259000046;1
29727;5230216706300896611;5;5;58;24;2023;2;13;5;3;5;3;0;0;1;1;0;0;0;0;393209,684999999590218;5736361,598999999463558;7,452381464000041;51,767941947000054;1
29734;5230216702100291735;5;5;15;0;2023;2;7;5;2;5;3;1;0;1;0;0;1;0;0;400856,232099999673665;5756455,817099999636412;7,557391027000051;51,949961872000074;1
29741;5230216609128071751;5;3;58;28;2023;2;22;5;2;0;1;2;1;1;0;0;0;0;0;322794,866999999620020;5624518,686000000685453;6,488179199000058;50,745373162000078;1
29753;5230216601300623801;5;3;15;0;2023;2;15;5;3;5;3;0;0;1;1;0;0;0;0;354338,559000000357628;5645501,800000000745058;6,926610772000060;50,942717080000079;1
29758;5230216518410072057;5;1;70;16;2023;2;17;5;3;0;1;0;0;1;0;0;0;0;0;343760,468100000172853;5727354,037599999457598;6,740304084000059;51,675401311000030;1
29761;5230216515211257506;5;1;54;56;2023;2;22;5;3;9;6;2;1;1;0;0;1;0;0;309106,401200000196695;5727318,034600000828505;6,239691053000058;51,664373402000081;1
29762;5230216514217796115;5;1;66;36;2023;2;23;5;3;0;7;2;0;1;0;0;0;0;0;328344,582999999634922;5680940,614000000059605;6,540091883000059;51,253951586000028;1
29769;5230216501329090647;5;1;12;0;2023;2;11;5;3;5;3;0;0;1;1;0;0;0;0;342524,780600000172853;5692396,879100000485778;6,738066817000060;51,360978839000040;1
29772;5230216501222782188;5;1;70;24;2023;2;10;5;3;5;2;0;0;1;1;0;0;0;0;338668,591000000014901;5702393,808000000193715;6,678179302000046;51,449714223000058;1
29773;5230216501127882200;5;1;12;0;2023;2;10;5;3;5;3;0;0;1;1;0;0;0;0;346114,121100000105798;5704365,728900000452995;6,784386272000063;51,469504353000048;1
29777;5230216500300596618;5;1;11;0;2023;2;8;5;2;5;3;0;0;1;1;0;0;0;0;349677,512000000104308;5674361,083000000566244;6,848315400000047;51,200852499000064;1
29778;5230216500300074598;5;1;11;0;2023;2;12;5;2;5;3;0;0;1;1;0;0;0;0;343203,771700000390410;5674574,872800000011921;6,755632895000076;51,201033493000068;1
29779;5230216500200950580;5;1;11;0;2023;2;17;5;3;6;1;1;0;1;0;1;0;0;0;349563,860999999567866;5677438,596999999135733;6,845398963000036;51,228476535000027;1
29788;5230216405228879365;5;7;54;28;2023;2;14;5;3;5;3;0;1;1;1;0;0;0;0;452426,479000000283122;5744697,760999999940395;8,309305026000061;51,851054277000060;1
29791;5230216405108690744;5;7;54;8;2023;2;9;5;3;3;2;0;0;1;1;0;0;0;0;457064,410899999551475;5749944,070699999108911;8,375983613000074;51,898597888000040;1
29795;5230216313123513602;5;9;58;16;2023;2;22;5;2;0;7;2;0;1;0;0;0;0;0;444721,043800000101328;5678077,109799999743700;8,207916263000072;51,251372830000037;1
29796;5230216310220489963;5;9;54;8;2023;2;12;5;3;5;3;0;0;1;1;0;0;0;0;383900,856999999843538;5684235,831000000238419;7,334723679000035;51,297591004000026;1
29810;5230216300400169014;5;9;11;0;2023;2;6;5;3;5;3;2;0;1;0;0;0;0;1;370918,309999999590218;5698967,594000000506639;7,143259455000020;51,427193367000029;1
29811;5230215711300594427;5;5;70;8;2023;2;8;4;3;5;3;0;0;1;1;0;0;0;0;433111,045900000259280;5733907,652599999681115;8,030993479000074;51,752070989000060;1
29815;5230215706300696613;5;5;58;24;2023;2;17;4;2;1;3;0;0;1;0;0;0;0;0;392835,072200000286102;5735854,589299999177456;7,447111077000045;51,763313355000037;1
29818;5230215705000747430;5;5;54;64;2023;2;18;4;3;5;3;1;0;1;1;0;0;0;0;361775,769000000320375;5751331,648000000044703;6,991125679000049;51,895581007000033;1
29825;5230215702100788558;5;5;15;0;2023;2;17;4;3;4;6;2;0;1;0;0;0;0;0;406172,163700000382960;5757441,019700000062585;7,634447987000044;51,959739510000077;1
29829;5230215701610080957;5;5;62;12;2023;2;14;4;3;0;1;0;0;1;0;0;0;0;0;358582,793800000101328;5727816,976099999621511;6,954337282000040;51,683488436000061;1