OID_;UIDENTSTLAE;ULAND;UREGBEZ;UKREIS;UGEMEINDE;UJAHR;UMONAT;USTUNDE;UWOCHENTAG;UKATEGORIE;UART;UTYP1;ULICHTVERH;IstStrassenzustand;IstRad;IstPKW;IstFuss;IstKrad;IstGkfz;IstSonstige;LINREFX;LINREFY;XGCSWGS84;YGCSWGS84;PLST
29830;5230306301102075404;5;9;13;0;2023;3;7;2;3;4;6;0;1;1;0;0;0;0;0;396256,308699999935925;5704298,157099999487400;7,506014229000073;51,480313934000037;1
29832;5230215701500081161;5;5;62;24;2023;2;16;4;2;3;6;0;0;1;0;0;0;0;0;370144,204099999740720;5725319,106000000610948;7,122405805000028;51,663833615000044;1
29844;5230215607100681285;5;3;82;60;2023;2;18;4;3;3;6;2;0;1;1;0;0;0;0;373481,038900000043213;5628166,742100000381470;7,204931931000033;50,791423701000042;1
29847;5230215602800991437;5;3;62;12;2023;2;9;4;3;5;3;0;0;1;1;0;0;0;0;351740,407599999569356;5631221,799699999392033;6,895445176000067;50,813726186000054;1
29850;5230215602600445381;5;3;62;20;2023;2;10;4;3;5;2;0;0;1;1;0;0;0;0;342574,652599999681115;5630833,319800000637770;6,765605873000027;50,807816770000045;1
29855;5230215601700499112;5;3;16;0;2023;2;9;4;3;0;3;0;0;1;1;0;0;0;0;359944,671000000089407;5654963,018999999389052;7,002710251000053;51,029134748000047;1
29858;5230215601500893361;5;3;15;0;2023;2;18;4;3;6;4;1;0;1;0;1;0;0;0;357430,307900000363588;5644599,430900000035763;6,970942945000047;50,935380353000028;1
29860;5230215601300991425;5;3;15;0;2023;2;17;4;2;5;3;1;0;1;0;0;0;0;1;352798,774899999611080;5649408,258600000292063;6,903128432000074;50,977431561000060;1
29861;5230215601300090248;5;3;15;0;2023;2;16;4;2;5;3;0;0;1;1;0;0;0;0;354001,707200000062585;5644849,691500000655651;6,922080614000038;50,936771594000049;1
29862;5230215601300078423;5;3;15;0;2023;2;14;4;3;2;6;0;0;1;1;0;0;0;0;354337,525999999605119;5645498,539999999105930;6,926597382000068;50,942687522000028;1
29866;5230215600110386300;5;3;14;0;2023;2;10;4;3;5;3;0;0;1;0;0;0;1;0;364077,091799999587238;5622815,520300000905991;7,073562097000035;50,741199332000065;1
29867;5230215518400353524;5;1;70;8;2023;2;10;4;3;0;3;0;0;1;1;0;0;0;0;342539,719999999739230;5713270,315799999982119;6,728989611000031;51,548525736000045;1
29884;5230215502209594964;5;1;13;0;2023;2;16;4;3;0;7;0;0;1;0;0;0;0;0;359582,627199999988079;5700191,161900000646710;6,979823853000028;51,435493450000081;1
29885;5230215501311991441;5;1;12;0;2023;2;8;4;2;5;3;0;0;1;1;0;0;0;0;344930,415000000037253;5700532,029300000518560;6,769037755000056;51,434735531000058;1
29896;5230215411236991422;5;7;74;36;2023;2;21;4;3;0;1;2;0;1;0;0;0;0;0;472699,462000000290573;5724644,482000000774860;8,605203128000028;51,672112882000079;1
29897;5230220702100674638;5;5;15;0;2023;2;14;2;3;0;7;0;0;1;1;1;0;0;0;405593,118400000035763;5756892,187000000849366;7,626174103000039;51,954708346000075;1
29898;5230215410110204056;5;7;70;24;2023;2;8;4;3;5;3;0;0;1;1;0;0;0;0;490236,925499999895692;5794855,174799999222159;8,856814084000064;52,303952235000054;1
29900;5230215406210790810;5;7;58;4;2023;2;13;4;2;0;3;0;0;1;1;0;0;0;0;471714,415300000458956;5784132,005200000479817;8,586065287000054;52,206905729000027;1
29902;5230301501316580000;5;1;12;0;2023;3;16;4;3;3;2;0;0;1;0;0;0;0;1;345475,377299999818206;5698876,210999999195337;6,777593883000065;51,420006781000041;1
29904;5230215405112587052;5;7;54;12;2023;2;15;4;2;5;2;0;0;1;1;0;0;0;0;457129,970900000073016;5767076,990499999374151;8,374796031000074;52,052635801000065;1
29907;5230215400100672246;5;7;11;0;2023;2;12;4;3;5;2;0;0;1;1;0;0;0;0;468398,871000000275671;5766652,846999999135733;8,539170829000057;52,049579734000076;1
29909;5230215317210089415;5;9;78;20;2023;2;14;4;3;5;3;0;0;1;1;0;0;0;0;408421,846900000236928;5717701,678300000727177;7,677665596000054;51,602902485000072;1
29913;5230215313110193811;5;9;58;4;2023;2;18;4;3;5;3;2;0;1;1;0;0;0;0;433608,629999999888241;5696762,976299999281764;8,045226304000039;51,418187000000046;1
29915;5230215307000878636;5;9;62;32;2023;2;16;4;2;3;6;0;0;1;0;0;0;0;1;408765,623300000093877;5677470,760399999096990;7,692986552000036;51,241302948000055;1
29916;5230215307000763817;5;9;62;48;2023;2;20;4;3;5;3;2;0;1;1;0;0;0;0;414295,765999999828637;5681012,258999999612570;7,771342091000065;51,273998843000072;1
29920;5230215302100991433;5;9;14;0;2023;2;13;4;3;5;2;0;0;1;0;0;0;0;1;395525,036999999545515;5696682,759800000116229;7,497735583000065;51,411726713000064;1
29927;5230215300300089333;5;9;11;0;2023;2;15;4;3;1;5;0;0;1;1;0;0;0;0;382153,537100000306964;5705673,489299999549985;7,302554967000049;51,489912784000069;1
29929;5230214711300076704;5;5;70;8;2023;2;14;3;3;5;3;0;0;1;1;0;0;0;0;432538,619699999690056;5733604,251399999484420;8,022761023000044;51,749274753000066;1
29935;5230214709500076615;5;5;66;76;2023;2;13;3;3;0;7;0;0;1;0;0;0;0;0;393243,720399999991059;5791605,918400000780821;7,435648209000021;52,264463198000044;1
29937;5230214706200195563;5;5;58;12;2023;2;15;3;3;4;2;0;0;1;1;0;0;0;0;374496,618999999947846;5756785,257999999448657;7,173908926000024;51,947599852000053;1
29947;5230214700000673526;5;5;13;0;2023;2;16;3;3;5;3;0;0;1;0;0;0;0;0;369557,773400000296533;5706959,896900000050664;7,120751623000046;51,498708280000074;1
29955;5230214608100875517;5;3;34;2;2023;2;17;3;3;0;1;1;0;1;0;0;0;0;0;295233,448699999600649;5628543,374099999666214;6,095766518000062;50,772456667000029;1
29956;5230214608100589923;5;3;34;2;2023;2;19;3;3;3;6;2;0;1;1;0;0;0;0;292486,182500000111759;5628255,966700000688434;6,057018249000066;50,768899317000034;1
29962;5230214602700479483;5;3;62;28;2023;2;16;3;3;5;3;0;0;1;1;0;0;0;0;351678,221900000236928;5637772,503200000151992;6,891910851000034;50,872579198000039;1
29972;5230214601500699031;5;3;15;0;2023;2;16;3;3;5;3;0;0;1;1;0;0;0;0;359605,330500000156462;5646955,906500000506639;7,000969218000023;50,957091850000040;1
29973;5230216500300986814;5;1;11;0;2023;2;5;5;3;0;2;2;0;1;1;0;0;0;0;345143,990899999625981;5675957,654100000858307;6,782785775000036;51,213987593000070;1
29975;5230214601300599071;5;3;15;0;2023;2;7;3;3;5;2;0;0;1;1;0;0;0;0;354347,559000000357628;5645491,826999999582767;6,926742779000051;50,942629729000032;1
29976;5230214601300576530;5;3;15;0;2023;2;16;3;3;0;6;0;0;1;0;0;0;0;1;354027,002000000327826;5646865,534800000488758;6,921632403000046;50,954893704000028;1
29977;5230219702100045124;5;5;15;0;2023;2;18;1;2;5;3;1;1;1;1;0;0;0;0;407475,765999999828637;5754255,052999999374151;7,654272119000041;51,931320720000031;1
29978;5230214601200687597;5;3;15;0;2023;2;8;3;3;3;2;0;0;1;1;0;0;0;0;353843,980999999679625;5642329,969000000506639;6,920847370000047;50,914087685000027;1
29980;5230214601200186416;5;3;15;0;2023;2;6;3;3;5;3;2;0;1;1;0;0;0;0;353001,419800000265241;5644260,835000000894070;6,908091659000036;50,931225666000046;1
29982;5230214601100190327;5;3;15;0;2023;2;15;3;3;3;6;0;0;1;1;0;0;0;0;356737,689000000245869;5644021,496999999508262;6,961319394000043;50,930014875000040;1
29987;5230214518210695977;5;1;70;28;2023;2;16;3;2;5;3;0;0;1;0;0;0;0;1;330063,167700000107288;5697623,121099999174476;6,556739484000047;51,404339201000028;1
30007;5230214502404381455;5;1;17;0;2023;2;9;3;3;3;6;0;0;1;1;0;0;0;0;354538,558400000445545;5701757,895800000056624;6,906662483000048;51,448299265000060;1
30008;5230214502400091521;5;1;17;0;2023;2;11;3;3;2;7;0;0;1;1;0;0;0;0;352575,334999999962747;5698871,441999999806285;6,879632021000020;51,421854892000056;1
30009;5230214502319077707;5;1;13;0;2023;2;17;3;3;0;5;0;0;1;1;0;0;0;0;356151,321000000461936;5705159,107000000774860;6,928471482000020;51,479274190000069;1
30010;5230222711100087235;5;5;70;36;2023;2;18;4;3;9;1;2;0;1;0;0;0;0;0;436100,326200000010431;5759169,816500000655651;8,069618239000022;51,979526432000057;1
30012;5230214502208989573;5;1;13;0;2023;2;13;3;3;1;5;0;0;1;1;0;0;0;0;358880,275999999605119;5701081,189999999478459;6,969371202000048;51,443316885000058;1
30015;5230214501213096120;5;1;12;0;2023;2;16;3;3;0;3;0;0;1;1;0;0;0;0;340686,666000000201166;5698424,767999999225140;6,708982778000063;51,414625199000056;1
30020;5230214501128291510;5;1;12;0;2023;2;13;3;3;5;3;0;0;1;0;0;0;1;0;343288,536999999545515;5701746,018999999389052;6,744898503000059;51,445191308000062;1
30034;5230214500200065856;5;1;11;0;2023;2;9;3;3;3;2;0;0;1;0;0;0;1;0;344019,418999999761581;5679987,082000000402331;6,764943153000047;51,249887145000059;1
30041;5230214405112576215;5;7;54;40;2023;2;15;3;3;5;3;0;0;1;1;0;0;0;0;461024,082000000402331;5759911,138000000268221;8,432399461000045;51,988498896000067;1
30042;5230214405108994428;5;7;54;8;2023;2;8;3;3;5;3;0;0;1;1;0;0;0;0;456773,941999999806285;5752279,083000000566244;8,371469285000046;51,919568491000064;1
30047;5230214404302991457;5;7;66;8;2023;2;6;3;3;5;2;2;1;1;1;0;0;0;0;478863,769000000320375;5768230,907999999821186;8,691676454000060;52,064265598000077;1
30048;5230214404101990751;5;7;66;20;2023;2;16;3;3;5;3;0;0;1;1;0;0;0;0;493211,396599999628961;5752122,499800000339746;8,901289922000046;51,919797261000042;1
30051;5230214316100090550;5;9;74;8;2023;2;19;3;3;5;3;2;0;1;1;0;0;0;0;441665,794200000353158;5714583,201600000262260;8,158135249000054;51,579290852000042;1
30061;5230214301103480865;5;9;13;0;2023;2;8;3;3;5;3;0;0;1;1;0;0;0;0;391408,563099999912083;5704587,199400000274181;7,436141575000022;51,482002038000076;1
30078;5230213702100842872;5;5;15;0;2023;2;13;2;3;3;2;0;0;1;1;0;0;0;0;404152,714100000448525;5761301,203999999910593;7,603988452000067;51,994091652000066;1
30079;5230213701400296050;5;5;12;0;2023;2;18;2;3;0;1;2;0;1;0;0;0;0;0;355342,754599999636412;5714597,809699999168515;6,912960877000046;51,563881682000044;1
30084;5230213610111785834;5;3;70;16;2023;2;10;2;3;5;2;0;0;1;1;0;0;0;0;300836,150000000372529;5659580,301000000908971;6,158186440000065;51,053169374000049;1
30089;5230213608100991406;5;3;34;2;2023;2;17;2;3;5;3;1;0;1;0;0;0;0;0;293353,103000000119209;5628387,529600000008941;6,069221910000067;50,770390298000052;1
30092;5230213606100093610;5;3;78;4;2023;2;13;2;3;5;2;0;0;1;1;0;0;0;0;369549,640399999916553;5648639,407299999147654;7,141876414000023;50,974559909000050;1
30100;5230213602100415438;5;3;62;8;2023;2;16;2;3;5;3;0;0;1;1;0;0;0;0;333404,513500000350177;5645597,812899999320507;6,628841010000031;50,937911683000038;1
30101;5230215302100078320;5;9;14;0;2023;2;9;4;3;5;2;0;0;1;1;0;0;0;0;391045,013299999758601;5693691,206299999728799;7,434260359000064;51,383993885000052;1
30110;5230213601300991463;5;3;15;0;2023;2;20;2;3;5;2;2;0;1;1;0;0;0;0;353422,461900000460446;5645963,736700000241399;6,913394082000025;50,946636160000025;1
30125;5230223709300464105;5;5;66;36;2023;2;7;5;3;5;3;1;1;1;1;0;0;0;0;387353,300999999977648;5768367,915999999269843;7,357080218000021;52,054448448000073;1
30129;5230213505200195978;5;1;14;0;2023;2;15;2;3;5;3;0;0;1;1;0;0;0;0;326068,415599999949336;5691668,534700000658631;6,502277756000069;51,349636188000034;1
30136;5230213502101780944;5;1;13;0;2023;2;9;2;3;5;3;0;0;1;1;0;0;0;0;361422,072999999858439;5702526,655999999493361;7,005355961000021;51,456933954000078;1
30137;5230213501318991480;5;1;12;0;2023;2;17;2;3;1;5;0;0;1;1;0;0;0;0;343919,658499999903142;5699478,914400000125170;6,754972126000041;51,424995838000029;1
30142;5230306603116093444;5;3;66;16;2023;3;13;2;3;5;3;0;0;1;1;0;0;0;0;345001,788599999621511;5614840,637099999934435;6,806753303000050;50,664756292000050;1
30149;5230213500300645580;5;1;11;0;2023;2;7;2;3;5;3;0;0;1;1;0;0;0;0;342063,879999999888241;5674327,581000000238419;6,739438960000030;51,198497556000063;1
30151;5230218601700376525;5;3;16;0;2023;2;6;7;3;0;1;2;1;1;0;0;0;0;0;359423,129800000227988;5660127,966099999845028;6,993271760000027;51,075424317000056;1
30152;5230213500200871973;5;1;11;0;2023;2;12;2;3;5;3;0;0;1;1;0;0;0;0;343404,476599999703467;5689870,530799999833107;6,751803724000069;51,338522707000038;1
30153;5230213411232652295;5;7;74;32;2023;2;15;2;2;5;2;0;0;1;0;0;0;0;0;478283,948200000450015;5731483,274700000882149;8,685533696000050;51,733846040000060;1
30155;5230213405152991466;5;7;54;52;2023;2;13;2;3;3;6;0;0;1;0;0;0;0;1;459645,879999999888241;5769287,622999999672174;8,411223873000040;52,072699172000057;1
30161;5230213317250209974;5;9;78;32;2023;2;12;2;3;5;3;0;0;1;1;0;0;0;0;394041,362900000065565;5727901,425499999895692;7,467004649000046;51,692058692000046;1
30162;5230214410210991450;5;7;70;20;2023;2;15;3;3;1;5;0;0;1;1;0;0;0;0;473011,089200000278652;5795069,164000000804663;8,604166092000071;52,305299660000060;1
30173;5230213303100187414;5;9;15;0;2023;2;12;2;3;5;2;0;0;1;1;0;0;0;0;419161,039499999955297;5724223,876900000497699;7,831190005000053;51,663178866000067;1
30183;5230213301303585004;5;9;13;0;2023;2;7;2;3;6;2;0;0;1;1;1;0;0;0;397598,970999999903142;5704748,961999999359250;7,525211899000055;51,484610795000037;1
30185;5230213300300189998;5;9;11;0;2023;2;11;2;3;5;3;0;0;1;1;0;0;0;0;380822,657100000418723;5707811,325099999085069;7,282672172000048;51,508848040000032;1
30186;5230213300200763768;5;9;11;0;2023;2;14;2;3;0;1;0;0;1;0;0;0;0;0;374432,207899999804795;5704233,022099999710917;7,191907880000031;51,475304982000068;1
30187;5230213300200154625;5;9;11;0;2023;2;18;2;3;3;6;2;0;1;1;0;0;0;0;370796,148199999704957;5706563,855499999597669;7,138727424000024;51,495433478000052;1
30197;5230212701110995077;5;5;62;32;2023;2;9;1;2;0;1;0;0;1;0;0;0;0;0;375601,632500000298023;5719693,618400000035763;7,203272051000056;51,614511529000026;1
30200;5230221315210999546;5;9;70;24;2023;2;4;3;3;5;3;2;0;1;1;0;0;0;0;430091,580000000074506;5643034,127000000327826;8,005107792000047;50,934695776000069;1
30207;5230212601100663452;5;3;15;0;2023;2;10;1;3;2;1;0;0;1;1;0;0;0;0;355436,178299999795854;5645710,203700000420213;6,942141089000074;50,944866216000037;1
30210;5230221317250991362;5;9;78;32;2023;2;5;3;3;0;1;2;1;1;0;0;0;0;0;395469,523299999535084;5728114,016599999740720;7,487595572000032;51,694237278000060;1
30224;5230212404103091066;5;7;66;32;2023;2;1;1;2;3;6;2;1;1;0;0;0;0;0;504836,705000000074506;5748692,587999999523163;9,070280271000058;51,888978964000046;1
30230;5230212303100873330;5;9;15;0;2023;2;16;1;2;0;1;0;0;1;0;0;0;0;0;412908,428000000305474;5724283,878200000151992;7,740794357000027;51,662783952000041;1
30265;5230220702100493600;5;5;15;0;2023;2;17;2;3;5;2;0;1;1;1;0;0;0;0;406039,128299999982119;5756774,412299999967217;7,632694723000043;51,953725269000074;1
30277;5230211505100496240;5;1;14;0;2023;2;11;7;3;0;2;0;0;1;1;0;0;0;0;336732,250199999660254;5690815,389200000092387;6,655663572000037;51,345134874000053;1
30279;5230215502401091116;5;1;17;0;2023;2;11;4;3;0;5;0;0;1;1;0;0;0;1;352503,960500000044703;5699418,688699999824166;6,878378427000030;51,426753705000067;1
30280;5230211503400991491;5;1;22;0;2023;2;11;7;3;5;6;0;1;1;0;0;0;0;1;365997,012799999676645;5671389,289899999275804;7,082869354000024;51,178205754000032;1
30282;5230211502210378344;5;1;13;0;2023;2;10;7;3;1;7;0;1;1;1;0;0;0;0;360856,317499999888241;5700911,461699999868870;6,997853189000068;51,442280548000042;1
30284;5230211501315191481;5;1;12;0;2023;2;18;7;3;5;3;1;0;1;1;0;0;0;0;346075,650000000372529;5699146,252000000327826;6,786102913000036;51,422596443000032;1
30285;5230211501128991485;5;1;12;0;2023;2;20;7;3;5;2;2;0;1;1;0;0;0;0;343097,964800000190735;5702151,061499999836087;6,741978848000031;51,448777782000036;1
30296;5230211410110372232;5;7;70;24;2023;2;14;7;3;5;2;0;1;1;1;0;0;0;0;491879,336600000038743;5794106,934499999508262;8,880919781000046;52,297251940000081;1
30298;5230227600110686300;5;3;14;0;2023;2;15;2;3;2;2;0;0;1;1;0;0;0;0;365070,029000000096858;5620641,156099999323487;7,088422443000070;50,721887931000026;1
30299;5230211404101956320;5;7;66;20;2023;2;20;7;3;5;3;2;0;1;1;0;0;0;0;493221,524500000290573;5752109,141499999910593;8,901437450000060;51,919677279000041;1
30307;5230303400200861604;5;7;11;0;2023;3;14;6;3;5;2;0;0;1;1;0;0;0;0;469103,285699999891222;5763557,305700000375509;8,549722422000059;52,021788600000036;1
30309;5230303301103991180;5;9;13;0;2023;3;17;6;3;0;7;0;0;1;0;0;0;0;0;391717,196100000292063;5705718,146800000220537;7,440237638000042;51,492226634000076;1
30313;5230218506100095942;5;1;16;0;2023;2;23;7;3;0;1;2;0;1;0;0;0;0;0;319755,724999999627471;5670498,295800000429153;6,422384740000041;51,157497793000061;1
30319;5230211300000275255;5;9;16;0;2023;2;12;7;3;0;3;0;0;1;1;0;0;0;0;374608,297299999743700;5709943,537599999457598;7,192412276000027;51,526665883000078;1
30322;5230210711100593886;5;5;70;44;2023;2;21;6;3;0;1;2;0;1;0;0;0;0;0;416605,557000000029802;5759467,523000000044703;7,785762122000051;51,979618536000032;1
30325;5230210709500991504;5;5;66;76;2023;2;14;6;3;0;1;0;0;1;0;0;0;0;0;392496,442599999718368;5789344,876399999484420;7,425422321000042;52,243997274000037;1
30330;5230226600340286241;5;3;82;64;2023;2;10;1;2;1;7;0;0;1;1;0;0;0;0;351857,758899999782443;5620614,977499999105930;6,901380285000073;50,718434695000042;1
30332;5230210709110896500;5;5;66;80;2023;2;18;6;2;0;7;2;0;1;0;0;0;0;0;406551,372000000439584;5781419,346699999645352;7,633400825000024;52,175327946000039;1
30333;5230210706200779104;5;5;58;12;2023;2;13;6;3;5;2;0;0;1;1;0;0;0;0;373597,176900000311434;5756434,351500000804663;7,160958198000060;51,944242814000063;1
30335;5230210705000991505;5;5;54;8;2023;2;12;6;3;3;2;0;0;1;1;0;0;0;0;335751,783800000324845;5746203,154699999839067;6,615672349000022;51,842449230000057;1
30342;5230211502103689726;5;1;13;0;2023;2;13;7;3;5;2;0;1;1;1;0;0;0;0;362801,234000000171363;5703894,380100000649691;7,024663625000073;51,469560842000078;1
30343;5230210702100079176;5;5;15;0;2023;2;7;6;3;5;2;0;0;1;1;0;0;0;0;403048,489400000311434;5758117,057900000363588;7,588810464000062;51,965280043000064;1
30346;5230210701500954266;5;5;62;24;2023;2;12;6;2;5;3;0;0;1;1;0;0;0;0;372274,633899999782443;5725510,461600000038743;7,153122512000039;51,666041555000049;1
30355;5230210610111795000;5;3;70;16;2023;2;13;6;3;5;3;0;0;1;0;0;0;1;0;298087,750000000000000;5660549,862999999895692;6,118482139000037;51,060917515000028;1
30356;5230210608408189872;5;3;34;8;2023;2;11;6;3;5;3;0;0;1;1;0;0;0;0;302981,781999999657273;5644418,571000000461936;6,196981782000023;50,917730932000040;1
30357;5230210608200989912;5;3;34;2;2023;2;19;6;3;0;7;2;0;1;0;0;0;0;0;297698,157200000248849;5627123,190400000661612;6,131457515000022;50,760565893000035;1
30367;5230210602100901061;5;3;62;8;2023;2;8;6;3;0;1;0;1;1;0;0;0;0;0;333247,704800000414252;5645396,489000000059605;6,626703320000047;50,936057493000078;1
30375;5230305610221994876;5;3;70;16;2023;3;3;1;3;0;7;2;0;1;1;0;0;0;0;301832,717000000178814;5659657,562999999150634;6,172345301000064;51,054207985000062;1
30376;5230210601700991500;5;3;16;0;2023;2;16;6;3;3;6;0;0;1;1;0;0;0;0;362929,540799999609590;5654788,649700000882149;7,045315780000067;51,028287218000060;1
30379;5230210601300799071;5;3;15;0;2023;2;7;6;3;0;1;0;2;1;0;0;0;0;0;354337,525999999605119;5645498,539999999105930;6,926597382000068;50,942687522000028;1
30381;5230210601200595652;5;3;15;0;2023;2;11;6;3;5;2;0;1;1;1;0;0;0;0;357360,078999999910593;5637331,596999999135733;6,972783634000052;50,870046899000045;1
30382;5230210601200158734;5;3;15;0;2023;2;9;6;2;0;1;0;2;1;0;0;0;0;0;358007,879300000146031;5640427,332900000736117;6,980781411000066;50,898028057000033;1
30383;5230210600370078500;5;3;82;4;2023;2;16;6;3;5;2;0;0;1;1;0;0;0;0;360719,776200000196695;5620120,737500000745058;7,027026463000027;50,716184193000061;1
30386;5230210600110093373;5;3;14;0;2023;2;17;6;3;0;6;0;0;1;0;0;0;0;0;365942,678999999538064;5623214,229000000283122;7,099842396000042;50,745216602000028;1
30388;5230307303200085036;5;9;15;0;2023;3;17;3;3;0;3;1;1;1;0;0;0;0;0;414037,589900000020862;5727605,431600000709295;7,756298312000069;51,692816378000032;1
30390;5230210516100986784;5;1;58;32;2023;2;18;6;3;3;2;2;0;1;1;0;0;0;0;364108,291799999773502;5688830,767400000244379;7,049240021000060;51,334504877000029;1
30395;5230211601700945912;5;3;16;0;2023;2;21;7;3;0;3;2;1;1;1;0;0;0;0;359864,754300000146031;5659563,715299999341369;6,999790506000068;51,070461466000040;1
30404;5230301501318991214;5;1;12;0;2023;3;14;4;3;5;2;0;0;1;1;0;0;0;0;344868,768000000156462;5697970,537000000476837;6,769272891000071;51,411703591000048;1
30408;5230210501128691633;5;1;12;0;2023;2;15;6;3;0;2;0;0;1;0;0;0;1;0;343039,125000000000000;5702790,180999999865890;6,740849232000073;51,454503842000065;1
30417;5230210500300570356;5;1;11;0;2023;2;9;6;3;0;7;0;2;1;0;0;0;0;0;345641,558299999684095;5674343,995600000023842;6,790598403000047;51,199622798000064;1
30420;5230222404102478137;5;7;66;48;2023;2;7;4;3;5;2;0;0;1;0;0;0;0;1;477024,674499999731779;5758347,605499999597669;8,665512659000058;51,975333823000028;1
30424;5230210410120991501;5;7;70;32;2023;2;14;6;3;0;1;0;0;1;0;0;0;0;0;502766,928700000047684;5786253,006500000134110;9,040509485000030;52,226693830000045;1
30429;5230210410110490742;5;7;70;24;2023;2;23;6;3;5;2;2;0;1;0;0;0;0;0;495597,177899999544024;5793974,374600000679493;8,935439341000063;52,296102542000028;1
30430;5230210407108580593;5;7;62;20;2023;2;14;6;3;7;7;0;0;1;1;0;0;0;0;524792,775899999774992;5731278,078099999576807;9,359004299000048;51,731873423000081;1
30434;5230210404102534051;5;7;66;56;2023;2;17;6;2;5;3;2;0;1;1;0;0;0;0;480067,019899999722838;5756773,531899999827147;8,709895518000053;51,961298963000047;1
30435;5230301400200991220;5;7;11;0;2023;3;13;4;3;5;3;0;0;1;1;0;0;0;0;474486,642199999652803;5765985,193900000303984;8,627994431000047;52,043890768000040;1
30438;5230210316300991513;5;9;74;4;2023;2;7;6;3;0;1;2;2;1;0;0;0;0;0;452875,479000000283122;5711744,474999999627471;8,320277618000034;51,554816697000035;1
30449;5230210301303594338;5;9;13;0;2023;2;7;6;3;0;7;0;1;1;0;0;0;0;0;398035,067800000309944;5705154,328299999237061;7,531373302000077;51,488333346000047;1
30454;5230210301101991514;5;9;13;0;2023;2;7;6;3;3;2;0;0;1;1;0;0;0;0;392652,067200000397861;5708069,284499999135733;7,452983151000069;51,513537982000059;1
30458;5230209709700648421;5;5;66;28;2023;2;15;5;3;5;2;0;0;1;1;0;0;0;0;411937,922000000253320;5792080,264000000432134;7,709376297000063;52,272037906000037;1
30459;5230209709700134935;5;5;66;28;2023;2;8;5;3;5;3;1;0;1;0;0;0;0;1;412709,827999999746680;5792827,855000000447035;7,720492645000036;52,278880561000051;1
30465;5230302601300999818;5;3;15;0;2023;3;13;5;3;5;2;0;0;1;1;0;0;0;0;354481,061800000257790;5647390,976199999451637;6,927882707000037;50,959730507000074;1
30497;5230209601500890378;5;3;15;0;2023;2;14;5;3;0;2;0;0;1;1;0;0;0;0;358648,570700000040233;5644690,860400000587106;6,988234363000061;50,936501920000069;1
30501;5230209600370893865;5;3;82;4;2023;2;7;5;3;7;7;2;0;1;0;0;0;0;0;361227,150200000032783;5622411,136099999770522;7,033347235000065;50,736890801000072;1
30504;5230209518400065302;5;1;70;8;2023;2;8;5;3;0;3;0;0;1;1;0;0;0;0;341679,421400000341237;5715880,075200000777841;6,715417156000058;51,571732372000042;1
30517;5230209501313038543;5;1;12;0;2023;2;15;5;3;5;3;0;0;1;0;0;0;0;0;344102,224000000394881;5700801,223999999463558;6,757013975000064;51,436926955000047;1
30523;5230209500100500320;5;1;11;0;2023;2;7;5;3;5;3;1;0;1;1;0;0;0;0;346706,679999999701977;5676278,296000000089407;6,805005462000054;51,217290371000047;1
30524;5230209500100060581;5;1;11;0;2023;2;8;5;3;4;6;0;0;1;0;0;0;0;0;342688,841099999845028;5679044,069499999284744;6,746307322000064;51,241048576000026;1
30526;5230209405228985587;5;7;54;28;2023;2;6;5;3;5;2;2;0;1;1;0;0;0;0;453508,720900000073016;5745792,437899999320507;8,324869059000036;51,860987226000077;1
30527;5230223515111022314;5;1;54;8;2023;2;9;5;3;5;2;0;1;1;1;0;0;0;0;308940,791100000031292;5746629,426899999380112;6,226689753000073;51,837749659000053;1
30531;5230209317250718555;5;9;78;32;2023;2;7;5;3;0;3;0;0;1;1;0;0;0;0;394024,291400000452995;5727427,221599999815226;7,466901782000036;51,687793224000075;1
30533;5230209601500093350;5;3;15;0;2023;2;16;5;3;3;5;0;0;1;1;0;0;0;0;357903,256400000303984;5644557,732599999755621;6,977685734000033;50,935122336000063;1
30541;5230209303100080472;5;9;15;0;2023;2;7;5;3;5;3;0;0;1;1;0;0;0;0;422553,826500000432134;5727169,275800000876188;7,879581011000028;51,690135080000061;1
30549;5230209300600061171;5;9;11;0;2023;2;12;5;3;5;3;0;0;1;1;0;0;0;0;370992,488800000399351;5704742,337200000882149;7,142219849000071;51,479108305000068;1
30555;5230213705000365870;5;5;54;8;2023;2;16;2;2;5;2;0;0;1;1;0;0;0;0;336735,997700000181794;5744128,364900000393391;6,630925354000055;51,824098934000062;1
30557;5230208709800068100;5;5;66;12;2023;2;13;4;3;9;1;0;0;1;0;0;0;0;0;411001,999300000257790;5776399,123099999502301;7,699783935000028;52,130940016000068;1
30565;5230301602700073708;5;3;62;28;2023;3;15;4;3;5;3;0;0;1;1;0;0;0;0;349562,057699999772012;5636902,001700000837445;6,862214128000062;50,864209590000030;1
30569;5230208701400947765;5;5;12;0;2023;2;14;4;3;5;3;0;0;1;0;0;0;0;1;355613,317099999636412;5720090,402799999341369;6,914602221000052;51,613305461000039;1
30571;5230215600140286348;5;3;14;0;2023;2;6;4;3;4;6;2;2;1;0;0;0;0;1;366820,432799999602139;5625194,117599999532104;7,111560470000029;50,763213836000034;1
30572;5230208701120080912;5;5;62;32;2023;2;14;4;3;5;3;0;0;1;1;0;0;0;0;376157,183000000193715;5715289,813300000503659;7,212846244000048;51,575056146000065;1