OID_;UIDENTSTLAE;ULAND;UREGBEZ;UKREIS;UGEMEINDE;UJAHR;UMONAT;USTUNDE;UWOCHENTAG;UKATEGORIE;UART;UTYP1;ULICHTVERH;IstStrassenzustand;IstRad;IstPKW;IstFuss;IstKrad;IstGkfz;IstSonstige;LINREFX;LINREFY;XGCSWGS84;YGCSWGS84;PLST
30584;5230228500200446013;5;1;11;0;2023;2;8;3;2;4;5;0;0;1;1;0;0;0;0;350773,351900000125170;5677061,241499999538064;6,862865878000036;51,225403174000064;1
30588;5230208602200465710;5;3;62;4;2023;2;5;4;3;5;2;2;1;1;1;0;0;0;0;328187,924899999983609;5653334,883099999278784;6,551009296000075;51,005893595000032;1
30594;5230208601200090618;5;3;15;0;2023;2;19;4;3;4;2;2;0;1;1;0;0;0;0;353411,345900000073016;5644095,265699999406934;6,913987682000027;50,929842080000071;1
30595;5230208600380986317;5;3;14;0;2023;2;7;4;3;5;3;1;0;1;1;0;0;0;0;368553,329900000244379;5615268,023800000548363;7,139655056000038;50,674391474000060;1
30599;5230208518210979226;5;1;70;28;2023;2;8;4;3;5;3;0;0;1;1;0;0;0;0;329534,502000000327826;5705331,630999999120831;6,545434853000074;51,473430557000029;1
30603;5230208515211991436;5;1;54;16;2023;2;17;4;3;5;2;0;0;1;1;0;0;0;0;302631,409900000318885;5729378,200099999085069;6,145022359000052;51,680637887000046;1
30605;5230208515211060534;5;1;54;56;2023;2;8;4;2;5;2;0;0;1;1;0;0;0;0;310955,181499999947846;5727180,039400000125170;6,266465994000043;51,663758941000026;1
30613;5230208505100095995;5;1;14;0;2023;2;9;4;3;4;2;0;0;1;1;0;0;0;0;328275,287499999627471;5689249,848699999973178;6,535103906000074;51,328578686000071;1
30617;5230208503400381054;5;1;22;0;2023;2;6;4;3;0;1;2;0;1;0;0;0;0;0;367615,983699999749660;5669470,369999999180436;7,106724256000064;51,161336959000039;1
30621;5230208503200080465;5;1;24;0;2023;2;8;4;3;1;5;1;0;1;0;0;0;0;1;377457,245000000111759;5682538,202600000426173;7,242927279000071;51,280982557000073;1
30623;5230302706000076254;5;5;58;12;2023;3;15;5;3;5;3;0;0;1;1;0;0;0;0;374282,618700000457466;5756018,899000000208616;7,171077114000070;51,940664676000040;1
30624;5230208502325581234;5;1;13;0;2023;2;11;4;3;5;2;0;0;1;1;0;0;0;0;361781,149000000208616;5706187,952999999746680;7,009088791000067;51,489923394000073;1
30634;5230208405220991534;5;7;54;20;2023;2;14;4;2;5;3;0;0;1;0;0;0;1;0;446390,702999999746680;5747485,433000000193715;8,221250352000027;51,875569303000077;1
30635;5230208405108370325;5;7;54;8;2023;2;9;4;2;4;2;0;0;1;1;0;0;0;0;459104,688000000081956;5750512,629000000655651;8,405567321000035;51,903863064000063;1
30642;5230208314220134925;5;9;66;12;2023;2;15;4;2;0;6;0;0;1;1;0;0;0;0;430620,673899999819696;5673766,344699999317527;8,006738315000064;51,211074364000069;1
30649;5230208301204990766;5;9;13;0;2023;2;7;4;3;4;2;0;2;1;0;0;0;1;0;383789,985000000335276;5706645,119000000879169;7,325795286000073;51,498984390000032;1
30653;5230208300600477983;5;9;16;0;2023;2;8;4;2;5;2;0;0;1;1;0;0;0;0;376280,159900000318885;5711831,022800000384450;7,215837125000064;51,543998066000029;1
30655;5230208300500799527;5;9;11;0;2023;2;6;4;3;7;7;2;1;1;0;1;0;0;0;376148,105999999679625;5703815,619000000879169;7,216749020000066;51,471931865000045;1
30661;5230207706000991546;5;5;58;12;2023;2;16;3;3;4;2;0;0;1;1;0;0;0;0;374073,300900000147521;5755546,642699999734759;7,168206567000027;51,936373435000064;1
30664;5230207705000491760;5;5;54;24;2023;2;6;3;3;5;3;2;2;1;1;0;0;0;0;366365,134999999776483;5774248,050000000745058;7,048847368000054;52,102621751000072;1
30665;5230207705000395150;5;5;54;12;2023;2;18;3;3;6;4;2;0;1;0;1;0;0;0;353006,372999999672174;5747246,188999999314547;6,865508477000049;51,856629794000071;1
30666;5230207702100670561;5;5;15;0;2023;2;14;3;2;5;2;0;0;1;1;0;0;0;0;406422,362200000323355;5757303,906099999323487;7,638125566000042;51,958549232000053;1
30668;5230207701300385664;5;5;62;14;2023;2;15;3;3;5;3;0;0;1;1;0;0;0;0;359425,707999999634922;5714892,504000000655651;6,971709424000039;51,567562304000035;1
30681;5230224706000957496;5;5;58;40;2023;2;18;6;3;5;2;2;1;1;1;0;0;0;0;375265,674999999813735;5764623,369999999180436;7,182242777000056;52,018209730000081;1
30683;5230207606100693803;5;3;78;4;2023;2;16;3;3;5;3;0;0;1;1;0;0;0;0;366160,878600000403821;5654148,448599999770522;7,091604722000056;51,023294923000037;1
30693;5230207601700599034;5;3;16;0;2023;2;6;3;3;5;2;2;2;1;1;0;0;0;0;358947,387699999846518;5654779,744599999859929;6,988568938000071;51,027243812000052;1
30703;5230207600110993474;5;3;14;0;2023;2;17;3;3;5;2;0;0;1;1;0;0;0;0;363060,064199999906123;5625129,271800000220537;7,058296122000058;50,761755728000026;1
30706;5230207516100189212;5;1;58;32;2023;2;11;3;3;0;7;0;0;1;0;0;0;0;0;362343,395399999804795;5688642,787100000306964;7,023993207000046;51,332391023000071;1
30708;5230207515211122042;5;1;54;16;2023;2;13;3;3;5;2;0;0;1;1;0;0;0;0;303232,547000000253320;5728396,856000000610948;6,154259201000059;51,672035967000056;1
30709;5230207515211086196;5;1;54;16;2023;2;5;3;3;5;3;2;1;1;1;0;0;0;0;302023,570000000298023;5729804,845000000670552;6,135999732000073;51,684255343000075;1
30711;5230207515110022282;5;1;54;24;2023;2;19;3;3;5;2;2;0;1;1;0;0;0;0;312972,668499999679625;5739278,493499999865890;6,289108603000045;51,773094284000081;1
30718;5230207709110672342;5;5;66;12;2023;2;12;3;3;5;3;0;0;1;1;0;0;0;0;400754,175800000317395;5776401,668600000441074;7,550116862000039;52,129217543000038;1
30722;5230224300200895137;5;9;11;0;2023;2;0;6;3;0;1;2;1;1;0;0;0;0;0;371478,638100000098348;5705192,945100000128150;7,149052756000060;51,483268611000028;1
30732;5230222518200289300;5;1;70;24;2023;2;9;4;3;0;2;0;0;1;0;0;0;0;0;337247,117300000041723;5702475,176999999210238;6,657702859000040;51,450038523000046;1
30736;5230207501315073902;5;1;12;0;2023;2;8;3;3;0;7;0;0;1;0;0;0;0;0;345476,302000000141561;5699502,715800000354648;6,777333993000070;51,425636226000051;1
30748;5230207405152090757;5;7;54;52;2023;2;18;3;3;5;3;2;0;1;1;0;0;0;0;460035,186599999666214;5769709,228399999439716;8,416854245000025;52,076517798000054;1
30752;5230207404102387060;5;7;66;40;2023;2;16;3;3;5;3;1;0;1;1;0;0;0;0;486800,463100000284612;5760607,985700000077486;8,807745748000059;51,995974956000055;1
30765;5230207316100980438;5;9;74;8;2023;2;13;3;3;0;4;0;0;1;0;1;0;0;0;442520,982900000177324;5715313,276300000026822;8,170356186000049;51,585942571000032;1
30770;5230222608312832707;5;3;34;12;2023;2;15;4;3;5;2;0;0;1;1;0;0;0;0;306749,401999999769032;5632666,050200000405312;6,256724948000056;50,813439328000072;1
30791;5230206711400694426;5;5;70;28;2023;2;18;2;3;5;3;2;1;1;1;0;0;0;0;445290,069000000134110;5743179,437000000849366;8,205945495000037;51,836750152000036;1
30792;5230206711300081008;5;5;70;48;2023;2;13;2;3;9;1;0;1;1;0;0;0;0;0;449852,247700000181794;5724690,290500000119209;8,274821833000033;51,670949717000042;1
30793;5230206711100291798;5;5;70;24;2023;2;5;2;3;0;1;2;2;1;0;0;0;0;0;421071,886599999852479;5754088,281799999997020;7,852013918000068;51,931915800000070;1
30796;5230206709500796953;5;5;66;60;2023;2;7;2;3;0;1;1;1;1;0;0;0;0;0;390396,907700000330806;5786231,797700000926852;7,395692957000051;52,215605716000027;1
30803;5230206705000201327;5;5;54;4;2023;2;7;2;3;5;2;1;0;1;1;0;0;0;0;363645,736999999731779;5772272,382500000298023;7,009958441000038;52,084206049000045;1
30808;5230206702100772447;5;5;15;0;2023;2;20;2;3;2;2;2;0;1;0;0;1;0;0;406566,356399999931455;5757190,768899999558926;7,640251306000039;51,957556514000032;1
30810;5230206702100096698;5;5;15;0;2023;2;18;2;3;5;3;2;0;1;1;0;0;0;0;405744,507899999618530;5753653,401699999347329;7,629264171000045;51,925622290000035;1
30822;5230321317250071412;5;9;78;40;2023;3;9;3;3;5;3;0;1;1;1;0;0;0;0;405389,803000000305474;5724233,904999999329448;7,632132576000060;51,661119197000062;1
30827;5230321314220685243;5;9;66;12;2023;3;18;3;3;1;5;0;0;1;1;0;0;0;0;427686,216099999845028;5669669,204299999400973;7,965559842000062;51,173873987000036;1
30838;5230321300500195074;5;9;11;0;2023;3;15;3;3;5;3;0;0;1;1;0;0;0;0;376831,033599999733269;5703690,221300000324845;7,226620614000069;51,470953937000047;1
30839;5230321300400537368;5;9;11;0;2023;3;12;3;2;0;1;0;1;1;0;0;0;0;0;374677,454099999740720;5702219,597899999469519;7,196151229000066;51,457264080000073;1
30840;5230321300400490148;5;9;11;0;2023;3;14;3;3;5;2;0;0;1;1;0;0;0;0;374407,421400000341237;5701698,778699999675155;7,192451481000035;51,452523468000038;1
30841;5230321300100490973;5;9;11;0;2023;3;16;3;3;5;3;0;0;1;1;0;0;0;0;376051,981399999931455;5704287,678300000727177;7,215200109000023;51,476153401000033;1
30842;5230320711200176720;5;5;70;4;2023;3;14;2;3;5;3;0;0;1;1;0;0;0;0;422689,622999999672174;5735957,724999999627471;7,879593385000021;51,769158936000053;1
30846;5230320709110474686;5;5;66;12;2023;3;18;2;3;5;3;1;1;1;1;0;0;0;0;401511,826000000350177;5774944,521999999880791;7,561603364000064;52,116256346000057;1
30848;5230320706300990633;5;5;58;24;2023;3;7;2;3;5;3;0;0;1;1;0;0;0;0;393204,162999999709427;5736355,407999999821186;7,452303374000053;51,767885249000074;1
30851;5230320702100942800;5;5;15;0;2023;3;8;2;3;5;3;0;0;1;0;0;0;0;1;404945,799999999813735;5756366,154999999329448;7,616902667000033;51,949869888000080;1
30853;5230320701400975422;5;5;12;0;2023;3;11;2;2;0;7;0;0;1;0;0;0;0;0;356498,834999999962747;5709695,877299999818206;6,931627141000035;51,520129279000059;1
30855;5230320701110189480;5;5;62;32;2023;3;13;2;2;5;3;0;0;1;1;0;0;0;0;377460,702399999834597;5720554,388399999588728;7,229808286000036;51,622655239000039;1
30858;5230320607100832321;5;3;82;60;2023;3;15;2;3;2;6;0;0;1;1;0;0;0;0;373838,885300000198185;5629395,016100000590086;7,209584545000041;50,802541943000051;1
30859;5230320606700080433;5;3;78;32;2023;3;12;2;3;5;3;0;0;1;1;0;0;0;0;378562,445000000298023;5662752,736999999731779;7,265457545000061;51,103386236000063;1
30870;5230320601700990934;5;3;16;0;2023;3;11;2;3;5;2;0;0;1;1;0;0;0;0;361365,836000000126660;5655460,378200000151992;7,022773850000021;51,033949093000047;1
30871;5230320601200999870;5;3;15;0;2023;3;17;2;3;0;1;0;0;1;0;0;0;0;0;353478,133600000292063;5643040,416400000452995;6,915361303000054;50,920379480000065;1
30874;5230320600140086348;5;3;14;0;2023;3;13;2;3;5;3;0;0;1;1;0;0;0;0;367044,554800000041723;5624882,667300000786781;7,114849121000020;50,760465921000048;1
30876;5230320518200579226;5;1;70;24;2023;3;11;2;3;5;3;0;1;1;1;0;0;0;0;335112,554999999701977;5701233,941999999806285;6,627589140000055;51,438269657000035;1
30877;5230320518120673904;5;1;70;44;2023;3;12;2;2;5;3;0;0;1;1;0;0;0;0;338393,627000000327826;5718704,144999999552965;6,666744831000074;51,596172037000031;1
30880;5230320515211096750;5;1;54;56;2023;3;19;2;2;0;3;2;1;1;1;0;0;0;0;310938,085199999623001;5727739,894700000062585;6,265916213000025;51,668781378000062;1
30888;5230320502400985336;5;1;17;0;2023;3;20;2;3;6;7;2;1;1;0;1;0;0;0;349483,686300000175834;5701655,772800000384450;6,834016128000030;51,446060726000042;1
30889;5230320502318480941;5;1;13;0;2023;3;17;2;3;0;7;0;1;1;0;0;0;0;0;354220,139499999582767;5705372,803799999877810;6,900592769000070;51,480700028000058;1
30890;5230320502111985404;5;1;13;0;2023;3;8;2;3;0;3;0;0;1;1;0;0;0;0;363364,910000000149012;5700893,296000000089407;7,033933437000030;51,442728007000028;1
30905;5230320307000999560;5;9;62;40;2023;3;13;2;3;5;3;0;0;1;1;0;0;0;0;415666,521200000308454;5699674,425499999895692;7,786563326000021;51,441975062000040;1
30908;5230320303100094307;5;9;15;0;2023;3;20;2;3;3;6;2;1;1;1;0;0;0;0;420004,876000000163913;5722050,605000000447035;7,843885141000044;51,643762657000082;1
30912;5230320301102580986;5;9;13;0;2023;3;20;2;3;0;7;2;1;1;0;0;0;0;0;395929,327200000174344;5705879,881500000134110;7,500840902000050;51,494471460000057;1
30914;5230320300500572047;5;9;11;0;2023;3;15;2;2;5;3;0;0;1;1;0;0;0;0;383109,328999999910593;5703748,051000000908971;7,316952944000036;51,472805589000075;1
30915;5230320300100491817;5;9;11;0;2023;3;19;2;3;0;6;2;1;1;1;0;0;0;0;376089,053100000135601;5704510,234099999070168;7,215655581000021;51,478161720000060;1
30918;5230319709300990956;5;5;66;52;2023;3;2;1;2;0;1;2;0;1;0;0;0;0;0;377677,010999999940395;5778782,023000000044703;7,212286785000060;52,145982781000043;1
30922;5230319705000196108;5;5;54;64;2023;3;20;1;3;8;1;2;0;1;0;0;0;0;0;357364,779400000348687;5750838,064500000327826;6,927267550000067;51,890034650000075;1
30929;5230319608332889850;5;3;34;32;2023;3;3;1;3;0;1;2;0;1;0;0;0;0;0;303651,402999999932945;5626269,539000000804663;6,216218981000054;50,754942833000030;1
30934;5230319601300781880;5;3;15;0;2023;3;10;1;3;5;2;0;0;1;1;0;0;0;0;353379,548000000417233;5645782,282999999821186;6,912856665000049;50,944994593000047;1
30937;5230320508000688400;5;1;19;0;2023;3;17;2;3;5;2;0;1;1;1;0;0;0;0;353175,588399999774992;5708724,427799999713898;6,884166473000050;51,510546223000063;1
30939;5230319513130095622;5;1;62;22;2023;3;3;1;3;0;7;2;1;1;0;0;0;0;0;335760,644100000150502;5682123,621200000867248;6,645726191000051;51,266764498000043;1
30945;5230319502249578388;5;1;13;0;2023;3;16;1;3;0;1;0;1;1;0;0;0;0;0;356187,268000000156462;5691877,975999999791384;6,934377587000029;51,359939250000082;1
30952;5230319406110795700;5;7;58;12;2023;3;14;1;3;0;7;0;0;1;0;0;0;0;0;477424,025100000202656;5774046,448300000280142;8,670289475000061;52,116494398000043;1
30954;5230319400100504098;5;7;11;0;2023;3;19;1;3;7;1;2;0;1;0;0;0;0;0;467541,662899999879301;5763655,261800000444055;8,526955422000071;52,022580113000060;1
30959;5230319315230990945;5;9;70;28;2023;3;13;1;3;0;1;0;0;1;0;0;0;0;0;449704,290000000037253;5642352,689200000837445;8,284289642000033;50,930612613000051;1
30970;5230318709300172438;5;5;66;84;2023;3;13;7;3;6;1;0;0;1;0;1;0;0;0;390283,712500000372529;5775138,055099999532104;7,397622895000040;52,115881755000032;1
30980;5230318701110486117;5;5;62;32;2023;3;18;7;3;5;3;0;1;1;1;0;0;0;0;375598,825899999588728;5719698,881999999284744;7,203229668000063;51,614558213000066;1
30984;5230318608332989904;5;3;34;32;2023;3;14;7;3;5;3;0;0;1;1;0;0;0;0;309750,678999999538064;5628170,054999999701977;6,301606559000049;50,774046056000032;1
30985;5230318608328733336;5;3;34;28;2023;3;18;7;2;3;6;1;0;1;0;0;1;0;0;314402,231999999843538;5609408,204099999740720;6,376929064000024;50,607005701000048;1
31003;5230318601500574353;5;3;15;0;2023;3;16;7;2;0;1;0;1;1;0;0;0;0;0;360627,991100000217557;5648956,521900000050664;7,014754642000071;50,975319929000079;1
31004;5230318601400993521;5;3;15;0;2023;3;16;7;3;0;1;0;0;1;0;0;0;0;0;356626,895999999716878;5655004,640000000596046;6,955411798000057;51,028690804000064;1
31008;5230318601100074323;5;3;15;0;2023;3;17;7;3;6;4;0;0;1;0;1;0;0;0;355878,798000000417233;5644653,279999999329448;6,948855550000076;50,935478648000071;1
31011;5230318515212096092;5;1;54;32;2023;3;14;7;3;0;7;0;0;1;1;0;0;0;0;310019,462399999611080;5717957,250099999830127;6,257953357000076;51,580611570000030;1
31012;5230318515110091716;5;1;54;36;2023;3;20;7;2;0;1;2;0;1;0;0;0;0;0;304568,992899999953806;5740137,221400000154972;6,166974346000075;51,777935646000060;1
31014;5230318513310990958;5;1;62;8;2023;3;21;7;2;5;2;2;0;1;1;0;0;0;0;333451,171799999661744;5664159,777100000530481;6,620979766000062;51,104699514000060;1
31016;5230318506100091440;5;1;16;0;2023;3;9;7;3;0;2;0;0;1;1;0;0;0;0;318969,451200000010431;5674828,207900000736117;6,408972106000022;51,196145331000082;1
31017;5230318505200072050;5;1;14;0;2023;3;11;7;3;0;1;0;0;1;0;0;0;0;0;335234,214999999850988;5692367,653400000184774;6,633454377000021;51,358648594000044;1
31018;5230318502407995108;5;1;17;0;2023;3;11;7;3;4;7;0;0;1;0;0;0;0;0;351765,757100000046194;5698349,096000000834465;6,868215177000025;51,416950154000062;1
31023;5230318501323082182;5;1;12;0;2023;3;13;7;3;4;2;0;0;1;1;0;0;0;0;344071,770499999634922;5695340,253100000321865;6,758977561000052;51,387851907000027;1
31024;5230318501311191480;5;1;12;0;2023;3;17;7;2;0;3;0;0;1;1;0;0;0;0;344510,264999999664724;5700187,080000000074506;6,763149507000037;51,431521025000052;1
31051;5230318302100093708;5;9;14;0;2023;3;18;7;3;1;7;1;1;1;1;0;0;0;0;392313,966199999675155;5693808,950999999418855;7,452452978000053;51,385294434000059;1
31066;5230317701910089511;5;5;62;8;2023;3;10;6;3;5;2;0;0;1;1;0;0;0;0;384213,862099999561906;5721229,531799999997020;7,327094527000042;51,630153206000045;1
31069;5230317701500565816;5;5;62;24;2023;3;13;6;2;0;1;0;0;1;0;0;0;0;0;370973,801199999637902;5724864,254399999976158;7,134562052000035;51,659937088000049;1
31070;5230317610211254347;5;3;70;4;2023;3;14;6;2;0;7;0;0;1;0;0;0;0;0;318837,007000000216067;5662308,069000000134110;6,413375359000042;51,083633824000060;1
31075;5230317608200325401;5;3;34;2;2023;3;18;6;3;5;3;0;1;1;1;0;0;0;0;295877,313000000081956;5631487,596000000834465;6,103251161000060;50,799126611000077;1
31083;5230317601400386608;5;3;15;0;2023;3;11;6;3;5;3;0;0;1;1;0;0;0;0;352180,387000000104308;5651930,293500000610948;6,893299751000029;50,999937262000060;1
31086;5230317516600575930;5;1;58;4;2023;3;16;6;3;0;1;0;0;1;0;0;0;0;0;353636,772800000384450;5677030,669700000435114;6,903856831000041;51,225869862000081;1
31088;5230317516500078476;5;1;58;16;2023;3;11;6;3;5;2;0;0;1;1;0;0;0;0;355973,975599999539554;5670795,710200000554323;6,939807252000037;51,170434747000058;1
31099;5230317505100795885;5;1;14;0;2023;3;13;6;3;0;6;0;0;1;0;1;0;0;0;330108,272900000214577;5688655,385399999096990;6,561671825000076;51,323788606000051;1
31112;5230317410120096793;5;7;70;32;2023;3;12;6;3;5;3;0;0;1;1;0;0;0;0;492990,560999999754131;5790317,848999999463558;8,897293367000032;52,263201416000072;1
31114;5230317406110878060;5;7;58;12;2023;3;17;6;3;3;5;0;0;1;1;0;0;0;0;477644,337100000120699;5773524,691400000825524;8,673541228000033;52,111812424000050;1
31115;5230317405236990980;5;7;54;36;2023;3;13;6;3;5;3;0;0;1;1;0;0;0;0;476797,844999999739230;5751077,332000000402331;8,662701038000023;51,909958165000035;1
31121;5230317400200990971;5;7;11;0;2023;3;21;6;3;5;2;2;0;1;1;0;0;0;0;470834,166400000452995;5764232,385700000450015;8,574889339000038;52,027951725000037;1
31122;5230317400200072237;5;7;11;0;2023;3;18;6;3;5;7;2;0;1;1;0;0;0;0;469753,667200000025332;5762591,732799999415874;8,559285854000052;52,013143299000035;1
31129;5230317310110785292;5;9;54;16;2023;3;17;6;3;0;7;0;0;1;0;0;0;0;0;372873,463000000454485;5694678,948000000789762;7,172904580000022;51,389092032000065;1
31130;5230317310110673450;5;9;54;16;2023;3;15;6;3;0;1;0;0;1;0;0;0;0;0;373014,565999999642372;5694899,520999999716878;7,174852549000036;51,391105988000049;1
31138;5230317301103180660;5;9;13;0;2023;3;18;6;2;0;7;0;0;1;0;0;0;0;0;391726,210400000214577;5704547,829800000414252;7,440726357000074;51,481709066000064;1
31140;5230317301101485592;5;9;13;0;2023;3;15;6;3;3;6;0;0;1;1;0;0;0;0;393085,928000000305474;5705991,679999999701977;7,459862993000058;51,494945773000040;1
31141;5230317301101110744;5;9;13;0;2023;3;17;6;3;5;2;0;0;1;1;0;0;0;0;392515,444600000046194;5707153,332900000736117;7,451294249000057;51,505279043000030;1
31144;5230316706300296595;5;5;58;24;2023;3;19;5;2;5;3;2;0;1;1;0;0;0;0;388790,447999999858439;5736317,629000000655651;7,388378193000051;51,766686362000030;1
31145;5230316705000491248;5;5;54;48;2023;3;23;5;1;0;1;2;0;1;0;0;0;0;0;338736,657200000248849;5745641,719299999997020;6,659224924000057;51,838275434000082;1
31147;5230316705000291841;5;5;54;40;2023;3;17;5;3;0;7;0;0;1;0;0;0;0;0;350843,508000000379980;5738111,144999999552965;6,838058651000040;51,773979203000067;1
31149;5230316702100595613;5;5;15;0;2023;3;16;5;3;3;6;0;0;1;1;0;0;0;0;403903,695000000298023;5749241,904999999329448;7,603732429000047;51,885655148000069;1
31151;5230316702100079224;5;5;15;0;2023;3;15;5;3;5;2;0;0;1;1;0;0;0;0;406716,100800000131130;5757661,597599999979138;7,642302027000028;51,961813697000082;1
31152;5230316701610791325;5;5;62;12;2023;3;15;5;3;5;2;0;0;1;1;0;0;0;0;359421,036899999715388;5726236,319299999624491;6,967090884000072;51,669495451000046;1
31174;5230316516700376155;5;1;58;8;2023;3;17;5;3;0;7;0;0;1;0;0;0;0;0;360514,368400000035763;5677238,917999999597669;7,002207568000074;51,229463494000072;1
31177;5230316514113696006;5;1;66;32;2023;3;17;5;3;0;1;0;0;1;0;0;0;0;0;316332,891999999992549;5685792,983999999240041;6,365653831000031;51,293796555000029;1
31178;5230316514113091638;5;1;66;32;2023;3;12;5;3;7;1;0;0;1;0;0;0;0;0;316344,799999999813735;5685762,103000000119209;6,365840318000039;51,293523006000044;1
31179;5230317301101287146;5;9;13;0;2023;3;18;6;3;5;2;0;0;1;1;0;0;0;0;393028,371000000275671;5706840,724899999797344;7,458776749000037;51,502566503000025;1
31184;5230316505200318254;5;1;14;0;2023;3;18;5;3;5;3;1;0;1;1;0;0;0;0;330604,523000000044703;5693589,260999999940395;6,566439311000067;51,368261823000068;1
31190;5230316501213268061;5;1;12;0;2023;3;8;5;3;5;3;0;0;1;1;0;0;0;0;340007,497000000439584;5699536,782999999821186;6,698722447000023;51,424424967000050;1
31196;5230316500200669160;5;1;11;0;2023;3;19;5;3;5;2;2;0;1;1;0;0;0;0;346276,496000000275671;5677691,237999999895692;6,798244634000071;51,229870722000044;1
31201;5230316410210387036;5;7;70;20;2023;3;16;5;3;5;3;0;0;1;1;0;0;0;0;473939,371299999766052;5795499,996899999678135;8,617747085000076;52,309217810000064;1
31216;5230316301301255630;5;9;78;24;2023;3;12;5;3;0;7;0;0;1;0;0;0;0;0;396545,079400000162423;5719228,361899999901652;7,505780737000066;51,614568512000062;1
31217;5230316301301073401;5;9;78;24;2023;3;8;5;3;5;3;0;0;1;1;0;0;0;0;397982,377999999560416;5717945,867000000551343;7,526905697000075;51,603303019000066;1
31221;5230315709110055930;5;5;66;12;2023;3;10;4;3;5;3;0;0;1;1;0;0;0;0;405382,076399999670684;5773118,335999999195337;7,618616711000072;52,100518123000029;1
31222;5230315709000276658;5;5;66;28;2023;3;8;4;3;1;2;0;1;1;1;0;0;0;0;412358,354000000283122;5792052,968000000342727;7,715543490000073;52,271859738000046;1
31223;5230315709000142372;5;5;66;12;2023;3;17;4;3;5;2;0;0;1;1;0;0;0;0;403978,341699999757111;5772313,141200000420213;7,598356229000046;52,093039076000082;1
31228;5230315700000473458;5;5;13;0;2023;3;8;4;3;8;1;0;0;1;0;0;0;0;0;365006,722299999557436;5718157,294800000265241;7,050929259000043;51,598264724000046;1
31235;5230320315110299551;5;9;70;40;2023;3;16;2;3;3;2;0;1;1;1;0;0;0;0;431586,665099999867380;5638967,226900000125170;8,027144357000054;50,898308247000045;1
31237;5230315608100775605;5;3;34;2;2023;3;8;4;3;0;3;0;1;1;1;0;0;0;0;292759,198800000362098;5627937,081100000068545;6,061064345000034;50,766132978000030;1
31239;5230315607300532321;5;3;82;52;2023;3;13;4;3;5;3;0;1;1;1;0;0;0;0;389960,781000000424683;5633003,898000000044703;7,437198226000021;50,838270094000052;1
31247;5230315601500290216;5;3;15;0;2023;3;16;4;3;0;1;0;0;1;0;0;0;0;0;359245,709300000220537;5647768,459499999880791;6,995537739000042;50,964306581000073;1
31248;5230315601500278250;5;3;15;0;2023;3;16;4;3;0;1;0;0;1;0;0;0;0;0;357543,821499999612570;5645077,925000000745058;6,972370316000024;50,939708611000071;1
31249;5230315601400869775;5;3;15;0;2023;3;11;4;3;5;3;0;0;1;0;0;0;0;1;351364,796199999749660;5658552,596300000324845;6,878968960000066;51,059237127000074;1
31251;5230315600110778244;5;3;14;0;2023;3;17;4;3;3;6;0;0;1;1;0;0;0;0;365748,685700000263751;5622348,470599999651313;7,097409760000062;50,737390395000034;1
31252;5230315600110295272;5;3;14;0;2023;3;5;4;3;5;3;1;1;1;1;0;0;0;0;364713,719299999997020;5623511,128100000321865;7,082324174000064;50,747600025000054;1
31260;5230315515210590978;5;1;54;12;2023;3;11;4;3;5;2;0;0;1;1;0;0;0;0;314918,169700000435114;5707840,903799999505281;6,333891867000034;51,491377198000066;1
31267;5230315506100241660;5;1;16;0;2023;3;11;4;3;6;4;0;0;1;1;1;0;0;0;321176,675900000147521;5671241,163000000640750;6,442314281000051;51,164616993000038;1
31268;5230315506100091593;5;1;16;0;2023;3;15;4;3;5;3;0;0;1;1;0;0;0;0;321647,701200000010431;5669061,984600000083447;6,450124046000042;51,145187723000049;1
31280;5230315405228991004;5;7;54;32;2023;3;7;4;3;0;1;0;1;1;0;0;0;0;0;461018,234799999743700;5740287,756699999794364;8,434533716000033;51,812071107000065;1
31281;5230315405108957428;5;7;54;8;2023;3;6;4;3;5;3;0;1;1;1;0;0;0;0;456794,093600000254810;5752230,370300000533462;8,371768395000061;51,919132101000059;1
31283;5230315404102572224;5;7;66;40;2023;3;8;4;3;5;3;0;0;1;1;0;0;0;0;486289,740000000223517;5760358,420099999755621;8,800316980000048;51,993718758000057;1
31291;5230315400100391246;5;7;11;0;2023;3;20;4;3;2;3;2;0;1;1;0;0;0;0;469204,832000000402331;5766790,445000000298023;8,550911104000022;52,050862195000036;1
31293;5230315316200119036;5;9;74;48;2023;3;17;4;2;9;3;0;0;1;1;0;0;0;0;427154,010999999940395;5718300,997999999672174;7,947967040000037;51,611025272000063;1
31303;5230315301301755630;5;9;78;24;2023;3;8;4;3;0;7;0;0;1;1;0;0;0;0;398296,260999999940395;5719674,122600000351667;7,530934978000062;51,618894392000072;1
31304;5230315301203073382;5;9;13;0;2023;3;14;4;2;0;2;0;0;1;1;0;0;0;0;394295,396800000220537;5713059,114499999210238;7,475158216000068;51,558698877000040;1
31305;5230315300200393911;5;9;11;0;2023;3;18;4;3;2;5;0;0;1;1;0;0;0;0;370953,277200000360608;5704856,930299999192357;7,141613632000031;51,480129212000065;1
31306;5230315300000569014;5;9;11;0;2023;3;15;4;2;0;5;0;0;1;1;0;0;0;1;376666,428199999965727;5700961,339299999177456;7,225203604000058;51,446392332000073;1
31307;5230314711200185563;5;5;70;4;2023;3;7;3;3;5;3;0;1;1;1;0;0;0;0;422760,436999999918044;5735236,551799999549985;7,880779785000072;51,762685652000073;1