OID_;UIDENTSTLAE;ULAND;UREGBEZ;UKREIS;UGEMEINDE;UJAHR;UMONAT;USTUNDE;UWOCHENTAG;UKATEGORIE;UART;UTYP1;ULICHTVERH;IstStrassenzustand;IstRad;IstPKW;IstFuss;IstKrad;IstGkfz;IstSonstige;LINREFX;LINREFY;XGCSWGS84;YGCSWGS84;PLST
31310;5230314705000497147;5;5;54;8;2023;3;17;3;3;7;1;0;0;1;0;0;0;0;0;338076,984000000171363;5745611,708000000566244;6,649672336000037;51,837814961000049;1
31312;5230314702100514076;5;5;15;0;2023;3;16;3;3;5;3;0;0;1;1;0;0;0;0;407834,638299999758601;5759155,691400000825524;7,658175804000052;51,975429968000071;1
31313;5230314701400295006;5;5;12;0;2023;3;7;3;3;5;3;1;1;1;1;0;0;0;0;356238,713000000454485;5719988,778000000864267;6,923670185000049;51,612552343000061;1
31314;5230314701200698915;5;5;62;20;2023;3;7;3;3;5;3;0;1;1;0;0;0;0;1;369239,420699999667704;5719218,267300000414252;7,111610229000064;51,608797867000078;1
31315;5230314701110298894;5;5;62;32;2023;3;7;3;2;0;6;0;1;1;0;0;0;0;0;374927,962100000120699;5719511,963899999856949;7,193612019000057;51,612729714000068;1
31318;5230314608416275605;5;3;34;16;2023;3;6;3;3;4;2;1;1;1;1;0;0;0;0;294235,203099999576807;5635158,015200000256300;6,077921843000070;50,831510339000033;1
31323;5230315608100094792;5;3;34;2;2023;3;15;4;3;0;1;0;0;1;1;0;0;0;0;292664,531999999657273;5628303,981399999931455;6,059517007000068;50,769394296000030;1
31325;5230314606400232362;5;3;78;28;2023;3;10;3;3;0;1;0;0;1;0;0;0;0;1;373324,567200000397861;5642652,861500000581145;7,197699851000039;50,921594845000072;1
31326;5230314606100081204;5;3;78;4;2023;3;10;3;3;0;3;0;1;1;1;0;0;0;0;368323,093000000342727;5650338,685000000521541;7,123799879000046;50,989553373000035;1
31334;5230314600140573825;5;3;14;0;2023;3;6;3;3;5;2;2;1;1;1;0;0;0;0;367182,583999999798834;5622515,176999999210238;7,117658913000071;50,739218462000053;1
31342;5230314508000740591;5;1;19;0;2023;3;20;3;3;5;3;2;0;1;1;0;0;0;0;352655,400000000372529;5711603,660000000149012;6,875471655000069;51,536282182000036;1
31349;5230314501314991018;5;1;12;0;2023;3;9;3;3;3;2;0;1;1;1;0;0;0;0;346728,121000000275671;5701488,467000000178814;6,794466303000036;51,443818439000040;1
31350;5230314501215572028;5;1;12;0;2023;3;11;3;3;1;7;0;1;1;1;0;0;0;0;337167,919999999925494;5697040,689999999478459;6,659061489000067;51,401190570000040;1
31352;5230314501115991008;5;1;12;0;2023;3;23;3;3;2;1;2;0;1;1;0;0;0;0;344719,904500000178814;5707688,742000000551343;6,762867827000036;51,498980428000039;1
31360;5230315515000540482;5;1;54;36;2023;3;7;4;3;5;3;0;1;1;1;0;0;0;0;304387,595800000242889;5742693,374500000849366;6,162907259000065;51,800827196000057;1
31367;5230315709110174686;5;5;66;12;2023;3;14;4;3;5;3;0;0;1;1;0;0;0;0;402062,565000000409782;5772744,487999999895692;7,570276701000068;52,096580284000026;1
31373;5230314400100020670;5;7;11;0;2023;3;12;3;2;5;3;0;1;1;1;0;0;0;0;469255,774799999780953;5767505,183199999853969;8,551589655000043;52,057290948000059;1
31376;5230317706000696616;5;5;58;20;2023;3;15;6;3;5;2;0;0;1;1;0;0;0;0;397129,367499999701977;5758721,868799999356270;7,502503647000026;51,969652245000077;1
31378;5230314313121889351;5;9;58;32;2023;3;6;3;3;1;7;0;1;1;1;0;0;0;1;449840,445600000210106;5688650,443299999460578;8,279778650000026;51,346914471000048;1
31379;5230314303100085000;5;9;15;0;2023;3;14;3;3;4;2;0;1;1;1;0;0;0;0;418953,751400000415742;5725012,201899999752641;7,828010737000056;51,670235724000065;1
31384;5230314301101485592;5;9;13;0;2023;3;10;3;3;5;3;0;1;1;1;0;0;0;0;394961,593000000342727;5706651,065700000151992;7,486676109000030;51,501224342000057;1
31385;5230313711400387314;5;5;70;28;2023;3;8;2;3;4;6;0;0;1;0;0;0;0;0;441091,081299999728799;5742387,731599999591708;8,145143651000069;51,829205393000052;1
31389;5230313705000991031;5;5;54;8;2023;3;17;2;3;5;2;0;0;1;1;0;0;0;0;334943,967699999921024;5745873,257500000298023;6,604114041000059;51,839247471000078;1
31403;5230313609224194896;5;3;58;24;2023;3;15;2;3;6;4;0;0;1;0;1;0;0;0;314725,325100000016391;5644660,449699999764562;6,363741666000067;50,923793404000037;1
31411;5230313602900326157;5;3;62;40;2023;3;18;2;3;5;3;0;0;1;1;0;0;0;0;358412,860399999655783;5630264,277499999850988;6,990466801000025;50,806790271000068;1
31423;5230313518100390435;5;1;70;48;2023;3;16;2;3;5;2;0;0;1;1;0;0;0;0;335727,612999999895692;5727371,078999999910593;6,624221692000049;51,673262934000036;1
31425;5230318601600295410;5;3;15;0;2023;3;16;7;3;5;3;0;0;1;1;0;0;0;0;360434,283400000073016;5645005,677699999883771;7,013512257000059;50,939766180000049;1
31428;5230313515210081473;5;1;54;28;2023;3;8;2;3;5;3;0;1;1;1;0;0;0;0;321084,962199999950826;5701405,547199999913573;6,425882906000027;51,435555195000063;1
31450;5230313406210487116;5;7;58;4;2023;3;17;2;3;5;3;0;0;1;1;0;0;0;0;471453,070399999618530;5783718,088700000196695;8,582275740000057;52,203170976000081;1
31453;5230313400200276174;5;7;11;0;2023;3;16;2;3;3;2;0;0;1;1;0;0;0;0;473315,148000000044703;5760258,111400000751019;8,611359959000026;51,992344994000064;1
31455;5230313400100076066;5;7;11;0;2023;3;6;2;3;3;5;0;0;1;1;0;0;0;0;468677,861800000071526;5765132,505599999800324;8,543378435000022;52,035926780000068;1
31456;5230313317240156218;5;9;78;40;2023;3;15;2;3;1;6;0;0;1;1;0;0;0;0;409639,349200000055134;5725500,583100000396371;7,693226984000034;51,673204904000045;1
31457;5230313317110277916;5;9;78;36;2023;3;7;2;3;6;6;1;1;1;0;1;0;0;0;411345,303199999965727;5708608,818900000303984;7,722160467000037;51,521631069000080;1
31466;5230313301202482391;5;9;13;0;2023;3;14;2;3;5;7;0;0;1;1;0;0;0;0;393202,486600000411272;5709353,938699999824166;7,460522943000058;51,525189352000041;1
31470;5230313300600078310;5;9;16;0;2023;3;13;2;3;5;3;0;0;1;1;0;0;0;0;373888,946600000374019;5712195,937000000849366;7,181241186000022;51,546748320000063;1
31476;5230312709500990641;5;5;66;60;2023;3;18;1;3;0;7;1;0;1;0;0;0;0;0;388243,696499999612570;5788647,153500000014901;7,363391178000029;52,236879837000060;1
31494;5230312518200195061;5;1;70;24;2023;3;16;1;3;0;1;0;0;1;0;0;0;0;0;337679,958100000396371;5700819,586699999868870;6,664685792000057;51,435288374000038;1
31509;5230312410220797000;5;7;70;8;2023;3;14;1;3;9;1;0;1;1;0;0;0;0;0;474265,535199999809265;5802740,407600000500679;8,621976380000035;52,374326217000032;1
31520;5230311705000791000;5;5;54;56;2023;3;17;7;3;5;3;0;1;1;0;0;0;0;1;355463,416000000201166;5762351,580000000074506;6,894818478000047;51,992993715000068;1
31523;5230311702100148540;5;5;15;0;2023;3;16;7;2;5;3;0;0;1;1;0;0;0;0;402103,890300000086427;5749723,143100000917912;7,577453534000028;51,889667546000055;1
31524;5230311701610895208;5;5;62;12;2023;3;23;7;3;0;7;2;0;1;0;0;0;0;0;361717,311999999918044;5736282,518699999898672;6,996288302000039;51,760339494000050;1
31525;5230311701500300575;5;5;62;24;2023;3;13;7;2;5;2;0;0;1;1;0;0;0;0;370284,712500000372529;5727004,664499999955297;7,123810333000051;51,679013573000077;1
31528;5230311701200687636;5;5;62;20;2023;3;9;7;2;5;3;0;1;1;1;0;0;0;0;371500,292999999597669;5719802,575799999758601;7,144027993000066;51,614569467000081;1
31529;5230311701110167338;5;5;62;32;2023;3;22;7;3;0;1;2;0;1;0;0;0;0;0;379529,651399999856949;5719422,106799999251962;7,260070462000044;51,612925678000067;1
31531;5230319513130095621;5;1;62;22;2023;3;0;1;3;0;7;2;1;1;0;0;0;0;0;333975,758000000379980;5683009,982000000774860;6,619752848000076;51,274210757000048;1
31532;5230311609108065670;5;3;58;8;2023;3;15;7;3;1;1;0;0;1;1;0;0;0;0;322213,131099999882281;5630983,183599999174476;6,476817043000040;50,803273240000067;1
31533;5230311608100133491;5;3;34;2;2023;3;15;7;3;5;2;0;0;1;1;0;0;0;0;292393,095700000412762;5628258,698899999260902;6,055698401000029;50,768890556000031;1
31540;5230311603236794758;5;3;66;36;2023;3;17;7;3;4;6;0;1;1;1;0;0;0;0;323076,518000000156462;5605141,551000000908971;6,501427190000072;50,571366360000070;1
31555;5230311515210055084;5;1;54;60;2023;3;10;7;3;7;1;0;0;1;0;0;0;0;0;315623,385200000368059;5700312,797199999913573;6,347963023000034;51,423989076000055;1
31582;5230311405108090800;5;7;54;8;2023;3;18;7;3;5;3;1;0;1;1;0;0;0;0;457320,412200000137091;5751422,540699999779463;8,379520915000057;51,911909853000054;1
31602;5230310702100774638;5;5;15;0;2023;3;21;6;3;0;2;2;1;1;1;0;0;0;0;406393,701299999840558;5756344,586400000378489;7,637969917000021;51,949921577000055;1
31604;5230310702100474736;5;5;15;0;2023;3;14;6;3;5;2;0;1;1;1;0;0;0;0;402788,406600000336766;5753925,134700000286102;7,586211445000060;51,927556365000044;1
31605;5230310702100439883;5;5;15;0;2023;3;17;6;2;5;2;1;1;1;1;0;0;0;0;406900,871000000275671;5755808,174599999561906;7,645492600000068;51,945185149000054;1
31612;5230310700000195157;5;5;13;0;2023;3;14;6;3;6;7;0;1;1;0;1;0;0;0;364885,024400000460446;5718949,913599999621511;7,048867897000036;51,605358298000056;1
31615;5230310609220789816;5;3;58;20;2023;3;14;6;3;0;3;0;1;1;1;0;0;0;0;313733,990899999625981;5636334,273900000378489;6,353895556000055;50,848679685000036;1
31623;5230310608200971773;5;3;34;2;2023;3;13;6;3;0;3;0;1;1;1;0;0;0;0;297484,448200000450015;5627849,413899999111891;6,128031692000036;50,767013982000037;1
31625;5230310608100333491;5;3;34;2;2023;3;14;6;3;5;2;0;1;1;1;0;0;0;0;294293,302699999883771;5628165,613600000739098;6,082661910000070;50,768731339000055;1
31630;5230310606100081204;5;3;78;4;2023;3;9;6;3;5;2;0;0;1;1;0;0;0;0;367549,751699999906123;5647164,886700000613928;7,113943496000047;50,960850920000041;1
31642;5230311514120591300;5;1;66;16;2023;3;15;7;3;2;2;0;0;1;0;0;0;0;1;310605,779600000008941;5690501,260500000789762;6,281106969000064;51,334209979000036;1
31644;5230310601700587486;5;3;16;0;2023;3;18;6;2;5;3;2;1;1;1;0;0;0;0;359896,144000000320375;5659551,026000000536442;7,000243169000044;51,070355092000057;1
31648;5230316405108482102;5;7;54;8;2023;3;15;5;3;5;2;0;0;1;1;0;0;0;0;456836,301599999889731;5750065,243000000715256;8,372653363000040;51,899669672000073;1
31651;5230310601200169752;5;3;15;0;2023;3;8;6;3;0;6;0;0;1;1;0;0;0;0;356133,070600000210106;5637811,130300000309944;6,955168419000074;50,874052368000036;1
31653;5230310518120944467;5;1;70;44;2023;3;16;6;3;5;3;0;1;1;1;0;0;0;0;339623,066100000403821;5718605,087500000372529;6,684524951000071;51,595633427000053;1
31667;5230310501121991080;5;1;12;0;2023;3;13;6;3;0;3;0;1;1;1;0;0;0;0;342188,125699999742210;5707224,182399999350309;6,726630686000021;51,494105415000035;1
31671;5230310411220274550;5;7;74;20;2023;3;11;6;2;5;2;0;1;1;1;0;0;0;0;463364,710699999704957;5734044,849600000306964;8,469228984000040;51,756100461000074;1
31675;5230313709700161974;5;5;66;28;2023;3;10;2;3;0;1;0;1;1;0;0;0;0;0;411900,865799999795854;5792258,605399999767542;7,708786773000043;52,273634947000062;1
31681;5230310406110991074;5;7;58;12;2023;3;16;6;3;5;3;0;1;1;1;0;0;0;0;475247,061999999918044;5774792,849300000816584;8,638442408000060;52,123111807000043;1
31692;5230310316100780574;5;9;74;8;2023;3;19;6;3;1;5;2;2;1;1;0;0;0;0;442252,232900000177324;5719055,936300000175834;8,165861185000040;51,619563911000057;1
31698;5230310303100994431;5;9;15;0;2023;3;15;6;3;5;2;0;1;1;1;0;0;0;0;416885,550999999977648;5723394,273000000044703;7,798494816000073;51,655389177000075;1
31707;5230309709700047180;5;5;66;72;2023;3;16;5;2;5;3;0;1;1;1;0;0;0;0;412774,533300000242889;5802522,725400000810623;7,718926316000022;52,366030454000054;1
31709;5230309709500990640;5;5;66;60;2023;3;20;5;3;0;7;2;0;1;0;0;0;0;0;388289,065999999642372;5788705,004000000655651;7,364036175000024;52,237408943000048;1
31710;5230318601200273795;5;3;15;0;2023;3;14;7;3;8;1;0;0;1;0;0;0;0;0;353700,531000000424683;5642532,935900000855327;6,918726761000073;50,915875341000060;1
31713;5230310711200991080;5;5;70;4;2023;3;14;6;3;5;3;0;1;1;1;0;0;0;0;422718,456899999640882;5734821,089700000360608;7,880264009000030;51,758945018000077;1
31715;5230309706200681438;5;5;58;8;2023;3;16;5;3;5;3;0;1;1;1;0;0;0;0;382249,843999999575317;5759619,287000000476837;7,285691512000028;51,974764482000069;1
31720;5230309705000079122;5;5;54;12;2023;3;17;5;3;0;3;0;1;1;1;0;0;0;0;352493,329199999570847;5745516,511099999770522;6,858802098000069;51,840953446000071;1
31737;5230313514210486826;5;1;66;12;2023;3;7;2;3;0;3;0;0;1;1;0;0;0;0;320077,556699999608099;5693596,525699999183416;6,415364102000069;51,365090016000067;1
31746;5230309600310991093;5;3;14;0;2023;3;17;5;3;5;3;1;0;1;1;0;0;0;0;363780,700699999928474;5617522,791400000452995;7,071317953000062;50,693559715000049;1
31752;5230309514110594918;5;1;66;32;2023;3;15;5;3;5;2;0;0;1;1;0;0;0;0;317510,098100000061095;5681463,923599999397993;6,384729775000039;51,255288394000047;1
31755;5230309506100491534;5;1;16;0;2023;3;6;5;3;5;3;2;1;1;1;0;0;0;0;320878,130800000391901;5672113,712999999523163;6,437614199000052;51,172361924000029;1
31760;5230309503100786892;5;1;24;0;2023;3;20;5;3;5;3;2;1;1;1;0;0;0;0;371387,827999999746680;5680097,788000000640750;7,156826409000075;51,257711577000066;1
31764;5230309502134395121;5;1;13;0;2023;3;14;5;3;4;3;0;1;1;1;0;0;0;0;368545,398599999956787;5702224,867799999192357;7,107937147000030;51,455920756000069;1
31785;5230309400100803831;5;7;11;0;2023;3;16;5;3;5;3;1;0;1;1;0;0;0;0;469298,577300000004470;5765267,837400000542402;8,552414921000036;52,037178215000040;1
31801;5230309301202080620;5;9;13;0;2023;3;16;5;3;3;2;0;1;1;1;0;0;0;0;394136,921600000001490;5709381,542700000107288;7,473979286000031;51,525613417000045;1
31802;5230308711200491793;5;5;70;4;2023;3;9;4;3;0;2;0;1;1;1;0;0;0;0;423844,480999999679625;5734551,040899999439716;7,896634914000060;51,756671634000043;1
31803;5230308711200385563;5;5;70;4;2023;3;9;4;3;5;2;0;1;1;1;0;0;0;0;422755,054999999701977;5735235,551000000908971;7,880702037000049;51,762675913000066;1
31806;5230308709700991118;5;5;66;28;2023;3;7;4;3;0;3;0;1;1;1;0;0;0;0;413345,606399999931455;5792459,587999999523163;7,729904091000037;52,275671052000064;1
31808;5230308709110896547;5;5;66;12;2023;3;7;4;2;5;3;0;0;1;1;0;0;0;0;405394,151399999856949;5773110,964400000870228;7,618794993000051;52,100453930000072;1
31813;5230308705000176737;5;5;54;68;2023;3;19;4;3;5;3;2;1;1;0;0;0;0;0;349211,447700000368059;5765500,471400000154972;6,802443297000025;52,019622301000027;1
31847;5230308601700386610;5;3;16;0;2023;3;8;4;3;5;3;0;1;1;1;0;0;0;0;360653,321000000461936;5660067,716299999505281;7,010844524000049;51,075182900000073;1
31849;5230308600380991116;5;3;14;0;2023;3;7;4;3;5;2;0;2;1;1;0;0;0;0;368324,132299999706447;5618478,423299999907613;7,135269189000041;50,703195438000080;1
31856;5230308518100090483;5;1;70;48;2023;3;19;4;3;0;7;2;1;1;1;0;0;0;0;334693,913300000131130;5726400,485099999234080;6,609745057000055;51,664240271000040;1
31862;5230308515111091854;5;1;54;8;2023;3;16;4;2;5;2;0;1;1;1;0;0;0;0;313969,685999999754131;5745236,692999999970198;6,300346321000063;51,826938779000045;1
31864;5230308514124085837;5;1;66;20;2023;3;7;4;2;5;3;0;1;1;1;0;0;0;0;302350,954099999740720;5677262,762299999594688;6,170074464000038;51,212505072000056;1
31873;5230308506100197864;5;1;16;0;2023;3;7;4;3;5;2;1;2;1;1;0;0;0;0;322176,047299999743700;5671823,725400000810623;6,456304970000076;51,170161880000080;1
31874;5230308505200585887;5;1;14;0;2023;3;15;4;2;3;2;0;1;1;1;0;0;0;0;330565,110999999567866;5690468,426000000908971;6,567359838000073;51,340212997000037;1
31883;5230308502209096220;5;1;13;0;2023;3;9;4;3;2;1;0;2;1;1;0;0;0;0;359632,227900000289083;5700277,352299999445677;6,980502813000044;51,436280268000075;1
31887;5230308501311082260;5;1;12;0;2023;3;8;4;3;6;7;0;2;1;0;1;0;0;0;343904,188900000415742;5700385,038200000301003;6,754350533000036;51,433133033000047;1
31904;5230308316300991094;5;9;74;28;2023;3;21;4;3;5;3;2;1;1;1;0;0;0;0;456068,176500000059605;5723371,599600000306964;8,364868763000061;51,659613994000040;1
31906;5230318606100395288;5;3;78;20;2023;3;14;7;3;3;2;0;1;1;1;0;0;0;0;367556,865000000223517;5655023,210000000894070;7,111178673000040;51,031480199000043;1
31925;5230307711200581147;5;5;70;4;2023;3;12;3;3;5;3;0;1;1;1;0;0;0;0;425545,019000000320375;5735177,411000000312924;7,921133875000066;51,762531194000076;1
31926;5230307711100581021;5;5;70;44;2023;3;11;3;3;5;3;0;1;1;1;0;0;0;0;416750,516999999992549;5759828,813999999314547;7,787784582000029;51,982887910000045;1
31930;5230307705000547428;5;5;54;4;2023;3;21;3;3;5;3;2;1;1;1;0;0;0;0;361716,740000000223517;5773035,333200000226498;6,981514787000037;52,090582858000062;1
31936;5230307701500550783;5;5;62;24;2023;3;7;3;3;5;2;0;1;1;0;0;0;0;1;366410,183000000193715;5724600,786000000312924;7,068722443000070;51,656503281000028;1
31945;5230307609144571767;5;3;58;44;2023;3;18;3;3;5;3;1;1;1;1;0;0;0;0;322261,465300000272691;5618654,656700000166893;6,483451027000058;50,692526264000037;1
31972;5230307601400399122;5;3;15;0;2023;3;11;3;3;1;5;0;1;1;0;0;0;0;1;356351,470399999991059;5647444,155899999663234;6,954477132000022;50,960677753000027;1
31974;5230307601200699870;5;3;15;0;2023;3;15;3;3;0;7;0;1;1;0;0;0;0;0;353843,980999999679625;5642329,969000000506639;6,920847370000047;50,914087685000027;1
31982;5230307514118089770;5;1;66;16;2023;3;7;3;3;5;3;0;1;1;1;0;0;0;0;309676,834800000302494;5687324,064300000667572;6,269483589000060;51,305362964000039;1
31995;5230307501113991135;5;1;12;0;2023;3;14;3;2;5;5;0;1;1;1;0;0;0;0;345635,072999999858439;5706944,366000000387430;6,776367624000045;51,492542890000038;1
32004;5230410514219085973;5;1;66;36;2023;4;17;2;3;5;3;0;0;1;1;0;0;0;0;327704,532200000248849;5678548,025800000876188;6,532079981000038;51,232264100000066;1
32006;5230410505100779395;5;1;14;0;2023;4;12;2;3;0;1;0;0;1;0;0;0;0;0;336970,907999999821186;5690474,120799999684095;6,659243629000059;51,342137264000030;1
32030;5230409705000489750;5;5;54;4;2023;4;21;1;3;3;6;2;0;1;0;0;0;0;0;362499,550999999977648;5772713,954099999740720;6,993063278000022;52,087890204000075;1
32031;5230409705000091248;5;5;54;8;2023;4;17;1;3;5;2;0;0;1;1;0;0;0;0;333846,163999999873340;5745558,598999999463558;6,588345062000030;51,836095300000068;1
32034;5230409701400114020;5;5;12;0;2023;4;22;1;3;5;3;2;0;1;0;0;1;0;0;358353,718200000002980;5711145,066400000825524;6,957761615000038;51,533619842000064;1
32042;5230409601600293425;5;3;15;0;2023;4;11;1;2;0;3;0;0;1;1;0;0;0;0;365158,264600000344217;5636094,779899999499321;7,084000129000060;50,860802574000047;1
32050;5230409506100091173;5;1;16;0;2023;4;11;1;3;0;7;0;0;1;0;0;0;0;0;316144,367800000123680;5669491,298100000247359;6,371311912000067;51,147303267000041;1
32055;5230409502103795058;5;1;13;0;2023;4;17;1;3;5;3;0;0;1;1;0;0;0;0;361622,705900000408292;5703778,214500000700355;7,007752084000060;51,468229969000049;1
32060;5230409411132474480;5;7;74;32;2023;4;13;1;3;5;3;0;0;1;1;0;0;0;0;479989,165000000037253;5727984,512000000104308;8,710427283000058;51,702451172000053;1
32062;5230409404101072250;5;7;66;20;2023;4;17;1;2;0;1;0;0;1;0;0;0;0;0;490982,127700000070035;5746017,946799999102950;8,869034837000072;51,864878968000028;1
32074;5230409301203485410;5;9;13;0;2023;4;18;1;3;0;1;0;0;1;0;0;0;0;0;393160,888700000010431;5715715,199400000274181;7,457991028000038;51,582358972000065;1
32079;5230408711100538624;5;5;70;16;2023;4;14;7;2;5;3;0;0;1;1;0;0;0;0;413572,234000000171363;5741035,000000000000000;7,746228515000041;51,813465849000067;1
32081;5230408706000593452;5;5;58;16;2023;4;20;7;2;0;1;2;0;1;0;0;0;0;0;382155,545099999755621;5742984,007799999788404;7,290006357000038;51,825241727000048;1
32082;5230408706000396611;5;5;58;32;2023;4;11;7;3;5;3;0;0;1;1;0;0;0;0;391440,501000000163913;5751082,126199999824166;7,422134324000069;51,899907005000046;1
32083;5230408705000895988;5;5;54;8;2023;4;15;7;3;3;2;0;0;1;1;0;0;0;0;334500,498100000433624;5745944,339400000870228;6,597648913000057;51,839754783000046;1
32086;5230408700000985657;5;5;13;0;2023;4;11;7;3;5;2;0;0;1;1;0;0;0;0;367662,430499999783933;5713809,119699999690056;7,090888482000025;51,559819602000061;1
32089;5230408608436185696;5;3;34;36;2023;4;14;7;2;8;1;0;0;1;0;0;0;0;0;300723,564500000327826;5634957,155700000002980;6,170050641000046;50,831976103000045;1
32102;5230408515210282162;5;1;54;12;2023;4;14;7;2;5;3;0;0;1;1;0;0;0;0;309981,781999999657273;5707211,888000000268221;6,263207702000045;51,484090580000043;1
32109;5230408501113473984;5;1;12;0;2023;4;16;7;3;3;2;0;0;1;1;0;0;0;0;345276,598000000230968;5707495,244999999180436;6,770966461000057;51,497394517000032;1
32128;5230408301101075400;5;9;13;0;2023;4;14;7;3;1;5;0;0;1;0;0;0;0;0;394958,865799999795854;5708010,134700000286102;7,486231987000053;51,513439931000050;1
32135;5230407601500990262;5;3;15;0;2023;4;9;6;2;0;1;0;1;1;0;0;0;0;0;357554,172699999995530;5644149,576500000432134;6,972880438000061;50,931368133000035;1
32150;5230407310230793832;5;9;54;12;2023;4;20;6;3;3;6;1;1;1;1;0;0;0;0;385537,075000000186265;5688648,460999999195337;7,356765687000063;51,337584418000063;1
32161;5230406709700055930;5;5;66;56;2023;4;17;5;3;5;3;0;0;1;1;0;0;0;0;417213,660400000400841;5796693,004899999126792;7,785543683000071;52,314319156000067;1
32167;5230406702100191750;5;5;15;0;2023;4;14;5;2;5;2;0;0;1;1;0;0;0;0;405875,497200000099838;5753179,128299999982119;7,631298215000072;51,921381443000030;1
32174;5230406608408980840;5;3;34;8;2023;4;16;5;3;5;3;0;1;1;1;0;0;0;0;303165,110899999737740;5644206,743200000375509;6,199700987000028;50,915890872000034;1
32176;5230406608100177575;5;3;34;2;2023;4;7;5;3;5;3;0;0;1;1;0;0;0;0;291856,606399999931455;5628820,242900000885129;6,047782924000046;50,773741526000038;1
32187;5230406601200493631;5;3;15;0;2023;4;16;5;3;0;1;0;1;1;0;0;0;0;0;353476,941800000146031;5643042,811699999496341;6,915343396000026;50,920400703000041;1
32193;5230406514217086051;5;1;66;36;2023;4;5;5;3;0;7;2;0;1;0;0;0;0;0;328649,089200000278652;5682332,446399999782443;6,543784616000039;51,266547149000075;1
32196;5230406508000589646;5;1;19;0;2023;4;9;5;3;0;1;0;0;1;0;0;0;0;0;351171,730100000277162;5709496,583200000226498;6,854985229000022;51,516960114000028;1
32200;5230406503100276450;5;1;24;0;2023;4;18;5;3;0;7;0;1;1;0;0;0;0;1;364433,517500000074506;5676761,268699999898672;7,058485475000055;51,226115290000052;1
32203;5230406502400289567;5;1;17;0;2023;4;11;5;3;0;1;0;0;1;0;0;0;0;0;351534,961000000126660;5695109,713999999687076;6,866254058000038;51,387781863000043;1
32207;5230406501316691404;5;1;12;0;2023;4;17;5;3;3;2;0;1;1;1;0;0;0;0;346349,065000000409782;5698508,853000000119209;6,790308612000047;51,416943493000076;1
32214;5230406500300500910;5;1;11;0;2023;4;10;5;3;5;7;0;0;1;1;0;0;0;0;348621,501000000163913;5674674,799000000581145;6,833079110000028;51,203392643000029;1
32223;5230406405108076207;5;7;54;8;2023;4;13;5;3;5;3;0;0;1;1;0;0;0;0;458828,754999999888241;5750676,301899999380112;8,401537184000063;51,905314260000068;1
32226;5230406317210718401;5;9;78;20;2023;4;10;5;3;3;6;0;0;1;1;0;0;0;0;407102,316200000233948;5715806,815700000151992;7,659119648000058;51,585653214000047;1
32227;5230406317140495247;5;9;78;28;2023;4;16;5;3;8;6;0;0;1;1;0;0;0;0;401235,657200000248849;5700739,088600000366569;7,578690597000048;51,449212840000030;1
32229;5230406316500519347;5;9;74;20;2023;4;14;5;2;5;3;0;0;1;1;0;0;0;0;465866,860999999567866;5721575,413100000470877;8,506699189000074;51,644144789000052;1
32231;5230406316300072354;5;9;74;28;2023;4;15;5;3;5;3;0;0;1;0;0;1;0;0;452551,374400000087917;5727486,768799999728799;8,313470175000020;51,696326763000059;1
32249;5230406300200195136;5;9;16;0;2023;4;11;5;3;6;6;0;0;1;0;1;0;0;0;375805,626299999654293;5712924,870899999514222;7,208611308000059;51,553724528000032;1
32254;5230405705000291868;5;5;54;16;2023;4;6;4;3;0;1;2;0;1;0;0;0;0;0;363617,848399999551475;5757234,615599999204278;7,015541572000075;51,949077035000073;1
32256;5230405701300289697;5;5;62;14;2023;4;15;4;2;5;3;0;0;1;1;0;0;0;0;358976,568199999630451;5715111,400399999693036;6,965145511000060;51,569417151000039;1
32262;5230405608328989854;5;3;34;28;2023;4;13;4;3;3;6;0;0;1;0;0;0;0;0;312783,158800000324845;5613786,988099999725819;6,351862326000060;50,645825176000073;1
32263;5230405608200089810;5;3;34;2;2023;4;16;4;3;0;6;0;0;1;0;0;1;0;0;299989,531299999915063;5625785,009700000286102;6,164632236000045;50,749340729000039;1
32266;5230405607400590943;5;3;82;68;2023;4;8;4;3;0;5;0;0;1;1;0;0;0;1;370848,469299999997020;5630788,227299999445677;7,166678755000021;50,814405544000067;1
32270;5230405602600789821;5;3;62;20;2023;4;20;4;3;0;5;2;0;1;1;0;0;0;0;340938,310999999754131;5634391,665400000289083;6,740856613000062;50,839344333000042;1
32275;5230405601500190404;5;3;15;0;2023;4;1;4;2;0;1;2;0;1;0;0;0;0;0;360579,202999999746680;5648918,317700000479817;7,014074790000052;50,974964773000067;1
32276;5230405601500069933;5;3;15;0;2023;4;10;4;2;0;2;0;0;1;1;0;0;0;0;360432,978400000371039;5646856,907099999487400;7,012784168000053;50,956403175000048;1
32277;5230405601300986376;5;3;15;0;2023;4;20;4;3;5;3;0;0;1;1;0;0;0;0;354759,090099999681115;5646122,992499999701977;6,932344839000052;50,948405654000055;1
32280;5230405518200191498;5;1;70;24;2023;4;7;4;3;5;2;0;0;1;1;0;0;0;0;337203,625199999660254;5702665,404699999839067;6,656989968000062;51,451735081000038;1
32292;5230405502408094970;5;1;17;0;2023;4;17;4;3;4;2;0;0;1;1;0;0;0;0;351449,126000000163913;5699426,926000000908971;6,863213258000030;51,426552218000040;1
32302;5230405410110400470;5;7;70;24;2023;4;7;4;3;1;3;1;0;1;1;0;0;0;0;493869,882799999788404;5794341,138900000602007;8,910104550000028;52,299383373000069;1