OID_;UIDENTSTLAE;ULAND;UREGBEZ;UKREIS;UGEMEINDE;UJAHR;UMONAT;USTUNDE;UWOCHENTAG;UKATEGORIE;UART;UTYP1;ULICHTVERH;IstStrassenzustand;IstRad;IstPKW;IstFuss;IstKrad;IstGkfz;IstSonstige;LINREFX;LINREFY;XGCSWGS84;YGCSWGS84;PLST
32305;5230405405236450912;5;7;54;36;2023;4;17;4;3;5;2;0;0;1;1;0;0;0;0;475138,627700000070035;5750422,292199999094009;8,638628104000077;51,903997162000053;1
32307;5230405404302342855;5;7;66;8;2023;4;12;4;2;5;3;0;0;1;1;0;0;0;0;482066,378800000064075;5770572,357899999246001;8,738270690000036;52,085429938000061;1
32309;5230405404102396830;5;7;66;40;2023;4;18;4;2;0;1;0;0;1;0;0;0;0;0;485716,610000000335276;5760300,231000000610948;8,791972113000043;51,993181139000058;1
32311;5230409608312789896;5;3;34;12;2023;4;19;1;3;4;6;0;0;1;0;0;0;0;1;306913,385499999858439;5632888,799200000241399;6,258932720000075;50,815494851000039;1
32320;5230405303200596548;5;9;15;0;2023;4;5;4;3;5;2;2;0;1;1;0;0;0;0;414810,451000000350177;5728985,979000000283122;7,767139994000047;51,705344411000056;1
32327;5230405301306366985;5;9;13;0;2023;4;7;4;2;0;1;0;0;1;0;0;0;0;0;398541,578300000168383;5711344,082800000905991;7,536884275000034;51,544062748000044;1
32329;5230405301202990740;5;9;13;0;2023;4;5;4;3;0;2;1;0;1;1;0;0;0;0;393570,958999999798834;5709324,489000000059605;7,465841287000046;51,524994209000056;1
32334;5230405300100775697;5;9;11;0;2023;4;23;4;3;5;3;2;0;1;1;0;0;0;0;376969,805999999865890;5704427,082000000402331;7,228361032000066;51,477606638000054;1
32336;5230404711200989383;5;5;70;4;2023;4;14;3;2;0;1;0;0;1;0;0;0;0;0;422247,820000000298023;5735289,596000000834465;7,873341512000025;51,763091549000080;1
32340;5230404702100096692;5;5;15;0;2023;4;19;3;3;3;6;0;0;1;0;0;0;0;0;406276,450100000016391;5757399,061499999836087;7,635976734000053;51,959379958000056;1
32343;5230404701110281595;5;5;62;32;2023;4;18;3;3;5;3;0;0;1;1;0;0;0;0;374800,773000000044703;5719095,230000000447035;7,191924882000023;51,608956224000053;1
32353;5230404608100889924;5;3;34;2;2023;4;9;3;3;5;3;0;0;1;1;0;0;0;0;293196,122999999672174;5631133,956000000238419;6,065453833000049;50,795000124000069;1
32356;5230404606000580565;5;3;78;32;2023;4;19;3;3;0;2;0;0;1;1;0;0;0;0;376642,899899999611080;5667581,365199999883771;7,236401281000042;51,146376331000056;1
32369;5230404518410589322;5;1;70;16;2023;4;17;3;3;0;1;0;0;1;0;0;0;0;0;348904,800099999643862;5719864,265499999746680;6,817881601000067;51,609513197000069;1
32371;5230404518120344105;5;1;70;44;2023;4;10;3;2;5;3;0;0;1;1;0;0;0;0;337999,315999999642372;5719298,461999999359250;6,660782465000068;51,601398174000053;1
32376;5230404515210544188;5;1;54;28;2023;4;15;3;3;5;2;0;0;1;0;0;0;0;1;316339,755099999718368;5704939,686300000175834;6,355854575000023;51,465781454000080;1
32379;5230404513210281043;5;1;62;24;2023;4;17;3;3;5;7;0;0;1;1;0;0;0;0;337890,190899999812245;5674257,525599999353290;6,679783858000064;51,196699232000071;1
32381;5230404508000576385;5;1;19;0;2023;4;13;3;2;0;2;0;0;1;1;0;0;0;0;350694,947399999946356;5709994,781799999997020;6,847907650000025;51,521310794000044;1
32382;5230404505200990740;5;1;14;0;2023;4;13;3;3;1;5;0;0;1;1;0;0;0;1;330571,172000000253320;5690474,873600000515580;6,567443706000063;51,340272727000070;1
32384;5230404502409781343;5;1;17;0;2023;4;15;3;3;5;3;0;0;1;1;0;0;0;0;349711,489900000393391;5700399,556600000709295;6,837825083000041;51,434833605000051;1
32385;5230404502409495458;5;1;17;0;2023;4;12;3;2;0;7;0;0;1;0;0;0;0;0;349459,466400000266731;5699971,695599999278784;6,834383906000028;51,430922195000051;1
32389;5230404502105217356;5;1;13;0;2023;4;14;3;3;1;7;0;0;1;1;0;0;0;0;361508,053199999965727;5700698,160399999469519;7,007308393000073;51,440523471000063;1
32404;5230404411232786905;5;7;74;32;2023;4;10;3;2;5;4;0;0;1;0;1;0;0;0;480297,923100000247359;5735856,558599999174476;8,714449429000069;51,773241636000080;1
32406;5230404410110690742;5;7;70;24;2023;4;16;3;3;5;3;0;0;1;1;0;0;0;0;494252,824599999934435;5796073,017400000244379;8,915690643000062;52,314957929000059;1
32414;5230404400200490813;5;7;11;0;2023;4;16;3;3;5;2;0;0;1;1;0;0;0;0;473458,565999999642372;5760190,645999999716878;8,613453880000066;51,991745301000037;1
32421;5230404307000093701;5;9;62;52;2023;4;21;3;3;5;3;2;0;1;1;0;0;0;0;421181,025000000372529;5673887,592000000178814;7,871596371000066;51,210939519000078;1
32425;5230404301202471282;5;9;13;0;2023;4;16;3;3;0;3;0;0;1;1;0;0;0;0;393846,342000000178814;5708877,189999999478459;7,469944143000021;51,521025503000033;1
32430;5230404300400195048;5;9;11;0;2023;4;7;3;3;5;3;0;0;1;1;0;0;0;0;375171,150299999862909;5702023,395500000566244;7,203322805000028;51,455609816000049;1
32432;5230403709800391840;5;5;66;40;2023;4;12;2;3;0;7;0;0;1;0;0;0;0;0;421787,243999999947846;5782653,671000000089407;7,855873748000022;52,188793412000052;1
32434;5230403709700448421;5;5;66;28;2023;4;6;2;3;8;1;0;0;1;0;0;0;0;0;417311,077499999664724;5791506,926000000908971;7,788245223000047;52,267718780000052;1
32436;5230403709110593607;5;5;66;12;2023;4;15;2;3;5;3;0;0;1;1;0;0;0;0;406468,625000000000000;5767669,441999999806285;7,635968747000049;52,051726658000064;1
32437;5230403706000996588;5;5;58;12;2023;4;13;2;3;5;2;0;0;1;0;0;0;1;0;372885,785000000149012;5756256,589999999850988;7,150679642000057;51,942483304000064;1
32441;5230403702100672453;5;5;15;0;2023;4;7;2;3;6;7;0;0;1;0;1;0;0;0;407718,529900000430644;5758222,448599999770522;7,656736783000042;51,967022218000068;1
32442;5230406404101090751;5;7;66;20;2023;4;12;5;3;5;3;0;0;1;1;0;0;0;0;485718,933000000193715;5755417,369000000879169;8,792209102000072;51,949279662000038;1
32451;5230403606400586564;5;3;78;28;2023;4;17;2;3;0;2;0;0;1;1;0;0;0;0;372268,458999999798834;5640474,161000000312924;7,183444562000034;50,901779605000058;1
32455;5230406609108481357;5;3;58;8;2023;4;16;5;3;5;2;0;1;1;1;0;0;0;0;322825,285099999979138;5631204,402499999850988;6,485389147000035;50,805448194000064;1
32456;5230403602800771667;5;3;62;12;2023;4;14;2;3;3;6;0;0;1;0;0;0;1;0;352697,798700000159442;5633611,564899999648333;6,908065808000060;50,835446742000045;1
32467;5230403601200989641;5;3;15;0;2023;4;23;2;3;5;2;0;0;1;1;0;0;0;0;354284,242100000381470;5644196,385900000110269;6,926360180000074;50,930971988000067;1
32476;5230403514215089306;5;1;66;28;2023;4;19;2;2;0;6;0;0;1;0;0;0;0;0;323578,707100000232458;5689343,295399999246001;6,467713777000029;51,327980754000066;1
32482;5230403502402781343;5;1;17;0;2023;4;16;2;3;0;3;0;0;1;1;0;0;0;0;352968,469299999997020;5701508,622800000011921;6,884187352000026;51,445653910000033;1
32486;5230403502214795072;5;1;13;0;2023;4;17;2;3;0;7;0;0;1;0;0;0;0;0;359497,923999999649823;5700096,243000000715256;6,978643708000050;51,434619488000067;1
32487;5230405605116990250;5;3;74;16;2023;4;14;4;2;5;3;0;0;1;1;0;0;0;0;383002,225999999791384;5667597,323000000789762;7,327270787000032;51,147855009000068;1
32491;5230403500200995697;5;1;11;0;2023;4;9;2;3;5;3;0;0;1;0;0;0;0;1;344466,811999999918044;5680336,654999999329448;6,771196750000058;51,253150348000077;1
32503;5230403313110084985;5;9;58;4;2023;4;12;2;3;8;1;0;0;1;0;0;0;0;0;434863,040099999867380;5694611,869100000709295;8,063658472000043;51,398992651000071;1
32507;5230405702100491833;5;5;15;0;2023;4;8;4;3;0;2;0;0;1;1;0;0;0;0;406324,711699999868870;5756455,628100000321865;7,636936117000062;51,950908059000028;1
32516;5230403300100063825;5;9;11;0;2023;4;14;2;3;3;6;0;0;1;1;0;0;0;0;377257,982900000177324;5704301,543400000780821;7,232552283000075;51,476540965000027;1
32517;5230402709110979151;5;5;66;8;2023;4;14;1;3;0;2;0;0;1;1;0;0;0;0;397739,735999999567866;5780823,539999999105930;7,504763915000069;52,168410315000074;1
32518;5230402705000055358;5;5;54;68;2023;4;12;1;3;5;3;0;0;1;1;0;0;0;0;353950,951999999582767;5774798,747999999672174;6,867486542000051;52,104431720000036;1
32521;5230402608200577517;5;3;34;2;2023;4;21;1;3;5;3;2;0;1;1;0;0;0;0;294931,542000000365078;5629490,802200000733137;6,090962157000035;50,780859115000055;1
32530;5230408503100176200;5;1;24;0;2023;4;17;7;3;0;7;0;0;1;1;0;0;0;0;363966,851900000125170;5675046,089500000700355;7,052456987000028;51,210590012000068;1
32536;5230402515212117661;5;1;54;32;2023;4;11;1;3;5;2;0;0;1;1;0;0;0;0;309847,939699999988079;5719014,279699999839067;6,254908319000037;51,590047206000065;1
32549;5230402405220087020;5;7;54;20;2023;4;18;1;3;5;3;0;0;1;1;0;0;0;0;447252,253999999724329;5748285,671000000089407;8,233642044000021;51,882845872000075;1
32563;5230401711100396945;5;5;70;44;2023;4;10;7;3;5;3;0;1;1;1;0;0;0;0;416593,558500000275671;5759482,118100000545382;7,785583916000064;51,979747930000030;1
32567;5230401709110096547;5;5;66;4;2023;4;13;7;3;5;2;0;1;1;1;0;0;0;0;394812,450600000098348;5767021,011600000783801;7,466240702000050;52,043809062000037;1
32573;5230401702100372722;5;5;15;0;2023;4;8;7;3;0;7;0;1;1;1;0;0;0;0;406655,963800000026822;5757654,140699999406934;7,641429057000039;51,961736577000067;1
32574;5230402609108486515;5;3;58;8;2023;4;16;1;3;5;5;0;1;1;1;0;0;0;0;325072,645700000226498;5632026,629599999636412;6,516861536000022;50,813518214000055;1
32597;5230401514110089800;5;1;66;32;2023;4;18;7;3;5;7;0;1;1;1;0;0;0;0;318158,270800000056624;5680966,452600000426173;6,394261208000046;51,251026768000031;1
32602;5230405317240379523;5;9;78;40;2023;4;8;4;3;5;3;0;0;1;1;0;0;0;0;405495,446899999864399;5725060,055199999362230;7,633436062000044;51,668563166000069;1
32627;5230401400200690813;5;7;11;0;2023;4;12;7;3;0;6;0;1;1;1;0;0;0;0;467349,116999999620020;5763106,815999999642372;8,524201700000049;52,017637947000026;1
32648;5230331702100592911;5;5;15;0;2023;3;13;6;3;3;6;0;1;1;1;0;0;0;0;405770,759300000034273;5756902,074300000444055;7,628755653000042;51,954827345000069;1
32656;5230331608100189867;5;3;34;2;2023;3;16;6;3;5;2;0;1;1;1;0;0;0;0;293511,190899999812245;5627912,171599999070168;6,071727626000040;50,766177343000038;1
32657;5230331607300090910;5;3;82;16;2023;3;16;6;3;5;3;0;1;1;1;0;0;0;0;390792,531999999657273;5625530,752000000327826;7,451229419000072;50,771247752000079;1
32661;5230331602400069716;5;3;62;32;2023;3;6;6;3;3;6;2;1;1;1;0;0;0;0;342339,553000000305474;5636153,130000000819564;6,759983805000047;50,855556062000062;1
32665;5230331601600286373;5;3;15;0;2023;3;10;6;3;0;5;0;0;1;0;0;0;0;1;359653,179299999959767;5644817,290599999949336;7,002474302000053;50,937883532000058;1
32667;5230331601500971655;5;3;15;0;2023;3;18;6;2;5;3;0;1;1;1;0;0;0;0;361602,817900000140071;5649995,358599999919534;7,028235918000064;50,984891261000030;1
32668;5230331601300393463;5;3;15;0;2023;3;17;6;3;5;3;0;1;1;1;0;0;0;0;347519,586000000126660;5646938,161000000312924;6,829018822000023;50,953861407000034;1
32669;5230331600140095364;5;3;14;0;2023;3;23;6;3;0;1;2;0;1;0;0;0;0;0;368185,418800000101328;5621942,468800000846386;7,132068229000026;50,734299388000068;1
32672;5230331600120595334;5;3;82;24;2023;3;15;6;3;5;3;0;1;1;1;0;0;0;0;371514,935999999754131;5618728,690999999642372;7,180344131000027;50,706158794000032;1
32688;5230331505200885958;5;1;14;0;2023;3;12;6;3;5;3;0;1;1;1;0;0;0;0;329451,087000000290573;5690158,939999999478459;6,551529226000071;51,337099549000072;1
32689;5230331505100495995;5;1;14;0;2023;3;13;6;3;4;6;0;1;1;0;0;0;0;0;331778,222799999639392;5688134,715299999341369;6,585862120000058;51,319607197000039;1
32702;5230331500300757550;5;1;11;0;2023;3;17;6;2;0;7;0;1;1;0;0;0;0;0;348533,611899999901652;5674796,067399999126792;6,831770795000068;51,204459033000035;1
32711;5230331410110290645;5;7;70;24;2023;3;11;6;3;1;7;0;1;1;1;0;0;0;0;490413,058000000193715;5794697,282999999821186;8,859401743000035;52,302535817000035;1
32718;5230331404102096800;5;7;66;40;2023;3;12;6;3;0;7;0;1;1;1;0;0;0;0;482629,264100000262260;5762450,242300000041723;8,746898441000042;52,012423610000042;1
32719;5230331400200168105;5;7;11;0;2023;3;7;6;3;5;3;0;1;1;1;0;0;0;0;468848,944000000134110;5763502,395999999716878;8,546020861000045;52,021280703000059;1
32722;5230331317250089430;5;9;78;32;2023;3;7;6;3;5;3;0;1;1;1;0;0;0;0;394024,017599999904633;5727428,050200000405312;7,466897571000061;51,687800620000075;1
32736;5230331303100557440;5;9;15;0;2023;3;15;6;3;1;5;0;1;1;1;0;0;0;1;416964,581699999980628;5725142,223899999633431;7,799221675000069;51,671114063000061;1
32741;5230331700000195163;5;5;13;0;2023;3;17;6;3;5;2;0;1;1;1;0;0;0;0;363038,173200000077486;5711242,128299999982119;7,025219844000048;51,535647941000036;1
32746;5230331301103567577;5;9;13;0;2023;3;17;6;3;3;3;0;1;1;1;0;0;0;0;389344,538300000131130;5704299,380899999290705;7,406519350000053;51,479014990000053;1
32748;5230331300600485354;5;9;16;0;2023;3;9;6;3;5;3;0;1;1;1;0;0;0;0;376439,027800000272691;5711026,284099999815226;7,218409477000023;51,536800432000064;1
32750;5230330711400087314;5;5;70;28;2023;3;6;5;2;3;6;1;0;1;1;0;0;0;0;445550,661299999803305;5739501,871899999678135;8,210305584000025;51,803712916000052;1
32751;5230330709300696691;5;5;66;84;2023;3;11;5;2;3;6;0;0;1;1;0;0;0;0;385342,674999999813735;5779819,198000000789762;7,323914416000036;52,156948246000070;1
32752;5230330709300596625;5;5;66;60;2023;3;19;5;3;5;3;0;0;1;1;0;0;0;0;388711,691999999806285;5788707,702999999746680;7,370221763000075;52,237518793000049;1
32755;5230331513120981647;5;1;62;20;2023;3;13;6;3;0;1;0;1;1;0;0;0;0;0;328878,845499999821186;5674117,933399999514222;6,550997410000036;51,192817721000040;1
32762;5230330701610295085;5;5;62;12;2023;3;11;5;3;5;2;0;0;1;1;0;0;0;0;358845,096800000406802;5727372,135800000280142;6,958308869000064;51,679557212000077;1
32763;5230330701500186133;5;5;62;24;2023;3;7;5;3;5;3;0;0;1;1;0;0;0;0;371280,400999999605119;5724580,211999999359250;7,139096886000061;51,657454777000055;1
32767;5230330700000195163;5;5;13;0;2023;3;13;5;3;0;7;0;0;1;1;0;0;0;0;363951,471900000236928;5712295,172399999573827;7,037972845000070;51,545331844000032;1
32768;5230330608416080797;5;3;34;16;2023;3;14;5;3;3;6;0;0;1;1;0;0;0;0;294318,095900000073016;5634522,071499999612570;6,079454075000058;50,825828339000054;1
32769;5230330608200594804;5;3;34;2;2023;3;17;5;3;4;6;0;1;1;0;0;0;0;0;295671,144700000062585;5625719,321100000292063;6,103533390000052;50,747247139000081;1
32791;5230330601200985820;5;3;15;0;2023;3;16;5;3;5;2;0;0;1;1;0;0;0;0;353857,058000000193715;5642351,555999999865890;6,921024620000026;50,914284992000034;1
32795;5230330600380075898;5;3;14;0;2023;3;7;5;3;8;1;0;0;1;0;0;0;1;0;368345,284400000236928;5618443,721400000154972;7,135580939000022;50,702888320000056;1
32799;5230330518200652131;5;1;70;24;2023;3;16;5;3;0;3;0;0;1;1;0;0;0;0;336717,762900000438094;5704519,717900000512600;6,649147432000063;51,468254742000056;1
32802;5230330516100078845;5;1;58;32;2023;3;7;5;3;5;3;0;0;1;1;0;0;0;0;365546,553999999538064;5685919,673000000417233;7,070972121000068;51,308685094000055;1
32814;5230330502200175244;5;1;13;0;2023;3;11;5;3;0;7;0;0;1;1;0;0;0;0;362584,841400000266731;5694472,271500000730157;7,025204663000068;51,384836702000030;1
32821;5230330500200001792;5;1;11;0;2023;3;6;5;2;5;2;2;0;1;1;0;0;0;0;345522,338899999856949;5679293,653699999675155;6,786760510000022;51,244065476000060;1
32822;5230330500100990806;5;1;11;0;2023;3;16;5;3;5;3;0;1;1;0;0;0;0;0;346366,974999999627471;5675541,821100000292063;6,800460564000048;51,210581447000038;1
32825;5230330411224078072;5;7;74;24;2023;3;15;5;3;5;3;0;1;1;1;0;0;0;0;476459,389999999664724;5742361,869000000879169;8,658375122000052;51,831583263000027;1
32832;5230330405108474527;5;7;54;8;2023;3;14;5;3;5;6;0;0;1;0;0;0;0;1;457023,929999999701977;5750001,589999999850988;8,375388139000052;51,899111899000047;1
32833;5230330405108076215;5;7;54;8;2023;3;16;5;3;0;1;0;1;1;0;0;0;0;0;457201,586000000126660;5750157,851600000634789;8,377950614000042;51,900530456000070;1
32853;5230330301302573321;5;9;13;0;2023;3;12;5;3;0;3;0;0;1;1;0;0;0;0;396718,237499999813735;5708462,222500000149012;7,511444870000048;51,517827983000075;1
32860;5230329702100100000;5;5;15;0;2023;3;20;4;3;5;3;2;0;1;1;0;0;0;0;407094,729700000025332;5760303,630200000479817;7,647095944000057;51,985624983000037;1
32862;5230329702100076646;5;5;15;0;2023;3;5;4;3;4;6;2;0;1;0;0;0;0;1;403939,054700000211596;5753286,055800000205636;7,603118749000032;51,922011824000037;1
32865;5230329701400265867;5;5;12;0;2023;3;17;4;3;6;4;0;0;1;0;1;0;0;0;354701,247399999760091;5709721,470499999821186;6,905725329000063;51,519899718000033;1
32873;5230329602600089870;5;3;62;20;2023;3;17;4;3;5;3;0;0;1;1;0;0;0;0;344221,117800000123680;5629868,129200000315905;6,789365572000065;50,799588530000051;1
32880;5230329601400299005;5;3;15;0;2023;3;16;4;3;5;3;0;0;1;1;0;0;0;0;352518,178999999538064;5651494,642999999225140;6,898287379000067;50,996108992000075;1
32882;5230329601100571810;5;3;15;0;2023;3;21;4;3;0;1;2;0;1;0;0;0;0;0;355286,118900000117719;5644185,842900000512600;6,940611912000065;50,931129473000055;1
32886;5230329518120673904;5;1;70;44;2023;3;10;4;3;5;3;0;0;1;1;0;0;0;0;341394,235000000335276;5718660,267000000923872;6,710049512000069;51,596630617000073;1
32893;5230329513210791370;5;1;62;24;2023;3;15;4;3;0;4;0;0;1;0;1;0;0;0;337868,076799999922514;5675272,690700000151992;6,679009066000049;51,205814019000059;1
32902;5230329502324154815;5;1;13;0;2023;3;13;4;3;5;3;0;0;1;1;0;0;0;0;361724,642900000326335;5708366,384800000116229;7,007421602000022;51,509485595000058;1
32917;5230329500200046013;5;1;11;0;2023;3;14;4;3;5;2;0;0;1;1;0;0;0;0;346032,199300000444055;5679614,447300000116229;6,793921625000053;51,247085795000032;1
32918;5230329500100990787;5;1;11;0;2023;3;10;4;3;0;7;0;0;1;0;1;0;0;0;344980,055399999953806;5678068,823300000280142;6,779527468000026;51,232912810000073;1
32927;5230329405108081986;5;7;54;8;2023;3;5;4;3;3;2;2;1;1;1;0;0;0;0;458447,160000000149012;5751305,370999999344349;8,395914798000035;51,910941635000029;1
32933;5230329315150493930;5;9;70;44;2023;3;5;4;3;5;2;2;0;1;1;0;0;0;0;437095,183000000193715;5630367,785000000149012;8,106944575000057;50,821611741000027;1
32938;5230329307000230065;5;9;62;16;2023;3;15;4;3;5;2;0;0;1;1;0;0;0;0;413722,831299999728799;5694641,123999999836087;7,759828714000037;51,396434224000075;1
32939;5230329303100557440;5;9;15;0;2023;3;15;4;2;3;2;0;0;1;1;0;0;0;0;422254,058000000193715;5725734,700999999418855;7,875564682000061;51,677197232000026;1
32945;5230328706300011020;5;5;58;44;2023;3;12;3;3;5;3;0;0;1;1;0;0;0;0;395666,476700000464916;5746261,721799999475479;7,484990616000061;51,857388548000074;1
32949;5230328702100591750;5;5;15;0;2023;3;12;3;3;3;2;0;0;1;1;0;0;0;0;405780,673999999649823;5755729,643999999389052;7,629221287000064;51,944290683000077;1
32950;5230328702100079193;5;5;15;0;2023;3;17;3;3;3;2;0;0;1;1;0;0;0;0;405995,286999999545515;5751639,766000000759959;7,633459756000036;51,907565077000072;1
32953;5230328701300699256;5;5;62;14;2023;3;7;3;3;5;3;0;0;1;1;0;0;0;0;361525,020399999804795;5716478,810200000181794;7,001354252000056;51,582336509000072;1
32956;5230328610121580800;5;3;70;12;2023;3;17;3;3;5;3;0;0;1;1;0;0;0;0;297090,531000000424683;5650088,027000000700355;6,110120482000070;50,966608181000026;1
32957;5230328608436389921;5;3;34;36;2023;3;16;3;3;5;3;0;0;1;1;0;0;0;0;299022,024199999868870;5632052,769999999552965;6,147509637000041;50,805301807000035;1
32970;5230328603116595286;5;3;66;16;2023;3;19;3;3;0;2;1;0;1;1;0;0;0;0;340454,054600000381470;5617709,564999999478459;6,741217081000059;50,689308206000078;1
32975;5230328602500099624;5;3;62;24;2023;3;16;3;3;0;7;0;0;1;0;0;0;0;0;343161,768099999986589;5641702,143799999728799;6,769275541000070;50,905642331000081;1
32979;5230328601600990807;5;3;15;0;2023;3;7;3;3;5;3;0;0;1;1;0;0;0;0;364918,593999999575317;5643063,365000000223517;7,078019818000030;50,923377556000048;1
32982;5230328601300586635;5;3;15;0;2023;3;20;3;3;3;2;2;1;1;1;0;0;0;0;353210,554600000381470;5645207,548000000417233;6,910684353000022;50,939786674000061;1
32983;5230328601200387340;5;3;15;0;2023;3;8;3;3;5;2;0;0;1;1;0;0;0;0;354479,989000000059605;5641765,649000000208616;6,930113663000043;50,909176987000080;1
32988;5230328518210647956;5;1;70;28;2023;3;12;3;3;4;2;0;0;1;1;0;0;0;0;331647,440100000239909;5702305,626199999824166;6,577270586000054;51,446878340000069;1
32989;5230328515210082342;5;1;54;12;2023;3;21;3;3;5;2;2;1;1;0;0;0;0;0;315910,510999999940395;5711255,910000000149012;6,346387595000067;51,522374946000070;1
32991;5230328513330445501;5;1;62;12;2023;3;12;3;3;0;7;0;0;1;0;0;0;0;1;322442,379999999888241;5664510,453900000080466;6,463715144000048;51,104546158000062;1
32995;5230406705000080975;5;5;54;48;2023;4;12;5;3;5;3;0;0;1;1;0;0;0;0;341275,660299999639392;5743483,726299999281764;6,697036235000041;51,819615487000078;1
32997;5230328505200896118;5;1;14;0;2023;3;21;3;3;4;2;2;1;1;1;0;0;0;0;329366,280700000002980;5689937,850099999457598;6,550418825000065;51,335087887000043;1
32999;5230328505200396048;5;1;14;0;2023;3;9;3;3;0;2;0;0;1;0;0;0;0;1;335287,266999999992549;5692306,577999999746680;6,634243952000077;51,358115259000044;1
33000;5230328505200095971;5;1;14;0;2023;3;10;3;3;5;3;0;0;1;1;0;0;0;0;336159,502799999900162;5691196,446000000461936;6,647271613000044;51,348393631000079;1
33003;5230328502338995784;5;1;13;0;2023;3;18;3;3;0;7;0;0;1;1;0;0;0;0;364491,394000000320375;5705897,201999999582767;7,048214298000062;51,487966557000050;1
33005;5230328502321917057;5;1;13;0;2023;3;13;3;3;0;7;0;0;1;1;0;0;0;0;357631,403900000266731;5705688,474099999293685;6,949557633000040;51,484405524000067;1
33010;5230331701500589521;5;5;62;24;2023;3;18;6;2;5;2;0;1;1;1;0;0;0;0;370225,312500000000000;5725389,301300000399351;7,123551811000027;51,664483172000075;1
33016;5230328500200056863;5;1;11;0;2023;3;8;3;3;5;3;0;0;1;0;0;0;0;1;347227,476300000213087;5681272,241800000891089;6,810326506000024;51,262303369000051;1
33017;5230328500100569713;5;1;11;0;2023;3;7;3;3;0;1;0;0;1;0;0;0;0;0;347385,625199999660254;5675228,116399999707937;6,815166458000022;51,208035725000059;1
33019;5230328411132078147;5;7;74;32;2023;3;8;3;3;5;3;0;0;1;0;0;0;0;0;480310,348000000230968;5733010,298000000417233;8,714790790000052;51,747650732000068;1
33033;5230328310110580518;5;9;54;16;2023;3;6;3;2;2;6;1;0;1;1;0;0;0;0;375194,411000000312924;5697765,720300000160933;7,205158162000032;51,417349489000060;1
33035;5230328307000793782;5;9;62;60;2023;3;6;3;3;0;3;1;0;1;1;0;0;0;0;414092,469999999739230;5679188,768999999389052;7,768866483000068;51,257575032000034;1
33051;5230327711200489448;5;5;70;4;2023;3;17;2;3;5;2;0;0;1;1;0;0;0;0;422809,524000000208616;5736713,023000000044703;7,881162772000039;51,775965303000078;1
33053;5230328711100691858;5;5;70;36;2023;3;7;3;3;5;3;0;0;1;1;0;0;0;0;434080,758600000292063;5760405,078400000929832;8,039980240000034;51,990395148000061;1
33054;5230327711100091830;5;5;70;44;2023;3;15;2;3;5;3;0;1;1;1;0;0;0;0;417052,003999999724329;5760136,486999999731779;7,792099146000055;51,985698674000048;1
33057;5230327709800296554;5;5;66;40;2023;3;18;2;3;0;1;0;1;1;0;0;0;0;0;421222,964999999850988;5782932,827600000426173;7,847556173000044;52,191222389000075;1
33059;5230327705000887234;5;5;54;56;2023;3;17;2;2;5;3;0;0;1;1;0;0;0;0;356366,633100000210106;5761485,867200000211596;6,908326947000035;51,985449621000043;1
33060;5230327705000091208;5;5;54;24;2023;3;13;2;3;3;2;0;0;1;1;0;0;0;0;370552,584999999962747;5775852,141000000759959;7,109340368000062;52,118031625000071;1
33062;5230327701910894975;5;5;62;8;2023;3;5;2;3;5;3;2;0;1;1;0;0;0;0;384069,933799999766052;5721122,697899999096990;7,325051345000077;51,629163378000044;1
33064;5230327701110851307;5;5;62;32;2023;3;7;2;2;5;2;0;0;1;1;0;0;0;0;375957,928999999538064;5717035,686000000685453;7,209355551000044;51,590702855000075;1
33066;5230327701110798915;5;5;62;32;2023;3;14;2;3;2;6;0;0;1;1;0;0;0;0;375408,140999999828637;5718466,143999999389052;7,200915107000071;51,603437275000033;1
33075;5230327608100294907;5;3;34;2;2023;3;7;2;3;0;1;1;1;1;0;0;0;0;0;292882,013600000180304;5627097,424900000914931;6,063276033000022;50,758635838000032;1
33076;5230327607400078278;5;3;82;44;2023;3;15;2;3;5;3;0;1;1;1;0;0;0;0;361043,800300000235438;5632596,713099999353290;7,026900176000026;50,828389935000075;1
33080;5230327606100052231;5;3;78;20;2023;3;11;2;3;5;2;0;0;1;1;0;0;0;0;371786,637000000104308;5653070,630000000819564;7,172158104000061;51,014889819000075;1
33084;5230327601700493592;5;3;16;0;2023;3;16;2;3;5;2;0;1;1;1;0;0;0;0;365350,293499999679625;5656584,944599999114871;7,079148228000065;51,045003389000044;1
33088;5230327601500893441;5;3;15;0;2023;3;14;2;2;5;3;0;1;1;1;0;0;0;0;357443,548100000247359;5644743,203700000420213;6,971075008000071;50,936675705000027;1
33089;5230327601500490378;5;3;15;0;2023;3;7;2;3;0;1;0;0;1;0;0;0;0;0;357426,571999999694526;5644699,960000000894070;6,970850479000035;50,936282879000032;1
33098;5230327601100990832;5;3;15;0;2023;3;20;2;3;5;3;1;0;1;1;0;0;0;0;356871,847599999979138;5645469,502299999818206;6,962658471000054;50,943061273000069;1
33101;5230327600140950200;5;3;14;0;2023;3;15;2;3;5;2;0;1;1;1;0;0;0;0;368376,877199999988079;5622846,388699999079108;7,134456977000070;50,742467361000081;1
33104;5230327518200791498;5;1;70;24;2023;3;16;2;3;0;1;0;0;1;0;0;0;0;0;336101,200000000186265;5701502,596000000834465;6,641676469000060;51,440970179000033;1
33105;5230327518200144684;5;1;70;24;2023;3;16;2;3;6;4;0;0;1;0;1;0;0;0;335939,510999999940395;5702516,679999999701977;6,638881994000030;51,450034079000034;1