OID_;UIDENTSTLAE;ULAND;UREGBEZ;UKREIS;UGEMEINDE;UJAHR;UMONAT;USTUNDE;UWOCHENTAG;UKATEGORIE;UART;UTYP1;ULICHTVERH;IstStrassenzustand;IstRad;IstPKW;IstFuss;IstKrad;IstGkfz;IstSonstige;LINREFX;LINREFY;XGCSWGS84;YGCSWGS84;PLST
33107;5230327518100091568;5;1;70;48;2023;3;16;2;2;4;2;0;0;1;1;0;0;0;0;335723,394000000320375;5727368,942399999126792;6,624161736000076;51,673242506000065;1
33110;5230327515111078985;5;1;54;8;2023;3;16;2;3;0;1;0;0;1;0;0;0;0;0;313037,950000000186265;5745467,058000000193715;6,286716979000062;51,828696744000069;1
33114;5230327514110786031;5;1;66;32;2023;3;10;2;3;5;2;0;0;1;1;0;0;0;0;317510,137900000438094;5681463,619999999180436;6,384730500000046;51,255285680000043;1
33117;5230327506100990848;5;1;16;0;2023;3;7;2;3;5;3;0;0;1;1;0;0;0;0;321886,879999999888241;5672855,453900000080466;6,451661758000057;51,179340264000075;1
33120;5230405406110987324;5;7;58;12;2023;4;17;4;2;3;2;0;0;1;1;0;0;0;0;476410,063400000333786;5774370,962500000372529;8,655458875000022;52,119369646000052;1
33121;5230327505200081921;5;1;14;0;2023;3;11;2;3;5;3;0;0;1;1;0;0;0;0;334059,934999999590218;5690540,358999999240041;6,617455741000072;51,341890097000032;1
33133;5230327501314884586;5;1;12;0;2023;3;14;2;3;5;2;0;0;1;1;0;0;0;0;346004,762000000104308;5700261,434000000357628;6,784599417000038;51,432597226000041;1
33139;5230327500200346015;5;1;11;0;2023;3;18;2;3;1;7;0;0;1;1;0;0;0;0;347206,536399999633431;5681218,947300000116229;6,810049378000031;51,261818878000042;1
33140;5230327500200346014;5;1;11;0;2023;3;14;2;3;6;7;0;0;1;0;1;0;0;0;346329,041100000031292;5679796,899100000038743;6,798093130000041;51,248805262000076;1
33143;5230327500200071876;5;1;11;0;2023;3;16;2;3;5;3;0;0;1;1;0;0;0;0;345191,516099999658763;5679121,909199999645352;6,782098790000020;51,242432602000065;1
33144;5230327411232581991;5;7;74;32;2023;3;17;2;3;5;3;0;1;1;1;0;0;0;0;478759,589499999769032;5731247,271600000560284;8,692435669000076;51,731742307000047;1
33147;5230327410120296822;5;7;70;32;2023;3;8;2;2;0;1;0;0;1;0;0;0;0;0;494612,430399999953806;5787762,106100000441074;8,921098748000077;52,240242126000055;1
33148;5230327406110287173;5;7;58;12;2023;3;18;2;3;0;3;0;0;1;1;0;0;0;0;474208,248900000005960;5775546,789699999615550;8,623212007000063;52,129842664000080;1
33149;5230327405228087143;5;7;54;28;2023;3;7;2;3;7;2;1;0;1;1;0;0;0;0;452355,047000000253320;5743451,106000000610948;8,308439805000035;51,839840082000080;1
33150;5230327405220990836;5;7;54;32;2023;3;7;2;3;0;3;1;0;1;1;0;0;0;0;461737,564399999566376;5742753,563699999824166;8,444695205000073;51,834290410000051;1
33152;5230327405108990833;5;7;54;8;2023;3;19;2;3;5;3;0;0;1;1;0;0;0;0;460054,724000000394881;5751151,145999999716878;8,419301739000048;51,909672671000067;1
33153;5230327404302196926;5;7;66;8;2023;3;12;2;3;3;2;0;0;1;1;0;0;0;0;486268,720599999651313;5772158,097100000828505;8,799536728000021;52,099807150000061;1
33154;5230327400200990837;5;7;11;0;2023;3;16;2;3;0;7;0;1;1;0;0;0;0;1;467096,524400000460446;5764125,222400000318885;8,520423072000028;52,026779119000082;1
33156;5230327400100090763;5;7;11;0;2023;3;7;2;3;5;3;1;0;1;1;0;0;0;0;471590,765999999828637;5766605,009999999776483;8,585719802000028;52,049322465000046;1
33163;5230327303100094307;5;9;15;0;2023;3;16;2;3;3;6;0;0;1;0;0;0;0;0;417576,269000000320375;5725704,771199999377131;7,807932471000072;51,676261171000078;1
33173;5230327301101696737;5;9;13;0;2023;3;15;2;3;3;7;0;0;1;1;0;0;0;0;393120,986700000241399;5707241,841199999675155;7,459989061000044;51,506189447000054;1
33174;5230327301101080687;5;9;13;0;2023;3;8;2;3;5;3;0;0;1;1;0;0;0;0;394679,347000000067055;5708077,969000000506639;7,482185038000068;51,513997622000034;1
33176;5230327300500877743;5;9;11;0;2023;3;14;2;3;6;6;0;0;1;0;1;0;0;0;376751,752000000327826;5699923,520199999213219;7,226792155000055;51,437083502000064;1
33179;5230326702100860670;5;5;15;0;2023;3;21;1;2;0;1;2;1;1;0;0;0;0;0;398789,003800000064075;5754099,146700000390410;7,528015622000055;51,928407609000033;1
33181;5230326701930949480;5;5;62;36;2023;3;14;1;3;6;4;0;1;1;0;1;0;0;0;389982,247600000351667;5720327,207599999383092;7,410685546000025;51,623200654000073;1
33193;5230327300700593741;5;9;16;0;2023;3;21;2;2;9;2;2;1;1;1;0;0;0;0;372293,491899999789894;5709946,844299999997020;7,159060296000064;51,526176859000032;1
33204;5230326514110990858;5;1;66;32;2023;3;3;1;2;0;1;2;1;1;0;0;0;0;0;317819,116700000129640;5679369,035099999979138;6,390219365000064;51,236569278000047;1
33219;5230406307000795828;5;9;62;40;2023;4;12;5;2;6;4;0;0;1;0;1;0;0;0;419335,061900000087917;5696244,277000000700355;7,840117485000064;51,411672427000042;1
33231;5230325702100468135;5;5;15;0;2023;3;23;7;3;8;1;2;0;1;0;0;0;0;0;404752,876799999736249;5758299,687500000000000;7,613560303000042;51,967216226000062;1
33246;5230325605148099062;5;3;74;48;2023;3;12;7;3;0;7;0;0;1;1;0;0;0;0;391362,932000000029802;5644975,213099999353290;7,453543777000050;50,946149923000064;1
33261;5230325514111590932;5;1;66;32;2023;3;16;7;3;0;7;0;1;1;1;0;0;0;0;314676,399100000038743;5681444,747999999672174;6,344176293000032;51,254202309000050;1
33269;5230406709300187330;5;5;66;84;2023;4;22;5;3;0;1;2;1;1;0;0;0;0;0;386557,592699999921024;5777190,557099999859929;7,342543778000049;52,133575695000047;1
33270;5230325503100586892;5;1;24;0;2023;3;16;7;3;0;1;0;1;1;0;0;0;0;0;365281,617999999783933;5677429,855000000447035;7,070372768000027;51,232324707000032;1
33281;5230325406110970345;5;7;58;12;2023;3;15;7;2;6;6;0;0;1;0;1;0;0;0;474740,832999999634922;5775095,664699999615550;8,631025777000048;52,125811391000070;1
33282;5230325406110587131;5;7;58;12;2023;3;17;7;3;3;2;0;1;1;1;0;0;0;0;476626,616999999620020;5772635,719000000506639;8,658740803000057;52,103777916000070;1
33283;5230325405236378113;5;7;54;36;2023;3;12;7;3;5;3;0;0;1;1;0;0;0;0;471876,350899999961257;5751801,494100000709295;8,591097982000065;51,916242244000046;1
33284;5230325405108596860;5;7;54;8;2023;3;21;7;3;0;1;2;1;1;0;0;0;0;0;459029,325199999846518;5749779,396700000390410;8,404559111000026;51,897265310000080;1
33285;5230325404102087180;5;7;66;40;2023;3;9;7;3;5;3;0;0;1;1;0;0;0;0;485764,277300000190735;5760282,222500000149012;8,792667098000038;51,993020450000074;1
33301;5230325307000090513;5;9;62;4;2023;3;13;7;3;0;1;0;1;1;0;0;0;0;0;407347,402800000272691;5684094,985500000417233;7,670958046000067;51,300623906000055;1
33308;5230325301202773412;5;9;13;0;2023;3;14;7;3;1;5;0;1;1;1;0;0;0;0;393191,960799999535084;5709398,363500000908971;7,460357804000068;51,525586670000052;1
33309;5230325300200478233;5;9;11;0;2023;3;18;7;3;5;2;1;1;1;1;0;0;0;0;370809,028699999675155;5706082,868000000715256;7,139088940000022;51,491113791000032;1
33312;5230324709700068286;5;5;66;56;2023;3;20;6;3;0;1;2;0;1;0;0;0;0;0;417195,055599999614060;5796866,555400000885129;7,785228108000069;52,315876301000060;1
33314;5230324709300990871;5;5;66;36;2023;3;16;6;3;0;7;0;1;1;1;0;0;0;0;387078,548000000417233;5768437,801999999210238;7,353051713000070;52,055020605000038;1
33316;5230324706000695003;5;5;58;8;2023;3;16;6;3;5;2;0;1;1;1;0;0;0;0;383034,377000000327826;5759568,790999999269843;7,297125159000075;51,974476348000053;1
33321;5230324702100990825;5;5;15;0;2023;3;13;6;3;5;3;0;0;1;0;0;0;0;1;405723,528800000436604;5753794,691899999976158;7,628920468000047;51,926888724000037;1
33322;5230324702100076652;5;5;15;0;2023;3;17;6;3;5;3;0;1;1;1;0;0;0;0;403033,780399999581277;5758703,831499999389052;7,588430718000041;51,970551561000036;1
33324;5230324701610180918;5;5;62;12;2023;3;21;6;3;5;3;2;0;1;1;0;0;0;0;359291,409699999727309;5725821,326799999922514;6,965384745000051;51,665733965000072;1
33330;5230404610212085746;5;3;70;40;2023;4;15;3;3;0;6;0;0;1;0;0;1;0;0;310082,409099999815226;5671467,398800000548363;6,283700578000037;51,163073960000077;1
33351;5230324601300990872;5;3;15;0;2023;3;14;6;3;5;3;0;0;1;1;0;0;0;0;349358,239199999719858;5643148,868699999526143;6,856743985000037;50,920293224000034;1
33362;5230324516800395744;5;1;58;20;2023;3;14;6;3;4;6;0;0;1;0;0;0;0;1;355261,976300000213087;5664800,486300000920892;6,932039367000073;51,116379467000058;1
33366;5230324516500186884;5;1;58;16;2023;3;5;6;3;5;2;2;1;1;1;0;0;0;0;356602,610100000165403;5671022,522900000214577;6,948702779000030;51,172630955000045;1
33371;5230324515111056474;5;1;54;8;2023;3;20;6;2;5;3;2;1;1;1;0;0;0;0;309569,258200000040233;5746174,484899999573827;6,236051107000037;51,833878560000073;1
33373;5230324513210069130;5;1;62;24;2023;3;8;6;3;5;3;0;0;1;1;0;0;0;0;338533,732099999673665;5673105,435599999502301;6,689504561000035;51,186530048000066;1
33377;5230324508000082215;5;1;19;0;2023;3;18;6;3;3;2;1;1;1;1;0;0;0;0;351637,237399999983609;5704235,547900000587106;6,863900959000034;51,469809648000080;1
33378;5230324506100990877;5;1;16;0;2023;3;14;6;3;5;3;0;0;1;1;0;0;0;0;322014,599999999627471;5668595,340700000524521;6,455594614000063;51,141109859000039;1
33379;5230324506100990870;5;1;16;0;2023;3;17;6;3;0;3;0;1;1;1;0;0;0;0;318549,804499999620020;5667326,502499999478459;6,406756151000025;51,128624289000072;1
33382;5230324503400786744;5;1;22;0;2023;3;13;6;3;5;7;0;0;1;1;0;0;0;0;361117,740899999625981;5670600,686899999156594;7,013412308000056;51,169954359000030;1
33384;5230324502407086220;5;1;17;0;2023;3;15;6;2;8;1;0;0;1;0;0;0;0;0;354051,247000000439584;5692892,233999999240041;6,903302906000022;51,368508531000032;1
33389;5230324501222986018;5;1;12;0;2023;3;18;6;3;4;7;0;0;1;0;0;0;0;0;341517,371000000275671;5703069,515000000596046;6,718839919000061;51,456589660000077;1
33398;5230324411232979433;5;7;74;32;2023;3;7;6;3;4;6;0;1;1;0;0;0;0;0;479923,553700000047684;5735818,285800000652671;8,709025822000058;51,772884215000033;1
33416;5230324315210071484;5;9;70;24;2023;3;14;6;3;5;3;0;0;1;1;0;0;0;0;430288,123999999836087;5645941,566999999806285;8,007347775000028;50,960861034000061;1
33425;5230324301205273417;5;9;13;0;2023;3;23;6;3;8;1;2;0;1;0;0;0;0;0;389291,820500000379980;5714845,289499999955297;7,402445952000051;51,573793366000075;1
33427;5230324300600295822;5;9;11;0;2023;3;17;6;3;0;5;0;1;1;1;0;0;0;0;375304,714399999938905;5705871,921700000762939;7,203886021000073;51,490227305000076;1
33432;5230323702100464165;5;5;15;0;2023;3;13;5;3;5;3;0;1;1;0;0;0;0;1;406413,092899999581277;5757310,102800000458956;7,637989019000031;51,958603371000038;1
33434;5230323701400189486;5;5;12;0;2023;3;15;5;3;5;3;0;0;1;1;0;0;0;0;355492,518099999986589;5710244,010500000789762;6,916907931000026;51,524798114000077;1
33437;5230323610113189833;5;3;70;24;2023;3;6;5;3;5;3;0;0;1;1;0;0;0;0;282720,168899999931455;5655991,606899999082088;5,902233590000037;51,014379246000033;1
33443;5230323606100599184;5;3;78;4;2023;3;15;5;3;5;2;0;0;1;1;0;0;0;0;367267,105999999679625;5650813,337999999523163;7,108588923000070;50,993576823000069;1
33445;5230329405108096968;5;7;54;8;2023;3;20;4;3;0;1;2;0;1;0;0;0;0;0;457735,922299999743700;5748927,835899999365211;8,385867169000051;51,889512663000062;1
33459;5230323601200799004;5;3;15;0;2023;3;17;5;3;4;6;0;0;1;0;0;0;0;0;357175,508100000210106;5638784,762199999764562;6,969594614000073;50,883060980000039;1
33465;5230323515212585967;5;1;54;32;2023;3;6;5;3;5;2;0;0;1;1;0;0;0;0;310031,289599999785423;5717975,462500000372529;6,258114001000024;51,580779127000028;1
33469;5230323513210881443;5;1;62;24;2023;3;8;5;3;5;3;0;0;1;1;0;0;0;0;338775,552000000141561;5671054,720000000670552;6,693881751000049;51,168172763000030;1
33472;5230403500200373973;5;1;11;0;2023;4;20;2;3;0;1;0;0;1;0;0;0;0;0;347177,331799999810755;5677442,108699999749660;6,811243267000066;51,227874079000060;1
33474;5230323506100011613;5;1;16;0;2023;3;15;5;3;5;2;0;0;1;0;0;0;0;1;320930,730100000277162;5669512,105000000447035;6,439660704000062;51,149007471000061;1
33477;5230323501325872157;5;1;12;0;2023;3;11;5;3;5;2;0;1;1;1;0;0;0;0;344778,553999999538064;5693390,199999999254942;6,769979257000045;51,370524242000045;1
33484;5230323411132176341;5;7;74;32;2023;3;10;5;3;8;1;0;0;1;0;0;0;0;0;484704,728000000119209;5730092,307000000029802;8,778572079000071;51,721551419000036;1
33485;5230323410110876118;5;7;70;24;2023;3;8;5;3;5;2;0;0;1;1;0;0;0;0;493830,562199999578297;5792350,806800000369549;8,909564378000027;52,281488848000038;1
33493;5230323513120180711;5;1;62;20;2023;3;6;5;3;0;7;0;1;1;0;0;0;0;0;332286,349999999627471;5671177,302200000733137;6,601090009000075;51,167408272000046;1
33494;5230323317110518465;5;9;78;36;2023;3;7;5;3;5;2;0;0;1;1;0;0;0;0;408267,564299999736249;5710101,736400000751019;7,677422611000054;51,534559821000073;1
33499;5230323303100080651;5;9;15;0;2023;3;12;5;3;5;3;0;1;1;1;0;0;0;0;418079,767699999734759;5728995,749399999156594;7,814439992000075;51,705919109000035;1
33511;5230323300000493854;5;9;11;0;2023;3;11;5;3;6;6;0;1;1;0;1;0;0;0;376428,020999999716878;5705171,591000000014901;7,220302851000042;51,484179759000028;1
33512;5230322711400787403;5;5;70;28;2023;3;6;4;3;5;3;0;0;1;0;0;0;0;0;441469,135499999858439;5742620,302200000733137;8,150589795000030;51,831335998000043;1
33513;5230322711200691797;5;5;70;40;2023;3;19;4;3;3;6;2;0;1;1;0;0;0;0;414774,395800000056624;5750075,325099999085069;7,761434041000030;51,894914689000075;1
33517;5230322709300291781;5;5;66;84;2023;3;12;4;3;5;2;0;0;1;1;0;0;0;0;390145,877999999560416;5775418,618000000715256;7,395520163000072;52,118375877000062;1
33521;5230322702100979224;5;5;15;0;2023;3;10;4;2;0;3;0;0;1;1;0;0;0;0;404661,644600000232458;5758306,200300000607967;7,612230918000023;51,967259125000055;1
33522;5230322702100574756;5;5;15;0;2023;3;7;4;3;3;6;0;0;1;0;0;0;0;0;404938,107099999673665;5759097,544700000435114;7,616034764000062;51,974419377000061;1
33525;5230322701610347125;5;5;62;12;2023;3;7;4;2;5;2;0;0;1;0;0;0;1;0;362863,708899999968708;5731851,362999999895692;7,014635311000063;51,720803248000038;1
33531;5230322608100185695;5;3;34;2;2023;3;14;4;3;5;3;0;0;1;1;0;0;0;0;295209,047600000165403;5628381,465299999341369;6,095511037000051;50,770993904000079;1
33534;5230322606400093356;5;3;78;28;2023;3;13;4;3;2;2;0;0;1;0;0;0;1;0;372714,561999999918044;5641252,696599999442697;7,189514021000036;50,908875721000072;1
33539;5230322601700078642;5;3;16;0;2023;3;17;4;3;5;3;0;0;1;1;0;0;0;0;361964,078999999910593;5656301,321599999442697;7,030980285000055;51,041650763000064;1
33547;5230322601300090427;5;3;15;0;2023;3;12;4;2;0;3;0;0;1;0;0;0;1;0;350308,878800000064075;5647395,159099999815226;6,868514529000038;50,958699360000026;1
33556;5230322514215149604;5;1;66;28;2023;3;12;4;3;5;3;0;0;1;1;0;0;0;0;325166,901999999769032;5687493,563100000843406;6,491393696000046;51,311854323000034;1
33557;5230324500200295694;5;1;11;0;2023;3;6;6;3;0;1;2;1;1;0;0;0;0;0;346509,479000000283122;5680015,314999999478459;6,800582863000045;51,250816423000060;1
33559;5230322513210490850;5;1;62;24;2023;3;14;4;3;7;1;0;0;1;0;0;0;0;0;337892,876000000163913;5674211,149000000208616;6,679843195000046;51,196283309000080;1
33561;5230322513210075525;5;1;62;24;2023;3;13;4;3;3;2;0;0;1;0;0;0;0;0;338324,460099999792874;5671910,541899999603629;6,687050212000031;51,175734914000031;1
33567;5230322501319673964;5;1;12;0;2023;3;12;4;3;5;3;0;0;1;1;0;0;0;0;344645,251000000163913;5697416,995999999344349;6,766303898000047;51,406668817000082;1
33570;5230322500200001053;5;1;11;0;2023;3;17;4;3;5;3;0;0;1;0;0;0;0;1;345349,565999999642372;5679130,455000000074506;6,784357622000073;51,242552257000057;1
33572;5230322411132347883;5;7;74;32;2023;3;6;4;3;5;2;1;0;1;1;0;0;0;0;481728,228600000031292;5726681,589999999850988;8,735660877000043;51,690795497000067;1
33573;5230322407324087110;5;7;62;12;2023;3;15;4;2;7;5;0;1;1;1;0;0;0;0;511285,658400000073016;5711112,299100000411272;9,162769450000042;51,550988070000074;1
33574;5230322405108082110;5;7;54;8;2023;3;22;4;3;2;6;2;0;1;1;0;0;0;0;457084,928999999538064;5749914,865000000223517;8,376285436000046;51,898336892000032;1
33580;5230322317250185065;5;9;78;32;2023;3;16;4;3;0;1;0;0;1;0;0;0;0;0;398322,603299999609590;5723459,835599999874830;7,530215615000031;51,652927257000044;1
33591;5230322303100576640;5;9;15;0;2023;3;16;4;3;3;2;0;0;1;1;0;0;0;0;418128,383000000379980;5725243,831000000238419;7,816023733000065;51,672198284000046;1
33594;5230324313110587296;5;9;58;4;2023;3;17;6;2;5;3;0;1;1;1;0;0;0;0;429644,833999999798834;5697249,043500000610948;7,988135775000046;51,422078840000040;1
33601;5230410406130287000;5;7;58;8;2023;4;17;2;3;5;3;0;0;1;1;0;0;0;0;472294,901999999769032;5777761,868000000715256;8,595080373000030;52,149664755000060;1
33604;5230322301101550855;5;9;13;0;2023;3;9;4;3;5;3;0;0;1;1;0;0;0;0;394161,177000000141561;5708459,990000000223517;7,474605621000023;51,517334583000036;1
33608;5230331502135677684;5;1;13;0;2023;3;15;6;3;4;6;0;1;1;1;0;0;0;0;366362,384999999776483;5703492,483999999240041;7,076056205000043;51,466801366000027;1
33610;5230321709500776680;5;5;66;76;2023;3;20;3;3;0;1;2;0;1;0;0;0;0;0;393241,161999999545515;5791602,611999999731779;7,435611780000045;52,264432986000031;1
33615;5230321705000181394;5;5;54;20;2023;3;20;3;3;1;5;2;0;1;1;0;0;0;0;362852,464499999769032;5786791,500700000673532;6,992527664000022;52,214467598000056;1
33619;5230321702100776700;5;5;15;0;2023;3;15;3;3;0;5;0;0;1;0;0;0;0;1;404642,813299999572337;5755255,951899999752641;7,612803348000057;51,939839071000051;1
33621;5230321701920689735;5;5;62;28;2023;3;8;3;2;0;1;0;1;1;0;0;0;0;0;378150,292700000107288;5723434,045600000768900;7,238762526000073;51,648685225000065;1
33623;5230321701110095113;5;5;62;32;2023;3;11;3;3;1;5;0;1;1;1;0;0;0;1;375338,010599999688566;5719892,553999999538064;7,199395727000024;51,616241067000033;1
33624;5230321700000475453;5;5;13;0;2023;3;7;3;3;5;3;0;1;1;1;0;0;0;0;367622,465900000184774;5708633,494799999520183;7,092258435000076;51,513298552000037;1
33631;5230321607200895335;5;3;82;20;2023;3;6;3;2;8;1;0;1;1;0;0;0;0;0;378123,990600000135601;5624026,022700000554323;7,272146335000059;50,755198653000036;1
33633;5230321602700190438;5;3;62;28;2023;3;16;3;3;5;3;0;0;1;1;0;0;0;0;346355,394000000320375;5638343,108699999749660;6,816075756000032;50,876316381000038;1
33645;5230321601600686463;5;3;15;0;2023;3;8;3;3;0;3;0;1;1;1;0;0;0;0;358963,371000000275671;5644686,768999999389052;6,992713358000060;50,936542226000029;1
33647;5230321601400381773;5;3;15;0;2023;3;14;3;3;5;3;0;0;1;1;0;0;0;0;354207,166299999691546;5653674,856200000271201;6,921463738000057;51,016132009000046;1
33649;5230321601200990912;5;3;15;0;2023;3;17;3;3;0;1;0;0;1;0;0;0;0;0;354046,030899999663234;5636322,073899999260902;6,926119277000055;50,860147235000056;1
33654;5230321600140095400;5;3;14;0;2023;3;8;3;3;5;3;0;1;1;1;0;0;0;0;367868,830400000326335;5622611,326600000262260;7,127344635000043;50,740239213000052;1
33660;5230321506100011660;5;1;16;0;2023;3;11;3;3;0;1;0;0;1;0;0;0;0;0;318837,765100000426173;5670237,361700000241399;6,409402990000046;51,154863932000069;1
33682;5230321500200878700;5;1;11;0;2023;3;13;3;3;5;2;0;1;1;0;0;0;0;1;345522,773299999535084;5679292,896500000730157;6,786767055000041;51,244058790000054;1
33683;5230321500200781014;5;1;11;0;2023;3;8;3;3;5;3;0;1;1;1;0;0;0;0;345464,466000000014901;5679424,767999999225140;6,785875422000061;51,245227915000044;1
33684;5230321500100001792;5;1;11;0;2023;3;8;3;3;3;6;0;0;1;0;0;0;0;0;345508,564000000245869;5677484,515000000596046;6,787343572000054;51,227805871000044;1
33685;5230321410260282027;5;7;70;36;2023;3;8;3;3;0;3;0;1;1;1;0;0;0;0;465324,578599999658763;5795179,078400000929832;8,491424547000065;52,305856243000051;1
33693;5230504601600186593;5;3;15;0;2023;5;13;5;3;7;1;0;0;1;0;0;0;0;0;358991,186999999918044;5644712,263000000268221;6,993099120000068;50,936778144000073;1
33694;5230504601500858643;5;3;15;0;2023;5;8;5;3;5;2;0;0;1;1;0;0;0;0;363288,114000000059605;5648553,336999999359250;7,052773971000022;50,972334018000026;1
33695;5230504601400278454;5;3;15;0;2023;5;12;5;3;5;2;0;0;1;0;0;0;0;0;356289,596599999815226;5648107,946299999952316;6,953334468000037;50,966627685000049;1
33696;5230504601100990613;5;3;15;0;2023;5;7;5;3;6;4;0;0;1;0;1;0;0;0;355286,090699999593198;5644185,958200000226498;6,940611465000075;50,931130502000030;1
33698;5230504600310769522;5;3;14;0;2023;5;10;5;3;0;1;0;0;1;0;0;0;0;0;363734,982300000265241;5619422,116200000047684;7,069970177000073;50,710619865000069;1
33699;5230504600140395350;5;3;14;0;2023;5;16;5;3;2;6;0;0;1;1;0;0;0;0;370623,088000000454485;5619393,788799999281764;7,167487183000048;50,711939145000031;1
33700;5230504516300479338;5;1;58;28;2023;5;16;5;3;0;1;0;0;1;0;0;0;0;0;349630,105999999679625;5684696,643600000068545;6,843295791000060;51,293712834000075;1
33703;5230504505200985880;5;1;14;0;2023;5;12;5;2;0;1;0;0;1;0;0;0;0;0;330139,890999999828637;5694966,728000000119209;6,559112461000041;51,380497883000032;1
33705;5230504505100385896;5;1;14;0;2023;5;17;5;3;0;1;0;0;1;0;0;0;0;0;331292,501099999994040;5689362,441500000655651;6,578317065000022;51,330493216000036;1
33710;5230504502407791521;5;1;17;0;2023;5;13;5;3;0;1;0;0;1;0;0;0;0;0;352753,671199999749660;5696916,418999999761581;6,883006972000032;51,404333964000045;1
33711;5230504502404672165;5;1;17;0;2023;5;15;5;3;5;3;0;0;1;1;0;0;0;0;352815,435399999842048;5702796,225600000470877;6,881451114000072;51,457184111000061;1
33723;5230504500100578077;5;1;11;0;2023;5;22;5;3;3;2;2;0;1;1;0;0;0;0;346127,298000000417233;5677002,117000000551343;6,796405256000071;51,223638426000036;1
33724;5230504500100071983;5;1;11;0;2023;5;20;5;3;6;7;1;0;1;0;1;0;0;0;344325,748300000093877;5677301,627900000661612;6,770496197000057;51,225841192000075;1
33727;5230504411220970344;5;7;74;20;2023;5;15;5;2;5;3;0;0;1;1;0;0;0;0;474512,611999999731779;5731670,854000000283122;8,630909037000038;51,735373788000061;1
33730;5230504410230290784;5;7;70;4;2023;5;9;5;3;0;1;0;0;1;0;0;0;0;0;486451,245000000111759;5781785,672000000253320;8,801817540000059;52,186370146000058;1
33736;5230504405148793910;5;7;54;48;2023;5;15;5;3;3;2;0;0;1;1;0;0;0;0;441106,238699999637902;5765678,582200000062585;8,141376107000042;52,038593001000038;1
33740;5230504400300686233;5;7;11;0;2023;5;13;5;3;5;3;0;0;1;1;0;0;0;0;465865,021999999880791;5757032,220000000670552;8,503180659000066;51,962934151000070;1
33742;5230504317210418792;5;9;78;20;2023;5;11;5;3;5;3;0;0;1;1;0;0;0;0;406518,765700000338256;5716463,441299999132752;7,650524324000060;51,591459176000058;1
33743;5230504317140051335;5;9;78;28;2023;5;14;5;3;0;3;0;0;1;1;0;0;0;0;400166,769999999552965;5700565,934599999338388;7,563362358000063;51,447468914000069;1
33744;5230504317110877832;5;9;78;16;2023;5;15;5;3;5;3;0;0;1;1;0;0;0;0;405315,762600000016391;5706771,434699999168515;7,635771853000051;51,504135875000031;1
33746;5230504314220093720;5;9;66;12;2023;5;12;5;3;2;6;0;0;1;0;0;0;0;0;427848,918200000189245;5672697,240100000053644;7,967278558000032;51,201118851000047;1
33753;5230504303100773330;5;9;15;0;2023;5;18;5;3;5;2;0;0;1;0;0;0;0;0;422800,258100000210106;5727998,425499999895692;7,882961923000039;51,697622846000058;1
33757;5230504301201785547;5;9;13;0;2023;5;18;5;3;5;2;0;0;1;1;0;0;0;0;387047,471699999645352;5709168,509700000286102;7,371895870000060;51,522325162000072;1
33758;5230504301103154085;5;9;13;0;2023;5;18;5;3;5;3;0;0;1;1;0;0;0;0;390718,000000000000000;5706048,000000000000000;7,425748366000050;51,494999214000075;1
33763;5230504300700789585;5;9;16;0;2023;5;19;5;3;8;1;1;0;1;0;0;0;0;0;370955,366600000299513;5710456,676100000739098;7,139594782000074;51,530454495000072;1
33764;5230504300100936393;5;9;11;0;2023;5;0;5;3;3;2;2;0;1;1;0;0;0;0;376576,566700000315905;5704439,537699999287724;7,222696945000052;51,477632921000065;1
33765;5230503711300881008;5;5;70;48;2023;5;13;4;3;3;6;0;0;1;0;0;0;1;0;445791,623200000263751;5723902,810399999842048;8,216229717000033;51,663492605000044;1
33768;5230503709300091743;5;5;66;84;2023;5;15;4;3;4;2;0;0;1;0;0;0;0;0;386134,405000000260770;5778688,562999999150634;7,335861789000035;52,146951158000036;1
33774;5230503702100990614;5;5;15;0;2023;5;13;4;3;3;6;0;0;1;0;0;0;0;0;406950,412100000306964;5756951,512000000104308;7,645903614000076;51,955470351000031;1
33776;5230503702100274638;5;5;15;0;2023;5;12;4;3;5;3;0;0;1;1;0;0;0;0;406915,828300000168383;5755783,211899999529123;7,645716908000054;51,944963274000031;1
33778;5230503701300796188;5;5;62;14;2023;5;20;4;2;5;3;0;0;1;1;0;0;0;0;361004,872000000439584;5715029,313899999484420;6,994425331000059;51,569183157000055;1
33780;5230503609108167502;5;3;58;8;2023;5;8;4;3;4;6;0;0;1;0;0;0;0;0;323309,672299999743700;5626444,518500000238419;6,494544837000035;50,762832259000049;1
33782;5230503709500511962;5;5;66;76;2023;5;14;4;2;5;3;0;0;1;1;0;0;0;0;396369,472000000067055;5788267,346999999135733;7,482458061000045;52,235055914000043;1
33787;5230503607200095270;5;3;82;20;2023;5;16;4;2;4;6;0;0;1;0;0;0;0;0;380628,143000000156462;5623823,027000000700355;7,307697181000037;50,753894400000036;1
33799;5230503601100193407;5;3;15;0;2023;5;10;4;2;6;6;0;0;1;0;1;0;0;0;355736,270100000314415;5643632,660800000652671;6,947232411000073;50,926270882000040;1
33805;5230503518401189512;5;1;70;36;2023;5;17;4;3;5;3;0;0;1;1;0;0;0;0;354407,425999999977648;5723659,191999999806285;6,895714182000063;51,645062126000028;1
33810;5230503518100644767;5;1;70;48;2023;5;6;4;3;3;6;0;0;1;0;0;0;0;0;336098,117800000123680;5724328,297199999913573;6,631001764000075;51,646035450000056;1