OID_;UIDENTSTLAE;ULAND;UREGBEZ;UKREIS;UGEMEINDE;UJAHR;UMONAT;USTUNDE;UWOCHENTAG;UKATEGORIE;UART;UTYP1;ULICHTVERH;IstStrassenzustand;IstRad;IstPKW;IstFuss;IstKrad;IstGkfz;IstSonstige;LINREFX;LINREFY;XGCSWGS84;YGCSWGS84;PLST
33813;5230503515211622042;5;1;54;16;2023;5;19;4;3;5;3;0;0;1;1;0;0;0;0;302767,297000000253320;5728393,968000000342727;6,147541147000027;51,671846914000071;1
33816;5230503513210391337;5;1;62;24;2023;5;11;4;3;0;1;0;0;1;0;0;0;0;0;337026,546799999661744;5676087,439999999478459;6,666602759000057;51,212894839000057;1
33817;5230503513210391230;5;1;62;24;2023;5;15;4;3;5;3;0;0;1;1;0;0;0;0;341960,592899999581277;5672074,540799999609590;6,738953141000025;51,178224985000043;1
33824;5230503506100074091;5;1;16;0;2023;5;16;4;3;5;3;0;0;1;1;0;0;0;0;320312,361100000329316;5671437,994100000709295;6,429867071000047;51,166114347000075;1
33825;5230503505100972144;5;1;14;0;2023;5;9;4;3;3;6;0;0;1;1;0;0;0;0;331741,688299999572337;5689618,825099999085069;6,584637599000075;51,332929637000063;1
33827;5230503503400893454;5;1;22;0;2023;5;17;4;3;3;2;0;0;1;1;0;0;0;0;359291,383000000379980;5670396,395999999716878;6,987384982000037;51,167672048000043;1
33831;5230503502101796146;5;1;13;0;2023;5;13;4;3;5;3;0;0;1;1;0;0;0;0;361532,507100000046194;5702204,648700000718236;7,007070537000061;51,454067305000081;1
33834;5230503701920989504;5;5;62;28;2023;5;8;4;3;5;3;0;0;1;1;0;0;0;0;380068,835699999704957;5722360,031300000846386;7,266847880000057;51,639445158000058;1
33835;5230503501325763698;5;1;12;0;2023;5;17;4;3;5;3;0;0;1;1;0;0;0;0;345205,503999999724329;5693462,281999999657273;6,776076761000070;51,371288449000076;1
33844;5230503500100641014;5;1;11;0;2023;5;17;4;2;6;6;0;0;1;1;1;0;0;0;346974,789699999615550;5675303,038399999961257;6,809257569000067;51,208599023000033;1
33847;5230503702100772447;5;5;15;0;2023;5;7;4;3;5;3;0;0;1;0;0;0;0;0;405326,385800000280142;5750760,753299999982119;7,623980481000046;51,899550780000027;1
33853;5230503405228082050;5;7;54;28;2023;5;18;4;2;5;3;0;0;1;1;0;0;0;0;451481,483799999579787;5746672,508700000122190;8,295308917000057;51,868726887000037;1
33854;5230503400200976174;5;7;11;0;2023;5;6;4;3;4;2;0;0;1;1;0;0;0;0;468927,031999999657273;5764725,506999999284744;8,547047754000062;52,032281628000078;1
33855;5230503400200287123;5;7;11;0;2023;5;16;4;3;0;3;0;0;1;1;0;0;0;0;467468,263500000350177;5763063,501900000497699;8,525941990000035;52,017255525000053;1
33860;5230503315210335103;5;9;70;24;2023;5;18;4;3;3;7;0;0;1;1;0;0;0;0;426982,131400000303984;5645053,460400000214577;7,960458859000028;50,952466472000026;1
33867;5230503300300093816;5;9;11;0;2023;5;15;4;2;0;1;0;0;1;0;0;0;0;0;379365,844999999739230;5706343,914000000804663;7,262191893000022;51,495350421000069;1
33869;5230502711300885568;5;5;70;8;2023;5;11;3;3;6;4;0;0;1;0;1;0;0;0;433870,025600000284612;5734669,398499999195337;8,041842067000061;51,759009263000053;1
33876;5230502702100472447;5;5;15;0;2023;5;10;3;3;2;2;0;0;1;0;0;0;0;0;405396,834499999880791;5755983,937799999490380;7,623568642000066;51,946511249000082;1
33877;5230502702100364312;5;5;15;0;2023;5;15;3;3;5;3;0;0;1;1;0;0;0;0;405485,683899999596179;5756994,718399999663234;7,624582980000071;51,955611694000027;1
33880;5230502700000595114;5;5;13;0;2023;5;7;3;3;3;6;0;0;1;1;0;0;0;0;369434,855000000447035;5715488,506899999454618;7,115818674000025;51,575324922000050;1
33886;5230502608100533491;5;3;34;2;2023;5;8;3;3;5;3;0;0;1;1;0;0;0;0;292238,009499999694526;5630274,362199999392033;6,052363343000025;50,786937592000072;1
33890;5230502601600990621;5;3;15;0;2023;5;11;3;3;5;2;0;0;1;0;0;0;1;0;359073,792999999597669;5644753,544999999925494;6,994258069000068;50,937169342000061;1
33893;5230502601500926044;5;3;15;0;2023;5;8;3;3;0;5;0;1;1;0;0;0;1;1;359870,596499999985099;5647563,584899999201298;7,004509794000057;50,962617685000055;1
33894;5230502601500478517;5;3;15;0;2023;5;8;3;3;4;6;0;0;1;0;0;0;0;1;359306,689299999736249;5647736,808499999344349;6,996417819000044;50,964037027000074;1
33897;5230502601300779236;5;3;15;0;2023;5;12;3;3;6;3;0;0;1;0;1;0;0;0;354655,296400000341237;5646841,664799999445677;6,930581354000026;50,954837989000055;1
33899;5230502601200181745;5;3;15;0;2023;5;18;3;3;0;1;0;0;1;0;0;0;0;0;353476,915400000289083;5643042,865000000223517;6,915342999000075;50,920401175000052;1
33900;5230502601100124361;5;3;15;0;2023;5;16;3;3;6;3;0;0;1;0;1;0;0;0;355750,222299999557436;5644678,872500000521541;6,947016775000066;50,935676497000031;1
33901;5230502600140595280;5;3;14;0;2023;5;8;3;3;2;6;0;0;1;1;0;0;0;0;371596,506799999624491;5621831,390399999916553;7,180418771000063;50,734065109000028;1
33905;5230502518120495910;5;1;70;44;2023;5;7;3;3;5;3;0;0;1;1;0;0;0;0;337997,076799999922514;5719300,906899999827147;6,660749032000069;51,601419495000073;1
33910;5230502513310675921;5;1;62;8;2023;5;14;3;3;5;3;0;0;1;1;0;0;0;0;329835,150000000372529;5661784,062000000849366;6,570496280000043;51,082293583000080;1
33914;5230502501222879396;5;1;12;0;2023;5;18;3;3;5;7;0;0;1;1;0;0;0;0;340635,760999999940395;5701949,612999999895692;6,706665579000060;51,446280325000032;1
33921;5230502500100995638;5;1;11;0;2023;5;10;3;3;6;6;0;0;1;0;1;0;0;0;343374,323800000362098;5677976,066400000825524;6,756586674000062;51,231640921000064;1
33924;5230502410110540258;5;7;70;24;2023;5;18;3;2;8;1;0;0;1;0;0;0;0;0;490603,000099999830127;5794338,625299999490380;8,862197359000049;52,299314599000070;1
33925;5230502410110095680;5;7;70;24;2023;5;17;3;3;5;3;0;0;1;1;0;0;0;0;493384,483699999749660;5793939,460799999535084;8,902994289000048;52,295766459000049;1
33930;5230502400200704092;5;7;11;0;2023;5;12;3;3;3;2;0;0;1;1;0;0;0;0;469552,354299999773502;5764820,495699999853969;8,556154354000057;52,033170324000082;1
33931;5230502317120694486;5;9;78;16;2023;5;15;3;2;5;3;0;0;1;1;0;0;0;0;404032,519500000402331;5707310,836400000378489;7,617141606000075;51,508768150000037;1
33933;5230502316100082010;5;9;74;40;2023;5;7;3;3;5;2;0;0;1;1;0;0;0;0;439393,910299999639392;5713182,968699999153614;8,125593606000052;51,566462233000038;1
33934;5230502607100590870;5;3;82;40;2023;5;11;3;3;0;1;0;0;1;0;0;0;0;0;381564,470900000073016;5636175,944099999964237;7,316978849000066;50,865125616000057;1
33937;5230502606100681287;5;3;78;4;2023;5;16;3;3;5;2;0;0;1;1;0;0;0;0;368044,994199999608099;5649483,369999999180436;7,120150275000071;50,981802390000041;1
33938;5230502302130585311;5;9;14;0;2023;5;17;3;3;5;2;0;0;1;1;0;0;0;0;400297,212000000290573;5690724,742000000551343;7,568004781000070;51,359028821000038;1
33947;5230501711400081045;5;5;70;20;2023;5;17;2;3;5;3;0;0;1;1;0;0;0;0;436182,436599999666214;5745643,625299999490380;8,073320699000021;51,857936721000044;1
33957;5230501606700293481;5;3;78;20;2023;5;16;2;3;5;2;0;0;1;1;0;0;0;0;368854,121899999678135;5657279,677500000223517;7,128851696000027;51,052057993000062;1
33967;5230501601100066086;5;3;15;0;2023;5;12;2;3;6;6;0;0;1;0;1;0;0;0;356314,772199999541044;5644596,078199999406934;6,955078692000029;50,935073370000055;1
33968;5230501600140095374;5;3;14;0;2023;5;13;2;2;5;2;0;0;1;1;0;0;0;0;372891,167799999937415;5621946,972899999469519;7,198715582000034;50,735388794000073;1
33969;5230501516300881650;5;1;58;28;2023;5;17;2;3;0;1;0;0;1;0;0;0;0;0;349608,185999999754131;5684721,283600000664592;6,842971260000070;51,293928452000046;1
33972;5230501506100711206;5;1;16;0;2023;5;16;2;3;5;3;0;0;1;0;0;0;0;0;318598,695000000298023;5668270,444800000637770;6,406978943000070;51,137119282000072;1
33976;5230501502215095097;5;1;13;0;2023;5;19;2;3;5;3;0;0;1;1;0;0;0;0;361245,260099999606609;5700600,882899999618530;7,003567786000076;51,439584990000071;1
33980;5230503406110090710;5;7;58;12;2023;5;13;4;3;0;3;0;0;1;1;0;0;0;0;478126,314699999988079;5773827,251499999314547;8,680559966000033;52,114551910000046;1
33986;5230501410110190742;5;7;70;24;2023;5;22;2;3;4;2;2;1;1;1;0;0;0;0;493245,410299999639392;5793091,769500000402331;8,900972005000028;52,288143600000069;1
33987;5230504503200289982;5;1;24;0;2023;5;16;5;3;0;3;0;0;1;1;0;0;0;0;374568,929100000299513;5676473,053500000387430;7,203660975000048;51,225842294000074;1
33991;5230501406110896854;5;7;58;12;2023;5;15;2;3;0;3;0;0;1;1;0;0;0;0;476068,722699999809265;5771656,099400000646710;8,650664333000066;52,094946654000069;1
33999;5230501313110380675;5;9;58;4;2023;5;13;2;3;0;6;0;0;1;0;1;0;0;0;439687,402200000360608;5694073,856200000271201;8,133091081000032;51,394688954000060;1
34017;5230430706300296595;5;5;58;24;2023;4;13;1;3;7;1;0;0;1;0;0;0;0;0;389589,940000000409782;5736097,080000000074506;7,400029441000072;51,764862345000040;1
34020;5230430706000420578;5;5;58;20;2023;4;15;1;3;0;1;0;0;1;0;0;0;0;0;392726,163399999961257;5755475,592100000008941;7,439444496000021;51,939643360000048;1
34022;5230430705000181093;5;5;54;60;2023;4;15;1;3;8;1;0;0;1;0;0;0;0;0;353278,269600000232458;5757455,839800000190735;6,865107720000026;51,948433764000072;1
34024;5230430702100676693;5;5;15;0;2023;4;15;1;3;5;2;0;0;1;1;0;0;0;0;404413,284900000318885;5755368,883400000631809;7,609433984000020;51,940814761000070;1
34028;5230430701400694974;5;5;12;0;2023;4;17;1;3;0;1;0;0;1;0;0;0;0;0;356791,530299999751151;5711837,753299999982119;6,934972070000072;51,539450115000079;1
34036;5230430608332389787;5;3;34;32;2023;4;15;1;3;1;6;0;0;1;1;0;0;0;0;303379,667899999767542;5621657,520500000566244;6,214830967000069;50,713424469000074;1
34039;5230430608100463908;5;3;34;2;2023;4;17;1;3;0;1;0;0;1;0;0;0;0;0;295267,900899999774992;5628799,783299999311566;6,096111781000047;50,774771712000074;1
34041;5230430607400136847;5;3;82;68;2023;4;15;1;3;5;3;0;0;1;1;0;0;0;0;368325,624800000339746;5629690,077700000256300;7,131280791000052;50,803967297000042;1
34044;5230430607100890880;5;3;82;56;2023;4;18;1;2;0;1;0;0;1;0;0;0;0;0;373119,067200000397861;5627874,336699999868870;7,199899904000063;50,788716328000078;1
34048;5230430605112569526;5;3;74;12;2023;4;15;1;3;0;1;0;0;1;0;0;0;0;0;398361,236700000241399;5649585,530799999833107;7,551841610000054;50,988871644000028;1
34055;5230430601700293592;5;3;15;0;2023;4;12;1;3;6;4;0;0;1;0;1;0;0;0;364139,184600000269711;5641395,648199999704957;7,067557941000075;50,908205925000061;1
34058;5230430518320044812;5;1;70;52;2023;4;13;1;3;5;2;0;0;1;1;0;0;0;0;324323,126400000415742;5723896,804999999701977;6,461199449000048;51,638604605000069;1
34060;5230430516700389450;5;1;58;8;2023;4;12;1;3;5;3;0;0;1;1;0;0;0;0;362152,676599999889731;5674487,558900000527501;7,026715029000059;51,205135578000068;1
34061;5230430516100078845;5;1;58;12;2023;4;12;1;3;5;3;0;0;1;0;0;0;0;1;357363,071600000374019;5688037,033500000834465;6,952793257000053;51,325720138000065;1
34062;5230430515211095887;5;1;54;16;2023;4;16;1;3;8;1;0;0;1;0;0;0;0;0;300613,517900000326335;5725886,659399999305606;6,117864526000062;51,648570931000052;1
34064;5230430515210024822;5;1;54;20;2023;4;13;1;3;5;3;0;0;1;1;0;0;0;0;321148,533300000242889;5708092,106899999082088;6,423413825000068;51,495638579000058;1
34065;5230430515111691401;5;1;54;8;2023;4;12;1;2;0;1;0;0;1;0;0;0;0;0;306210,913300000131130;5749289,183299999684095;6,185624991000054;51,860694766000051;1
34066;5230430515110095876;5;1;54;36;2023;4;18;1;3;1;1;0;0;1;1;0;0;0;0;302169,963800000026822;5741713,145099999383092;6,131345826000029;51,791244770000048;1
34068;5230430514216089368;5;1;66;28;2023;4;15;1;3;3;2;0;0;1;0;0;0;0;0;321253,979799999855459;5685792,525900000706315;6,436160578000056;51,295358368000052;1
34075;5230430502322094981;5;1;13;0;2023;4;17;1;3;4;3;0;0;1;1;0;0;0;0;358792,282999999821186;5704448,135999999940395;6,966761496000061;51,473550765000027;1
34076;5230430502214695605;5;1;13;0;2023;4;16;1;3;9;1;0;0;1;0;0;0;0;0;363346,907399999909103;5694355,805500000715256;7,036194208000040;51,383974060000071;1
34085;5230430411224570344;5;7;74;24;2023;4;10;1;3;5;3;0;0;1;1;0;0;0;0;475148,962000000290573;5741929,861999999731779;8,639389411000025;51,827642301000026;1
34094;5230430400100190795;5;7;11;0;2023;4;17;1;3;0;1;0;0;1;0;0;0;0;0;469523,574699999764562;5767853,776499999687076;8,555464330000063;52,060439806000034;1
34098;5230430705000020897;5;5;54;20;2023;4;15;1;3;4;2;0;0;1;1;0;0;0;0;366338,655299999751151;5785820,416200000792742;7,043906907000064;52,206598728000074;1
34105;5230430301301966260;5;9;78;24;2023;4;17;1;3;5;3;0;0;1;1;0;0;0;0;398843,016999999992549;5716082,093000000342727;7,539865996000060;51,586705449000078;1
34106;5230430301301585020;5;9;78;24;2023;4;11;1;3;0;7;0;0;1;0;0;0;0;0;398844,684500000439584;5716080,696100000292063;7,539890459000048;51,586693192000041;1
34111;5230429705000195050;5;5;54;8;2023;4;12;7;3;5;3;0;1;1;1;0;0;0;0;335825,299999999813735;5746826,369000000879169;6,616442713000026;51,848069438000039;1
34113;5230429702100579138;5;5;15;0;2023;4;15;7;3;5;2;0;0;1;1;0;0;0;0;406312,810999999754131;5758811,163000000640750;7,636120482000024;51,972078707000037;1
34114;5230429702100462435;5;5;15;0;2023;4;21;7;2;9;7;2;0;1;0;0;0;0;0;410743,161999999545515;5753025,813799999654293;7,702100456000039;51,920804963000080;1
34115;5230429702100270563;5;5;15;0;2023;4;9;7;3;5;2;0;0;1;1;0;0;0;0;409067,086000000126660;5758603,712200000882149;7,676259884000046;51,970671490000029;1
34116;5230429702100087867;5;5;15;0;2023;4;16;7;2;0;1;0;0;1;0;0;0;0;0;406626,385999999940395;5756133,071000000461936;7,641412055000046;51,948059480000040;1
34117;5230429702000570612;5;5;15;0;2023;4;22;7;2;0;7;2;0;1;0;0;0;0;0;399772,603199999779463;5757061,498299999162555;7,541452331000073;51,955211595000037;1
34118;5230429701500245215;5;5;62;24;2023;4;16;7;3;5;2;0;0;1;1;0;0;0;0;373273,757500000298023;5725613,332000000402331;7,167524293000042;51,667192259000046;1
34129;5230429602500675614;5;3;62;24;2023;4;8;7;3;1;5;0;1;1;1;0;0;0;0;342972,720999999903142;5645609,382999999448657;6,764906468000049;50,940700519000075;1
34132;5230429601300990628;5;3;15;0;2023;4;12;7;3;5;3;0;0;1;1;0;0;0;0;347534,726900000125170;5647540,038200000301003;6,828982113000052;50,959273945000064;1
34136;5230429518110696111;5;1;70;12;2023;4;22;7;2;0;7;2;0;1;0;0;0;0;0;335292,046900000423193;5738182,386700000613928;6,612816057000032;51,770259788000033;1
34137;5230429516800195648;5;1;58;20;2023;4;9;7;3;0;7;0;0;1;0;0;0;0;0;354429,727099999785423;5665768,615100000053644;6,919766035000066;51,124868623000054;1
34148;5230429601100194853;5;3;15;0;2023;4;18;7;3;6;4;0;0;1;0;1;0;0;0;356140,336500000208616;5643302,927300000563264;6,953108144000055;50,923408512000037;1
34155;5230429406240295250;5;7;58;28;2023;4;19;7;3;3;6;0;0;1;1;0;0;0;0;463942,948499999940395;5783128,469499999657273;8,472448197000062;52,197429993000071;1
34156;5230429406130090780;5;7;58;8;2023;4;13;7;3;5;3;0;0;1;1;0;0;0;0;471423,102300000376999;5777473,779999999329448;8,582363312000041;52,147030275000077;1
34180;5230428700000291370;5;5;13;0;2023;4;22;6;1;1;7;2;1;1;0;0;0;0;1;366861,333499999716878;5712700,152100000530481;7,079758594000054;51,549665243000049;1
34184;5230428610121171730;5;3;70;12;2023;4;15;6;3;3;6;0;0;1;1;0;0;0;0;297219,589499999769032;5650245,431299999356270;6,111868328000071;50,968067283000039;1
34190;5230428606100052231;5;3;78;4;2023;4;19;6;2;0;7;0;0;1;0;0;0;0;0;366396,871299999766052;5650362,518799999728799;7,096361408000064;50,989323700000057;1
34194;5230428602700990704;5;3;62;28;2023;4;17;6;3;3;6;0;0;1;0;0;0;0;0;351847,341199999675155;5637315,564300000667572;6,894497881000063;50,868516234000026;1
34195;5230428602300895814;5;3;62;36;2023;4;14;6;3;5;2;0;0;1;1;0;0;0;0;345171,425300000235438;5648786,622300000861287;6,794825998000022;50,969845471000042;1
34199;5230428601400586484;5;3;15;0;2023;4;15;6;3;1;6;0;0;1;1;0;0;0;0;349799,082499999552965;5660101,813799999654293;6,855999495000049;51,072751114000027;1
34200;5230428601300576830;5;3;15;0;2023;4;12;6;3;5;2;0;1;1;0;0;0;0;1;353379,499099999666214;5645780,782299999147654;6,912856574000045;50,944981095000060;1
34202;5230428600380795345;5;3;14;0;2023;4;15;6;3;0;7;0;0;1;0;0;0;0;0;369530,227900000289083;5616612,530099999159575;7,152998807000074;50,686696125000026;1
34204;5230428600330895282;5;3;82;48;2023;4;15;6;3;5;3;0;1;1;1;0;0;0;0;355936,898099999874830;5610110,226600000634789;6,963217829000030;50,625050761000068;1
34205;5230428600330493585;5;3;82;48;2023;4;19;6;2;5;3;0;0;1;1;0;0;0;0;354947,131900000385940;5611590,442900000140071;6,948654821000048;50,638108532000047;1
34207;5230428600140586258;5;3;14;0;2023;4;10;6;3;0;7;0;1;1;0;0;0;0;0;369805,377100000157952;5620450,468800000846386;7,155538532000037;50,721254300000055;1
34212;5230430609160915081;5;3;58;60;2023;4;13;1;3;2;6;0;0;1;0;0;0;0;0;328653,515599999576807;5619690,697799999266863;6,573385495000025;50,703752904000055;1
34217;5230428513210767206;5;1;62;24;2023;4;7;6;3;0;1;0;1;1;0;0;0;0;0;338042,989000000059605;5673887,431399999186397;6,682135815000038;51,193417326000031;1
34225;5230428502408095101;5;1;17;0;2023;4;12;6;3;0;1;0;1;1;0;0;0;0;0;351071,134100000374019;5698060,435699999332428;6,858354414000075;51,414174332000073;1
34242;5230428405108555550;5;7;54;8;2023;4;15;6;3;5;3;0;0;1;1;0;0;0;0;464021,187800000421703;5753923,186000000685453;8,476671117000024;51,934865604000038;1
34247;5230428317110494296;5;9;78;36;2023;4;13;6;3;5;3;0;0;1;1;0;0;0;0;408993,769700000062585;5710840,167300000786781;7,687698991000047;51,541315346000033;1
34254;5230503601300378607;5;3;15;0;2023;5;15;4;3;5;2;0;0;1;1;0;0;0;0;349115,099999999627471;5645119,669999999925494;6,852471612000045;50,937939889000063;1
34266;5230502702100238624;5;5;15;0;2023;5;12;3;3;5;2;0;0;1;1;0;0;0;0;405267,776700000278652;5750583,020300000905991;7,623177744000031;51,897943263000059;1
34272;5230427711100061702;5;5;70;44;2023;4;11;5;1;5;3;0;0;1;1;0;0;0;0;416863,171000000089407;5757887,085000000894070;7,789894924000066;51,965450597000029;1
34273;5230427709700096558;5;5;66;72;2023;4;13;5;3;5;3;0;0;1;1;0;0;0;0;411665,474000000394881;5801092,581000000238419;7,703018613000040;52,352998513000045;1
34274;5230427709700076668;5;5;66;28;2023;4;16;5;3;0;1;0;0;1;0;0;0;0;0;412166,397499999962747;5792969,218100000172853;7,712492337000072;52,280064605000064;1
34277;5230427709300874742;5;5;66;68;2023;4;7;5;3;5;3;0;0;1;1;0;0;0;0;379600,833999999798834;5784432,158999999985099;7,238383456000065;52,197180129000060;1
34278;5230427705000021120;5;5;54;20;2023;4;7;5;3;5;2;0;0;1;1;0;0;0;0;365947,756900000385940;5783072,677899999544024;7,039276843000039;52,181814297000074;1
34279;5230427702100009584;5;5;15;0;2023;4;17;5;3;3;6;0;0;1;0;0;0;0;0;404688,908200000412762;5758561,560799999162555;7,612556758000039;51,969559075000063;1
34280;5230427701910069505;5;5;62;8;2023;4;7;5;3;5;3;0;0;1;1;0;0;0;0;384584,087199999950826;5724198,867399999871850;7,331461645000047;51,656916753000075;1
34282;5230427610211614470;5;3;70;4;2023;4;16;5;3;5;2;0;0;1;1;0;0;0;0;312572,626699999906123;5661386,924200000241399;6,324513538000076;51,073347449000039;1
34284;5230427609160990851;5;3;58;60;2023;4;17;5;3;2;6;0;0;1;0;0;0;0;0;335212,791699999943376;5623287,329099999740720;6,664587704000041;50,737966151000080;1
34286;5230427608200071695;5;3;34;2;2023;4;8;5;3;8;1;0;0;1;0;0;0;0;0;296183,428000000305474;5629348,346200000494719;6,108775779000041;50,780020961000048;1
34287;5230427608100689827;5;3;34;2;2023;4;19;5;3;3;6;0;0;1;1;0;0;0;0;295215,325400000438094;5628929,077299999073148;6,095295095000040;50,775914380000074;1
34289;5230427606400447227;5;3;78;24;2023;4;8;5;2;5;3;0;0;1;1;0;0;0;0;376138,903900000266731;5646773,031600000336766;7,236320011000032;50,959239338000032;1
34296;5230427602800789781;5;3;62;12;2023;4;15;5;2;6;6;0;0;1;0;1;0;0;0;351860,187900000251830;5633145,428300000727177;6,896367283000075;50,831043928000042;1
34300;5230429601300290176;5;3;15;0;2023;4;22;7;3;0;7;2;0;1;0;0;0;0;0;349406,886699999682605;5643759,520400000736117;6,857183430000021;50,925793437000038;1
34306;5230427518300092094;5;1;70;20;2023;4;11;5;3;5;3;0;0;1;0;0;0;1;0;329444,772499999962747;5709846,293199999257922;6,541962509000030;51,513960820000079;1
34308;5230427518110491568;5;1;70;12;2023;4;15;5;3;4;2;0;0;1;1;0;0;0;0;335632,262000000104308;5737991,232999999076128;6,617832791000069;51,768642536000073;1
34311;5230427515110356538;5;1;54;24;2023;4;19;5;2;0;7;0;0;1;0;0;0;0;0;315959,576899999752641;5736485,612600000575185;6,333830653000064;51,748999691000051;1
34313;5230427513210791294;5;1;62;24;2023;4;11;5;3;5;2;0;0;1;1;0;0;0;0;338245,502999999560416;5671545,903000000864267;6,686085701000025;51,172436344000062;1
34315;5230427513130886230;5;1;62;22;2023;4;8;5;3;5;2;0;0;1;1;0;0;0;0;339116,548000000417233;5679777,677999999374151;6,694843747000050;51,246643748000054;1
34317;5230427506100482272;5;1;16;0;2023;4;17;5;3;4;6;0;0;1;1;0;0;0;0;321204,352400000207126;5668341,144700000062585;6,444150144000048;51,138573892000068;1
34320;5230427503200081022;5;1;24;0;2023;4;15;5;3;0;6;0;0;1;0;0;0;0;0;376412,224499999545515;5683205,288399999961257;7,227720162000026;51,286752401000058;1
34322;5230427503200079421;5;1;24;0;2023;4;17;5;3;5;3;0;0;1;1;0;0;0;0;376593,844999999739230;5679821,146199999377131;7,231491648000031;51,256375824000031;1
34327;5230427502200075244;5;1;13;0;2023;4;19;5;2;5;7;0;0;1;1;0;0;0;0;369467,150200000032783;5698020,742499999701977;7,122746397000071;51,418351605000055;1
34338;5230427500100387376;5;1;11;0;2023;4;8;5;3;3;2;0;0;1;1;0;0;0;0;346215,974999999627471;5675799,878000000491738;6,798189799000056;51,212859585000047;1
34339;5230427500100296083;5;1;11;0;2023;4;7;5;3;1;7;0;0;1;1;0;0;0;0;342484,518699999898672;5677790,625700000673532;6,743933719000040;51,229729810000038;1
34340;5230427411236842100;5;7;74;36;2023;4;18;5;3;5;3;0;0;1;1;0;0;0;0;472214,891200000420213;5724429,184599999338388;8,598212994000050;51,670153331000051;1
34344;5230427406110995700;5;7;58;12;2023;4;12;5;3;5;3;0;0;1;1;0;0;0;0;478011,960900000296533;5774394,076099999248981;8,678853368000034;52,119643489000055;1
34345;5230427405220790773;5;7;54;20;2023;4;20;5;3;5;3;1;0;1;1;0;0;0;0;444408,654000000096858;5750989,903200000524521;8,191896439000061;51,906881240000075;1
34349;5230427315210071484;5;9;70;24;2023;4;16;5;2;5;3;0;0;1;1;0;0;0;0;430025,188299999572337;5643112,671000000089407;8,004148016000045;50,935393931000078;1
34352;5230427310220060807;5;9;54;8;2023;4;18;5;3;5;2;0;0;1;1;0;0;0;0;387630,413999999873340;5685127,207000000402331;7,387915032000024;51,306351475000042;1
34358;5230430513130995987;5;1;62;22;2023;4;12;1;3;5;3;0;0;1;1;0;0;0;0;336180,401499999687076;5686739,963199999183416;6,649620324000068;51,308360771000082;1
34360;5230427301301266170;5;9;78;24;2023;4;16;5;3;5;3;0;0;1;1;0;0;0;0;397596,241399999707937;5720817,648399999365211;7,520492795000052;51,629046085000027;1
34366;5230426711200076720;5;5;70;4;2023;4;11;4;3;5;3;0;0;1;1;0;0;0;0;422684,005699999630451;5735254,121999999508262;7,879668595000055;51,762833053000065;1
34370;5230426701110575491;5;5;62;32;2023;4;17;4;3;2;6;0;0;1;0;0;0;0;0;375851,224299999885261;5717341,306299999356270;7,207707872000071;51,593426018000059;1
34376;5230426603144879305;5;3;66;44;2023;4;13;4;3;0;7;0;0;1;0;0;0;0;0;334279,233799999579787;5618232,043700000271201;6,653639028000043;50,692276828000047;1
34386;5230502516800771937;5;1;58;20;2023;5;14;3;3;0;7;0;0;1;0;0;0;0;0;356277,895100000314415;5663153,587600000202656;6,947200411000040;51,101835235000067;1
34387;5230426601600878514;5;3;15;0;2023;4;11;4;3;1;5;0;0;1;1;0;0;0;0;362744,060999999754131;5639667,150000000372529;7,048376127000040;50,892341130000034;1
34389;5230426601400990315;5;3;15;0;2023;4;17;4;3;5;3;0;0;1;1;0;0;0;0;353596,393299999646842;5652353,181500000879169;6,913295503000029;51,004099591000056;1
34390;5230426601300285841;5;3;15;0;2023;4;22;4;3;5;3;2;0;1;1;0;0;0;0;351303,400799999944866;5645036,824699999764562;6,883628383000030;50,937763829000062;1
34392;5230426601300080796;5;3;15;0;2023;4;17;4;3;0;3;0;0;1;1;0;0;0;0;354538,052600000053644;5647416,222200000658631;6,928683569000043;50,959971775000042;1
34393;5230502410110072627;5;7;70;24;2023;5;7;3;3;5;3;0;0;1;0;0;0;0;1;493298,078099999576807;5792554,136700000613928;8,901754850000032;52,283310653000058;1
34394;5230426601200881466;5;3;15;0;2023;4;17;4;3;0;5;0;0;1;1;0;0;0;0;358353,343399999663234;5640616,680600000545382;6,985617435000052;50,899814584000069;1
34399;5230426518200748996;5;1;70;24;2023;4;12;4;2;5;2;0;0;1;0;0;0;0;0;335549,773799999617040;5705323,669700000435114;6,631972606000033;51,475139320000039;1
34400;5230426516500295786;5;1;58;16;2023;4;14;4;3;0;7;0;0;1;0;0;0;0;0;358044,411199999973178;5670458,409399999305606;6,969536486000038;51,167921217000071;1
34401;5230426516300090700;5;1;58;28;2023;4;13;4;3;5;2;0;0;1;1;0;0;0;0;348816,998700000345707;5687908,534299999475479;6,830281397000022;51,322358221000059;1
34404;5230426513310185980;5;1;62;24;2023;4;17;4;3;2;5;0;0;1;1;0;0;0;0;337266,348699999973178;5670372,074699999764562;6,672622305000061;51,161611939000068;1
34411;5230426503200079421;5;1;24;0;2023;4;18;4;3;6;1;0;0;1;0;1;0;0;0;373070,472699999809265;5681161,149900000542402;7,180550287000074;51,267645699000070;1
34417;5230426500200046013;5;1;11;0;2023;4;16;4;3;5;3;0;0;1;0;0;0;0;1;344770,765599999576807;5678595,737400000914931;6,776303738000024;51,237590431000058;1