OID_;UIDENTSTLAE;ULAND;UREGBEZ;UKREIS;UGEMEINDE;UJAHR;UMONAT;USTUNDE;UWOCHENTAG;UKATEGORIE;UART;UTYP1;ULICHTVERH;IstStrassenzustand;IstRad;IstPKW;IstFuss;IstKrad;IstGkfz;IstSonstige;LINREFX;LINREFY;XGCSWGS84;YGCSWGS84;PLST
34419;5230426411220670344;5;7;74;20;2023;4;17;4;3;5;3;0;0;1;1;0;0;0;0;465693,077999999746680;5737821,828999999910593;8,502587702000028;51,790206635000061;1
34422;5230426405148886994;5;7;54;48;2023;4;9;4;2;0;1;0;0;1;0;0;0;0;0;442272,895999999716878;5768033,581000000238419;8,157985175000022;52,059886933000030;1
34425;5230426400200491246;5;7;11;0;2023;4;7;4;3;5;2;0;0;1;1;0;0;0;0;470304,111700000241399;5765071,831499999389052;8,567090809000035;52,035470764000081;1
34427;5230426317240357162;5;9;78;40;2023;4;11;4;3;4;6;0;0;1;0;0;0;0;1;401364,333100000396371;5721979,410299999639392;7,574587507000047;51,640162086000032;1
34431;5230501706000876774;5;5;58;12;2023;5;14;2;3;7;1;0;0;1;1;0;0;0;0;370850,584499999880791;5746810,757400000467896;7,124626440000043;51,857131693000042;1
34435;5230426301101809016;5;9;13;0;2023;4;16;4;3;5;2;0;0;1;1;0;0;0;0;393221,668399999849498;5707528,472500000149012;7,461352417000057;51,508784858000070;1
34442;5230425709500511962;5;5;66;76;2023;4;11;3;3;3;1;0;0;1;0;0;0;0;0;395900,233900000341237;5792697,660499999299645;7,474223353000070;52,274784303000047;1
34445;5230425702100976107;5;5;15;0;2023;4;6;3;2;5;2;1;0;1;1;0;0;0;0;406901,529199999757111;5755807,054400000721216;7,645502476000047;51,945175190000043;1
34446;5230425702100896698;5;5;15;0;2023;4;13;3;3;5;3;0;0;1;0;0;1;0;0;404595,750599999912083;5755268,579299999400973;7,612115423000034;51,939944504000039;1
34448;5230425701910149551;5;5;62;8;2023;4;17;3;3;5;3;0;0;1;1;0;0;0;0;383665,697999999858439;5721008,897900000214577;7,319251485000052;51,628057145000071;1
34451;5230425701400394972;5;5;12;0;2023;4;11;3;2;6;7;0;0;1;0;1;0;0;0;355767,568300000391901;5709843,506899999454618;6,921033952000073;51,521269594000046;1
34452;5230425701120580610;5;5;62;32;2023;4;10;3;3;5;3;0;0;1;1;0;0;0;0;376136,661799999885261;5715139,136099999770522;7,212603392000062;51,573697466000056;1
34456;5230425609224685742;5;3;58;24;2023;4;18;3;2;5;2;0;0;1;1;0;0;0;0;314179,643000000156462;5645224,085000000894070;6,355698800000027;50,928681084000061;1
34459;5230425608404467511;5;3;34;4;2023;4;18;3;3;5;3;0;0;1;1;0;0;0;0;300860,923299999907613;5639642,320199999958277;6,169450850000032;50,874104366000040;1
34461;5230425607400641637;5;3;82;68;2023;4;16;3;3;5;3;0;0;1;1;0;0;0;0;369007,743999999947846;5629526,958000000566244;7,141014151000036;50,802655788000038;1
34466;5230425602900980773;5;3;62;40;2023;4;22;3;2;7;1;2;0;1;0;0;0;0;0;356477,253700000233948;5632147,157800000160933;6,962276840000072;50,823235617000080;1
34470;5230503410240033656;5;7;70;40;2023;5;14;4;3;5;3;0;0;1;1;0;0;0;0;473232,859600000083447;5809435,632600000128150;8,606271899000035;52,434467650000045;1
34480;5230425515210585967;5;1;54;60;2023;4;12;3;3;5;3;0;0;1;1;0;0;0;0;315499,695500000379980;5699164,269799999892712;6,346783709000022;51,413632526000072;1
34484;5230425515000022133;5;1;54;4;2023;4;15;3;3;5;3;0;0;1;1;0;0;0;0;304914,100999999791384;5737767,921000000089407;6,173300910000023;51,756778857000029;1
34486;5230425513320067198;5;1;62;4;2023;4;10;3;2;0;7;0;0;1;0;0;0;0;0;348233,907999999821186;5662713,592000000178814;6,832577884000045;51,095808623000039;1
34490;5230425506100211606;5;1;16;0;2023;4;7;3;2;8;1;0;0;1;0;0;0;0;0;317617,463200000114739;5669782,931199999526143;6,392202387000054;51,150394219000077;1
34494;5230427601400086514;5;3;15;0;2023;4;7;5;2;0;3;0;0;1;0;0;0;0;0;357215,273199999704957;5647242,557399999350309;6,966848284000037;50,959080714000038;1
34504;5230426404101487358;5;7;66;20;2023;4;16;4;3;5;7;0;0;1;0;0;0;0;0;491798,844800000078976;5753431,236300000920892;8,880719489000057;51,931545166000035;1
34512;5230425411232578147;5;7;74;32;2023;4;14;3;3;4;6;0;0;1;0;0;0;0;0;480047,765700000338256;5732470,073899999260902;8,711018269000022;51,742784159000053;1
34519;5230425405108506275;5;7;54;8;2023;4;7;3;2;5;2;0;0;1;1;0;0;0;0;455178,843000000342727;5750518,663000000640750;8,348506334000035;51,903615291000051;1
34528;5230425313220094465;5;9;58;24;2023;4;17;3;3;5;3;0;0;1;1;0;0;0;0;489636,271099999547005;5701233,702299999073148;8,850817543000062;51,462180508000074;1
34531;5230425307000871210;5;9;62;28;2023;4;14;3;3;5;3;0;0;1;1;0;0;0;0;401102,638000000268221;5665916,440500000491738;7,586423735000039;51,136158748000071;1
34540;5230424711300579153;5;5;70;8;2023;4;15;2;3;2;6;0;1;1;1;0;0;0;0;435657,753299999982119;5738235,121099999174476;8,067079906000060;51,791273770000032;1
34565;5230424601300272618;5;3;15;0;2023;4;21;2;3;3;6;2;0;1;1;0;0;0;0;353734,516599999740720;5646460,604499999433756;6,917633617000035;50,951180589000046;1
34576;5230425515210885967;5;1;54;52;2023;4;14;3;2;5;7;0;0;1;0;0;0;0;1;310691,022499999962747;5704153,816400000825524;6,275048228000060;51,456862048000062;1
34596;5230424502249016371;5;1;13;0;2023;4;19;2;3;0;1;0;0;1;0;0;0;0;0;355960,352400000207126;5691151,157400000840425;6,931414917000041;51,353350508000062;1
34614;5230424405108478111;5;7;54;8;2023;4;7;2;3;5;3;0;0;1;0;0;0;0;0;457287,105000000447035;5751691,048000000417233;8,379003424000075;51,914321332000043;1
34622;5230424315150493916;5;9;70;44;2023;4;13;2;2;0;1;0;1;1;0;0;0;0;0;433388,174599999561906;5630660,922399999573827;8,054270624000026;50,823832864000053;1
34637;5230423711100996700;5;5;70;52;2023;4;9;1;3;5;2;0;0;1;1;0;0;0;0;430858,583499999716878;5757508,374399999156594;7,993645173000061;51,963963135000029;1
34640;5230423709500560910;5;5;66;96;2023;4;10;1;3;0;1;0;0;1;0;0;0;0;0;383231,339100000448525;5786623,520800000056624;7,290721342000040;52,217653983000048;1
34646;5230423702100091784;5;5;15;0;2023;4;12;1;3;5;3;0;0;1;1;0;0;0;0;408209,521599999628961;5754193,084899999201298;7,664957689000062;51,930885207000074;1
34649;5230423608416175576;5;3;34;16;2023;4;13;1;3;0;1;0;0;1;0;0;0;0;0;296109,774500000290573;5640849,425400000065565;6,101336513000035;50,883289350000041;1
34653;5230423606100793803;5;3;78;4;2023;4;16;1;3;1;2;0;0;1;1;0;0;0;0;367070,235500000417233;5649766,672399999573827;7,106168183000023;50,984124373000043;1
34657;5230423602250156556;5;3;62;16;2023;4;15;1;3;0;7;0;0;1;0;0;0;0;0;327370,284900000318885;5647549,153000000864267;6,542113769000025;50,953668442000037;1
34659;5230423602100786850;5;3;62;8;2023;4;11;1;2;8;1;0;0;1;0;0;0;0;0;331885,159199999645352;5650774,804700000211596;6,604844444000037;50,983984513000053;1
34661;5230423601700086448;5;3;16;0;2023;4;12;1;2;4;6;0;0;1;0;0;0;0;0;359191,906499999575317;5653200,569800000637770;6,992666675000066;51,013111806000040;1
34663;5230423601300186440;5;3;15;0;2023;4;18;1;3;0;7;0;0;1;1;0;0;0;0;352771,221400000154972;5644909,821499999612570;6,904555910000056;50,936999125000057;1
34664;5230423601300073654;5;3;15;0;2023;4;15;1;3;3;6;0;0;1;1;0;0;0;0;351476,372200000099838;5644624,719000000506639;6,886256427000035;50,934105027000044;1
34667;5230423600140095302;5;3;14;0;2023;4;15;1;3;5;2;0;1;1;1;0;0;0;0;368250,425999999977648;5621809,444000000134110;7,133036464000043;50,733118493000063;1
34668;5230423600130071666;5;3;82;8;2023;4;17;1;3;0;1;0;1;1;0;0;0;0;0;374486,553999999538064;5612013,900000000372529;7,224686521000024;50,646450856000058;1
34670;5230423514218591100;5;1;66;36;2023;4;13;1;3;0;3;0;0;1;1;0;0;0;0;322526,116899999789894;5684264,449699999764562;6,455147389000047;51,282029297000065;1
34674;5230424410140896813;5;7;70;12;2023;4;14;2;3;5;3;0;1;1;1;0;0;0;0;486309,553799999877810;5792981,283999999985099;8,799291480000022;52,287021249000077;1
34677;5230503607100690880;5;3;82;28;2023;5;21;4;2;2;2;2;0;1;0;0;1;0;0;375145,378700000233948;5634180,107599999755621;7,226486944000044;50,845835573000045;1
34684;5230423411220037794;5;7;74;20;2023;4;10;1;2;2;6;0;0;1;0;0;0;0;0;474537,472500000149012;5732635,679999999701977;8,631198425000036;51,744049835000055;1
34685;5230423410240040208;5;7;70;40;2023;4;14;1;3;3;6;0;0;1;0;0;0;0;1;472663,471599999815226;5809105,830499999225140;8,597923759000025;52,431474525000056;1
34689;5230423400200174620;5;7;11;0;2023;4;12;1;2;7;7;0;0;1;0;0;0;0;0;473052,376500000245869;5760343,102499999105930;8,607526352000036;51,993096439000055;1
34691;5230423316300582141;5;9;74;4;2023;4;14;1;3;2;2;0;0;1;1;0;0;0;0;454515,124699999578297;5708001,376599999144673;8,344409824000024;51,521296801000062;1
34696;5230423313220590707;5;9;58;24;2023;4;18;1;3;0;7;0;0;1;0;0;0;0;0;490132,423600000329316;5700728,102800000458956;8,857973581000067;51,457643147000056;1
34698;5230423302130528856;5;9;14;0;2023;4;10;1;2;0;1;0;0;1;0;0;0;0;0;395419,131799999624491;5696214,657500000670552;7,496351366000056;51,407499526000038;1
34709;5230422706300389266;5;5;58;44;2023;4;17;7;2;3;6;0;1;1;1;0;0;0;0;399323,064100000075996;5743082,326099999248981;7,538993889000039;51,829482937000080;1
34712;5230422705000293442;5;5;54;36;2023;4;17;7;3;5;3;0;1;1;1;0;0;0;0;370529,438000000081956;5766901,116000000387430;7,112399329000027;52,037592770000060;1
34713;5230422705000091738;5;5;54;60;2023;4;0;7;3;8;1;2;1;1;0;0;0;0;0;349269,476499999873340;5756081,547399999573827;6,807425187000035;51,935014761000048;1
34716;5230422701800465506;5;5;62;4;2023;4;11;7;3;5;3;0;0;1;1;0;0;0;0;385205,639399999752641;5717328,347500000149012;7,342695203000062;51,595293432000062;1
34717;5230425709700581018;5;5;66;28;2023;4;16;3;3;0;7;0;0;1;1;0;0;0;0;412336,247000000439584;5791179,815999999642372;7,715446462000045;52,264008075000049;1
34719;5230422701610091325;5;5;62;12;2023;4;14;7;3;0;1;0;0;1;0;0;0;0;0;359404,057500000111759;5726210,280300000682473;6,966855991000045;51,669257221000066;1
34724;5230422700000163447;5;5;13;0;2023;4;14;7;2;0;1;0;0;1;0;0;0;0;0;369284,951000000350177;5707490,344000000506639;7,116626869000072;51,503412314000059;1
34725;5230422610221889907;5;3;70;20;2023;4;12;7;3;5;3;0;0;1;1;0;0;0;0;305928,728600000031292;5658776,932499999180436;6,231189608000022;51,047696870000038;1
34728;5230430610221085701;5;3;70;20;2023;4;21;1;3;8;1;2;0;1;0;0;0;0;0;309224,224899999797344;5657074,497099999338388;6,279045638000071;51,033508942000026;1
34729;5230422607400050903;5;3;82;68;2023;4;14;7;3;2;2;0;0;1;0;0;0;0;0;371977,206699999980628;5630538,082499999552965;7,182779946000039;50,812407782000037;1
34733;5230422605116595292;5;3;74;16;2023;4;12;7;3;0;7;0;0;1;0;0;0;0;1;384088,823599999770522;5667837,180900000035763;7,342721752000045;51,150232062000043;1
34739;5230422601400581843;5;3;15;0;2023;4;13;7;3;0;1;0;0;1;0;0;0;0;0;356049,237700000405312;5646908,777000000700355;6,950388110000063;50,955790979000028;1
34743;5230422601100590481;5;3;15;0;2023;4;1;7;3;6;6;2;1;1;0;1;0;0;0;355298,958300000056624;5645399,966700000688434;6,940312363000032;50,942043762000026;1
34748;5230422600110390880;5;3;14;0;2023;4;15;7;3;4;6;0;0;1;0;0;0;0;0;366255,589900000020862;5622336,498400000855327;7,104593675000046;50,737399748000030;1
34750;5230422518302096100;5;1;70;40;2023;4;16;7;2;0;1;0;1;1;1;0;0;0;0;318344,016599999740720;5720529,264299999922514;6,376634180000053;51,606458028000077;1
34760;5230422503100046822;5;1;24;0;2023;4;5;7;3;5;3;1;0;1;1;0;0;0;0;365123,956100000068545;5677542,584200000390410;7,068073447000074;51,233300564000047;1
34761;5230422502408087648;5;1;17;0;2023;4;3;7;3;8;7;2;1;1;1;0;0;0;0;351315,148900000378489;5699083,967599999159575;6,861431457000037;51,423435407000056;1
34763;5230422502402072165;5;1;17;0;2023;4;13;7;3;0;2;0;0;1;1;0;0;0;0;353062,252000000327826;5700497,785000000149012;6,885955489000025;51,436595173000057;1
34765;5230422502300789586;5;1;13;0;2023;4;13;7;3;0;7;0;0;1;0;1;0;0;0;360388,665099999867380;5706297,625099999830127;6,989001229000053;51,490566841000032;1
34775;5230422406110995700;5;7;58;12;2023;4;13;7;3;4;2;0;0;1;1;0;0;0;0;477355,559600000269711;5775780,442800000309944;8,669174172000055;52,132081280000079;1
34778;5230422405228096817;5;7;54;28;2023;4;10;7;3;5;3;0;0;1;0;0;1;0;0;451995,928600000217557;5742986,650299999862909;8,303292116000023;51,835633615000063;1
34779;5230422405000696869;5;7;54;8;2023;4;16;7;2;0;1;0;0;1;0;0;0;0;0;455326,810300000011921;5752442,573200000450015;8,350407415000063;51,920924120000052;1
34781;5230422404102142855;5;7;66;40;2023;4;14;7;3;3;6;0;0;1;1;0;0;0;0;485941,504300000146031;5761852,406099999323487;8,795183843000075;52,007142330000079;1
34787;5230422316200755698;5;9;74;48;2023;4;23;7;3;1;5;2;1;1;1;0;0;0;0;427870,762299999594688;5719257,414400000125170;7,958119555000053;51,619715805000055;1
34789;5230422313220672725;5;9;58;24;2023;4;22;7;3;0;1;2;0;1;0;0;0;0;0;493379,200899999588728;5704709,489199999719858;8,904630524000027;51,493490080000072;1
34799;5230425600140755288;5;3;14;0;2023;4;12;3;3;5;3;0;0;1;1;0;0;0;0;367042,868099999614060;5622500,263800000771880;7,115685326000062;50,739052450000031;1
34808;5230421709700670498;5;5;66;72;2023;4;13;6;3;5;3;0;0;1;1;0;0;0;0;412763,265999999828637;5803010,701999999582767;7,718633958000055;52,370414664000066;1
34810;5230421705000896573;5;5;54;20;2023;4;22;6;3;6;4;2;1;1;0;1;0;0;0;366509,921900000423193;5785752,791999999433756;7,046438421000062;52,206032604000029;1
34813;5230421705000455358;5;5;54;20;2023;4;21;6;3;5;3;2;1;1;1;0;0;0;0;366725,440999999642372;5785664,912000000476837;7,049625041000070;52,205295119000027;1
34816;5230421702100074700;5;5;15;0;2023;4;18;6;3;5;2;0;0;1;1;0;0;0;0;405393,097199999727309;5755586,998299999162555;7,623623513000041;51,942942744000050;1
34819;5230421701700373596;5;5;62;16;2023;4;6;6;2;0;7;2;1;1;0;0;0;0;1;374774,921500000171363;5732152,040200000628829;7,186872014000073;51,726291702000026;1
34826;5230421608200494746;5;3;34;2;2023;4;3;6;3;3;6;2;1;1;0;0;0;0;1;299488,313699999824166;5628873,059800000861287;6,155853968000031;50,776904054000056;1
34831;5230421607100890870;5;3;82;60;2023;4;18;6;3;5;3;0;0;1;1;0;0;0;0;372165,922000000253320;5629394,460000000894070;7,185855504000074;50,802170258000046;1
34843;5230421601600294862;5;3;15;0;2023;4;17;6;3;0;7;0;0;1;0;0;0;0;0;363396,391300000250340;5639862,513800000771880;7,057572754000034;50,894251612000062;1
34844;5230421601500471686;5;3;15;0;2023;4;8;6;3;5;3;0;0;1;0;0;0;0;1;359590,187599999830127;5650303,648199999704957;6,999461125000039;50,987174517000028;1
34845;5230430501134076127;5;1;12;0;2023;4;14;1;2;8;6;0;0;1;0;0;0;0;0;343386,334999999962747;5710231,873999999836087;6,742541391000032;51,521461898000041;1
34846;5230421601100057980;5;3;15;0;2023;4;0;6;3;4;6;2;1;1;0;0;0;0;1;356737,792299999855459;5644654,980699999257922;6,961071855000057;50,935707959000069;1
34849;5230421518320349961;5;1;70;52;2023;4;17;6;3;5;3;0;0;1;1;0;0;0;0;326284,572300000116229;5722694,349999999627471;6,490112502000045;51,628412243000071;1
34856;5230421515210748406;5;1;54;52;2023;4;7;6;2;5;3;0;1;1;1;0;0;0;0;311050,105999999679625;5704836,518400000408292;6,279845932000057;51,463113784000029;1
34857;5230424701400975422;5;5;12;0;2023;4;19;2;3;5;2;0;0;1;1;0;0;0;0;356687,616399999707937;5708566,722599999979138;6,934805341000072;51,510030785000026;1
34858;5230421515110054816;5;1;54;24;2023;4;7;6;3;5;7;0;0;1;1;0;0;0;0;313358,408999999985099;5734725,198000000789762;6,297137024000051;51,732328425000048;1
34860;5230421514120563573;5;1;66;16;2023;4;7;6;3;8;1;0;0;1;0;0;0;0;0;310585,229600000195205;5690149,698899999260902;6,280999232000056;51,331045461000031;1
34862;5230425601600095410;5;3;15;0;2023;4;9;3;3;5;3;0;0;1;1;0;0;0;0;366408,841500000096858;5641471,167500000447035;7,099794055000075;50,909414393000077;1
34870;5230421502231095702;5;1;13;0;2023;4;7;6;3;0;3;0;0;1;1;0;0;0;0;366160,654000000096858;5696012,274000000208616;7,075980568000034;51,399530923000043;1
34871;5230421501134382200;5;1;12;0;2023;4;21;6;3;1;5;2;0;1;1;0;0;0;0;343415,700199999846518;5710420,972899999469519;6,742880280000065;51,523169038000049;1
34885;5230421410110563182;5;7;70;24;2023;4;12;6;3;5;3;0;0;1;1;0;0;0;0;495050,709999999962747;5794216,503000000491738;8,927422672000034;52,298274745000072;1
34887;5230421406210981431;5;7;58;4;2023;4;12;6;3;3;6;0;0;1;1;0;0;0;0;470669,308600000105798;5783746,605200000107288;8,570804909000060;52,203386199000079;1
34897;5230421317220675336;5;9;78;4;2023;4;19;6;3;0;1;0;1;1;0;0;0;0;0;404347,859000000171363;5718251,898000000044703;7,618707535000055;51,607171137000080;1
34910;5230425608200033184;5;3;34;2;2023;4;8;3;2;5;3;0;0;1;1;0;0;0;0;297780,648000000044703;5626931,552999999374151;6,132730899000023;50,758873429000062;1
34912;5230421301304885565;5;9;13;0;2023;4;21;6;3;5;3;2;0;1;1;0;0;0;0;403871,898000000044703;5709974,773299999535084;7,614101052000024;51,532687147000047;1
34918;5230421300200069281;5;9;11;0;2023;4;12;6;3;0;3;0;0;1;0;0;0;0;1;372552,740600000135601;5704880,192800000309944;7,164626130000045;51,480700923000029;1
34919;5230420711100381617;5;5;70;44;2023;4;18;5;3;5;2;0;0;1;1;0;0;0;0;416456,182699999772012;5759468,992200000211596;7,783587378000050;51,979609302000028;1
34924;5230420702100269260;5;5;15;0;2023;4;0;5;3;0;7;2;0;1;1;0;0;0;0;405918,493499999865890;5756055,725600000470877;7,631136539000067;51,947244983000076;1
34926;5230420702100056377;5;5;15;0;2023;4;12;5;3;5;2;0;0;1;1;0;0;0;0;403012,612099999561906;5758689,748500000685453;7,588126644000056;51,970421286000033;1
34930;5230426608404879491;5;3;34;4;2023;4;14;4;3;5;3;0;0;1;1;0;0;0;0;299946,826100000180304;5639217,518500000238419;6,156707318000031;50,869973333000075;1
34934;5230430608416677503;5;3;34;16;2023;4;10;1;3;0;1;0;0;1;0;0;0;0;0;294039,938599999994040;5636387,342299999669194;6,074461951000046;50,842481520000035;1
34939;5230420608100989886;5;3;34;2;2023;4;17;5;3;4;2;0;0;1;1;0;0;0;0;291993,724999999627471;5628312,504399999976158;6,050012073000062;50,769230746000062;1
34955;5230420601600990682;5;3;15;0;2023;4;17;5;3;5;3;0;0;1;1;0;0;0;0;365811,288999999873340;5645743,230000000447035;7,089726945000052;50,947671430000071;1
34957;5230420601600490354;5;3;15;0;2023;4;8;5;3;6;6;0;1;1;0;1;0;0;0;363433,981300000101328;5640020,892699999734759;7,058047717000022;50,895683931000065;1
34959;5230503709500996953;5;5;66;16;2023;5;21;4;3;0;1;2;0;1;0;0;0;0;0;403477,355800000019372;5795274,681900000199676;7,584503962000042;52,299328506000052;1
34960;5230420601600419571;5;3;15;0;2023;4;15;5;3;4;3;0;0;1;1;0;0;0;0;361584,037399999797344;5645029,598500000312924;7,029857632000073;50,940258309000058;1
34964;5230420601300593557;5;3;15;0;2023;4;17;5;3;5;2;0;0;1;1;0;0;0;0;351477,131000000052154;5644622,089999999850988;6,886268289000043;50,934081597000045;1
34969;5230420516500086812;5;1;58;16;2023;4;10;5;2;5;3;0;0;1;1;0;0;0;0;357904,521999999880791;5670464,103099999949336;6,967534678000050;51,167937648000077;1
34970;5230420516300805396;5;1;58;28;2023;4;20;5;3;5;3;1;0;1;1;0;0;0;0;354011,612200000323355;5688996,969699999317527;6,904332000000068;51,333495761000052;1
34977;5230420514119085916;5;1;66;16;2023;4;14;5;2;0;1;0;1;1;0;0;0;0;0;308204,691700000315905;5687259,187200000509620;6,248424051000029;51,304286172000047;1
34978;5230423600110085832;5;3;14;0;2023;4;18;1;3;5;3;0;1;1;1;0;0;0;0;362856,264999999664724;5625336,655999999493361;7,055330896000044;50,763571499000079;1
34980;5230420513210769333;5;1;62;24;2023;4;5;5;3;4;3;2;0;1;1;0;0;0;0;339087,924599999561906;5676504,306700000539422;6,695904062000068;51,217224892000047;1
34981;5230420513210676162;5;1;62;24;2023;4;17;5;3;5;2;0;0;1;1;0;0;0;0;339878,798399999737740;5673259,510099999606609;6,708666488000063;51,188292774000047;1
34983;5230420506100074091;5;1;16;0;2023;4;16;5;3;5;3;0;0;1;1;0;0;0;0;321384,249800000339746;5674503,788000000640750;6,443658534000065;51,193990882000037;1
34984;5230420503400995471;5;1;22;0;2023;4;11;5;3;4;2;0;0;1;1;0;0;0;0;363639,526899999938905;5672271,327500000596046;7,048827723000045;51,185575242000027;1
34996;5230420501135791447;5;1;12;0;2023;4;13;5;3;3;7;0;0;1;0;0;0;1;0;345240,763000000268221;5710905,219000000506639;6,768953750000037;51,528022949000047;1
35010;5230420404101990691;5;7;66;4;2023;4;8;5;3;5;3;0;0;1;1;0;0;0;0;481423,560999999754131;5750813,060000000521541;8,729960256000027;51,907755587000054;1
35013;5230420400100590795;5;7;11;0;2023;4;10;5;3;1;5;0;0;1;0;0;0;0;1;468263,401300000026822;5766476,255300000309944;8,537211789000025;52,047984329000030;1
35018;5230420317250451551;5;9;78;32;2023;4;7;5;3;0;7;0;0;1;0;1;0;0;0;394018,939500000327826;5728112,753100000321865;7,466616157000033;51,693953916000055;1
35020;5230420316500274565;5;9;74;20;2023;4;13;5;3;8;1;0;0;1;0;0;0;0;0;461956,927600000053644;5723423,099899999797344;8,449993467000070;51,660506539000039;1
35021;5230420316400871294;5;9;74;44;2023;4;14;5;3;2;6;0;0;1;1;0;0;0;0;449182,855600000359118;5704421,795700000599027;8,268076094000037;51,488658208000061;1
35028;5230502601600867676;5;3;15;0;2023;5;15;3;3;0;2;0;0;1;0;0;0;0;1;360801,503999999724329;5645044,674000000581145;7,018720791000021;50,940205414000047;1
35033;5230422518210596107;5;1;70;28;2023;4;15;7;3;0;7;0;0;1;0;0;0;0;0;331706,209999999962747;5702292,698999999091029;6,578121667000062;51,446779671000058;1
35043;5230419705000496574;5;5;54;16;2023;4;9;4;1;5;3;0;0;1;1;0;0;0;0;363715,033999999985099;5757106,186599999666214;7,017005694000034;51,947946836000028;1
35050;5230419702100356377;5;5;15;0;2023;4;19;4;3;4;6;0;0;1;0;0;0;0;0;402525,133100000210106;5757594,239499999210238;7,581343592000053;51,960489296000048;1
35063;5230419608312079473;5;3;34;12;2023;4;23;4;2;7;1;2;0;1;0;0;0;0;0;306843,865100000053644;5632791,598500000312924;6,257998174000022;50,814598569000054;1
35064;5230419608100080802;5;3;34;2;2023;4;18;4;3;4;3;0;0;1;1;0;0;0;0;290493,740600000135601;5628468,477099999785423;6,028680593000047;50,770091827000044;1
35070;5230419605116693475;5;3;74;16;2023;4;18;4;3;5;3;0;0;1;1;0;0;0;0;383975,381199999712408;5668153,691400000825524;7,340998468000066;51,153054027000053;1
35079;5230428709700496558;5;5;66;28;2023;4;10;6;3;6;5;0;1;1;0;1;0;0;0;411952,358400000259280;5792021,081499999389052;7,709603265000055;52,271508270000027;1
35081;5230419601600326275;5;3;15;0;2023;4;18;4;3;3;6;0;0;1;0;0;0;0;0;359465,718600000254810;5644798,388499999418855;6,999815242000068;50,937668001000077;1
35082;5230419601600274343;5;3;15;0;2023;4;2;4;3;3;6;2;0;1;1;0;0;0;0;363405,477300000376999;5641700,737800000235438;7,057014122000055;50,910774758000059;1
35083;5230419601600082887;5;3;15;0;2023;4;19;4;3;2;6;0;0;1;1;0;0;0;0;359646,440700000151992;5644815,881100000813603;7,002378998000040;50,937869224000053;1
35084;5230419601500793408;5;3;15;0;2023;4;7;4;3;5;3;0;0;1;1;0;0;0;0;357540,941100000403821;5644026,289499999955297;6,972740451000050;50,930256888000031;1
35088;5230419600140293511;5;3;14;0;2023;4;16;4;3;8;1;0;0;1;0;0;0;0;0;371099,636599999852479;5618655,433000000193715;7,174491254000031;50,705408394000074;1
35089;5230503701110095010;5;5;62;32;2023;5;17;4;3;5;3;0;0;1;1;0;0;0;0;375472,250699999742210;5719955,373800000175834;7,201311323000027;51,616835349000041;1
35093;5230419516100686784;5;1;58;32;2023;4;18;4;3;0;7;0;0;1;0;0;0;0;1;366606,549999999813735;5689225,495999999344349;7,084933590000048;51,338643886000057;1
35100;5230419508000477677;5;1;19;0;2023;4;15;4;3;0;5;0;0;1;1;0;0;0;1;351055,065000000409782;5708530,551999999210238;6,853713170000049;51,508249197000055;1
35102;5230419506100491424;5;1;16;0;2023;4;13;4;3;5;3;0;0;1;1;0;0;0;0;321397,672500000335276;5676176,819399999454618;6,443017964000035;51,209024301000056;1
35106;5230419503400507000;5;1;22;0;2023;4;15;4;3;4;2;0;0;1;1;0;0;0;0;359491,933000000193715;5670387,208000000566244;6,990255231000049;51,167638780000061;1
35113;5230419502249171897;5;1;13;0;2023;4;11;4;3;5;3;0;0;1;0;0;1;0;0;354755,207999999634922;5692138,047000000253320;6,913716868000051;51,361911907000035;1
35114;5230419501323782187;5;1;12;0;2023;4;13;4;3;5;3;0;0;1;1;0;0;0;0;344056,796000000089407;5694747,892000000923872;6,759022621000042;51,382525416000078;1
35118;5230419501115091496;5;1;12;0;2023;4;14;4;3;5;2;0;0;1;1;0;0;0;0;345325,134999999776483;5707204,951999999582767;6,771792382000058;51,494799537000063;1
35119;5230424500200981086;5;1;11;0;2023;4;8;2;3;5;3;0;1;1;1;0;0;0;0;345239,123999999836087;5679873,923000000417233;6,782455223000056;51,249202649000040;1
35132;5230419411224063061;5;7;74;24;2023;4;22;4;3;8;1;2;0;1;0;0;0;0;0;476292,344499999657273;5741613,417700000107288;8,656002247000060;51,824846827000044;1
35148;5230429609108569684;5;3;58;8;2023;4;5;7;2;0;1;1;1;1;0;0;0;0;0;319994,756000000052154;5632367,945000000298023;6,444687638000062;50,815028866000034;1
35151;5230503608100394907;5;3;34;2;2023;5;20;4;3;5;2;0;0;1;1;0;0;0;0;295138,510300000198185;5629203,579299999400973;6,094054126000060;50,778352633000054;1
35153;5230419313123979617;5;9;58;16;2023;4;18;4;3;4;6;0;0;1;1;0;0;0;0;444638,542200000025332;5676652,617300000041723;8,206954539000037;51,238556844000072;1
35166;5230419301203873382;5;9;13;0;2023;4;9;4;3;3;2;0;0;1;1;0;0;0;0;393483,994599999859929;5712240,115199999883771;7,463705918000073;51,551184731000035;1
35171;5230504503200281215;5;1;24;0;2023;5;5;5;3;0;3;0;0;1;1;0;0;0;0;374450,087000000290573;5681425,454199999570847;7,200222789000065;51,270326760000046;1
35174;5230418711400191693;5;5;70;20;2023;4;13;3;2;2;6;0;0;1;0;0;0;0;0;427778,059000000357628;5741823,339999999850988;7,952101235000043;51,822569076000036;1