OID_;UIDENTSTLAE;ULAND;UREGBEZ;UKREIS;UGEMEINDE;UJAHR;UMONAT;USTUNDE;UWOCHENTAG;UKATEGORIE;UART;UTYP1;ULICHTVERH;IstStrassenzustand;IstRad;IstPKW;IstFuss;IstKrad;IstGkfz;IstSonstige;LINREFX;LINREFY;XGCSWGS84;YGCSWGS84;PLST
35179;5230418701910585436;5;5;62;8;2023;4;7;3;3;5;2;0;0;1;1;0;0;0;0;385889,044999999925494;5724588,968200000002980;7,350191267000071;51,660689328000046;1
35180;5230418701700189515;5;5;62;16;2023;4;16;3;3;5;3;0;0;1;1;0;0;0;0;374233,135999999940395;5734279,845000000670552;7,178262835000055;51,745292633000076;1
35187;5230418609108885747;5;3;58;8;2023;4;15;3;3;3;2;0;0;1;1;0;0;0;0;323012,748300000093877;5631282,619699999690056;6,488009344000034;50,806208202000050;1
35193;5230418608100069678;5;3;34;2;2023;4;21;3;3;0;1;2;0;1;0;0;0;0;0;295083,045500000007451;5627089,039599999785423;6,094446059000063;50,759341767000080;1
35195;5230418607000995371;5;3;82;20;2023;4;11;3;1;4;2;0;0;1;1;0;0;0;0;380436,042999999597669;5626880,767999999225140;7,303981348000036;50,781340644000068;1
35200;5230502316500553253;5;9;74;20;2023;5;16;3;3;5;3;0;0;1;1;0;0;0;0;461994,664900000207126;5725769,464299999177456;8,450283715000069;51,681605373000082;1
35201;5230418602100281244;5;3;62;8;2023;4;11;3;3;0;1;0;0;1;0;0;0;0;0;342183,360999999567866;5648476,687000000849366;6,752437112000052;50,966249611000080;1
35211;5230418601600990700;5;3;15;0;2023;4;10;3;3;3;2;0;0;1;1;0;0;0;0;359374,820500000379980;5644782,086300000548363;6,998528651000072;50,937499332000073;1
35212;5230418601600084992;5;3;15;0;2023;4;16;3;3;4;6;0;0;1;0;0;0;0;0;358809,532999999821186;5640756,998400000855327;6,992046467000023;50,901187363000076;1
35219;5230418601300285798;5;3;15;0;2023;4;11;3;3;5;2;0;0;1;1;0;0;0;0;354772,607499999925494;5646139,605000000447035;6,932530514000064;50,948558352000077;1
35220;5230418601300079200;5;3;15;0;2023;4;9;3;3;5;2;0;0;1;1;0;0;0;0;352867,165400000289083;5644924,779899999499321;6,905914425000049;50,937158037000074;1
35221;5230418601200186416;5;3;15;0;2023;4;16;3;3;5;3;0;0;1;1;0;0;0;0;352050,871299999766052;5642424,119000000879169;6,895319470000061;50,914476904000026;1
35223;5230418601100990696;5;3;15;0;2023;4;18;3;3;5;3;0;0;1;1;0;0;0;0;357094,154299999587238;5643102,580600000917912;6,966748783000071;50,921845047000033;1
35224;5230418601100090407;5;3;15;0;2023;4;21;3;3;0;7;2;0;1;0;0;0;0;0;355188,376699999906123;5644753,067600000649691;6,938996545000066;50,936202465000065;1
35225;5230418601100074356;5;3;15;0;2023;4;13;3;3;0;6;0;0;1;0;0;0;0;0;355302,625199999660254;5644190,182099999859929;6,940844924000032;50,931172609000043;1
35229;5230425400200286998;5;7;11;0;2023;4;19;3;3;4;7;0;1;1;1;0;0;0;0;469446,778699999675155;5761705,909900000318885;8,554893403000051;52,005162343000052;1
35230;5230418600310686330;5;3;14;0;2023;4;12;3;3;0;1;0;0;1;0;0;0;0;0;362370,264399999752641;5620109,337999999523163;7,050396176000049;50,716474926000046;1
35236;5230421607400690854;5;3;82;68;2023;4;5;6;2;4;6;2;1;1;0;0;0;0;0;370366,946999999694526;5630442,957000000402331;7,159969218000072;50,811194626000031;1
35240;5230418515212095515;5;1;54;64;2023;4;5;3;3;4;2;1;0;1;1;0;0;0;0;306717,033300000242889;5722404,981200000271201;6,207898297000042;51,619433569000080;1
35244;5230418506100511761;5;1;16;0;2023;4;16;3;3;8;6;0;0;1;1;0;0;0;0;321457,864900000393391;5673455,460500000044703;6,445232076000025;51,184596488000068;1
35245;5230418506100377595;5;1;16;0;2023;4;16;3;3;0;1;0;0;1;0;0;0;0;0;321001,661899999715388;5672007,636900000274181;6,439432261000036;51,171447691000026;1
35247;5230418505200095934;5;1;14;0;2023;4;15;3;3;4;2;0;0;1;1;0;0;0;0;330139,890999999828637;5694966,728000000119209;6,559112461000041;51,380497883000032;1
35250;5230418502249477670;5;1;13;0;2023;4;8;3;3;0;1;0;0;1;1;0;0;0;0;355980,689799999818206;5691587,990499999374151;6,931529939000029;51,357281083000032;1
35251;5230418502215689624;5;1;13;0;2023;4;14;3;2;5;3;0;0;1;1;0;0;0;0;358593,428000000305474;5700423,687999999150634;6,965509055000041;51,437336935000076;1
35264;5230503606100732420;5;3;78;4;2023;5;8;4;3;0;1;0;0;1;0;0;0;0;0;368112,657999999821186;5649945,667999999597669;7,120945886000072;50,985972883000045;1
35267;5230418500200678731;5;1;11;0;2023;4;16;3;3;6;7;0;0;1;0;1;0;0;0;350181,972599999979138;5678417,727299999445677;6,853835660000072;51,237437415000045;1
35268;5230418500100800364;5;1;11;0;2023;4;16;3;3;5;2;0;0;1;1;0;0;0;0;341421,072599999606609;5678208,863500000908971;6,728529859000048;51,233193220000032;1
35269;5230427709110474686;5;5;66;12;2023;4;19;5;3;4;2;0;0;1;1;0;0;0;0;403995,792999999597669;5772307,733999999240041;7,598612409000054;52,092993503000059;1
35272;5230418410120990698;5;7;70;32;2023;4;16;3;3;1;3;0;0;1;1;0;0;0;0;497421,628100000321865;5782425,669600000604987;8,962280250000049;52,192284555000072;1
35276;5230418406110487131;5;7;58;12;2023;4;9;3;3;1;5;0;0;1;1;0;0;0;0;476579,590900000184774;5772557,367900000885129;8,658059607000041;52,103071501000045;1
35278;5230418405236778113;5;7;54;36;2023;4;7;3;3;5;3;0;0;1;1;0;0;0;0;474016,015800000168383;5749757,668500000610948;8,622360887000070;51,897970356000030;1
35280;5230418405140687054;5;7;54;40;2023;4;7;3;3;5;3;0;0;1;1;0;0;0;0;461118,800999999977648;5763365,359999999403954;8,433386747000043;52,019560761000037;1
35281;5230418316400089227;5;9;74;44;2023;4;12;3;3;0;1;0;0;1;0;0;0;0;0;454906,411000000312924;5700606,107000000774860;8,350993913000025;51,454836069000066;1
35286;5230418313220382081;5;9;58;24;2023;4;18;3;2;0;1;0;0;1;0;0;0;0;0;488421,316999999806285;5703506,522500000894070;8,833254269000065;51,482593546000032;1
35298;5230418300100341267;5;9;11;0;2023;4;19;3;2;5;3;0;0;1;1;0;0;0;0;379165,273500000126660;5707147,088500000536442;7,259028887000056;51,502526177000050;1
35303;5230417709700596558;5;5;66;72;2023;4;17;2;3;5;2;0;0;1;0;0;0;0;1;412593,980000000447035;5799459,416999999433756;7,717072819000066;52,338468174000070;1
35305;5230417709500042446;5;5;66;76;2023;4;13;2;3;1;5;0;0;1;1;0;0;0;0;393644,393699999898672;5792489,766899999231100;7,441238483000063;52,272484163000058;1
35306;5230504307000890044;5;9;62;32;2023;5;12;5;3;0;1;0;0;1;0;0;0;0;0;404674,991999999620020;5674282,966000000014901;7,635250054000039;51,211977049000041;1
35312;5230417705000496575;5;5;54;68;2023;4;18;2;3;5;3;0;0;1;1;0;0;0;0;348114,851499999873340;5771836,925100000575185;6,783658759000048;52,076250946000073;1
35321;5230417702100648560;5;5;15;0;2023;4;16;2;3;0;1;0;0;1;0;0;0;0;0;404002,706000000238419;5753532,944000000134110;7,603975194000043;51,924241933000076;1
35326;5230417700000386125;5;5;13;0;2023;4;10;2;2;0;1;0;0;1;0;0;0;0;0;365813,798999999649823;5716853,099999999627471;7,063073577000068;51,586737500000027;1
35335;5230417608200633184;5;3;34;2;2023;4;15;2;3;5;2;0;0;1;1;0;0;0;0;296702,486399999819696;5628272,270600000396371;6,116723645000036;50,770538415000033;1
35336;5230421501315296024;5;1;12;0;2023;4;7;6;3;3;6;0;0;1;1;0;0;0;0;345790,108300000429153;5699135,117000000551343;6,782004110000059;51,422418783000069;1
35337;5230417608200189883;5;3;34;2;2023;4;8;2;3;5;2;0;1;1;1;0;0;0;0;296701,745199999772012;5628272,831800000742078;6,116712837000023;50,770543196000062;1
35338;5230417608100089841;5;3;34;2;2023;4;16;2;3;6;4;0;0;1;0;1;0;0;0;291957,041000000201166;5628318,405099999159575;6,049489213000072;50,769270587000051;1
35339;5230417607400081285;5;3;82;44;2023;4;16;2;3;5;2;0;0;1;1;0;0;0;0;363743,793999999761581;5627148,417999999597669;7,067237046000059;50,780064237000033;1
35341;5230417603208590954;5;3;66;8;2023;4;17;2;3;2;6;0;0;1;0;0;0;0;1;331881,020100000314415;5584604,173800000920892;6,634883736000063;50,389425668000058;1
35342;5230417602500075536;5;3;62;24;2023;4;16;2;3;5;3;0;0;1;1;0;0;0;0;347372,165199999697506;5642460,059100000187755;6,828796848000025;50,913581560000068;1
35343;5230503602500085721;5;3;62;24;2023;5;17;4;3;3;6;0;0;1;1;0;0;0;0;346371,897400000132620;5641078,154100000858307;6,815160221000042;50,900898247000043;1
35347;5230502607400195330;5;3;82;68;2023;5;8;3;2;5;3;0;1;1;1;0;0;0;0;369529,210699999704957;5630927,776699999347329;7,147912496000060;50,815364137000074;1
35350;5230417601600093357;5;3;15;0;2023;4;15;2;3;0;7;0;0;1;1;0;0;0;0;359794,341199999675155;5644847,967499999329448;7,004470320000053;50,938193568000031;1
35353;5230417518410882174;5;1;70;16;2023;4;15;2;3;5;3;0;0;1;1;0;0;0;0;344743,172100000083447;5717779,783700000494719;6,758750765000059;51,589652688000058;1
35354;5230417518100290483;5;1;70;12;2023;4;17;2;2;5;3;0;0;1;1;0;0;0;0;335307,398000000044703;5738231,482999999076128;6,613015060000066;51,770705360000079;1
35359;5230417516000078853;5;1;58;12;2023;4;17;2;2;0;6;0;0;1;1;0;0;0;0;357162,998999999836087;5686248,101999999955297;6,950640389000057;51,309594143000027;1
35369;5230417508000096282;5;1;19;0;2023;4;16;2;3;5;2;0;0;1;1;0;0;0;0;350791,344600000418723;5709139,573400000110269;6,849658122000051;51,513651910000078;1
35371;5230417506100195948;5;1;16;0;2023;4;6;2;3;5;3;0;0;1;1;0;0;0;0;321455,626500000245869;5667870,717000000178814;6,447971370000062;51,134426273000031;1
35380;5230417502350796220;5;1;13;0;2023;4;6;2;3;6;4;0;0;1;0;1;0;0;0;360898,430399999953806;5706480,490700000897050;6,996267121000074;51,492335749000063;1
35405;5230419405108076207;5;7;54;8;2023;4;10;4;3;5;2;0;0;1;1;0;0;0;0;458593,551199999637902;5750191,919999999925494;8,398176678000027;51,900941938000074;1
35416;5230417307000393763;5;9;62;12;2023;4;18;2;3;0;1;0;0;1;0;0;0;0;0;394359,372299999929965;5673133,756599999964237;7,487954127000023;51,199831588000052;1
35419;5230417303100575272;5;9;15;0;2023;4;9;2;3;4;2;0;0;1;1;0;0;0;0;417452,756000000052154;5725603,893999999389052;7,806170407000025;51,675336196000046;1
35424;5230417301201769355;5;9;13;0;2023;4;10;2;3;0;1;0;0;1;0;0;0;0;0;390295,066700000315905;5710152,084699999541044;7,418381071000056;51,531805965000046;1
35426;5230417301102094345;5;9;13;0;2023;4;7;2;3;5;2;0;1;1;1;0;0;0;0;396462,744800000451505;5705113,697200000286102;7,508746840000072;51,487682410000048;1
35427;5230428500100868134;5;1;11;0;2023;4;13;6;2;0;7;0;0;1;0;0;0;0;0;346988,244400000199676;5675299,149000000208616;6,809451697000043;51,208567679000055;1
35429;5230417300100596607;5;9;11;0;2023;4;13;2;3;5;3;0;0;1;1;0;0;0;0;375579,957999999634922;5704768,454800000414252;7,208237389000033;51,480370696000080;1
35446;5230430711400053662;5;5;70;28;2023;4;15;1;3;0;6;0;0;1;0;0;0;0;0;445033,338399999774992;5743098,083900000900030;8,202232647000073;51,835993549000079;1
35448;5230416501316673906;5;1;12;0;2023;4;16;1;3;3;2;0;0;1;1;0;0;0;0;346349,065000000409782;5698508,853000000119209;6,790308612000047;51,416943493000076;1
35449;5230428702100990661;5;5;15;0;2023;4;7;6;3;5;2;0;0;1;0;0;0;0;1;411667,302799999713898;5751946,381599999964237;7,715811765000069;51,911249515000065;1
35459;5230418513330045501;5;1;62;12;2023;4;14;3;3;5;2;0;0;1;1;0;0;0;0;325960,787999999709427;5663732,847999999299645;6,514296827000067;51,098639149000064;1
35464;5230415711200728707;5;5;70;4;2023;4;13;7;3;5;3;0;1;1;1;0;0;0;0;422517,412999999709427;5735268,201999999582767;7,877251977000071;51,762936598000067;1
35467;5230415705000495196;5;5;54;32;2023;4;14;7;3;0;1;0;0;1;0;0;0;0;0;323034,074599999934435;5747063,380200000479817;6,430807292000054;51,846290830000044;1
35468;5230415702100396747;5;5;15;0;2023;4;22;7;3;0;1;2;0;1;0;0;0;0;0;408723,521999999880791;5761851,517999999225140;7,670395656000039;51,999808270000074;1
35470;5230415701920649496;5;5;62;28;2023;4;16;7;3;5;3;0;1;1;1;0;0;0;0;378339,521999999880791;5721970,004000000655651;7,242005338000070;51,635568464000073;1
35473;5230415701610847865;5;5;62;12;2023;4;15;7;1;7;7;0;0;1;0;0;0;0;0;358011,181699999608099;5726832,553799999877810;6,946474682000030;51,674498505000031;1
35474;5230415700000773458;5;5;13;0;2023;4;13;7;3;5;2;0;1;1;1;0;0;0;0;364807,552699999883771;5714001,120500000193715;7,049655381000036;51,560867966000046;1
35488;5230415601300369670;5;3;15;0;2023;4;3;7;3;5;2;2;0;1;1;0;0;0;0;354192,391300000250340;5644819,697200000286102;6,924804621000021;50,936550288000035;1
35490;5230426602300980714;5;3;62;36;2023;4;7;4;3;5;3;1;0;1;1;0;0;0;0;344042,968999999575317;5649147,812000000849366;6,778611737000062;50,972786621000068;1
35491;5230415601100593348;5;3;15;0;2023;4;12;7;3;6;6;0;0;1;0;1;0;0;0;356587,627000000327826;5643045,501000000163913;6,959569281000029;50,921206400000074;1
35492;5230418502407087260;5;1;17;0;2023;4;11;3;3;5;3;0;0;1;1;0;0;0;0;351545,197900000028312;5695182,731100000441074;6,866370546000041;51,388440647000039;1
35494;5230415600140195344;5;3;14;0;2023;4;12;7;3;3;6;0;0;1;0;0;0;0;0;366990,520700000226498;5622483,303500000387430;7,114949991000060;50,738888023000072;1
35495;5230415600110778244;5;3;14;0;2023;4;19;7;3;1;5;0;0;1;1;0;0;0;1;366329,545800000429153;5621971,856599999591708;7,105773402000068;50,734139378000066;1
35497;5230419601500890403;5;3;15;0;2023;4;8;4;2;5;3;0;0;1;1;0;0;0;0;360018,251600000075996;5648075,691099999472499;7,006414041000028;50,967255932000057;1
35501;5230415513210286831;5;1;62;24;2023;4;11;7;2;5;3;0;0;1;1;0;0;0;0;338706,724999999627471;5670998,833100000396371;6,692923186000030;51,167651218000060;1
35503;5230415513130286230;5;1;62;22;2023;4;15;7;3;0;6;0;0;1;1;0;0;0;0;335986,326999999582767;5684896,241000000387430;6,647685663000061;51,291740050000044;1
35504;5230502502111875910;5;1;13;0;2023;5;7;3;3;0;7;0;1;1;0;0;0;0;0;363906,370000000111759;5701428,873400000855327;7,041513746000021;51,447671363000040;1
35509;5230415502300195796;5;1;13;0;2023;4;13;7;3;1;3;0;0;1;1;0;0;0;0;361271,713299999944866;5705168,878599999472499;7,002156028000059;51,480640953000034;1
35511;5230415502210089591;5;1;13;0;2023;4;21;7;3;2;6;2;1;1;1;0;0;0;0;361291,642599999904633;5699992,275200000032783;7,004473128000029;51,434127178000040;1
35513;5230415501134879377;5;1;12;0;2023;4;14;7;2;5;3;0;0;1;1;0;0;0;0;343279,295199999585748;5709798,820299999788404;6,741192370000022;51,517541350000045;1
35526;5230415315110397941;5;9;70;40;2023;4;16;7;3;9;1;0;1;1;0;0;0;0;0;427943,631400000303984;5633297,529899999499321;7,976465295000025;50,846887387000038;1
35543;5230414701110481333;5;5;62;32;2023;4;12;6;3;1;5;0;0;1;1;0;0;0;0;375844,286600000225008;5720685,389000000432134;7,206423498000049;51,623478276000071;1
35546;5230414700000595170;5;5;13;0;2023;4;5;6;2;5;3;2;0;1;1;0;0;0;0;369690,777999999932945;5706243,817999999970198;7,122931108000046;51,492303625000034;1
35549;5230414608200969678;5;3;34;2;2023;4;5;6;3;5;3;2;0;1;0;0;0;0;1;300171,700600000098348;5629065,741000000387430;6,165430048000076;50,778870516000040;1
35550;5230419702100970514;5;5;15;0;2023;4;7;4;3;5;3;0;0;1;1;0;0;0;0;407958,729000000283122;5760140,311799999326468;7,659717751000073;51,984300823000069;1
35555;5230414605152579448;5;3;74;52;2023;4;13;6;3;5;2;0;0;1;1;0;0;0;0;387342,774000000208616;5664263,280999999493361;7,390343796000025;51,118757019000043;1
35559;5230427500200056863;5;1;11;0;2023;4;17;5;3;0;1;0;0;1;1;0;0;0;0;350229,005900000222027;5678407,519799999892712;6,854513180000026;51,237358040000061;1
35561;5230414603116394798;5;3;66;16;2023;4;14;6;1;5;3;0;0;1;1;0;0;0;0;347666,134300000034273;5616691,755799999460578;6,843663117000062;50,682094763000066;1
35568;5230414601700795391;5;3;16;0;2023;4;16;6;3;5;2;0;0;1;1;0;0;0;0;361567,618999999947846;5656582,713999999687076;7,025220999000055;51,044084272000077;1
35574;5230414601300569674;5;3;15;0;2023;4;6;6;3;9;1;1;0;1;0;0;0;0;0;350569,839700000360608;5645059,687200000509620;6,873186038000028;50,937779662000025;1
35576;5230426601200681354;5;3;15;0;2023;4;16;4;3;0;2;0;0;1;1;0;0;0;0;359398,539699999615550;5637205,000399999320507;7,001784194000038;50,869408575000080;1
35588;5230414516300587000;5;1;58;28;2023;4;11;6;3;5;3;0;0;1;1;0;0;0;0;350362,200299999676645;5689386,273700000718236;6,851820070000031;51,336045266000042;1
35596;5230414514124586218;5;1;66;20;2023;4;11;6;3;0;1;0;0;1;0;0;0;0;0;301589,080699999816716;5677630,724700000137091;6,158976832000064;51,215545626000051;1
35602;5230414513130981476;5;1;62;22;2023;4;23;6;2;8;1;2;0;1;0;0;0;0;0;337752,915000000037253;5681757,532999999821186;6,674424912000063;51,264045895000038;1
35612;5230414502404481153;5;1;17;0;2023;4;17;6;2;0;7;0;0;1;0;0;0;0;0;354308,937400000169873;5702267,401200000196695;6,903150578000066;51,452818539000077;1
35623;5230415506100296112;5;1;16;0;2023;4;17;7;3;1;5;0;0;1;0;0;0;0;1;321577,693400000222027;5667994,174399999901652;6,449653149000028;51,135573380000039;1
35624;5230414500200278700;5;1;11;0;2023;4;10;6;3;0;7;0;1;1;0;0;0;0;0;347944,908999999985099;5678881,891000000759959;6,821616999000071;51,241016439000077;1
35628;5230414410250396986;5;7;70;44;2023;4;20;6;3;3;6;2;0;1;1;0;0;0;0;457746,365399999544024;5808685,748900000005960;8,378581842000074;52,426748634000035;1
35637;5230414315140593906;5;9;70;36;2023;4;6;6;2;0;3;1;0;1;1;0;0;0;0;430868,957799999974668;5626323,957599999383092;8,019325960000060;50,784541766000075;1
35644;5230421513210069130;5;1;62;24;2023;4;18;6;2;0;7;0;0;1;0;0;0;0;0;335443,971699999645352;5672125,818900000303984;6,645780002000038;51,176847459000044;1
35652;5230414300500377754;5;9;11;0;2023;4;14;6;3;3;6;0;0;1;0;0;0;0;1;375423,537299999967217;5703254,496300000697374;7,206519771000046;51,466729780000037;1
35655;5230414300100677944;5;9;11;0;2023;4;14;6;3;6;4;0;0;1;0;1;0;0;0;378017,936400000005960;5705940,441600000485778;7,242923674000053;51,491434976000050;1
35657;5230413711200976705;5;5;70;40;2023;4;19;5;2;5;3;0;0;1;1;0;0;0;0;411570,351499999873340;5746093,129200000315905;7,715902981000056;51,858619992000058;1
35661;5230413709500076680;5;5;66;76;2023;4;20;5;3;5;3;0;0;1;1;0;0;0;0;394875,644000000320375;5792949,133999999612570;7,459133542000075;52,276849411000057;1
35671;5230413701920990720;5;5;62;28;2023;4;18;5;2;5;2;0;0;1;0;0;0;0;1;378024,945000000298023;5723409,650000000372529;7,236960159000034;51,648438797000040;1
35685;5230426300500477754;5;9;11;0;2023;4;7;4;3;5;2;0;0;1;1;0;0;0;0;377106,390499999746680;5701108,228399999439716;7,231480494000039;51,447808147000046;1
35695;5230413601200957561;5;3;15;0;2023;4;17;5;3;3;6;0;0;1;1;0;0;0;0;355037,482699999585748;5643523,640699999406934;6,937339392000069;50,925115974000050;1
35696;5230413601200081792;5;3;15;0;2023;4;17;5;3;0;6;0;0;1;1;0;0;0;1;353609,774000000208616;5644210,360400000587106;6,916763170000024;50,930926789000068;1
35702;5230430700000767105;5;5;13;0;2023;4;22;1;3;4;7;2;0;1;0;0;0;0;1;367218,886599999852479;5710181,947599999606609;7,085862316000032;51,527119291000076;1
35705;5230413503100978847;5;1;24;0;2023;4;14;5;3;1;5;0;0;1;0;0;0;0;1;370772,297699999995530;5680730,158299999311566;7,147781552000026;51,263255753000067;1
35706;5230413502208979102;5;1;13;0;2023;4;20;5;3;1;5;1;0;1;1;0;0;0;0;359157,506199999712408;5701780,820699999108911;6,973079250000069;51,449672897000028;1
35707;5230413502208573544;5;1;13;0;2023;4;8;5;2;0;7;0;1;1;0;0;0;0;0;359462,335500000044703;5701472,461500000208616;6,977585700000020;51,446977655000069;1
35708;5230413502105489698;5;1;13;0;2023;4;8;5;3;5;3;0;1;1;1;0;0;0;0;362339,930200000293553;5700951,920800000429153;7,019171459000063;51,443006650000029;1
35722;5230413405244096924;5;7;54;44;2023;4;17;5;2;5;3;0;0;1;1;0;0;0;0;465910,950400000438094;5747405,766400000080466;8,504802269000038;51,876387979000071;1
35723;5230413405236806735;5;7;54;36;2023;4;13;5;3;0;5;0;0;1;0;0;0;0;1;477183,872000000439584;5750986,715199999511242;8,668318766000027;51,909159382000041;1
35736;5230413310220094268;5;9;54;8;2023;4;14;5;3;0;7;0;1;1;0;0;0;0;0;384178,726499999873340;5683112,427400000393391;7,339071969000031;51,287550153000041;1
35739;5230413310110985461;5;9;54;16;2023;4;16;5;3;0;1;0;0;1;0;0;0;0;0;373867,868599999696016;5695611,570000000298023;7,186857317000033;51,397695765000037;1
35744;5230413301301453562;5;9;78;24;2023;4;11;5;3;5;3;0;0;1;1;0;0;0;0;398843,016999999992549;5716082,093000000342727;7,539865996000060;51,586705449000078;1
35746;5230413300000795177;5;9;16;0;2023;4;13;5;3;5;2;0;0;1;1;0;0;0;0;375210,523500000126660;5710246,690400000661612;7,200981663000050;51,529523796000035;1
35751;5230425600110604884;5;3;14;0;2023;4;9;3;3;5;2;0;0;1;1;0;0;0;0;364398,074000000022352;5622945,213999999687076;7,078060917000073;50,742440043000045;1
35755;5230429600350695259;5;3;82;32;2023;4;15;7;2;0;7;0;0;1;0;0;0;0;0;360015,887000000104308;5605736,640000000596046;7,022498803000076;50,586735645000033;1
35765;5230412607300090856;5;3;82;16;2023;4;16;4;3;0;1;0;0;1;0;0;0;0;0;389509,282800000160933;5624143,623199999332428;7,433454257000051;50,758535132000077;1
35769;5230412606100181800;5;3;78;4;2023;4;15;4;2;0;1;0;0;1;0;0;0;0;0;365750,653500000014901;5653994,582000000402331;7,085815831000048;51,021816408000063;1
35775;5230412601600478528;5;3;15;0;2023;4;10;4;3;0;1;0;1;1;0;0;0;0;0;364421,495500000193715;5645633,787599999457598;7,069994920000056;50,946362621000048;1
35776;5230412601400272673;5;3;15;0;2023;4;11;4;3;1;5;0;1;1;1;0;0;0;0;356348,711400000378489;5647523,812599999830127;6,954406425000059;50,961392925000041;1
35777;5230412601300869670;5;3;15;0;2023;4;8;4;3;5;2;0;1;1;1;0;0;0;0;354464,454900000244379;5645756,672800000756979;6,928299722000077;50,945039338000072;1
35779;5230412601300145698;5;3;15;0;2023;4;10;4;3;0;1;0;1;1;0;0;0;0;0;353527,736200000159442;5648826,754599999636412;6,913739311000029;50,972391712000046;1
35780;5230412601200793606;5;3;15;0;2023;4;8;4;2;4;6;0;1;1;0;0;0;0;0;358419,798899999819696;5640540,430500000715256;6,986591451000038;50,899145615000066;1
35790;5230429702100679162;5;5;15;0;2023;4;1;7;3;0;7;2;0;1;0;0;0;0;0;405034,536299999803305;5758063,090800000354648;7,617724349000071;51,965137793000054;1
35792;5230412515000291270;5;1;54;32;2023;4;6;4;3;5;3;1;1;1;0;0;0;0;0;309846,842100000008941;5719012,598099999129772;6,254893404000029;51,590031733000046;1
35793;5230412513320082131;5;1;62;4;2023;4;8;4;3;5;3;0;1;1;1;0;0;0;0;349239,899299999698997;5662152,846000000834465;6,847167968000065;51,091035118000036;1
35795;5230412508000985370;5;1;19;0;2023;4;6;4;3;5;2;1;1;1;0;0;0;0;1;346545,525999999605119;5710476,699300000444055;6,787935047000076;51,524528776000068;1
35796;5230426513210090850;5;1;62;24;2023;4;13;4;3;0;1;0;0;1;0;0;0;0;0;338567,075000000186265;5670877,595000000670552;6,690981846000057;51,166522506000035;1
35805;5230412502338271972;5;1;13;0;2023;4;16;4;3;0;7;0;1;1;0;0;0;0;0;362980,151399999856949;5704091,803400000557303;7,027161423000052;51,471378326000035;1
35826;5230412500100681628;5;1;11;0;2023;4;14;4;2;0;4;0;0;1;0;1;0;0;0;346399,782999999821186;5676015,246999999508262;6,800727165000069;51,214844259000074;1
35830;5230412410210097000;5;7;70;20;2023;4;15;4;3;5;3;0;0;1;1;0;0;0;0;474457,751099999994040;5795559,061300000175834;8,625345932000073;52,309773175000032;1
35833;5230501410240397000;5;7;70;40;2023;5;19;2;2;0;1;0;0;1;0;0;0;0;0;474422,430700000375509;5808564,314400000497699;8,623836029000074;52,426691367000046;1
35834;5230412405232587143;5;7;54;32;2023;4;16;4;3;8;1;0;1;1;0;0;0;0;0;461686,810700000263751;5744039,683900000527501;8,443816186000049;51,845850155000051;1
35838;5230430601600393575;5;3;15;0;2023;4;12;1;3;5;2;0;0;1;1;0;0;0;0;366668,649699999950826;5638219,361600000411272;7,104674464000027;50,880248094000081;1
35840;5230423301301873405;5;9;78;24;2023;4;15;1;2;7;1;0;0;1;0;0;0;0;0;400804,781999999657273;5719746,037000000476837;7,567136724000022;51,619988522000028;1
35842;5230412400300576080;5;7;11;0;2023;4;12;4;3;5;2;0;1;1;1;0;0;0;0;470499,010400000028312;5754546,785099999979138;8,570837456000049;51,940853384000036;1
35843;5230412400200603485;5;7;11;0;2023;4;18;4;3;1;3;0;1;1;1;0;0;0;0;469042,321000000461936;5769857,262299999594688;8,548263164000048;52,078425606000053;1
35844;5230412400100096916;5;7;11;0;2023;4;13;4;3;0;2;0;1;1;1;0;0;0;0;468798,995900000445545;5766008,519899999722838;8,545064349000029;52,043809516000067;1
35853;5230426514110149647;5;1;66;32;2023;4;7;4;3;5;2;0;0;1;0;0;0;0;1;316446,133299999870360;5681546,004799999296665;6,369457137000040;51,255684226000028;1
35860;5230412301302153567;5;9;13;0;2023;4;16;4;3;1;3;0;1;1;1;0;0;0;0;396189,033900000154972;5706900,442399999126792;7,504280351000034;51,503692688000058;1
35864;5230412300500077958;5;9;11;0;2023;4;18;4;3;5;3;0;1;1;1;0;0;0;0;378029,914400000125170;5700794,986400000751019;7,244871845000034;51,445192526000028;1
35871;5230411705000596683;5;5;54;24;2023;4;11;3;3;5;3;0;0;1;1;0;0;0;0;365139,202999999746680;5773177,879000000655651;7,031382891000021;52,092708243000061;1
35882;5230428608100985867;5;3;34;2;2023;4;10;6;3;3;2;0;1;1;1;0;0;0;0;293514,462000000290573;5627917,774000000208616;6,071770806000075;50,766228823000063;1
35892;5230411601600069935;5;3;15;0;2023;4;18;3;3;0;5;0;0;1;1;0;0;0;0;359654,473500000312924;5644817,561300000175834;7,002492606000033;50,937886280000043;1
35896;5230411601400686484;5;3;15;0;2023;4;15;3;3;5;2;0;0;1;1;0;0;0;0;355400,662999999709427;5651163,517000000923872;6,939467800000045;50,993864780000081;1
35897;5230411601400490461;5;3;15;0;2023;4;18;3;3;5;2;0;0;1;1;0;0;0;0;356137,508000000379980;5648877,379000000655651;6,950865606000036;50,973504455000068;1
35901;5230411518200069470;5;1;70;24;2023;4;20;3;2;5;3;0;0;1;1;0;0;0;0;333169,538300000131130;5696700,158299999311566;6,601792710000041;51,396969470000045;1