OID_;UIDENTSTLAE;ULAND;UREGBEZ;UKREIS;UGEMEINDE;UJAHR;UMONAT;USTUNDE;UWOCHENTAG;UKATEGORIE;UART;UTYP1;ULICHTVERH;IstStrassenzustand;IstRad;IstPKW;IstFuss;IstKrad;IstGkfz;IstSonstige;LINREFX;LINREFY;XGCSWGS84;YGCSWGS84;PLST
35911;5230426601100842306;5;3;15;0;2023;4;16;4;2;5;2;0;0;1;0;0;0;0;1;356618,092899999581277;5646263,594100000336766;6,958736233000025;50,950134623000054;1
35912;5230411513310078715;5;1;62;8;2023;4;16;3;3;5;3;0;0;1;1;0;0;0;0;330629,251299999654293;5660123,346000000834465;6,582601103000059;51,067608064000069;1
35942;5230503601400686264;5;3;15;0;2023;5;9;4;3;1;6;0;0;1;1;0;0;0;0;349498,208800000138581;5651841,626399999484420;6,855138953000051;50,998445189000051;1
35945;5230426500300001077;5;1;11;0;2023;4;16;4;3;4;6;0;0;1;0;0;0;0;1;343401,062099999748170;5675464,191400000825524;6,758066478000046;51,209078394000073;1
35952;5230418602400525244;5;3;62;32;2023;4;9;3;3;5;2;0;0;1;0;0;0;0;0;339357,459200000390410;5642514,664699999615550;6,714854336000030;50,911897241000077;1
35959;5230411301302777898;5;9;13;0;2023;4;5;3;3;0;7;2;1;1;0;0;0;0;0;394459,665099999867380;5708773,905099999159575;7,478811909000058;51,520212066000056;1
35963;5230411300200395137;5;9;11;0;2023;4;15;3;3;3;6;0;0;1;1;0;0;0;0;370070,781000000424683;5702267,638000000268221;7,129864043000055;51,456657271000040;1
35983;5230410605108886584;5;3;74;8;2023;4;14;2;3;0;1;0;0;1;0;0;0;0;0;393142,179999999701977;5649475,211999999359250;7,477539862000071;50,986934682000026;1
35988;5230410602700214916;5;3;62;28;2023;4;12;2;2;0;1;0;0;1;0;0;0;0;0;352086,946499999612570;5636764,101999999955297;6,898123581000050;50,863621793000050;1
35996;5230515601600699178;5;3;15;0;2023;5;15;2;3;0;3;0;0;1;1;0;0;0;0;364622,008000000379980;5643186,898700000718236;7,073756584000023;50,924418303000039;1
35997;5230515601600199807;5;3;15;0;2023;5;12;2;3;0;3;0;0;1;0;0;0;0;1;365636,066899999976158;5645708,345899999141693;7,087246889000028;50,947317091000059;1
36001;5230515601200593503;5;3;15;0;2023;5;16;2;3;2;2;0;0;1;1;0;0;0;0;358478,596499999985099;5636973,096400000154972;6,988808336000034;50,867099926000037;1
36002;5230515601101000000;5;3;15;0;2023;5;14;2;3;0;1;0;0;1;0;0;0;0;0;355288,810800000093877;5644174,750099999830127;6,940654597000048;50,931030459000056;1
36006;5230515600120495326;5;3;82;24;2023;5;13;2;3;0;6;0;0;1;1;0;0;0;0;372170,965699999593198;5617869,403100000694394;7,189927582000053;50,698579722000034;1
36009;5230515518110596111;5;1;70;12;2023;5;9;2;2;0;7;0;0;1;0;0;0;0;0;343867,842600000090897;5735167,014599999412894;6,738355904000059;51,745626103000063;1
36010;5230515516500689450;5;1;58;16;2023;5;9;2;3;5;3;0;0;1;1;0;0;0;0;353416,558400000445545;5671004,473600000143051;6,903166081000052;51,171660999000039;1
36011;5230515516300090760;5;1;58;28;2023;5;14;2;3;0;1;0;0;1;0;0;0;0;0;348990,378999999724329;5684115,821900000795722;6,834373058000040;51,288324498000065;1
36016;5230515514111890932;5;1;66;32;2023;5;9;2;3;0;7;0;0;1;0;0;0;0;0;314595,057000000029802;5681430,176699999719858;6,343019494000032;51,254044984000075;1
36019;5230515513110269683;5;1;62;16;2023;5;16;2;3;0;1;0;0;1;0;0;0;0;1;333907,136099999770522;5679866,736099999397993;6,620229368000025;51,245950801000049;1
36023;5230515508000086060;5;1;19;0;2023;5;15;2;3;0;7;0;0;1;1;0;0;0;0;349942,830599999986589;5705245,504300000146031;6,839094839000040;51,478437700000029;1
36024;5230515506100990391;5;1;16;0;2023;5;18;2;3;0;1;0;1;1;0;0;0;0;0;318284,792399999685585;5676029,474500000476837;6,398575490000042;51,206718905000059;1
36025;5230515505100474035;5;1;14;0;2023;5;13;2;3;5;3;0;0;1;1;0;0;0;0;337671,123599999584258;5689671,964099999517202;6,669653964000076;51,335130644000060;1
36042;5230515411232990400;5;7;74;32;2023;5;16;2;3;0;3;0;0;1;1;0;0;0;0;478057,840900000184774;5731828,421099999919534;8,682237766000071;51,736940523000044;1
36058;5230515400200466181;5;7;11;0;2023;5;11;2;3;4;3;0;0;1;1;0;0;0;0;469308,664900000207126;5764801,561100000515580;8,552603827000041;52,032986656000048;1
36064;5230515315120190032;5;9;70;16;2023;5;7;2;3;0;1;0;0;1;0;0;0;0;0;420900,623700000345707;5639006,410299999639392;7,875206729000070;50,897295542000052;1
36065;5230515315110185526;5;9;70;40;2023;5;18;2;2;4;2;0;0;1;1;0;0;0;0;432122,348199999891222;5636843,397900000214577;8,035155352000061;50,879275283000027;1
36066;5230515314310090124;5;9;66;20;2023;5;17;2;3;8;1;0;0;1;0;0;0;0;0;434673,973399999551475;5663554,150000000372529;8,066613586000074;51,119734135000044;1
36080;5230514706000176632;5;5;58;32;2023;5;13;1;3;5;3;0;0;1;1;0;0;0;0;386651,194000000134110;5754394,924000000581145;7,351464013000054;51,928726701000073;1
36083;5230514701910085484;5;5;62;8;2023;5;0;1;3;1;5;2;0;1;1;0;0;0;0;384994,181900000199676;5722890,880300000309944;7,337817725000036;51,645245008000074;1
36097;5230514606400693622;5;3;78;4;2023;5;13;1;2;0;1;0;0;1;0;0;0;0;0;373993,148400000296533;5647688,312899999320507;7,205465109000045;50,967000769000038;1
36098;5230514606100899210;5;3;78;4;2023;5;11;1;3;0;1;0;0;1;0;0;0;0;0;370955,797299999743700;5646846,755300000309944;7,162530473000061;50,958764501000076;1
36114;5230514601300398995;5;3;15;0;2023;5;16;1;3;5;3;0;0;1;1;0;0;0;0;347493,578900000080466;5645204,938300000503659;6,829374603000076;50,938279575000081;1
36115;5230514601200981466;5;3;15;0;2023;5;17;1;3;0;7;0;0;1;1;0;0;0;0;359337,927099999971688;5638686,624399999156594;7,000353358000041;50,882709498000054;1
36116;5230514601200853781;5;3;15;0;2023;5;12;1;3;0;1;0;1;1;0;0;0;0;0;357697,837000000290573;5639121,994000000879169;6,976883823000037;50,886220587000082;1
36117;5230514601100990255;5;3;15;0;2023;5;16;1;3;6;6;0;0;1;0;1;0;0;0;357213,099700000137091;5646329,683700000867248;6,967175446000056;50,950876267000069;1
36119;5230514600120990445;5;3;82;24;2023;5;13;1;2;0;1;0;0;1;0;0;0;0;0;372085,995099999941885;5617847,438200000673532;7,188732638000033;50,698363608000079;1
36120;5230514518120475964;5;1;70;44;2023;5;11;1;3;5;3;0;0;1;1;0;0;0;0;338638,656999999657273;5718122,958000000566244;6,670546644000069;51,591020806000074;1
36122;5230514515211990453;5;1;54;16;2023;5;13;1;2;5;2;0;0;1;1;0;1;0;0;304492,497999999672174;5728615,594000000506639;6,172334786000022;51,674440158000039;1
36127;5230514502210661060;5;1;13;0;2023;5;17;1;3;5;2;0;0;1;1;0;0;0;0;362101,728400000371039;5699333,969699999317527;7,016376189000027;51,428409100000067;1
36128;5230514502106575753;5;1;13;0;2023;5;15;1;3;0;1;0;0;1;1;0;0;0;0;363160,967600000090897;5701813,332699999213219;7,030644971000072;51,450946678000037;1
36129;5230514501323988046;5;1;12;0;2023;5;14;1;3;0;5;0;0;1;1;0;0;0;1;344177,039400000125170;5694091,622700000181794;6,761037003000069;51,376661830000046;1
36133;5230515405244990430;5;7;54;44;2023;5;7;2;3;5;2;0;0;1;1;0;0;0;0;465985,347799999639392;5747854,866100000217557;8,505838702000062;51,880430292000028;1
36143;5230514310210093932;5;9;54;24;2023;5;11;1;3;4;6;0;0;1;0;0;0;0;0;380266,135400000028312;5679084,081900000572205;7,284339424000052;51,250534071000061;1
36150;5230514300800493891;5;9;54;36;2023;5;14;1;3;8;1;0;0;1;1;0;0;0;0;384431,921799999661744;5697780,060699999332428;7,337936599000045;51,419436884000049;1
36153;5230513709110280992;5;5;66;8;2023;5;23;7;3;0;1;2;0;1;0;0;0;0;0;400970,529600000008941;5781160,775299999862909;7,551889122000034;52,172030519000032;1
36154;5230513706000990476;5;5;58;12;2023;5;15;7;3;5;3;0;0;1;1;0;0;0;0;375121,360999999567866;5751049,030700000002980;7,185074757000052;51,896191508000072;1
36157;5230513705000428448;5;5;54;64;2023;5;10;7;3;5;3;0;0;1;1;0;0;0;0;356693,464700000360608;5752847,017500000074506;6,916684061000069;51,907913256000029;1
36158;5230513705000391747;5;5;54;12;2023;5;17;7;3;5;3;0;0;1;1;0;0;0;0;347488,429100000299513;5744477,654200000688434;6,786666707000052;51,830275444000051;1
36163;5230513702100076681;5;5;15;0;2023;5;15;7;3;0;4;0;0;1;0;1;0;0;0;405874,001899999566376;5757935,465800000354648;7,629974432000040;51,964133416000038;1
36170;5230513701110851307;5;5;62;32;2023;5;13;7;3;5;3;0;0;1;1;0;0;0;0;375571,236999999731779;5718120,223500000312924;7,203391664000037;51,600364497000044;1
36179;5230513605136586768;5;3;74;36;2023;5;9;7;3;5;3;0;0;1;1;0;0;0;0;383296,216000000014901;5673634,523099999874830;7,329511862000061;51,202179850000050;1
36180;5230513605132469570;5;3;74;32;2023;5;12;7;3;0;1;0;1;1;0;0;0;0;0;398953,119900000281632;5641802,027400000020862;7,562432703000070;50,919004235000045;1
36181;5230513605124599138;5;3;74;24;2023;5;12;7;2;0;6;0;1;1;1;0;0;0;0;397233,891300000250340;5657725,763800000771880;7,533477081000058;51,061848229000077;1
36188;5230513601600990500;5;3;15;0;2023;5;7;7;2;5;3;0;0;1;1;0;0;0;0;365102,114000000059605;5638403,871999999508262;7,082351078000045;50,881542812000077;1
36189;5230513601500799857;5;3;15;0;2023;5;8;7;2;5;3;0;0;1;1;0;0;0;0;364655,560999999754131;5647653,182900000363588;7,072574016000033;50,964566893000040;1
36193;5230513601100978083;5;3;15;0;2023;5;22;7;3;4;7;2;0;1;1;0;0;0;0;355260,441700000315905;5644025,480900000780821;6,940310433000036;50,929681890000040;1
36196;5230513600110375870;5;3;14;0;2023;5;13;7;3;0;3;0;1;1;1;0;0;0;0;364736,811400000005960;5623487,413300000131130;7,082660016000034;50,747392260000026;1
36199;5230513516700067818;5;1;58;8;2023;5;14;7;2;0;7;0;0;1;0;0;0;0;0;359332,395600000396371;5671217,334799999371171;6,987650015000042;51,175059654000052;1
36203;5230513515111196054;5;1;54;44;2023;5;13;7;3;5;5;0;0;1;1;0;0;0;0;320343,352300000376999;5743076,527300000190735;6,393855575000032;51,809622044000037;1
36205;5230513515110521975;5;1;54;36;2023;5;10;7;3;3;2;0;0;1;0;0;0;0;0;301080,011900000274181;5739652,506999999284744;6,116743153000073;51,772354011000061;1
36211;5230513503400990494;5;1;22;0;2023;5;11;7;3;0;7;0;0;1;0;0;0;0;0;365731,152300000190735;5669820,691899999976158;7,079653886000074;51,164046111000062;1
36223;5230513407201303415;5;7;62;4;2023;5;14;7;3;0;1;0;0;1;0;0;0;0;0;502132,111700000241399;5731153,054600000381470;9,030872958000032;51,731293560000040;1
36230;5230513400300987024;5;7;11;0;2023;5;20;7;2;0;1;0;0;1;0;0;0;0;0;465663,683799999766052;5756262,981399999931455;8,500327289000040;51,956005775000051;1
36231;5230513400200376200;5;7;11;0;2023;5;15;7;3;5;3;0;0;1;1;0;0;0;0;467951,857200000435114;5762783,726500000804663;8,533014935000040;52,014768311000068;1
36250;5230513301301988057;5;9;78;24;2023;5;18;7;3;5;1;0;0;1;1;0;0;0;0;398035,341799999587238;5720817,315500000491738;7,526834656000062;51,629122843000061;1
36254;5230513300500189255;5;9;11;0;2023;5;14;7;3;3;6;0;0;1;1;0;0;0;1;376099,420800000429153;5702526,846799999475479;7,216500145000055;51,460338470000067;1
36267;5230512705000990558;5;5;54;20;2023;5;6;6;3;5;3;0;1;1;1;0;0;0;0;368056,549700000323355;5784492,812100000679493;7,069549338000058;52,195083415000056;1
36268;5230512705000990525;5;5;54;4;2023;5;13;6;2;5;3;0;0;1;0;0;0;0;0;362750,000599999912083;5771139,471499999985099;6,997349891000056;52,073805107000055;1
36272;5230512702100645124;5;5;15;0;2023;5;7;6;3;5;3;0;0;1;1;0;0;0;0;406136,627000000327826;5750910,902000000700355;7,635712302000059;51,901037478000035;1
36274;5230512701400982416;5;5;12;0;2023;5;11;6;3;5;2;0;0;1;1;0;0;0;0;356186,888700000010431;5710484,696000000461936;6,926812039000026;51,527138110000067;1
36287;5230512606400993622;5;3;78;28;2023;5;15;6;3;0;7;0;0;1;0;0;0;0;0;372816,435499999672174;5641379,137800000607967;7,190918214000021;50,910034649000067;1
36292;5230512603144643540;5;3;66;44;2023;5;10;6;3;5;3;0;0;1;1;0;0;0;0;340141,047600000165403;5619659,448999999091029;6,735945496000056;50,706743830000050;1
36296;5230512601500599031;5;3;15;0;2023;5;17;6;2;5;3;0;0;1;0;0;0;0;0;359748,102500000037253;5647315,473699999973178;7,002862204000053;50,960358082000027;1
36298;5230512601400990552;5;3;15;0;2023;5;8;6;3;0;5;0;1;1;1;0;0;0;0;356352,413200000301003;5647356,368400000035763;6,954525202000070;50,959889057000055;1
36299;5230512601300972665;5;3;15;0;2023;5;7;6;3;5;3;0;1;1;1;0;0;0;0;353657,193400000222027;5648665,048499999567866;6,915646987000059;50,970971434000035;1
36300;5230512601200524758;5;3;15;0;2023;5;12;6;3;6;4;0;0;1;0;1;0;0;0;359254,983699999749660;5638857,471499999985099;6,999109215000033;50,884224735000032;1
36301;5230512601200199806;5;3;15;0;2023;5;11;6;3;0;3;0;0;1;1;0;0;0;0;359204,258999999612570;5637020,121999999508262;6,999096050000048;50,867699745000039;1
36316;5230512608100185695;5;3;34;2;2023;5;17;6;3;0;1;0;0;1;0;0;0;0;0;294629,536600000225008;5627498,547800000756979;6,087796065000020;50,762859372000037;1
36318;5230512515000990530;5;1;54;64;2023;5;15;6;3;0;7;0;0;1;0;0;0;0;0;304579,840900000184774;5727260,541300000622869;6,174354191000020;51,662301464000052;1
36319;5230512513320551131;5;1;62;4;2023;5;7;6;3;5;3;0;1;1;1;0;0;0;0;348233,907999999821186;5662713,592000000178814;6,832577884000045;51,095808623000039;1
36320;5230512513210988077;5;1;62;24;2023;5;13;6;3;1;3;0;0;1;1;0;0;0;0;337400,375199999660254;5675724,857100000604987;6,672114711000063;51,209743683000056;1
36321;5230512506100990551;5;1;16;0;2023;5;8;6;3;5;3;0;1;1;0;0;0;1;0;318521,760999999940395;5676109,318399999290705;6,401923795000073;51,207511469000053;1
36322;5230512506100990540;5;1;16;0;2023;5;10;6;2;0;1;0;0;1;0;0;0;0;0;321655,310100000351667;5669328,446799999102950;6,450100735000035;51,147583820000079;1
36323;5230512506100990536;5;1;16;0;2023;5;13;6;3;3;3;0;0;1;0;0;0;0;0;321798,661199999973178;5676471,835500000044703;6,448606118000043;51,211799748000033;1
36325;5230512503400507594;5;1;22;0;2023;5;7;6;3;5;2;0;0;1;0;0;0;0;1;363976,441100000403821;5671089,071000000461936;7,054093150000028;51,175030542000059;1
36334;5230512501134276130;5;1;12;0;2023;5;19;6;3;5;3;0;1;1;1;0;0;0;0;343347,842600000090897;5710887,934000000357628;6,741695311000058;51,527345727000068;1
36342;5230512500200478782;5;1;11;0;2023;5;8;6;3;0;6;0;1;1;1;0;0;0;0;351468,014200000092387;5676914,458699999377131;6,872867869000061;51,224265373000037;1
36350;5230512406130990502;5;7;58;8;2023;5;12;6;3;5;3;0;0;1;0;0;0;0;0;469802,913399999961257;5776130,486099999397993;8,558805173000053;52,134867211000028;1
36352;5230513410220740097;5;7;70;8;2023;5;10;7;3;4;2;0;0;1;1;0;0;0;0;475702,175999999977648;5799896,720000000670552;8,643285241000058;52,348826420000080;1
36354;5230512400200494300;5;7;11;0;2023;5;17;6;2;0;5;0;0;1;1;0;0;0;0;468656,263700000010431;5763517,002100000157952;8,543211598000028;52,021401168000068;1
36355;5230512400200290750;5;7;11;0;2023;5;17;6;2;9;1;0;0;1;0;0;0;0;0;474546,986899999901652;5758294,426899999380112;8,629445849000035;51,974747735000051;1
36359;5230512316400261078;5;9;74;36;2023;5;20;6;3;7;7;0;0;1;0;0;0;0;1;460454,990600000135601;5705042,259099999442697;8,430350284000042;51,495137745000079;1
36361;5230512316200089432;5;9;74;48;2023;5;16;6;2;5;3;0;1;1;1;0;0;0;0;431295,470999999903142;5721910,105499999597669;8,007059422000054;51,643992471000047;1
36379;5230512300100099513;5;9;11;0;2023;5;19;6;3;5;2;0;0;1;1;0;0;0;0;375850,348000000230968;5708078,365000000223517;7,210964729000068;51,510177432000035;1
36380;5230511711300968997;5;5;70;8;2023;5;7;5;3;1;5;0;1;1;1;0;0;0;0;433250,336400000378489;5739587,958100000396371;8,031918802000064;51,803153649000080;1
36385;5230511709110193607;5;5;66;80;2023;5;6;5;3;5;2;1;0;1;1;0;0;0;0;405632,226999999955297;5781430,487999999895692;7,619960288000073;52,175271643000031;1
36388;5230511705000990601;5;5;54;4;2023;5;7;5;3;0;3;0;1;1;1;0;0;0;0;362656,391200000420213;5771082,828900000080466;6,996007712000051;52,073272946000031;1
36390;5230511705000990575;5;5;54;16;2023;5;15;5;3;5;3;0;1;1;1;0;0;0;0;362268,692200000397861;5757603,024499999359250;6,995775665000053;51,952054974000077;1
36392;5230511705000795950;5;5;54;8;2023;5;15;5;2;3;1;0;1;1;0;0;0;0;0;335180,328900000080466;5745855,110099999234080;6,607550379000031;51,839154250000036;1
36397;5230511702100772434;5;5;15;0;2023;5;13;5;3;5;3;0;0;1;1;0;0;0;0;407701,382699999958277;5758540,471699999645352;7,656401763000076;51,969877933000078;1
36400;5230513602300399628;5;3;62;36;2023;5;14;7;3;0;1;0;1;1;0;0;0;0;0;343292,689600000157952;5650860,115700000897050;6,767195513000047;50,987969220000082;1
36402;5230511609108089815;5;3;58;8;2023;5;11;5;3;5;3;0;0;1;1;0;0;0;0;321163,581000000238419;5630304,933000000193715;6,462267461000067;50,796856888000036;1
36408;5230511607000795324;5;3;82;20;2023;5;13;5;3;5;3;0;0;1;1;0;0;0;0;377097,152300000190735;5627065,316600000485778;7,256580459000077;50,782301396000037;1
36414;5230511602700090438;5;3;62;28;2023;5;15;5;3;5;2;0;0;1;1;0;0;0;0;349855,683500000275671;5638934,139900000765920;6,865549269000041;50,882547629000044;1
36416;5230511602400478537;5;3;62;32;2023;5;11;5;3;5;2;0;1;1;1;0;0;0;0;339019,649000000208616;5642833,915999999269843;6,709912226000029;50,914671743000042;1
36418;5230511602100886850;5;3;62;8;2023;5;15;5;3;2;6;0;0;1;1;0;0;0;0;336682,108400000259280;5645332,414699999615550;6,675568616000021;50,936464574000070;1
36424;5230511601500990593;5;3;15;0;2023;5;9;5;3;2;6;0;0;1;0;0;0;0;0;360010,657499999739230;5647910,636099999770522;7,006369477000021;50,965770720000080;1
36427;5230511601200299003;5;3;15;0;2023;5;9;5;3;5;2;0;0;1;1;0;0;0;0;356116,307000000029802;5641139,669999999925494;6,953619554000056;50,903961564000042;1
36433;5230511518110644163;5;1;70;12;2023;5;13;5;3;5;2;0;1;1;0;0;0;0;1;328432,270499999634922;5734958,811200000345707;6,515083971000024;51,739242830000080;1
36437;5230511515110990600;5;1;54;36;2023;5;13;5;3;5;1;0;0;1;1;0;0;0;0;302087,468799999915063;5740720,340600000694394;6,130717380000021;51,782300210000074;1
36438;5230511513320471996;5;1;62;4;2023;5;12;5;3;3;2;0;1;1;1;0;0;0;0;348585,835500000044703;5662703,840299999341369;6,837604129000056;51,095814026000028;1
36440;5230511506100681916;5;1;16;0;2023;5;17;5;3;5;2;0;0;1;1;0;0;0;0;320619,372000000439584;5674790,350999999791384;6,432580233000067;51,196325558000069;1
36442;5230511506100541596;5;1;16;0;2023;5;7;5;3;0;1;0;1;1;0;0;0;0;0;318317,542799999937415;5672615,985799999907613;6,400770590000036;51,176066168000034;1
36447;5230511503100990510;5;1;24;0;2023;5;12;5;3;6;7;0;0;1;0;1;0;0;0;370443,198200000450015;5678650,819499999284744;7,143820099000038;51,244493235000050;1
36451;5230511502134095004;5;1;13;0;2023;5;20;5;3;0;7;0;1;1;0;0;0;0;0;366011,034400000236928;5701676,671399999409914;7,071688976000075;51,450400138000077;1
36473;5230511313240990582;5;9;58;40;2023;5;14;5;2;5;2;0;1;1;1;0;0;0;0;449194,399000000208616;5666292,846000000834465;8,273676619000071;51,145831136000027;1
36479;5230511307000699543;5;9;62;52;2023;5;17;5;3;5;3;0;1;1;1;0;0;0;0;420812,866999999620020;5673361,901000000536442;7,866442825000036;51,206162403000064;1
36486;5230511301301988093;5;9;78;24;2023;5;7;5;3;5;3;0;0;1;1;0;0;0;0;396757,180700000375509;5718689,812899999320507;7,509001675000036;51,609766701000069;1
36492;5230510705000728448;5;5;54;12;2023;5;17;4;3;7;1;0;1;1;0;0;0;0;0;352873,874699999578297;5746633,517699999734759;6,863846694000074;51,851090074000069;1
36495;5230510705000087245;5;5;54;12;2023;5;10;4;3;0;3;0;0;1;1;0;0;0;0;355017,557099999859929;5746199,306700000539422;6,895130482000070;51,847749512000064;1
36498;5230510701610680957;5;5;62;12;2023;5;11;4;3;5;3;0;1;1;1;0;0;0;0;359099,210400000214577;5725060,092700000852346;6,962914361000060;51,658845516000042;1
36499;5230510700000894973;5;5;13;0;2023;5;16;4;2;8;1;0;0;1;0;0;0;0;0;366514,808199999853969;5708065,426999999210238;7,076520277000043;51,507932917000062;1
36505;5230510608404832736;5;3;34;4;2023;5;7;4;3;5;2;0;1;1;1;0;0;0;0;303260,998999999836087;5637782,970000000670552;6,204521431000046;50,858225560000051;1
36510;5230510608100585867;5;3;34;2;2023;5;17;4;3;5;2;0;0;1;1;0;0;0;0;292391,534599999897182;5628258,901599999517202;6,055676178000056;50,768891817000053;1
36512;5230510607500990421;5;3;82;56;2023;5;16;4;3;0;1;0;1;1;0;0;0;0;0;370851,230000000447035;5627192,542999999597669;7,167982364000068;50,782087401000069;1
36514;5230510605152579448;5;3;74;52;2023;5;7;4;3;6;6;0;1;1;0;1;0;0;0;388736,884300000034273;5664539,360999999567866;7,410169505000056;51,121511093000038;1
36528;5230510601600986518;5;3;15;0;2023;5;18;4;3;0;1;0;1;1;0;0;0;0;0;361911,330799999646842;5644061,661599999293685;7,034880028000032;50,931637641000066;1
36529;5230510601600565574;5;3;15;0;2023;5;7;4;3;5;3;0;1;1;0;0;0;0;1;359384,917999999597669;5643299,453999999910593;6,999244227000077;50,924177204000046;1
36532;5230510601500190878;5;3;15;0;2023;5;13;4;3;6;6;0;0;1;0;1;0;0;0;356928,747499999590218;5644706,153999999165535;6,963767629000074;50,936215254000047;1
36533;5230510601400693424;5;3;15;0;2023;5;7;4;3;0;3;0;1;1;1;0;0;0;0;355374,683000000193715;5648312,801200000569224;6,940232164000065;50,968239696000069;1
36543;5230510515111091401;5;1;54;44;2023;5;7;4;3;0;2;0;1;1;1;0;0;0;0;326287,864000000059605;5738396,200999999418855;6,482339963000072;51,769459227000027;1
36546;5230510514124091300;5;1;66;20;2023;5;14;4;3;2;6;0;0;1;1;0;0;0;0;302328,256000000052154;5677244,164000000804663;6,169760147000034;51,212330182000073;1
36549;5230510508000581027;5;1;19;0;2023;5;10;4;3;3;2;0;0;1;1;0;0;0;0;351912,529299999587238;5704125,434399999678135;6,867907744000036;51,468892329000028;1
36553;5230510503100695756;5;1;24;0;2023;5;14;4;3;5;3;0;0;1;1;0;0;0;0;371114,288999999873340;5680211,679999999701977;7,152867402000027;51,258673401000067;1
36564;5230512601300179236;5;3;15;0;2023;5;18;6;3;5;3;0;0;1;1;0;0;0;0;353381,067800000309944;5645796,890300000086427;6,912872404000041;50,945126250000044;1
36569;5230510411132786905;5;7;74;32;2023;5;18;4;3;5;2;0;0;1;1;0;0;0;0;484814,836000000126660;5729608,717000000178814;8,780187171000023;51,717206297000075;1
36571;5230510410120678126;5;7;70;32;2023;5;19;4;3;5;3;0;1;1;1;0;0;0;0;493377,882000000216067;5786490,989000000059605;8,903043647000061;52,228800570000033;1
36572;5230510410120187170;5;7;70;32;2023;5;15;4;3;5;3;0;0;1;1;0;0;0;0;494062,707999999634922;5787096,334000000730157;8,913059739000062;52,234250791000079;1
36575;5230510405108082113;5;7;54;8;2023;5;10;4;3;5;3;0;1;1;1;0;0;0;0;457620,817999999970198;5749141,802999999374151;8,384168417000069;51,891427617000033;1
36597;5230510301301268887;5;9;78;24;2023;5;7;4;3;1;5;0;1;1;1;0;0;0;0;398158,379800000227988;5717787,706599999219179;7,529492122000022;51,601913235000040;1
36600;5230510301101584922;5;9;13;0;2023;5;18;4;3;5;7;0;0;1;1;0;0;0;0;393340,350399999879301;5708474,557000000029802;7,462775671000031;51,517311124000059;1
36610;5230509706000691756;5;5;58;12;2023;5;19;3;3;5;2;0;1;1;1;0;0;0;0;372808,848000000230968;5756734,339999999850988;7,149384220000059;51,946758950000060;1
36612;5230509705000581093;5;5;54;44;2023;5;11;3;3;9;1;0;0;1;0;0;0;0;0;364134,290599999949336;5741257,348899999633431;7,029340246000061;51,805634778000069;1
36618;5230509702100176698;5;5;15;0;2023;5;15;3;3;3;2;0;1;1;1;0;0;0;0;408362,838399999774992;5753975,259800000116229;7,667244955000058;51,928952521000042;1
36619;5230509701500873596;5;5;62;24;2023;5;14;3;3;4;7;0;0;1;1;0;0;0;0;370517,917899999767542;5725726,857499999925494;7,127655153000035;51,667584175000059;1
36620;5230509701110951238;5;5;62;32;2023;5;14;3;3;5;2;0;0;1;1;0;0;0;0;376638,968299999833107;5720106,677300000563264;7,218101398000044;51,618452048000051;1
36626;5230509608312589910;5;3;34;12;2023;5;13;3;3;0;1;0;1;1;0;0;0;0;0;307696,692400000058115;5634163,674200000241399;6,269370760000072;50,827207071000032;1
36629;5230509608100041526;5;3;34;2;2023;5;13;3;3;0;1;0;1;1;0;0;0;0;0;293618,610199999995530;5628392,855299999937415;6,072979242000031;50,770532633000073;1
36631;5230509606100178640;5;3;78;4;2023;5;9;3;2;0;1;0;0;1;0;0;0;0;0;368352,273699999786913;5650334,935300000011921;7,124216781000030;50,989526347000037;1
36637;5230509602250980762;5;3;62;16;2023;5;11;3;3;5;3;0;0;1;1;0;0;0;0;330611,294700000435114;5646813,452199999243021;6,588557099000070;50,948020079000059;1
36640;5230512506100990534;5;1;16;0;2023;5;14;6;3;2;6;0;0;1;1;0;0;0;0;321273,060399999842048;5674212,283700000494719;6,442213970000068;51,191337469000075;1
36644;5230509601400193406;5;3;15;0;2023;5;19;3;3;5;2;0;0;1;1;0;0;0;0;356435,938400000333786;5647057,946799999102950;6,955831474000036;50,957228007000026;1
36645;5230509601200687077;5;3;15;0;2023;5;20;3;3;3;5;0;0;1;1;0;0;0;0;355256,686200000345707;5645163,061200000345707;6,939805202000059;50,939904135000063;1
36646;5230512516800990544;5;1;58;20;2023;5;7;6;2;5;3;0;1;1;0;0;0;1;0;357960,174999999813735;5665046,838999999687076;6,970466998000063;51,119268548000036;1
36648;5230509600350596082;5;3;82;32;2023;5;14;3;3;6;4;0;0;1;0;1;0;0;0;360272,233400000259280;5609206,588099999353290;7,024812279000059;50,617984148000062;1
36651;5230509518100191591;5;1;70;48;2023;5;17;3;3;5;2;0;1;1;1;0;0;0;0;334542,184999999590218;5725556,987999999895692;6,607952436000062;51,656617949000065;1
36659;5230514400100029613;5;7;11;0;2023;5;12;1;3;4;1;0;0;1;0;0;0;0;0;467622,725100000388920;5767517,358799999579787;8,527771015000042;52,057307388000027;1
36670;5230509410130339373;5;7;70;28;2023;5;15;3;3;5;3;0;0;1;1;0;0;0;0;500473,733500000089407;5804927,966800000518560;9,006962032000047;52,394597476000058;1
36671;5230509410110496918;5;7;70;24;2023;5;8;3;3;3;2;0;0;1;1;0;0;0;0;493937,253999999724329;5794359,362999999895692;8,911092190000033;52,299547965000045;1