OID_;UIDENTSTLAE;ULAND;UREGBEZ;UKREIS;UGEMEINDE;UJAHR;UMONAT;USTUNDE;UWOCHENTAG;UKATEGORIE;UART;UTYP1;ULICHTVERH;IstStrassenzustand;IstRad;IstPKW;IstFuss;IstKrad;IstGkfz;IstSonstige;LINREFX;LINREFY;XGCSWGS84;YGCSWGS84;PLST
36675;5230509400200587123;5;7;11;0;2023;5;12;3;3;0;5;0;0;1;1;0;0;0;0;467657,132799999788404;5762999,862400000914931;8,528700137000044;52,016694408000035;1
36678;5230509303100571600;5;9;15;0;2023;5;14;3;3;5;3;0;0;1;1;0;0;0;0;419178,711900000460446;5724721,680199999362230;7,831330318000028;51,667656461000036;1
36686;5230514400300690662;5;7;11;0;2023;5;12;1;3;0;5;0;0;1;1;0;0;0;1;466921,332799999974668;5756871,515100000426173;8,518569673000059;51,961553160000051;1
36692;5230508709500576744;5;5;66;76;2023;5;17;2;3;5;3;0;0;1;1;0;0;0;0;394333,006000000052154;5785533,783999999985099;7,453502043000071;52,210101386000076;1
36696;5230508706000493452;5;5;58;12;2023;5;20;2;3;4;2;0;0;1;1;0;0;0;0;374448,855999999679625;5755991,675000000745058;7,173504127000058;51,940457563000052;1
36700;5230508702100872453;5;5;15;0;2023;5;7;2;3;5;3;0;0;1;1;0;0;0;0;406344,667100000195205;5758972,428400000557303;7,636540093000065;51,973533603000078;1
36702;5230508702100291750;5;5;15;0;2023;5;12;2;3;5;2;0;0;1;1;0;0;0;0;405642,397400000132620;5755616,096100000664592;7,627241313000070;51,943246626000075;1
36703;5230508702100250183;5;5;15;0;2023;5;10;2;3;4;2;0;0;1;0;0;0;0;1;406372,271200000308454;5751107,313100000843406;7,639082948000066;51,902842580000026;1
36704;5230508702100196692;5;5;15;0;2023;5;15;2;3;5;6;0;1;1;0;0;0;0;0;404015,862499999813735;5758496,997099999338388;7,602780422000023;51,968862935000061;1
36706;5230508701300595006;5;5;62;14;2023;5;7;2;3;6;6;0;0;1;0;1;0;0;0;359130,607499999925494;5715987,331599999219179;6,967015432000039;51,577326730000038;1
36709;5230508609108494863;5;3;58;8;2023;5;14;2;3;5;2;0;0;1;1;0;0;0;0;322784,282300000078976;5630557,360899999737740;6,485120059000053;50,799622546000080;1
36714;5230508607400567695;5;3;82;68;2023;5;17;2;3;4;6;0;0;1;0;0;0;0;0;371443,185200000181794;5629824,969499999657273;7,175453647000040;50,805879876000063;1
36715;5230508606700580455;5;3;78;16;2023;5;7;2;3;5;3;0;1;1;1;0;0;0;0;365977,546000000089407;5664693,389200000092387;7,085083802000042;51,118023540000081;1
36716;5230512709700988076;5;5;66;28;2023;5;17;6;3;5;2;0;0;1;1;0;0;0;0;409653,111999999731779;5796911,474999999627471;7,674604378000026;52,315090644000065;1
36717;5230508606400981188;5;3;78;24;2023;5;8;2;3;1;3;0;1;1;1;0;0;0;0;380375,895899999886751;5643999,975800000131130;7,297533252000051;50,935208672000044;1
36725;5230508602700686238;5;3;62;28;2023;5;7;2;3;5;3;0;0;1;1;0;0;0;0;346245,396200000308454;5638034,367900000885129;6,814643261000072;50,873512737000055;1
36735;5230508601600087253;5;3;15;0;2023;5;14;2;3;1;5;0;0;1;1;0;0;0;1;359268,837500000372529;5644767,925200000405312;6,997026685000037;50,937346210000044;1
36736;5230508601600078517;5;3;15;0;2023;5;8;2;3;0;1;0;0;1;0;0;0;0;0;361567,614799999631941;5645029,723099999129772;7,029623982000032;50,940255486000069;1
36739;5230508600360134533;5;3;82;12;2023;5;7;2;3;5;2;0;1;1;1;0;0;0;0;355396,877000000327826;5625784,827999999746680;6,949452663000045;50,765788252000050;1
36741;5230508600110095260;5;3;14;0;2023;5;9;2;3;5;2;0;0;1;1;0;0;0;0;366191,806400000117719;5622339,691500000655651;7,103689114000076;50,737413755000034;1
36751;5230508515110867261;5;1;54;36;2023;5;7;2;3;5;2;0;0;1;1;0;0;0;0;301762,922000000253320;5741040,940400000661612;6,125835474000041;51,785064329000079;1
36752;5230508514217091584;5;1;66;36;2023;5;14;2;3;5;3;0;0;1;1;0;0;0;0;329071,671699999831617;5682321,654500000178814;6,549841298000047;51,266577072000075;1
36755;5230508514118086026;5;1;66;16;2023;5;15;2;2;0;7;0;0;1;1;0;0;0;0;308397,474999999627471;5686381,960999999195337;6,251657293000051;51,296472124000047;1
36757;5230508514110785713;5;1;66;32;2023;5;17;2;3;0;3;0;1;1;0;0;0;0;1;318137,033999999985099;5680955,149000000208616;6,393962972000054;51,250918458000058;1
36771;5230508502101486895;5;1;13;0;2023;5;12;2;3;0;1;0;0;1;0;0;0;0;0;361398,042999999597669;5702822,004000000655651;7,004894553000042;51,459582168000054;1
36782;5230508500300345580;5;1;11;0;2023;5;9;2;2;5;2;0;0;1;1;0;0;0;0;345646,806400000117719;5674339,951899999752641;6,790675200000067;51,199587881000070;1
36785;5230508500200056863;5;1;11;0;2023;5;8;2;2;3;6;0;0;1;1;0;0;0;0;346903,918800000101328;5677856,273099999874830;6,807153516000028;51,231522304000066;1
36789;5230508410230886992;5;7;70;4;2023;5;14;2;3;5;3;0;0;1;1;0;0;0;0;489388,619199999608099;5783827,859799999743700;8,844719398000052;52,204795034000028;1
36791;5230508405232096815;5;7;54;32;2023;5;9;2;3;0;5;0;0;1;1;0;0;0;0;460657,553600000217557;5740553,898800000548363;8,429271757000038;51,814438665000068;1
36799;5230508400300490754;5;7;11;0;2023;5;11;2;3;3;2;0;0;1;1;0;0;0;0;469717,426599999889731;5757212,659900000318885;8,559232866000059;51,964779644000032;1
36802;5230508317240080623;5;9;78;40;2023;5;22;2;3;5;5;2;0;1;1;0;0;0;0;404888,589499999769032;5725509,173299999907613;7,624541152000063;51,672497824000061;1
36817;5230507702100964312;5;5;15;0;2023;5;16;1;3;5;3;0;0;1;0;0;1;0;0;405109,514800000004470;5756670,539400000125170;7,619200027000034;51,952633777000074;1
36831;5230507601100286453;5;3;15;0;2023;5;19;1;3;3;5;0;0;1;1;0;0;0;0;354984,837799999862909;5644792,909499999135733;6,936085869000067;50,936509369000078;1
36833;5230507518320982292;5;1;70;52;2023;5;11;1;3;5;2;0;0;1;1;0;0;0;0;322031,382000000216067;5724541,047000000253320;6,427788324000062;51,643671099000073;1
36834;5230507518100696122;5;1;70;48;2023;5;14;1;2;0;1;0;0;1;0;0;0;0;0;334847,443199999630451;5724573,052300000563264;6,612826107000046;51,647868349000078;1
36835;5230507516100486820;5;1;58;32;2023;5;13;1;3;8;1;0;0;1;0;0;0;0;0;369388,351999999955297;5691490,027000000700355;7,124016240000060;51,359641467000074;1
36836;5230507515210085967;5;1;54;20;2023;5;0;1;3;5;3;2;0;1;1;1;0;0;0;321704,736999999731779;5707792,593699999153614;6,431569287000059;51,493123814000057;1
36837;5230507515111039762;5;1;54;8;2023;5;0;1;2;3;6;2;0;1;0;0;0;0;1;304887,428000000305474;5749501,587999999523163;6,166309535000039;51,862141089000033;1
36838;5230507515110032256;5;1;54;36;2023;5;15;1;3;0;1;0;0;1;0;0;0;0;0;301418,807599999941885;5741548,528500000014901;6,120562633000020;51,789500430000032;1
36839;5230507513310686674;5;1;62;8;2023;5;12;1;3;8;1;0;0;1;1;0;0;0;0;332541,137299999594688;5664618,137599999085069;6,607780045000027;51,108552551000059;1
36846;5230507502209279102;5;1;13;0;2023;5;17;1;3;0;7;0;1;1;0;0;0;0;0;359621,216000000014901;5700254,786000000312924;6,980353434000051;51,436074754000060;1
36858;5230507407245996742;5;7;62;20;2023;5;15;1;3;2;6;0;0;1;0;0;0;0;0;518620,124099999666214;5738347,239199999719858;9,270003217000067;51,795672860000082;1
36859;5230507405108587100;5;7;54;8;2023;5;22;1;3;0;1;2;0;1;0;0;0;0;0;457087,587500000372529;5750098,978299999609590;8,376301150000074;51,899992382000050;1
36862;5230507316100480653;5;9;74;40;2023;5;12;1;2;5;3;0;0;1;1;0;0;0;0;436958,098299999721348;5717492,841299999505281;8,089681071000030;51,604942896000068;1
36864;5230507313110085014;5;9;58;4;2023;5;14;1;3;6;4;0;1;1;0;1;0;0;0;429430,743599999696016;5702020,929800000041723;7,984105676000070;51,464953397000045;1
36867;5230507307000077631;5;9;62;16;2023;5;16;1;3;0;1;0;1;1;0;0;0;0;0;412822,293100000359118;5690141,315899999812245;7,747991566000053;51,355844317000049;1
36890;5230506709500096560;5;5;66;76;2023;5;20;7;3;0;1;0;0;1;0;0;0;0;0;393151,943900000303984;5793872,816299999132752;7,433585716000039;52,284818387000030;1
36892;5230506706100581082;5;5;58;20;2023;5;15;7;3;0;7;0;0;1;1;0;0;0;0;389713,642099999822676;5761038,869200000539422;7,393851871000038;51,989054276000047;1
36894;5230506706000491075;5;5;58;8;2023;5;12;7;3;5;3;0;0;1;1;0;0;0;0;391281,180100000463426;5763779,872500000521541;7,415801482000063;52,013998125000057;1
36895;5230506705000665911;5;5;54;20;2023;5;19;7;2;0;1;0;0;1;0;0;0;0;0;367767,589999999850988;5785362,785000000149012;7,064984628000047;52,202831355000058;1
36900;5230506701400894953;5;5;12;0;2023;5;12;7;3;1;1;0;0;1;1;0;0;0;0;356500,237099999561906;5709689,729299999773502;6,931649840000034;51,520074390000048;1
36905;5230506608416548400;5;3;34;16;2023;5;13;7;3;3;6;0;0;1;0;0;0;0;1;295152,184399999678135;5638945,105499999597669;6,088807985000074;50,865847858000052;1
36910;5230508516000795738;5;1;58;28;2023;5;21;2;3;4;6;1;1;1;0;0;0;0;1;351419,925999999977648;5690948,819399999454618;6,866341157000022;51,350363273000028;1
36911;5230506608100094877;5;3;34;2;2023;5;16;7;3;3;3;0;1;1;1;0;0;0;0;292789,728000000119209;5630670,682000000029802;6,059956432000035;50,790694351000070;1
36913;5230506607100384950;5;3;82;28;2023;5;13;7;3;4;2;0;0;1;1;0;0;0;0;375480,647099999710917;5635321,895700000226498;7,230858587000057;50,856170727000062;1
36917;5230506605112086584;5;3;74;12;2023;5;15;7;3;0;1;0;0;1;0;0;0;0;0;403314,385999999940395;5656564,354000000283122;7,620531278000044;51,052463677000048;1
36919;5230506601700690450;5;3;16;0;2023;5;17;7;3;5;3;0;1;1;0;0;0;0;0;359187,435200000181794;5658988,424300000071526;6,990353185000060;51,065125634000026;1
36920;5230506601600072527;5;3;15;0;2023;5;18;7;2;5;3;0;1;1;1;0;0;0;0;361660,335099999792874;5645057,584799999371171;7,030932302000053;50,940528140000026;1
36922;5230506601400380796;5;3;15;0;2023;5;18;7;3;5;3;0;1;1;1;0;0;0;0;355841,075000000186265;5650278,401000000536442;6,946090562000052;50,986020966000069;1
36928;5230506601200186380;5;3;15;0;2023;5;19;7;3;1;5;0;1;1;1;0;0;0;0;353276,432000000029802;5643429,952999999746680;6,912336910000022;50,923828854000078;1
36931;5230506600310248060;5;3;14;0;2023;5;17;7;3;5;2;0;1;1;1;0;0;0;0;361525,082799999974668;5619923,396600000560284;7,038500935000059;50,714602988000081;1
36932;5230506600110779307;5;3;14;0;2023;5;9;7;3;5;2;0;0;1;1;0;0;0;0;365210,785299999639392;5621692,373700000345707;7,090031143000033;50,731368861000078;1
36933;5230506518100395870;5;1;70;48;2023;5;16;7;2;0;1;0;0;1;0;0;0;0;0;334125,000000000000000;5724309,926999999210238;6,602518239000062;51,645291887000042;1
36934;5230506516800986311;5;1;58;20;2023;5;8;7;3;3;6;0;0;1;1;0;0;0;0;357957,473500000312924;5661190,537200000137091;6,971945933000029;51,084612452000044;1
36936;5230515501111573987;5;1;12;0;2023;5;12;2;3;5;3;0;0;1;1;0;0;0;0;346215,300099999643862;5708732,828299999237061;6,783939486000065;51,508770329000072;1
36937;5230506515212039132;5;1;54;32;2023;5;11;7;2;5;3;0;0;1;1;0;0;0;0;305617,316999999806285;5717452,254000000655651;6,194776354000055;51,574575547000052;1
36940;5230512702100148560;5;5;15;0;2023;5;22;6;3;0;7;1;0;1;1;0;0;0;0;408919,844700000248849;5753094,070499999448657;7,675576793000062;51,921123224000041;1
36949;5230506506100083195;5;1;16;0;2023;5;22;7;3;0;1;2;0;1;0;0;0;0;0;324038,571999999694526;5672746,651000000536442;6,482468128000050;51,179029044000060;1
36951;5230511301103567530;5;9;13;0;2023;5;12;5;3;5;3;0;0;1;1;0;0;0;0;391478,109000000171363;5705280,577999999746680;7,436929610000050;51,488247752000063;1
36952;5230506505100082352;5;1;14;0;2023;5;18;7;3;7;7;0;1;1;0;0;0;0;0;334481,824799999594688;5690691,943199999630451;6,623437103000072;51,343374959000073;1
36954;5230506503400081574;5;1;22;0;2023;5;2;7;2;0;1;2;1;1;0;0;0;0;0;360446,878700000233948;5670102,109899999573827;7,004015931000026;51,165310457000032;1
36970;5230506411232596875;5;7;74;32;2023;5;10;7;3;5;3;0;0;1;1;0;0;0;0;479514,654199999757111;5735554,315899999812245;8,703115172000025;51,770495995000033;1
36982;5230506400300076391;5;7;11;0;2023;5;13;7;2;1;5;0;0;1;1;0;0;0;0;467342,288099999539554;5758791,849999999627471;8,524513375000026;51,978843192000056;1
36984;5230506400100162213;5;7;11;0;2023;5;4;7;3;5;3;2;0;1;1;0;0;0;0;473437,540099999867380;5768676,634899999946356;8,612488729000063;52,068039337000073;1
36988;5230506315220296663;5;9;70;4;2023;5;14;7;3;8;1;0;0;1;0;0;0;0;0;458513,643199999816716;5656519,397700000554323;8,408020733000058;51,058701056000075;1
36998;5230506300600794403;5;9;16;0;2023;5;10;7;3;5;3;0;0;1;1;0;0;0;0;373280,665000000037253;5712043,250000000000000;7,172528400000033;51,545239842000058;1
36999;5230506300600093823;5;9;16;0;2023;5;12;7;3;2;7;0;0;1;1;0;0;0;0;379524,063000000081956;5712291,185399999842048;7,262436401000059;51,548835620000034;1
37000;5230506300500836402;5;9;11;0;2023;5;19;7;2;0;1;1;1;1;0;0;0;0;0;376922,616899999789894;5701049,722400000318885;7,228857579000021;51,447242412000037;1
37002;5230505711100187310;5;5;70;36;2023;5;17;6;3;5;3;0;1;1;1;0;0;0;0;434186,316300000064075;5760178,819099999964237;8,041560731000061;51,988373660000036;1
37004;5230505709500449777;5;5;66;60;2023;5;11;6;3;5;5;0;0;1;1;0;0;0;0;388228,339200000278652;5788627,571499999612570;7,363172853000037;52,236700737000035;1
37009;5230505706000996571;5;5;58;16;2023;5;15;6;2;0;1;0;1;1;0;0;0;0;0;383377,978799999691546;5743998,714700000360608;7,307394302000034;51,834617698000045;1
37014;5230505702100668135;5;5;15;0;2023;5;7;6;3;0;6;0;0;1;0;0;0;0;0;400751,095499999821186;5759669,709400000050664;7,554932897000072;51,978830077000055;1
37015;5230505702100572346;5;5;15;0;2023;5;11;6;3;6;4;0;0;1;0;1;0;0;0;411855,667700000107288;5752482,534499999135733;7,718412275000048;51,916098750000060;1
37016;5230505702100172552;5;5;15;0;2023;5;17;6;3;5;3;0;1;1;1;0;0;0;0;404002,362300000153482;5761399,947300000116229;7,601771637000070;51,994953215000066;1
37017;5230507601300586614;5;3;15;0;2023;5;10;1;3;3;2;0;0;1;1;0;0;0;0;350323,328800000250340;5648269,254799999296665;6,868360559000052;50,966558026000030;1
37019;5230505701930120046;5;5;62;36;2023;5;14;6;3;5;3;0;0;1;1;0;0;0;0;386621,748999999836087;5719787,670299999415874;7,362335496000071;51,617684357000030;1
37023;5230505701500179216;5;5;62;24;2023;5;18;6;3;7;1;0;0;1;0;0;0;0;0;372776,396999999880791;5725508,249800000339746;7,160374652000030;51,666135508000082;1
37027;5230505701110289700;5;5;62;32;2023;5;13;6;3;5;3;0;0;1;1;0;0;0;0;375983,126500000245869;5720932,206000000238419;7,208340757000030;51,625727068000060;1
37028;5230505700000420538;5;5;13;0;2023;5;13;6;3;0;2;0;0;1;1;0;0;0;0;364587,240799999795854;5714177,178300000727177;7,046411237000029;51,562397242000031;1
37032;5230505608200173740;5;3;34;2;2023;5;15;6;3;3;6;0;0;1;1;0;0;0;0;296260,355600000359118;5628606,926599999889731;6,110276269000053;50,773389005000070;1
37033;5230505608100032843;5;3;34;2;2023;5;18;6;2;0;2;0;0;1;0;0;0;0;1;293877,397300000302494;5628150,994999999180436;6,076779902000055;50,768452448000062;1
37034;5230505607500895300;5;3;82;56;2023;5;20;6;3;5;2;1;1;1;1;0;0;0;0;372438,736399999819696;5626751,175499999895692;7,190642746000037;50,778471659000047;1
37040;5230505605148007670;5;3;74;48;2023;5;15;6;3;0;3;0;1;1;1;0;0;0;0;395037,866999999620020;5646744,483200000599027;7,505327169000054;50,962735665000082;1
37043;5230505602500881731;5;3;62;24;2023;5;15;6;3;0;2;0;0;1;1;0;0;0;0;346335,206000000238419;5641111,318499999120831;6,814624858000059;50,901186502000030;1
37044;5230505602400215038;5;3;62;32;2023;5;18;6;3;0;3;0;0;1;1;0;0;0;0;336857,279000000096858;5640871,061000000685453;6,680054592000033;50,896427799000037;1
37046;5230512500200580684;5;1;11;0;2023;5;10;6;3;0;1;0;1;1;0;0;0;0;0;343213,986700000241399;5689434,984999999403954;6,749262920000035;51,334556812000073;1
37055;5230514502338489598;5;1;13;0;2023;5;11;1;3;2;1;0;0;1;1;0;0;0;0;363979,884600000455976;5704333,407400000840425;7,041453698000055;51,473790716000053;1
37058;5230505601100386351;5;3;15;0;2023;5;15;6;3;0;6;0;1;1;0;0;0;0;0;356408,362099999561906;5643141,049200000241399;6,956982863000064;50,922020498000052;1
37060;5230505600140995348;5;3;82;24;2023;5;13;6;3;0;7;0;1;1;0;0;0;0;0;376067,110999999567866;5618473,442999999970198;7,244866644000069;50,704852654000035;1
37061;5230505518320945138;5;1;70;52;2023;5;13;6;3;5;3;0;0;1;1;0;0;0;0;326284,062500000000000;5722694,959200000390410;6,490104842000051;51,628417558000081;1
37062;5230514410110990671;5;7;70;24;2023;5;16;1;3;0;2;0;0;1;0;0;1;0;0;495015,552000000141561;5794213,023900000378489;8,926907161000031;52,298243148000040;1
37066;5230505516800391532;5;1;58;20;2023;5;16;6;2;0;1;0;1;1;0;0;0;0;0;356884,547299999743700;5666010,888800000771880;6,954725661000055;51,127664392000042;1
37067;5230505516100495555;5;1;58;12;2023;5;18;6;2;0;1;0;1;1;0;0;0;0;0;361315,019399999640882;5688365,230200000107288;7,009348854000052;51,329646861000072;1
37068;5230505515211421967;5;1;54;16;2023;5;15;6;3;5;3;0;0;1;1;0;0;0;0;304464,216000000014901;5728309,973999999463558;6,172097338000071;51,671685695000065;1
37072;5230505508000685408;5;1;19;0;2023;5;6;6;3;5;2;0;0;1;1;0;0;0;0;348068,978299999609590;5708896,576199999079108;6,810559606000027;51,510743050000031;1
37073;5230510500100087255;5;1;11;0;2023;5;9;4;2;0;1;0;1;1;0;0;0;0;0;344707,441999999806285;5677865,514799999073148;6,775713884000027;51,231011891000037;1
37076;5230505506100596084;5;1;16;0;2023;5;15;6;3;0;7;0;0;1;0;1;0;0;0;322959,712000000290573;5671571,712200000882149;6,467627265000033;51,168141033000040;1
37079;5230505506100011777;5;1;16;0;2023;5;8;6;3;5;2;0;0;1;1;0;0;0;0;322757,881900000385940;5676083,648199999704957;6,462517039000033;51,208611013000052;1
37088;5230505502106683427;5;1;13;0;2023;5;15;6;3;0;1;0;1;1;0;0;0;0;0;363194,489699999801815;5701780,281899999827147;7,031139887000052;51,450657767000052;1
37093;5230505501215379031;5;1;12;0;2023;5;8;6;3;5;2;0;0;1;1;0;0;0;0;337082,650000000372529;5696659,395999999716878;6,658011764000037;51,397740404000047;1
37097;5230505500100796083;5;1;11;0;2023;5;22;6;3;0;1;2;1;1;0;0;0;0;0;343642,276399999856949;5677950,687300000339746;6,760432596000044;51,231486359000030;1
37100;5230509709700291071;5;5;66;48;2023;5;17;3;3;0;7;0;1;1;1;0;0;0;0;427910,535000000149012;5796454,688999999314547;7,942484256000057;52,313685844000076;1
37106;5230505406110476280;5;7;58;12;2023;5;15;6;2;5;3;0;0;1;1;0;0;0;0;479392,904600000008941;5772429,174399999901652;8,699141378000036;52,102030920000061;1
37107;5230505405244006410;5;7;54;44;2023;5;14;6;3;5;3;0;0;1;1;0;0;0;0;468528,663999999873340;5744566,926000000908971;8,543086030000040;51,851018182000075;1
37109;5230505405108476207;5;7;54;8;2023;5;10;6;3;5;3;0;0;1;1;0;0;0;0;457616,701999999582767;5749146,332000000402331;8,384108053000034;51,891468022000026;1
37118;5230505316500035135;5;9;74;20;2023;5;12;6;3;4;6;0;0;1;0;0;0;0;0;465605,330900000408292;5721933,144999999552965;8,502884467000058;51,647345278000046;1
37119;5230508406120182060;5;7;58;16;2023;5;13;2;3;5;3;0;0;1;1;0;0;0;0;477411,310700000263751;5778717,787499999627471;8,669793384000059;52,158492013000057;1
37136;5230505301101585522;5;9;13;0;2023;5;12;6;3;4;6;0;0;1;0;0;0;0;1;394581,491999999620020;5706697,944499999284744;7,481187921000071;51,501574947000051;1
37137;5230505301101385992;5;9;13;0;2023;5;15;6;3;1;3;0;1;1;1;0;0;0;0;393025,618999999947846;5706938,209300000220537;7,458707548000064;51,503442217000043;1
37138;5230505300600988095;5;9;16;0;2023;5;10;6;3;5;3;0;0;1;0;0;0;0;1;371920,342500000260770;5709991,393999999389052;7,153668003000064;51,526492719000032;1
37145;5230504706300323117;5;5;58;4;2023;5;15;5;3;4;1;0;0;1;0;0;0;0;0;406079,635900000110269;5736377,476500000804663;7,638829440000052;51,770391796000069;1
37146;5230505515212095515;5;1;54;64;2023;5;13;6;2;5;2;0;1;1;1;0;0;0;0;304912,933699999935925;5726592,627800000831485;6,179536895000069;51,656418923000047;1
37153;5230504702100091783;5;5;15;0;2023;5;7;5;3;1;6;0;0;1;0;0;0;0;0;406660,585699999704957;5757119,893799999728799;7,641641473000050;51,956935279000049;1
37154;5230504701800975248;5;5;62;4;2023;5;14;5;3;0;7;0;0;1;1;0;0;0;0;383160,853600000031292;5715150,304400000721216;7,313912859000027;51,575297433000060;1
37156;5230504701110095077;5;5;62;32;2023;5;9;5;3;5;3;0;0;1;1;0;0;0;0;374958,427000000141561;5719828,564999999478459;7,193938824000043;51,615581801000076;1
37163;5230504609108763931;5;3;58;8;2023;5;16;5;2;0;7;0;0;1;0;0;0;0;0;321523,339200000278652;5630514,484200000762939;6,467265367000039;50,798850393000066;1
37165;5230504608200394843;5;3;34;2;2023;5;12;5;3;0;7;0;0;1;0;0;0;0;1;295795,313299999572337;5628743,758899999782443;6,103613404000043;50,774454436000042;1
37167;5230504607400578253;5;3;82;44;2023;5;7;5;3;5;2;0;0;1;1;0;0;0;0;363604,435999999754131;5627264,841000000014901;7,065218293000044;50,781077851000077;1
37171;5230504606100332420;5;3;78;4;2023;5;7;5;3;5;2;0;0;1;1;0;0;0;0;366988,824599999934435;5649770,323999999091029;7,105007675000024;50,984138388000076;1
37172;5230512518320990533;5;1;70;52;2023;5;13;6;3;5;3;0;0;1;0;0;0;0;1;326795,645399999804795;5722004,696299999952316;6,497830042000032;51,622374656000034;1
37176;5230504603140923664;5;3;66;40;2023;5;14;5;3;5;3;0;0;1;1;0;0;0;0;348419,050999999977648;5624057,578999999910593;6,851287229000036;50,748485231000075;1
37177;5230504602700590913;5;3;62;28;2023;5;13;5;3;5;2;0;0;1;1;0;0;0;0;352296,967400000430644;5636246,597100000828505;6,901314751000029;50,859024834000081;1
37182;5230506301301853467;5;9;78;24;2023;5;17;7;3;2;3;0;0;1;1;0;0;0;0;391689,290199999697506;5717989,065700000151992;7,436058037000066;51,602516112000046;1
37191;5230530400200796970;5;7;11;0;2023;5;16;3;3;0;4;0;0;1;0;1;0;0;0;470411,974600000306964;5765472,775499999523163;8,568628501000035;52,039081276000047;1
37192;5230530316300872354;5;9;74;28;2023;5;16;3;3;4;6;0;0;1;0;0;0;0;0;451770,195700000040233;5726041,380000000819564;8,302368068000021;51,683265021000068;1
37194;5230530315210593870;5;9;70;24;2023;5;13;3;3;0;3;0;0;1;1;0;0;0;0;426736,737099999561906;5649465,815199999138713;7,956076784000061;50,992107032000035;1
37197;5230530310220099556;5;9;54;8;2023;5;11;3;3;0;1;0;0;1;0;0;0;0;0;384658,270100000314415;5685065,212799999862909;7,345314724000048;51,305199677000076;1
37200;5230530303100989760;5;9;15;0;2023;5;6;3;3;5;3;0;0;1;1;0;0;0;0;418005,319400000385940;5725248,838199999183416;7,814243299000054;51,672225347000051;1
37201;5230530303100989746;5;9;15;0;2023;5;11;3;3;0;7;0;0;1;1;0;0;0;0;420136,207000000402331;5726557,793999999761581;7,844752637000056;51,684299365000072;1
37208;5230530301306466260;5;9;13;0;2023;5;12;3;3;0;1;0;0;1;0;0;0;0;0;401800,215099999681115;5711852,133199999108911;7,583719046000056;51,549206025000046;1
37222;5230529702100639883;5;5;15;0;2023;5;14;2;3;4;6;0;0;1;0;0;0;0;0;403001,533300000242889;5754041,347400000318885;7,589277263000042;51,928638103000026;1
37226;5230529700000475760;5;5;13;0;2023;5;10;2;3;0;1;0;0;1;0;0;0;0;0;368937,953700000420213;5711200,233200000599027;7,110250351000047;51,536672005000071;1
37230;5230529608416775493;5;3;34;16;2023;5;9;2;3;0;1;0;0;1;0;0;0;0;0;295754,757600000128150;5638999,692299999296665;6,097329220000063;50,866551269000070;1
37231;5230529608404477517;5;3;34;4;2023;5;15;2;3;0;1;0;0;1;0;0;0;0;0;303342,165199999697506;5638194,887000000104308;6,205451952000033;50,861953008000057;1
37233;5230529608100780781;5;3;34;2;2023;5;14;2;2;0;1;0;0;1;0;0;0;0;0;293446,689000000245869;5626209,160000000149012;6,071769622000033;50,750859442000035;1
37237;5230529606100886582;5;3;78;4;2023;5;15;2;3;6;6;0;0;1;0;1;0;0;0;365847,080599999986589;5650235,873800000175834;7,088579157000026;50,988057601000037;1
37248;5230529601600987800;5;3;15;0;2023;5;9;2;3;6;4;0;0;1;0;1;0;0;0;360719,047799999825656;5644305,051000000908971;7,017830619000051;50,933538355000053;1
37249;5230529601300899804;5;3;15;0;2023;5;13;2;2;0;1;0;0;1;0;0;0;0;0;350726,275200000032783;5643543,476600000634789;6,876031840000053;50,924194871000054;1
37251;5230529601200799157;5;3;15;0;2023;5;13;2;3;0;1;0;0;1;0;0;0;0;0;359014,567300000227988;5636630,451899999752641;6,996552188000067;50,864151469000035;1
37254;5230529518301186217;5;1;70;4;2023;5;13;2;3;0;3;0;0;1;1;0;0;0;0;326881,224100000225008;5721886,953400000929832;6,499123253000050;51,621343304000050;1
37255;5230529516800191532;5;1;58;20;2023;5;15;2;3;5;3;0;0;1;1;0;0;0;0;358543,797699999995530;5667333,583900000900030;6,977902930000027;51,139963218000048;1
37258;5230529513210090366;5;1;62;24;2023;5;17;2;2;0;1;0;0;1;0;0;0;0;0;340882,120600000023842;5670907,295499999076128;6,724053216000073;51,167438031000074;1
37265;5230529501222396007;5;1;12;0;2023;5;15;2;3;5;2;0;0;1;1;0;0;0;0;341517,371000000275671;5703069,515000000596046;6,718839919000061;51,456589660000077;1
37273;5230529411232576916;5;7;74;32;2023;5;14;2;3;0;1;0;0;1;0;0;0;0;0;480324,206100000068545;5735771,935900000855327;8,714835150000056;51,772481702000050;1
37275;5230529410110290734;5;7;70;24;2023;5;16;2;3;0;7;0;0;1;0;0;0;0;0;493245,491000000387430;5792924,233999999240041;8,900976547000027;52,286637372000030;1
37276;5230529407108987780;5;7;62;20;2023;5;17;2;2;1;5;0;0;1;0;0;0;0;0;526287,666899999603629;5734406,782600000500679;9,380886614000076;51,759935961000053;1
37288;5230529310110999408;5;9;54;16;2023;5;15;2;3;6;7;0;0;1;0;1;0;0;0;374704,990000000223517;5691368,293999999761581;7,200381036000067;51,359744951000039;1
37289;5230529302100199357;5;9;14;0;2023;5;13;2;3;0;1;0;0;1;0;0;0;0;0;393069,382699999958277;5691393,480299999937415;7,464031688000034;51,363725361000036;1
37294;5230529301301989785;5;9;78;24;2023;5;11;2;2;8;6;0;0;1;0;0;0;0;0;397919,947100000455976;5718587,738900000229478;7,525817663000055;51,609061226000051;1