OID_;UIDENTSTLAE;ULAND;UREGBEZ;UKREIS;UGEMEINDE;UJAHR;UMONAT;USTUNDE;UWOCHENTAG;UKATEGORIE;UART;UTYP1;ULICHTVERH;IstStrassenzustand;IstRad;IstPKW;IstFuss;IstKrad;IstGkfz;IstSonstige;LINREFX;LINREFY;XGCSWGS84;YGCSWGS84;PLST
37303;5230528706300460644;5;5;58;24;2023;5;20;1;3;0;7;0;0;1;0;0;0;0;0;389189,661000000312924;5735880,587999999523163;7,394300431000033;51,762837486000080;1
37307;5230528702000172722;5;5;15;0;2023;5;15;1;3;1;2;0;0;1;1;0;0;0;0;405645,845300000160933;5756983,165699999779463;7,626916173000041;51,955535051000027;1
37310;5230528701200899331;5;5;62;20;2023;5;16;1;3;4;6;0;0;1;0;0;0;0;0;371723,649299999698997;5713231,206700000911951;7,149653353000076;51,555564188000062;1
37314;5230528609108085752;5;3;58;8;2023;5;11;1;3;0;1;0;0;1;0;0;0;0;0;325198,765499999746680;5635390,988299999386072;6,517046147000030;50,843782759000078;1
37316;5230528607100032321;5;3;82;28;2023;5;16;1;3;4;1;0;0;1;0;0;0;0;0;373759,904400000348687;5636576,843900000676513;7,205990465000070;50,867077519000077;1
37317;5230528606700699046;5;3;78;20;2023;5;11;1;3;0;1;0;0;1;0;0;0;0;0;368066,566999999806285;5655392,121999999508262;7,118309207000038;51,034913062000044;1
37319;5230528605140285274;5;3;74;40;2023;5;17;1;3;4;2;0;0;1;1;0;0;0;0;412281,103299999609590;5644104,412000000476837;7,751440515000070;50,941884010000081;1
37321;5230528605116599162;5;3;74;16;2023;5;13;1;3;8;1;0;0;1;0;0;0;0;0;385369,943099999800324;5667068,482400000095367;7,361275666000040;51,143580587000031;1
37322;5230528602500247523;5;3;62;24;2023;5;14;1;3;2;2;0;0;1;1;0;0;0;0;341757,933600000105798;5642488,818600000813603;6,748983992000035;50,912328084000080;1
37333;5230528601100855138;5;3;15;0;2023;5;19;1;3;5;3;0;0;1;1;0;0;0;0;355337,690999999642372;5643971,992000000551343;6,941430183000023;50,929220574000055;1
37334;5230528601100099146;5;3;15;0;2023;5;22;1;3;4;7;2;0;1;0;0;0;0;1;356900,341400000266731;5645617,682000000029802;6,963005573000032;50,944400021000035;1
37338;5230528518400989820;5;1;70;8;2023;5;12;1;3;4;3;0;0;1;1;0;0;0;0;344738,486999999731779;5716480,539400000125170;6,759257718000072;51,577978058000042;1
37339;5230528514116686021;5;1;66;16;2023;5;11;1;2;0;1;0;0;1;0;0;0;0;0;305872,524799999780953;5687494,113700000569224;6,214880170000072;51,305605653000043;1
37340;5230528508000780950;5;1;19;0;2023;5;19;1;3;0;3;0;0;1;1;0;0;0;0;354149,318300000391901;5708159,231499999761581;6,898422120000021;51,505719740000075;1
37341;5230528508000553524;5;1;19;0;2023;5;11;1;3;5;3;0;0;1;1;0;0;0;0;353210,156799999997020;5708255,411800000816584;6,884859498000026;51,506340823000073;1
37344;5230528503200989810;5;1;24;0;2023;5;15;1;2;5;2;0;0;1;1;0;0;0;0;381038,746199999935925;5678912,838700000196695;7,295461773000056;51,249156610000057;1
37345;5230528503100987801;5;1;24;0;2023;5;13;1;2;4;2;0;0;1;1;0;0;0;0;370851,437300000339746;5680076,745100000873208;7,149151149000033;51,257401203000029;1
37357;5230528500100774084;5;1;11;0;2023;5;13;1;3;2;6;0;0;1;0;0;0;0;0;344417,868999999947846;5677961,283999999985099;6,771528049000040;51,231793542000048;1
37361;5230528410110287062;5;7;70;24;2023;5;1;1;3;4;6;2;0;1;0;0;0;0;1;493872,520700000226498;5794465,276300000026822;8,910140975000047;52,300499459000036;1
37362;5230528407349790678;5;7;62;40;2023;5;15;1;3;0;1;0;0;1;0;0;0;0;0;509980,862300000153482;5719090,484500000253320;9,144177738000053;51,622749040000031;1
37364;5230528405108987798;5;7;54;8;2023;5;17;1;3;0;6;2;0;1;0;0;0;0;0;452912,997999999672174;5750145,561000000685453;8,315624813000056;51,900074025000038;1
37371;5230528314120199367;5;9;66;8;2023;5;11;1;2;5;3;0;0;1;0;0;1;0;0;411159,635200000368059;5654081,230599999427795;7,733042440000077;51,031407122000076;1
37375;5230528502215196545;5;1;13;0;2023;5;14;1;3;3;5;0;0;1;1;0;0;0;0;361502,940299999900162;5696617,554999999701977;7,008829628000058;51,403852234000055;1
37376;5230528307000680391;5;9;62;16;2023;5;15;1;3;1;5;0;0;1;1;0;0;0;0;416614,611200000159442;5692444,950099999085069;7,801901758000042;51,377123206000078;1
37387;5230527709800989846;5;5;66;44;2023;5;16;7;3;2;6;0;0;1;0;0;0;0;0;427180,142300000414252;5780990,008500000461936;7,935105114000066;52,174577048000060;1
37389;5230527709110006885;5;5;66;12;2023;5;18;7;3;5;3;0;0;1;1;0;0;0;0;405092,562900000251830;5772983,312599999830127;7,614428879000059;52,099254917000053;1
37392;5230527705000989857;5;5;54;12;2023;5;13;7;3;3;6;0;0;1;0;0;0;0;0;345112,377299999818206;5744364,355200000107288;6,752263228000061;51,828603833000045;1
37393;5230527705000591708;5;5;54;16;2023;5;22;7;3;8;1;2;0;1;0;0;0;0;0;362234,663399999961257;5758460,071200000122190;6,994937191000076;51,959747554000046;1
37397;5230527702100674470;5;5;15;0;2023;5;13;7;3;5;3;0;0;1;1;0;0;0;0;410229,787100000306964;5751950,441700000315905;7,694917791000023;51,911056175000056;1
37398;5230527702100505104;5;5;15;0;2023;5;12;7;3;3;2;0;0;1;1;0;0;0;0;411650,214300000108778;5754656,953999999910593;7,714867691000052;51,935611635000043;1
37400;5230527702100076700;5;5;15;0;2023;5;17;7;3;0;3;0;0;1;1;0;0;0;0;406717,166000000201166;5757661,777000000700355;7,642317477000063;51,961815488000070;1
37403;5230529607400893613;5;3;82;28;2023;5;10;2;3;5;2;0;0;1;1;0;0;0;0;375178,676300000399351;5634134,779100000858307;7,226975130000028;50,845435326000029;1
37404;5230527701300499767;5;5;62;14;2023;5;10;7;3;0;1;0;0;1;0;0;0;0;0;360640,919400000013411;5716445,208200000226498;6,988615564000042;51,581816645000060;1
37405;5230527701120981810;5;5;62;32;2023;5;12;7;3;0;5;0;0;1;1;0;0;0;0;374224,560399999842048;5715306,463999999687076;7,184965895000062;51,574777908000044;1
37412;5230527608200977556;5;3;34;2;2023;5;15;7;3;5;3;0;0;1;1;0;0;0;0;297780,758000000379980;5626928,516000000759959;6,132734124000024;50,758846190000042;1
37420;5230527602700386776;5;3;62;28;2023;5;19;7;3;5;2;0;0;1;1;0;0;0;0;350436,976999999955297;5639918,061400000005960;6,873404135000044;50,891540377000069;1
37421;5230527602600099641;5;3;62;20;2023;5;12;7;2;0;1;0;0;1;0;0;0;0;0;342208,621000000275671;5628588,358999999240041;6,761379327000043;50,787544108000077;1
37426;5230527601500199880;5;3;15;0;2023;5;15;7;3;0;1;0;0;1;1;0;0;0;0;357986,691599999554455;5645045,637399999424815;6,978682229000071;50,939527686000076;1
37427;5230527601400299820;5;3;15;0;2023;5;13;7;3;0;3;0;0;1;1;0;0;0;0;356214,118499999865890;5648560,915100000798702;6,952081206000059;50,970679591000078;1
37429;5230527601300099165;5;3;15;0;2023;5;19;7;3;6;4;0;0;1;1;1;0;0;0;352132,001299999654293;5644950,839600000530481;6,895448067000075;50,937204186000031;1
37430;5230527601200987825;5;3;15;0;2023;5;8;7;3;5;3;0;0;1;1;0;0;0;0;354608,268000000156462;5643271,215199999511242;6,931337024000072;50,922739481000065;1
37436;5230527518110989805;5;1;70;12;2023;5;8;7;3;0;6;0;0;1;0;0;0;0;0;335265,241799999959767;5738936,113299999386072;6,612070390000042;51,777022998000064;1
37437;5230527518100989860;5;1;70;48;2023;5;12;7;2;5;2;0;0;1;1;0;0;0;0;336302,044400000013411;5724047,240000000223517;6,634078058000057;51,643569878000051;1
37439;5230527516800492020;5;1;58;20;2023;5;18;7;3;0;1;0;1;1;0;0;0;0;0;356105,309700000099838;5667433,732499999925494;6,943028933000051;51,140255541000045;1
37440;5230527516300089328;5;1;58;28;2023;5;10;7;3;5;3;0;0;1;1;0;0;0;0;349476,987999999895692;5689081,935000000521541;6,839250371000048;51,333076947000052;1
37441;5230527515110278981;5;1;54;4;2023;5;12;7;2;0;1;0;0;1;0;0;0;0;0;304902,178100000135601;5738251,850400000810623;6,172856772000046;51,761120572000038;1
37442;5230527514217987824;5;1;66;36;2023;5;9;7;3;5;7;0;0;1;1;0;0;0;0;322169,370000000111759;5682182,754000000655651;6,451072871000065;51,263217828000052;1
37444;5230527513310989891;5;1;62;8;2023;5;11;7;3;5;3;0;0;1;0;0;0;0;1;332429,575899999588728;5663369,205700000748038;6,606767628000057;51,097298935000026;1
37447;5230527506100989855;5;1;16;0;2023;5;14;7;3;5;3;0;0;1;1;0;0;0;0;321982,299899999983609;5670225,979599999263883;6,454327087000024;51,155748483000082;1
37451;5230527502407081455;5;1;17;0;2023;5;9;7;3;3;2;0;0;1;1;0;0;0;0;352266,311499999836087;5696379,833399999886751;6,876228682000033;51,399385639000059;1
37452;5230528410110996918;5;7;70;24;2023;5;18;1;3;0;1;0;0;1;0;0;0;0;0;496482,166600000113249;5794278,284299999475479;8,948413167000069;52,298841222000078;1
37455;5230527502104315844;5;1;13;0;2023;5;10;7;2;5;2;0;0;1;1;0;0;0;0;360852,876400000415742;5702750,285499999299645;6,997080519000065;51,458803938000074;1
37463;5230527500300975995;5;1;11;0;2023;5;18;7;3;2;6;0;0;1;1;0;0;0;0;348559,285000000149012;5674776,222100000828505;6,832146397000031;51,204287515000033;1
37464;5230527500100046608;5;1;11;0;2023;5;15;7;3;5;2;0;0;1;1;0;0;0;0;346591,527999999932945;5676160,577999999746680;6,803408268000055;51,216201683000065;1
37469;5230527405232637514;5;7;54;32;2023;5;16;7;3;4;6;0;0;1;0;0;0;0;0;459173,244199999608099;5739691,553700000047684;8,407842191000043;51,806579059000057;1
37472;5230527405108496860;5;7;54;8;2023;5;0;7;3;0;1;2;0;1;0;0;0;0;0;461639,263899999670684;5751845,599500000476837;8,442258192000054;51,916027658000075;1
37473;5230527405108087100;5;7;54;8;2023;5;21;7;3;4;6;2;0;1;0;0;0;0;0;456907,960400000214577;5753122,906600000336766;8,373312220000059;51,927165307000053;1
37477;5230527400100090763;5;7;11;0;2023;5;8;7;3;5;3;0;0;1;1;0;0;0;0;467292,884600000455976;5763884,243699999526143;8,523308002000022;52,024624188000075;1
37481;5230527313240213824;5;9;58;40;2023;5;14;7;3;2;6;0;0;1;0;0;1;0;0;457520,309000000357628;5677995,488500000908971;8,391311897000037;51,251736149000067;1
37482;5230527313233795513;5;9;58;28;2023;5;18;7;3;0;7;0;0;1;0;0;0;0;1;478964,138100000098348;5672270,843299999833107;8,698908002000053;51,201454398000067;1
37483;5230527313211194322;5;9;58;12;2023;5;16;7;2;5;2;0;0;1;1;0;0;0;0;465595,286399999633431;5692870,994400000199676;8,505576617000031;51,386036257000058;1
37486;5230527313110785006;5;9;58;4;2023;5;13;7;3;5;3;0;0;1;1;0;0;0;0;429146,662999999709427;5701576,867000000551343;7,980105833000039;51,460925616000054;1
37493;5230527303100989856;5;9;15;0;2023;5;14;7;3;5;2;0;0;1;1;0;0;0;0;420040,860899999737740;5723266,280099999159575;7,844127154000034;51,654696290000061;1
37495;5230527302100399530;5;9;14;0;2023;5;17;7;2;4;2;0;0;1;1;0;0;0;0;395227,332999999634922;5689448,790999999269843;7,495590003000075;51,346647029000053;1
37501;5230526709700842520;5;5;66;28;2023;5;15;6;3;9;6;0;0;1;0;0;0;0;0;409202,653599999845028;5792986,907500000670552;7,669056076000061;52,279742028000044;1
37503;5230529516200086936;5;1;58;12;2023;5;19;2;3;5;3;0;0;1;1;0;0;0;0;356142,260400000028312;5688727,374800000339746;6,935004912000068;51,331616184000040;1
37504;5230526709500439553;5;5;66;60;2023;5;15;6;3;5;3;0;0;1;1;0;0;0;0;388198,326999999582767;5788589,302999999374151;7,362746195000057;52,236350727000058;1
37505;5230526706300549717;5;5;58;24;2023;5;10;6;3;5;3;0;0;1;1;0;0;0;0;393201,366000000387430;5736377,205800000578165;7,452256153000064;51,768080635000047;1
37506;5230526706100519988;5;5;58;16;2023;5;7;6;3;4;6;0;0;1;0;0;0;0;0;379381,541199999861419;5741496,035299999639392;7,250292120000040;51,811277283000038;1
37507;5230526706100385358;5;5;58;16;2023;5;9;6;3;5;2;0;0;1;1;0;0;0;0;380310,754700000397861;5742409,675000000745058;7,263449033000029;51,819687995000038;1
37508;5230526706000589266;5;5;58;16;2023;5;14;6;3;5;3;0;0;1;1;0;0;0;0;381430,641999999992549;5743489,960999999195337;7,279319381000050;51,829635446000054;1
37509;5230526705000020718;5;5;54;20;2023;5;22;6;3;4;6;2;0;1;0;0;0;0;0;362958,179999999701977;5786776,432199999690056;6,994080129000054;52,214358509000078;1
37512;5230526702100870513;5;5;15;0;2023;5;16;6;2;0;1;0;0;1;0;0;0;0;0;403310,520200000144541;5749846,405300000682473;7,594947011000045;51,890986090000069;1
37515;5230526701700747491;5;5;62;16;2023;5;9;6;3;5;2;0;0;1;1;0;0;0;0;375271,984000000171363;5735016,280999999493361;7,193038343000069;51,752143101000058;1
37516;5230526701500698907;5;5;62;24;2023;5;15;6;3;3;6;0;0;1;0;0;0;0;0;370671,735000000335276;5725440,771700000390410;7,129983999000046;51,665048640000066;1
37518;5230526701200498915;5;5;62;20;2023;5;13;6;3;5;3;0;0;1;1;0;0;0;0;370524,562599999830127;5719166,273099999874830;7,130178220000062;51,608627595000030;1
37519;5230526701110594957;5;5;62;32;2023;5;22;6;3;0;7;2;0;1;0;0;0;0;0;375020,096599999815226;5719501,953600000590086;7,194945555000061;51,612660212000037;1
37523;5230526610211132874;5;3;70;4;2023;5;20;6;3;5;3;0;0;1;1;0;0;0;0;311486,555999999865890;5662013,914999999105930;6,308701441000039;51,078623685000082;1
37529;5230526607400078580;5;3;82;68;2023;5;7;6;3;8;1;0;0;1;0;0;0;0;0;365782,878399999812245;5625968,008099999278784;7,096574633000046;50,769930404000036;1
37534;5230526606100078224;5;3;78;12;2023;5;19;6;3;2;6;0;0;1;0;0;0;0;1;373987,289400000125170;5653528,378499999642372;7,203355473000045;51,019490524000048;1
37538;5230526602500899721;5;3;62;24;2023;5;9;6;3;1;5;0;0;1;1;0;0;0;0;346192,262099999934435;5641542,333799999207258;6,812411956000062;50,905021586000032;1
37546;5230526702100272552;5;5;15;0;2023;5;10;6;3;0;7;0;0;1;0;1;0;0;0;407696,288999999873340;5758517,112299999222159;7,656333916000051;51,969667120000054;1
37548;5230526601600099095;5;3;15;0;2023;5;15;6;3;6;4;0;0;1;0;1;0;0;0;360842,349200000055134;5644286,077899999916553;7,019591499000057;50,933397603000060;1
37551;5230526601500599817;5;3;15;0;2023;5;10;6;2;0;1;0;0;1;0;0;0;0;0;364857,199000000022352;5649390,385999999940395;7,074798168000029;50,980227278000029;1
37552;5230526601500099195;5;3;15;0;2023;5;7;6;3;7;7;0;0;1;0;0;0;0;0;360488,457000000402331;5646557,930999999865890;7,013688178000052;50,953729662000057;1
37553;5230526601400499163;5;3;15;0;2023;5;14;6;3;5;3;0;0;1;1;0;0;0;0;352840,166000000201166;5651021,258199999108911;6,903064418000042;50,991937357000040;1
37554;5230526601400099131;5;3;15;0;2023;5;9;6;3;5;3;0;0;1;0;0;0;0;1;356550,542799999937415;5653104,617100000381470;6,955075263000026;51,011596753000049;1
37558;5230526600370622850;5;3;82;4;2023;5;11;6;3;5;3;0;0;1;1;0;0;0;0;360051,476400000043213;5616433,318199999630451;7,018962924000050;50,682882674000041;1
37562;5230526518410875964;5;1;70;16;2023;5;13;6;2;0;1;0;0;1;0;0;0;0;0;345002,686200000345707;5724383,110200000926852;6,759572924000054;51,649052861000030;1
37564;5230526518310989893;5;1;70;32;2023;5;14;6;3;5;3;0;0;1;1;0;0;0;0;333656,877000000327826;5710816,017000000923872;6,602151655000057;51,523928437000052;1
37565;5230526518200078987;5;1;70;24;2023;5;13;6;3;0;3;0;0;1;1;0;0;0;0;337507,028900000266731;5702447,139399999752641;6,661452962000055;51,449861264000049;1
37567;5230526516500391987;5;1;58;16;2023;5;22;6;3;3;6;1;0;1;1;0;0;0;0;353754,350999999791384;5671080,439999999478459;6,907963749000032;51,172430131000056;1
37571;5230526514216086017;5;1;66;36;2023;5;16;6;2;0;3;0;0;1;1;0;0;0;0;328496,781999999657273;5684349,983999999240041;6,540635425000062;51,284626471000081;1
37576;5230526513131000000;5;1;62;22;2023;5;15;6;3;0;7;0;0;1;0;0;0;0;0;335333,061300000175834;5686269,091800000518560;6,637691613000072;51,303885765000075;1
37579;5230526505100978091;5;1;14;0;2023;5;21;6;3;1;5;2;0;1;1;0;0;0;0;332610,538499999791384;5689674,041400000452995;6,597072264000076;51,333682121000038;1
37582;5230526502231794997;5;1;13;0;2023;5;17;6;2;0;1;0;0;1;0;0;0;0;0;364336,525000000372529;5697218,269999999552965;7,049312642000075;51,409935494000081;1
37588;5230526501133987836;5;1;12;0;2023;5;13;6;3;0;2;0;0;1;0;0;0;1;0;342592,898000000044703;5710145,710899999365211;6,731152753000060;51,520467202000077;1
37591;5230526500200787085;5;1;11;0;2023;5;12;6;2;5;3;0;0;1;0;0;0;0;1;346372,813099999912083;5677736,789599999785423;6,799603547000061;51,230305961000056;1
37592;5230526500100668383;5;1;11;0;2023;5;11;6;3;5;3;0;0;1;1;0;0;0;0;346706,679999999701977;5676278,296000000089407;6,805005462000054;51,217290371000047;1
37594;5230528701800881347;5;5;62;4;2023;5;20;1;3;5;2;0;0;1;1;0;0;0;0;382547,401600000448525;5714953,003299999982119;7,305130360000021;51,573396673000047;1
37596;5230526410230696540;5;7;70;4;2023;5;13;6;3;0;1;0;0;1;0;0;0;0;0;487892,443400000222027;5786198,932399999350309;8,822740527000065;52,226081525000041;1
37598;5230526405108582113;5;7;54;8;2023;5;11;6;2;1;5;0;0;1;0;0;0;0;0;457426,383500000461936;5751177,218200000002980;8,381091758000025;51,909712375000026;1
37608;5230526316300594300;5;9;74;28;2023;5;11;6;2;5;3;0;0;1;1;0;0;0;0;453894,000699999742210;5723534,969399999827147;8,333416951000061;51,660908660000075;1
37610;5230526315110399780;5;9;70;40;2023;5;14;6;3;5;2;0;0;1;1;0;0;0;0;431905,230399999767542;5636658,037900000810623;8,032104137000033;50,877583089000041;1
37613;5230526307000656227;5;9;62;20;2023;5;16;6;3;0;1;0;0;1;0;0;0;0;0;413068,826999999582767;5672924,417999999597669;7,755720312000051;51,201103216000035;1
37618;5230530315150987757;5;9;70;44;2023;5;14;3;3;4;2;0;0;1;1;0;0;0;0;441442,095999999903142;5632835,909099999815226;8,168255852000073;50,844260631000054;1
37626;5230526301101096743;5;9;13;0;2023;5;15;6;3;5;2;0;0;1;1;0;0;0;0;393791,490299999713898;5708520,041200000792742;7,469261482000036;51,517804964000049;1
37627;5230526300800495427;5;9;54;36;2023;5;14;6;3;0;1;0;0;1;0;0;0;0;0;385245,256299999542534;5698471,383500000461936;7,349404604000028;51,425815810000074;1
37629;5230526300600499782;5;9;16;0;2023;5;7;6;3;5;2;0;0;1;1;0;0;0;0;374089,149799999780953;5710939,742499999701977;7,184576336000021;51,535503424000069;1
37631;5230525711400087314;5;5;70;28;2023;5;19;5;3;0;1;0;0;1;0;0;0;0;0;441471,754999999888241;5742617,425000000745058;8,150628292000022;51,831310406000057;1
37636;5230525706300786168;5;5;58;24;2023;5;7;5;3;5;3;0;0;1;1;0;0;0;0;393209,684999999590218;5736361,598999999463558;7,452381464000041;51,767941947000054;1
37637;5230526405228989915;5;7;54;28;2023;5;7;6;3;5;3;0;0;1;1;0;0;0;0;453287,845099999569356;5743475,133999999612570;8,321974968000063;51,840134923000051;1
37639;5230530400100054108;5;7;11;0;2023;5;18;3;3;5;2;0;0;1;1;0;0;0;0;467196,507000000216067;5764049,101999999955297;8,521887588000027;52,026100673000030;1
37640;5230525706200989944;5;5;58;12;2023;5;13;5;3;5;3;0;0;1;1;0;0;0;0;373851,613300000317395;5755996,498800000175834;7,164818581000077;51,940365831000065;1
37645;5230525701700899758;5;5;62;16;2023;5;7;5;3;5;2;0;0;1;1;0;0;0;0;374893,925300000235438;5732961,513699999079108;7,188303239000049;51,733592905000080;1
37647;5230525701110994957;5;5;62;32;2023;5;19;5;3;5;3;0;0;1;1;0;0;0;0;374958,427000000141561;5719828,564999999478459;7,193938824000043;51,615581801000076;1
37652;5230525610114275565;5;3;70;32;2023;5;10;5;3;5;3;0;0;1;1;0;0;0;0;291677,200000000186265;5663439,473999999463558;6,025461599000039;51,084577282000055;1
37653;5230528301201987800;5;9;13;0;2023;5;15;1;3;0;5;0;0;1;1;0;0;0;0;385925,385499999858439;5707089,660099999979138;7,356401897000069;51,503414928000041;1
37654;5230525609128705716;5;3;58;28;2023;5;16;5;3;5;3;0;0;1;1;0;0;0;0;325668,231999999843538;5626106,323999999091029;6,528115773000025;50,760507116000042;1
37661;5230525606700686365;5;3;78;20;2023;5;19;5;2;0;1;0;0;1;0;0;0;0;0;367358,303999999538064;5656417,698699999600649;7,107838007000055;51,043967423000026;1
37669;5230525601600499177;5;3;15;0;2023;5;18;5;3;0;2;0;0;1;1;0;0;0;0;363118,349899999797344;5638223,049499999731779;7,054235723000033;50,879451123000081;1
37670;5230525601400899032;5;3;15;0;2023;5;13;5;3;5;2;0;0;1;1;0;0;0;0;356004,874800000339746;5646890,731300000101328;6,949764030000040;50,955617723000046;1
37671;5230525601300599152;5;3;15;0;2023;5;6;5;3;5;3;0;0;1;1;0;0;0;0;352682,591099999845028;5649947,547499999403954;6,901256023000030;50,982248167000080;1
37672;5230525601300099071;5;3;15;0;2023;5;18;5;3;5;3;0;0;1;1;0;0;0;0;353451,078200000338256;5646061,815099999308586;6,913761693000026;50,947524828000041;1
37674;5230525600120276536;5;3;82;24;2023;5;12;5;3;3;6;0;0;1;1;0;0;0;0;371983,697999999858439;5617660,132600000128150;7,187349796000035;50,696657508000044;1
37675;5230525600110899981;5;3;14;0;2023;5;12;5;2;0;4;0;0;1;0;1;0;0;0;363938,733500000089407;5624267,428300000727177;7,071065981000061;50,754216375000055;1
37682;5230525513210681478;5;1;62;24;2023;5;11;5;3;5;3;0;0;1;0;0;0;0;0;336456,638399999588728;5676720,131899999454618;6,658161786000051;51,218416433000073;1
37685;5230525508000089646;5;1;19;0;2023;5;14;5;3;5;2;0;0;1;1;0;0;0;0;349231,884999999776483;5702754,087999999523163;6,829927380000072;51,455862496000066;1
37687;5230525505200987862;5;1;14;0;2023;5;12;5;3;5;3;0;0;1;1;0;0;0;0;330913,812300000339746;5693654,483599999919534;6,570847292000053;51,368939936000061;1
37689;5230525505100096022;5;1;14;0;2023;5;12;5;3;3;2;0;0;1;1;0;0;0;0;331970,401800000108778;5688240,955499999225140;6,588567367000053;51,320618453000066;1
37691;5230526404102987840;5;7;66;40;2023;5;9;6;3;0;3;0;0;1;0;0;1;0;0;485729,998999999836087;5759885,794999999925494;8,792184363000047;51,989455325000051;1
37694;5230525502340589598;5;1;13;0;2023;5;14;5;3;1;3;0;0;1;1;0;0;0;0;361377,889000000432134;5709263,997999999672174;7,002075098000034;51,517466800000079;1
37700;5230525501213987857;5;1;12;0;2023;5;14;5;3;5;2;0;0;1;1;0;0;0;0;339008,998499999754131;5697834,207200000062585;6,685146114000077;51,408845434000057;1
37704;5230527601200664173;5;3;15;0;2023;5;18;7;2;0;1;0;0;1;0;0;0;0;0;352594,267699999734759;5640917,156199999153614;6,903652730000033;50,901073451000059;1
37706;5230525500100595705;5;1;11;0;2023;5;15;5;3;0;7;0;0;1;0;1;0;0;0;346727,155899999663234;5675388,572000000625849;6,805678632000024;51,209301192000055;1
37708;5230525411224037731;5;7;74;24;2023;5;16;5;3;5;2;0;0;1;0;0;0;0;1;476338,720999999903142;5741340,174000000581145;8,656693831000041;51,822392040000068;1
37711;5230525404103096920;5;7;66;32;2023;5;7;5;3;0;7;0;0;1;0;0;0;0;0;499353,925999999977648;5751608,723999999463558;8,990606680000042;51,915218871000036;1
37715;5230525315210095837;5;9;70;24;2023;5;17;5;2;5;3;0;0;1;1;0;0;0;0;429035,016999999992549;5645831,120999999344349;7,989528821000022;50,959715003000042;1
37716;5230529606100181287;5;3;78;4;2023;5;17;2;3;0;1;0;0;1;0;0;0;0;0;370194,794499999843538;5648077,046299999579787;7,151261545000068;50,969651268000064;1
37719;5230527502300577707;5;1;13;0;2023;5;12;7;3;0;2;0;0;1;1;0;0;0;0;361705,637000000104308;5708641,048000000417233;7,007040168000060;51,511949141000059;1
37734;5230525301202987860;5;9;13;0;2023;5;14;5;3;5;3;0;0;1;1;0;0;0;0;395073,178999999538064;5709186,421000000089407;7,487528512000040;51,524034298000061;1
37737;5230524711100548068;5;5;70;32;2023;5;14;4;3;5;3;0;0;1;1;0;0;0;0;420449,441999999806285;5766632,528999999165535;7,840052652000054;52,044589137000060;1
37738;5230524709500989984;5;5;66;76;2023;5;17;4;3;5;3;0;0;1;1;0;0;0;0;397543,715599999763072;5787545,164300000295043;7,499865842000077;52,228785053000081;1
37739;5230524709500989980;5;5;66;76;2023;5;17;4;3;0;3;0;0;1;1;0;0;0;0;396606,999599999748170;5794210,213600000366569;7,484114482000052;52,288511558000039;1
37740;5230524702100255910;5;5;15;0;2023;5;12;4;3;2;6;0;0;1;0;0;0;0;0;406993,783699999563396;5755644,731100000441074;7,646888202000071;51,943731573000036;1
37741;5230524701200575230;5;5;62;20;2023;5;13;4;2;5;3;0;0;1;1;0;0;0;0;371178,854000000283122;5717575,217800000682473;7,140206195000076;51,594479129000035;1
37744;5230524700000067101;5;5;13;0;2023;5;10;4;3;1;3;0;0;1;1;0;0;0;0;364165,033300000242889;5716504,949999999254942;7,039423891000069;51,583213883000042;1
37745;5230524610111894755;5;3;70;16;2023;5;19;4;3;0;1;0;0;1;0;0;0;0;0;300216,022300000302494;5658550,900100000202656;6,149917634000076;51,043708673000026;1
37748;5230524608100780841;5;3;34;2;2023;5;15;4;3;2;6;0;0;1;0;0;0;0;1;295240,008999999612570;5628588,061599999666214;6,095834563000039;50,772860334000029;1
37750;5230524607300095304;5;3;82;16;2023;5;16;4;3;0;2;0;0;1;1;0;0;0;0;390656,657999999821186;5625391,479000000283122;7,449344621000023;50,769970151000052;1
37753;5230524602600281254;5;3;62;20;2023;5;8;4;3;5;3;0;0;1;1;0;0;0;0;341025,650000000372529;5634204,139000000432134;6,742177409000021;50,837683265000067;1
37756;5230524601500987705;5;3;15;0;2023;5;7;4;3;0;5;0;0;1;1;0;0;0;1;358711,618999999947846;5644176,428999999538064;6,989330540000026;50,931894145000058;1
37757;5230524601500299014;5;3;15;0;2023;5;21;4;2;0;1;1;0;1;0;0;0;0;0;358000,697200000286102;5645056,698999999091029;6,978877131000047;50,939630546000046;1
37761;5230524518401989975;5;1;70;36;2023;5;18;4;3;0;3;0;0;1;1;0;0;0;0;352219,211600000038743;5727912,813100000843406;6,862312224000050;51,682711055000027;1
37763;5230524518200989993;5;1;70;24;2023;5;14;4;2;5;3;0;0;1;1;0;0;0;0;334614,133000000379980;5701093,687999999150634;6,620489959000054;51,436864323000066;1
37765;5230524518120089322;5;1;70;44;2023;5;19;4;3;0;7;0;0;1;0;1;0;0;0;337142,890499999746680;5721301,764299999922514;6,647496647000025;51,619148818000042;1
37766;5230524518100191568;5;1;70;48;2023;5;8;4;2;5;3;0;0;1;1;0;0;0;0;334616,041000000201166;5725106,834100000560284;6,609232083000052;51,652595655000027;1
37769;5230530303100989733;5;9;15;0;2023;5;15;3;3;0;6;0;0;1;1;0;0;0;0;422270,676099999807775;5725786,824799999594688;7,875793375000057;51,677668110000070;1