OID_;UIDENTSTLAE;ULAND;UREGBEZ;UKREIS;UGEMEINDE;UJAHR;UMONAT;USTUNDE;UWOCHENTAG;UKATEGORIE;UART;UTYP1;ULICHTVERH;IstStrassenzustand;IstRad;IstPKW;IstFuss;IstKrad;IstGkfz;IstSonstige;LINREFX;LINREFY;XGCSWGS84;YGCSWGS84;PLST
37773;5230524513210989977;5;1;62;24;2023;5;18;4;3;5;2;0;0;1;1;0;0;0;0;337165,803199999965727;5675954,364199999719858;6,668655224000076;51,211738913000033;1
37774;5230524513210989974;5;1;62;24;2023;5;17;4;2;5;3;0;0;1;1;0;0;0;0;335449,550800000317395;5674393,378100000321865;6,644821043000036;51,197222201000045;1
37779;5230524505100278940;5;1;14;0;2023;5;17;4;3;5;3;0;0;1;1;0;0;0;0;329524,220999999903142;5687255,176000000908971;6,553967026000066;51,311034665000079;1
37780;5230525518110989953;5;1;70;12;2023;5;11;5;3;5;3;0;0;1;1;0;0;0;0;334320,822700000368059;5734681,896299999207258;6,600421085000050;51,738526782000065;1
37786;5230525502406089562;5;1;17;0;2023;5;18;5;3;1;5;0;0;1;1;0;0;0;0;354372,908099999651313;5698213,208200000226498;6,905737776000024;51,416404781000040;1
37787;5230524411132989998;5;7;74;32;2023;5;13;4;3;5;3;0;1;1;1;0;0;0;0;482697,690999999642372;5728046,844000000506639;8,749618283000075;51,703101678000053;1
37791;5230524406210989970;5;7;58;4;2023;5;17;4;3;5;2;0;0;1;1;0;0;0;0;470463,526700000278652;5783724,660299999639392;8,567795715000045;52,203177916000072;1
37792;5230524406110176330;5;7;58;12;2023;5;16;4;3;5;3;0;0;1;0;0;0;0;0;476820,515100000426173;5774265,812899999320507;8,661460746000046;52,118441649000033;1
37794;5230524405228989997;5;7;54;28;2023;5;14;4;2;8;1;0;0;1;0;0;0;0;0;451540,054200000129640;5745096,183599999174476;8,296380665000072;51,854560040000081;1
37795;5230524405108990017;5;7;54;8;2023;5;7;4;3;3;3;0;0;1;1;0;0;0;0;461328,375599999912083;5747946,034299999475479;8,438175782000030;51,880946405000032;1
37796;5230524405108082021;5;7;54;8;2023;5;13;4;3;5;3;0;1;1;1;0;0;0;0;459183,134999999776483;5750501,299000000581145;8,406708861000027;51,903766954000048;1
37798;5230524317140353470;5;9;78;28;2023;5;7;4;3;5;3;0;0;1;0;0;0;1;0;398570,801099999807775;5697915,170099999755621;7,541163029000074;51,423357817000067;1
37801;5230524316300076617;5;9;74;28;2023;5;16;4;3;6;4;0;0;1;0;1;0;0;0;454591,087000000290573;5726366,079700000584126;8,343126321000057;51,686419564000062;1
37803;5230524310230087276;5;9;54;12;2023;5;18;4;3;5;2;0;0;1;1;0;0;0;0;386124,188799999654293;5687652,953400000929832;7,365508899000076;51,328754383000046;1
37807;5230524307000777951;5;9;62;32;2023;5;15;4;3;0;3;0;0;1;1;0;0;0;0;405440,549100000411272;5674049,989900000393391;7,646268515000031;51,210009960000036;1
37811;5230524301301989982;5;9;78;24;2023;5;17;4;3;5;2;0;0;1;1;0;0;0;0;396803,258000000379980;5718686,111300000920892;7,509667955000054;51,609741877000033;1
37812;5230526302100099422;5;9;14;0;2023;5;13;6;2;2;6;0;0;1;1;0;0;0;0;398936,149600000120699;5692067,222200000658631;7,548081405000062;51,370855919000064;1
37816;5230524301102990001;5;9;13;0;2023;5;13;4;3;1;1;0;0;1;1;0;0;0;0;395866,424399999901652;5705870,792700000107288;7,499937791000036;51,494378180000069;1
37817;5230524300800699410;5;9;54;36;2023;5;15;4;3;5;3;0;0;1;1;0;0;0;0;380793,559299999848008;5694396,607200000435114;7,286772556000074;51,388273463000075;1
37822;5230523709700990044;5;5;66;28;2023;5;13;3;3;2;6;0;0;1;1;0;0;0;0;413571,901999999769032;5793761,369999999180436;7,732886279000070;52,287407517000076;1
37824;5230523705000990042;5;5;54;20;2023;5;13;3;3;0;3;0;0;1;1;0;0;0;0;367023,461000000126660;5786216,405999999493361;7,053767025000070;52,210322520000034;1
37828;5230523705000691747;5;5;54;12;2023;5;15;3;3;0;1;0;0;1;0;0;0;0;0;352848,589999999850988;5745875,053999999538064;6,863802631000055;51,844268661000058;1
37829;5230523702100774777;5;5;15;0;2023;5;19;3;3;0;1;0;0;1;0;0;0;0;0;405071,506599999964237;5759104,726500000804663;7,617974272000026;51,974506733000055;1
37830;5230523702100096692;5;5;15;0;2023;5;12;3;3;4;6;0;0;1;0;0;0;0;0;402184,834999999962747;5758919,543700000271201;7,576014980000025;51,972341674000063;1
37831;5230523702100055910;5;5;15;0;2023;5;13;3;3;5;3;0;0;1;1;0;0;0;0;405868,865000000223517;5756844,866699999198318;7,630198540000038;51,954329752000035;1
37832;5230527317240987827;5;9;78;40;2023;5;1;7;3;1;1;2;0;1;1;0;0;0;0;406785,809000000357628;5725467,156300000846386;7,651980843000047;51,672438160000070;1
37836;5230523610111945526;5;3;70;16;2023;5;19;3;3;5;3;0;0;1;1;0;0;0;0;300979,122999999672174;5659654,946000000461936;6,160182763000023;51,053889344000027;1
37837;5230523609108599706;5;3;58;8;2023;5;15;3;3;5;2;0;0;1;0;0;0;1;0;320933,009999999776483;5633757,140000000596046;6,457314686000075;50,827800097000079;1
37840;5230523608200094822;5;3;34;2;2023;5;20;3;3;6;6;0;0;1;0;1;0;0;0;295795,543200000189245;5631106,585999999195337;6,102304129000061;50,795675841000048;1
37841;5230523607500086343;5;3;82;56;2023;5;15;3;3;5;2;0;0;1;1;0;0;0;0;370711,138700000010431;5628405,331199999898672;7,165569524000034;50,792956984000057;1
37842;5230523607400047760;5;3;82;68;2023;5;16;3;3;5;2;0;0;1;1;0;0;0;0;366602,847000000067055;5632125,717000000178814;7,105959841000072;50,825464423000028;1
37844;5230523606400390363;5;3;78;28;2023;5;14;3;3;0;7;0;0;1;1;0;0;0;0;371884,268299999646842;5641000,964299999177456;7,177798795000058;50,906429443000036;1
37852;5230523601700990048;5;3;16;0;2023;5;11;3;3;5;3;0;0;1;0;0;0;0;1;359714,707600000314415;5659729,781099999323487;6,997585798000046;51,071917227000029;1
37853;5230523601500590247;5;3;15;0;2023;5;16;3;3;8;1;0;0;1;0;0;0;0;0;362390,604600000195205;5648155,266799999400973;7,040149086000042;50,968542709000076;1
37859;5230523601200299057;5;3;15;0;2023;5;17;3;3;6;7;0;0;1;0;1;0;0;0;353047,705500000156462;5643862,247400000691414;6,908910551000076;50,927655508000043;1
37860;5230523600140043560;5;3;14;0;2023;5;16;3;3;5;3;0;0;1;1;0;0;0;0;369797,257000000216067;5623772,335000000894070;7,154250027000046;50,751110214000050;1
37869;5230523513210987898;5;1;62;24;2023;5;11;3;3;5;3;0;0;1;1;0;0;0;0;337828,252999999560416;5675298,160000000149012;6,678427961000068;51,206031551000081;1
37876;5230523502401591810;5;1;17;0;2023;5;20;3;3;0;7;0;0;1;0;0;0;0;0;352990,805700000375509;5699790,970699999481440;6,885221712000032;51,430225417000031;1
37883;5230523411132082114;5;7;74;32;2023;5;22;3;2;5;3;2;0;1;1;0;0;0;0;480973,502999999560416;5731161,901000000536442;8,724497712000073;51,731054239000059;1
37888;5230523406110076330;5;7;58;12;2023;5;7;3;3;4;2;0;1;1;0;0;0;0;1;477012,410099999979138;5775886,537200000137091;8,664153821000070;52,133020963000035;1
37889;5230523405116990026;5;7;54;16;2023;5;19;3;2;0;7;0;0;1;0;0;0;0;0;448785,599299999885261;5754540,400800000876188;8,254987582000069;51,939220955000053;1
37891;5230523400300987891;5;7;11;0;2023;5;14;3;3;3;2;0;0;1;1;0;0;0;0;473029,711500000208616;5753560,809599999338388;8,607728904000055;51,932117068000082;1
37895;5230523313110441380;5;9;58;4;2023;5;18;3;2;0;7;0;0;1;0;0;0;0;0;434202,862499999813735;5695131,285599999129772;8,054073490000064;51,403586349000079;1
37903;5230523301301990054;5;9;78;24;2023;5;7;3;3;5;3;0;0;1;1;0;0;0;0;397744,567999999970198;5720841,699400000274181;7,522627994000061;51,629289246000042;1
37909;5230522706200103166;5;5;58;40;2023;5;15;2;2;5;3;0;0;1;0;0;0;0;0;377921,763000000268221;5764717,364000000059605;7,220896113000038;52,019645140000080;1
37911;5230522705000990076;5;5;54;20;2023;5;7;2;3;0;3;0;0;1;1;0;0;0;0;366249,128299999982119;5787495,873700000345707;7,041935454000054;52,221631628000068;1
37915;5230522702100976700;5;5;15;0;2023;5;16;2;3;3;2;0;0;1;0;0;0;0;0;406724,746000000275671;5757078,944000000134110;7,642586026000060;51,956577968000033;1
37925;5230522700000395154;5;5;13;0;2023;5;11;2;3;5;2;0;0;1;1;0;0;0;0;367424,259499999694526;5714079,760500000789762;7,087352606000024;51,562195818000077;1
37929;5230522609160569705;5;3;58;60;2023;5;17;2;3;4;3;0;0;1;1;0;0;0;0;333112,957999999634922;5627203,983999999240041;6,633079897000073;50,772558521000065;1
37931;5230522608436077503;5;3;34;36;2023;5;13;2;3;4;6;0;0;1;0;0;0;0;0;300685,188000000081956;5634947,152000000700355;6,169511801000056;50,831873040000062;1
37936;5230522606100099201;5;3;78;4;2023;5;17;2;2;3;2;0;0;1;0;0;0;0;1;369547,943300000391901;5648641,295900000259280;7,141851577000068;50,974576499000079;1
37942;5230523608312990033;5;3;34;12;2023;5;15;3;2;2;6;0;0;1;1;0;0;0;0;307041,834200000390410;5633121,864099999889731;6,260631399000033;50,817631159000030;1
37946;5230522601700099105;5;3;16;0;2023;5;16;2;3;3;2;0;0;1;1;0;0;0;0;360615,417500000447035;5655243,106000000610948;7,012161688000049;51,031814946000054;1
37951;5230522600360571688;5;3;82;12;2023;5;11;2;3;5;3;0;0;1;1;0;0;0;0;356427,347000000067055;5625447,615000000223517;6,964186951000045;50,763013574000070;1
37952;5230527410230796562;5;7;70;4;2023;5;17;7;3;1;5;0;0;1;1;0;0;0;0;486291,003999999724329;5785621,459599999710917;8,799318366000023;52,220852184000080;1
37954;5230522600330095320;5;3;82;48;2023;5;17;2;3;5;3;0;0;1;1;0;0;0;0;354180,633799999952316;5611116,178799999877810;6,938008996000065;50,633654936000028;1
37956;5230522518400990070;5;1;70;8;2023;5;0;2;2;3;1;0;0;1;1;0;0;0;0;342887,183899999596179;5713425,073000000789762;6,733927662000042;51,550013018000072;1
37957;5230522518310691456;5;1;70;32;2023;5;16;2;3;5;3;0;0;1;1;0;0;0;0;335064,474000000394881;5712333,551999999210238;6,621712704000061;51,537974668000061;1
37959;5230522516300990093;5;1;58;28;2023;5;7;2;3;4;6;0;1;1;0;0;0;0;0;350662,776600000448525;5683439,002900000661612;6,858621784000036;51,282683731000077;1
37962;5230528711100626207;5;5;70;44;2023;5;12;1;3;0;3;0;0;1;1;0;0;0;0;421966,086799999698997;5757881,522800000384450;7,864155815000061;51,966140360000054;1
37970;5230522502210067041;5;1;13;0;2023;5;0;2;2;0;1;2;0;1;0;0;0;0;0;361522,985000000335276;5699937,850800000131130;7,007820451000043;51,433694688000060;1
37975;5230522500200987930;5;1;11;0;2023;5;6;2;3;5;2;0;0;1;1;0;0;0;0;347499,396999999880791;5680852,639000000432134;6,814399764000029;51,258605814000077;1
37978;5230522406120990070;5;7;58;16;2023;5;15;2;3;5;3;0;0;1;1;0;0;0;0;474944,169999999925494;5778936,961999999359250;8,633712742000057;52,160356043000036;1
37982;5230522405228184968;5;7;54;28;2023;5;12;2;3;8;1;0;0;1;0;0;0;0;0;451356,122700000181794;5744307,718100000172853;8,293821230000049;51,847455336000053;1
37983;5230522405148046332;5;7;54;48;2023;5;14;2;3;5;3;0;0;1;1;0;0;0;0;445647,122000000439584;5768357,698000000789762;8,207145212000057;52,063142068000047;1
37986;5230522405108082152;5;7;54;8;2023;5;21;2;3;5;3;1;1;1;1;0;0;0;0;458452,574000000022352;5751303,117000000551343;8,395993773000043;51,910921774000030;1
37987;5230522514110990071;5;1;66;32;2023;5;15;2;3;5;2;0;0;1;1;0;0;0;0;318904,470999999903142;5681776,864000000059605;6,404532123000024;51,258544014000051;1
38000;5230522317210987920;5;9;78;20;2023;5;18;2;3;5;3;0;1;1;1;0;0;0;0;406519,634600000455976;5716463,814500000327826;7,650536764000037;51,591462675000059;1
38001;5230522316100987911;5;9;74;40;2023;5;21;2;3;3;6;1;1;1;1;0;0;0;0;438353,915000000037253;5712109,029999999329448;8,110779142000069;51,556694190000030;1
38004;5230522313123385010;5;9;58;16;2023;5;11;2;3;5;3;0;0;1;1;0;0;0;0;444175,286199999973178;5678092,241499999538064;8,200094638000053;51,251455711000062;1
38005;5230522310140899378;5;9;54;28;2023;5;7;2;3;0;7;0;0;1;0;0;0;0;0;380479,990399999544024;5687468,446100000292063;7,284596109000063;51,325937826000029;1
38021;5230522301202594325;5;9;13;0;2023;5;13;2;3;1;5;0;0;1;1;0;0;0;0;393408,714200000278652;5709295,189999999478459;7,463512322000042;51,524700256000074;1
38026;5230522300100377945;5;9;11;0;2023;5;18;2;3;5;2;0;0;1;1;0;0;0;0;375781,695000000298023;5705255,224999999627471;7,210969839000029;51,484789819000071;1
38028;5230522300000593854;5;9;11;0;2023;5;8;2;3;1;5;0;0;1;1;0;0;0;0;378005,594800000078976;5705934,505799999460578;7,242748043000063;51,491378966000070;1
38034;5230521702100972552;5;5;15;0;2023;5;15;1;3;5;3;0;0;1;0;0;1;0;0;403495,609199999831617;5766439,581900000572205;7,592972434000046;52,040162730000077;1
38035;5230521702100574122;5;5;15;0;2023;5;14;1;2;3;2;0;0;1;1;0;0;0;0;404194,053999999538064;5754225,316999999806285;7,606564204000051;51,930498227000044;1
38041;5230521607400078278;5;3;82;68;2023;5;11;1;3;2;6;0;0;1;0;0;1;0;0;371528,742600000463426;5636058,895600000396371;7,174482136000051;50,861930592000078;1
38043;5230521607200590887;5;3;82;20;2023;5;12;1;3;5;2;0;0;1;1;0;0;0;0;379779,994599999859929;5625743,049900000914931;7,295051630000046;50,770978204000073;1
38044;5230521606700699860;5;3;78;20;2023;5;17;1;2;0;1;0;0;1;0;0;0;0;0;367358,033800000324845;5656419,945699999108911;7,107833331000052;51,043987556000047;1
38055;5230521601600693425;5;3;15;0;2023;5;15;1;3;2;6;0;0;1;0;0;0;0;0;366649,332999999634922;5638844,952999999746680;7,104171787000041;50,885866298000053;1
38057;5230521600360171688;5;3;82;12;2023;5;10;1;3;7;1;0;0;1;0;0;0;0;0;353821,560899999924004;5627442,595899999141693;6,926470528000038;50,780291783000052;1
38058;5230521600110039972;5;3;14;0;2023;5;17;1;3;5;2;0;0;1;1;0;0;0;0;365790,868900000117719;5622360,604100000113249;7,098002804000032;50,737509200000034;1
38061;5230521516100990104;5;1;58;32;2023;5;19;1;2;0;7;0;0;1;0;0;0;0;0;367846,307199999690056;5685897,965199999511242;7,103955577000022;51,309028688000069;1
38062;5230521514124696168;5;1;66;20;2023;5;15;1;3;0;1;0;0;1;0;0;0;0;0;302736,766499999910593;5677169,116800000891089;6,175642789000051;51,211797401000069;1
38066;5230521503200990125;5;1;24;0;2023;5;13;1;2;0;1;0;0;1;0;0;0;0;0;373724,467000000178814;5678414,498999999836087;7,190889219000042;51,243105132000039;1
38075;5230521500100871970;5;1;11;0;2023;5;16;1;3;5;3;0;0;1;1;0;0;0;0;346888,133000000379980;5675331,801999999210238;6,808005670000057;51,208834257000035;1
38076;5230521411224990105;5;7;74;24;2023;5;18;1;2;5;3;0;0;1;1;0;0;0;0;472512,684999999590218;5744444,610999999567866;8,600935809000021;51,850128877000031;1
38080;5230521404301990117;5;7;66;12;2023;5;15;1;3;5;2;0;0;1;1;0;0;0;0;507331,137199999764562;5760112,551100000739098;9,106769307000036;51,991629020000062;1
38081;5230521404301221706;5;7;66;12;2023;5;0;1;2;5;3;2;0;1;0;0;0;0;1;507804,137400000356138;5759999,132799999788404;9,113655398000049;51,990602836000051;1
38083;5230521404102687361;5;7;66;40;2023;5;14;1;3;5;2;0;0;1;0;0;0;0;0;483046,286000000312924;5755078,241000000387430;8,753338917000065;51,946155531000045;1
38095;5230521301301655630;5;9;78;24;2023;5;15;1;3;8;1;0;0;1;0;0;0;0;0;395673,078999999910593;5720722,219000000506639;7,492746055000055;51,627835003000030;1
38098;5230526317250987847;5;9;78;32;2023;5;7;6;3;5;2;0;0;1;1;0;0;0;0;394014,345399999991059;5728238,901300000026822;7,466511385000047;51,695086894000042;1
38101;5230520711100091270;5;5;70;44;2023;5;19;7;2;4;6;0;0;1;0;0;0;0;0;416595,275000000372529;5759438,675000000745058;7,785619464000035;51,979357679000032;1
38102;5230520711100053160;5;5;70;52;2023;5;23;7;2;0;1;2;0;1;0;0;0;0;0;424321,536999999545515;5757770,163399999961257;7,898458809000033;51,965464984000050;1
38103;5230520709700987940;5;5;66;28;2023;5;23;7;3;0;7;2;0;1;0;0;0;0;0;413225,802000000141561;5791648,815999999642372;7,728357165000034;52,268364673000065;1
38104;5230520709500538567;5;5;66;76;2023;5;9;7;2;5;2;0;0;1;1;0;0;0;0;395268,696999999694526;5793949,619999999180436;7,464581677000069;52,285916095000061;1
38113;5230525705000096683;5;5;54;4;2023;5;15;5;3;5;3;0;0;1;1;0;0;0;0;361714,091500000096858;5773035,414200000464916;6,981476120000025;52,090582924000046;1
38123;5230520602900981184;5;3;62;40;2023;5;12;7;3;4;6;0;0;1;0;0;0;0;1;356344,554600000381470;5632659,405799999833107;6,960193391000075;50,827806316000078;1
38133;5230520515212096092;5;1;54;32;2023;5;14;7;3;0;7;0;0;1;0;0;0;0;0;309812,051400000229478;5718902,260700000450015;6,254451557000039;51,589029024000070;1
38135;5230520515211987944;5;1;54;16;2023;5;17;7;2;5;3;0;0;1;1;0;0;0;0;302903,157599999569356;5733287,744100000709295;6,146739049000075;51,715842077000048;1
38138;5230520515210990157;5;1;54;12;2023;5;10;7;2;4;2;0;0;1;1;0;0;0;0;313333,609799999743700;5710936,037200000137091;6,309455271000047;51,518656253000074;1
38145;5230520506100990155;5;1;16;0;2023;5;13;7;3;3;2;0;0;1;1;0;0;0;0;322083,325000000186265;5673713,321000000461936;6,454044626000041;51,187107929000035;1
38155;5230520500100593808;5;1;11;0;2023;5;15;7;3;2;2;0;0;1;1;0;0;0;0;340830,278500000014901;5678148,616100000217557;6,720101316000068;51,232487420000041;1
38156;5230529603140299973;5;3;66;40;2023;5;19;2;3;0;7;0;0;1;0;0;0;0;0;345507,719299999997020;5619741,061400000005960;6,811858434000044;50,708928054000069;1
38157;5230520500100567138;5;1;11;0;2023;5;2;7;3;0;6;2;0;1;0;0;0;0;0;345746,472000000067055;5677711,782400000840425;6,790650390000053;51,229912318000061;1
38158;5230520407101989028;5;7;62;20;2023;5;15;7;3;8;6;0;0;1;0;0;0;0;0;526368,805499999783933;5734200,169999999925494;9,382046540000033;51,758074465000050;1
38160;5230520406210990161;5;7;58;4;2023;5;0;7;2;0;1;2;0;1;0;0;0;0;0;471767,583599999547005;5780929,619400000199676;8,587110155000062;52,178117632000067;1
38163;5230522608200075611;5;3;34;2;2023;5;22;2;3;5;3;2;0;1;1;0;0;0;0;296434,212100000120699;5631102,351399999111891;6,111356981000029;50,795862447000047;1
38169;5230520314120699391;5;9;66;8;2023;5;17;7;2;2;1;0;0;1;0;0;0;0;0;415275,492999999783933;5650406,906999999657273;7,792582894000077;50,998994738000079;1
38186;5230519711100089568;5;5;70;12;2023;5;11;6;2;0;6;0;0;1;0;0;0;0;0;439600,130300000309944;5753561,137199999764562;8,121554811000067;51,929496073000053;1
38188;5230519705000080993;5;5;54;20;2023;5;14;6;3;8;6;0;0;1;0;0;0;0;0;362852,270399999804795;5786791,528400000184774;6,992524814000035;52,214467799000033;1
38189;5230519701930170140;5;5;62;36;2023;5;17;6;3;5;2;0;0;1;1;0;0;0;0;388695,074000000022352;5720178,620999999344349;7,392146113000024;51,621612043000027;1
38192;5230526610122573677;5;3;70;28;2023;5;13;6;3;5;2;0;0;1;1;0;0;0;0;298752,844999999739230;5643946,549000000581145;6,137155606000022;50,912032474000057;1
38195;5230519701110398910;5;5;62;32;2023;5;17;6;3;5;3;0;0;1;1;0;0;0;0;380916,316999999806285;5718125,149000000208616;7,280528544000049;51,601564291000045;1
38197;5230519700000882310;5;5;13;0;2023;5;20;6;3;5;3;0;0;1;1;0;0;0;0;364745,869800000451505;5715432,355200000107288;7,048215232000075;51,573714830000029;1
38202;5230523701500975303;5;5;62;24;2023;5;16;3;3;0;7;0;0;1;0;0;0;0;0;369671,138000000268221;5725108,550200000405312;7,115648206000060;51,661831917000029;1
38204;5230519610111194933;5;3;70;16;2023;5;23;6;2;0;7;2;0;1;0;0;0;0;0;297114,920699999667704;5659723,758600000292063;6,105080743000030;51,053155452000055;1
38209;5230519607400593611;5;3;82;68;2023;5;16;6;3;4;6;0;0;1;0;0;0;0;0;365725,780700000002980;5625994,263399999588728;7,095755785000051;50,770153170000071;1
38214;5230528503400989818;5;1;22;0;2023;5;12;1;3;0;1;0;0;1;0;0;0;0;0;365810,852800000458956;5670182,837099999189377;7,080657972000040;51,167319482000039;1
38217;5230519603116573856;5;3;66;16;2023;5;14;6;3;5;2;0;0;1;1;0;0;0;0;344026,627999999560416;5613727,344000000506639;6,793434588000025;50,654491453000048;1
38227;5230519601400993601;5;3;15;0;2023;5;20;6;3;0;1;0;0;1;0;0;0;0;0;357663,178700000047684;5647024,317299999296665;6,973307216000023;50,957230219000053;1
38228;5230519601300590176;5;3;15;0;2023;5;10;6;2;5;3;0;0;1;0;0;0;0;0;350300,367999999783933;5643419,643999999389052;6,870027048000054;50,922971710000070;1
38229;5230519601300099098;5;3;15;0;2023;5;17;6;3;0;1;0;0;1;0;0;0;0;0;353675,401999999769032;5644844,445000000298023;6,917441861000043;50,936641743000052;1
38231;5230519600370990174;5;3;82;4;2023;5;17;6;3;5;3;0;0;1;0;0;0;0;0;361059,263199999928474;5619969,416899999603629;7,031889412000055;50,714905436000038;1
38232;5230519600140575846;5;3;14;0;2023;5;18;6;3;5;2;0;0;1;0;0;0;0;0;370695,400100000202656;5623098,052400000393391;7,167211825000038;50,745250337000073;1
38233;5230527709700476748;5;5;66;28;2023;5;11;7;2;3;6;0;0;1;0;0;0;0;1;412380,584999999962747;5791352,718100000172853;7,716051083000025;52,265569235000044;1
38236;5230519600120078251;5;3;82;24;2023;5;12;6;3;6;6;0;0;1;0;1;0;0;0;374266,882000000216067;5621268,594000000506639;7,218432370000073;50,729590599000062;1
38237;5230519701400298880;5;5;12;0;2023;5;8;6;3;5;2;0;0;1;0;0;0;1;0;355714,006500000134110;5712222,083699999377131;6,919287894000036;51,542629203000047;1
38241;5230519518200990188;5;1;70;24;2023;5;14;6;3;3;6;0;0;1;0;0;0;0;0;336260,923000000417233;5701075,335000000894070;6,644170210000027;51,437177765000058;1
38243;5230519514212990208;5;1;66;12;2023;5;9;6;3;5;2;0;0;1;0;0;0;0;1;325962,116000000387430;5698490,291999999433756;6,497411006000050;51,410885807000057;1
38253;5230519506100011781;5;1;16;0;2023;5;12;6;3;1;5;0;0;1;1;0;0;0;0;321754,572399999946356;5671686,710100000724196;6,450350259000061;51,168799838000041;1
38268;5230519410230990184;5;7;70;4;2023;5;15;6;3;4;2;0;0;1;1;0;0;0;0;482935,862200000323355;5791413,283399999141693;8,749911368000028;52,272829818000048;1
38271;5230519405232990203;5;7;54;32;2023;5;10;6;3;5;3;0;0;1;1;0;0;0;0;456683,871000000275671;5732202,242000000551343;8,372672473000023;51,739057054000057;1
38273;5230519405108990200;5;7;54;8;2023;5;14;6;3;1;1;0;0;1;1;0;0;0;0;457481,934000000357628;5750658,976999999955297;8,381963221000035;51,905057331000080;1
38274;5230519405108581100;5;7;54;8;2023;5;11;6;3;8;1;0;0;1;0;0;0;0;0;462130,150999999605119;5752993,525399999693036;8,449268754000059;51,926381874000072;1
38276;5230529502318077718;5;1;13;0;2023;5;16;2;3;0;7;0;0;1;0;0;0;0;0;354142,401600000448525;5705390,193299999460578;6,899466876000076;51,480836245000035;1
38279;5230519404102096806;5;7;66;40;2023;5;17;6;3;8;1;0;0;1;0;0;0;0;0;485668,770899999886751;5760339,329900000244379;8,791273740000065;51,993531441000073;1
38286;5230519315110399400;5;9;70;40;2023;5;16;6;3;4;2;0;0;1;1;0;0;0;0;430153,737999999895692;5640723,148000000044703;8,006434961000025;50,913924687000076;1
38289;5230519313110087423;5;9;58;4;2023;5;14;6;2;5;3;0;0;1;0;0;1;0;0;422881,605299999937415;5702517,800799999386072;7,889736010000036;51,468565725000076;1
38290;5230519307000678636;5;9;62;32;2023;5;14;6;3;5;3;0;0;1;0;0;0;0;1;404685,962399999611080;5676127,914100000634789;7,634916536000048;51,228564237000057;1
38292;5230519307000178400;5;9;62;52;2023;5;12;6;3;0;7;0;0;1;0;0;0;0;0;418170,251899999566376;5677153,114099999889731;7,827756812000075;51,239873934000059;1
38294;5230521605116593942;5;3;74;24;2023;5;12;1;3;8;1;0;0;1;0;0;0;0;0;397340,275200000032783;5661087,672700000926852;7,534039835000044;51,092088930000045;1
38299;5230519301201990178;5;9;13;0;2023;5;16;6;3;0;1;0;0;1;0;0;0;0;0;391533,585400000214577;5707966,074100000783801;7,436902618000033;51,512396655000032;1
38306;5230518705000996573;5;5;54;4;2023;5;16;5;3;5;2;0;0;1;1;0;0;0;0;361314,502000000327826;5773265,740299999713898;6,975553649000062;52,092552467000075;1
38310;5230523706200536380;5;5;58;12;2023;5;11;3;3;5;3;0;0;1;1;0;0;0;0;372967,632000000216067;5756280,828999999910593;7,151860769000052;51,942719818000057;1
38315;5230528600370099982;5;3;82;4;2023;5;19;1;3;0;7;0;0;1;0;0;0;0;0;361452,425999999977648;5623637,964999999850988;7,036076441000034;50,747970848000080;1
38318;5230518700000981314;5;5;13;0;2023;5;21;5;2;0;7;2;0;1;0;0;0;0;0;367358,873999999836087;5707121,211999999359250;7,089030779000041;51,499646282000072;1
38327;5230518607100032321;5;3;82;28;2023;5;14;5;3;0;1;0;0;1;0;0;0;0;0;375216,992300000041723;5638345,498400000855327;7,226083034000055;50,883291219000057;1
38331;5230518603212786327;5;3;66;12;2023;5;15;5;3;0;1;0;0;1;0;0;0;0;0;318571,328099999576807;5587782,846499999985099;6,446296754000059;50,414028623000036;1
38332;5230518602700999614;5;3;62;28;2023;5;22;5;3;0;1;2;0;1;0;0;0;0;0;352383,378200000151992;5635797,881899999454618;6,902722621000066;50,855014434000054;1
38334;5230518602700380760;5;3;62;28;2023;5;13;5;3;0;1;0;0;1;0;0;0;0;0;347803,056699999608099;5639879,058700000867248;6,835997687000031;50,890501886000038;1
38335;5230528606700099041;5;3;78;12;2023;5;15;1;3;0;5;0;0;1;1;0;0;0;0;374198,367300000041723;5654446,397700000554323;7,206044837000036;51,027787950000061;1
38337;5230518602400890348;5;3;62;32;2023;5;22;5;2;0;1;2;0;1;0;0;0;0;0;337501,734500000253320;5642570,250099999830127;6,688454668000077;50,911877255000036;1
38338;5230518602300781864;5;3;62;36;2023;5;16;5;3;5;2;0;0;1;1;0;0;0;0;345625,116799999959767;5650675,139699999243021;6,800480710000045;50,986937276000049;1
38339;5230518602300080714;5;3;62;36;2023;5;19;5;3;0;1;0;0;1;0;0;0;0;0;345313,059100000187755;5652197,345399999991059;6,795389767000074;51,000531819000059;1
38348;5230518600120990230;5;3;82;24;2023;5;17;5;2;5;7;0;0;1;1;0;0;0;0;371150,281000000424683;5617853,893999999389052;7,175487776000068;50,698215069000071;1
38349;5230518518302595910;5;1;70;40;2023;5;15;5;2;0;1;0;0;1;1;0;0;0;0;318328,597699999809265;5720775,361700000241399;6,376284259000045;51,608663533000026;1
38350;5230518518301091406;5;1;70;4;2023;5;20;5;3;4;6;0;0;1;1;0;0;0;0;327717,850399999879301;5716668,387299999594688;6,513759516000050;51,574721126000043;1
38352;5230518515211022042;5;1;54;16;2023;5;17;5;2;0;6;0;0;1;0;0;0;0;0;301599,559999999590218;5732439,623099999502301;6,128375807000054;51,707766373000027;1