OID_;UIDENTSTLAE;ULAND;UREGBEZ;UKREIS;UGEMEINDE;UJAHR;UMONAT;USTUNDE;UWOCHENTAG;UKATEGORIE;UART;UTYP1;ULICHTVERH;IstStrassenzustand;IstRad;IstPKW;IstFuss;IstKrad;IstGkfz;IstSonstige;LINREFX;LINREFY;XGCSWGS84;YGCSWGS84;PLST
38355;5230518515110990252;5;1;54;24;2023;5;14;5;3;0;7;0;0;1;1;0;0;0;0;312707,316999999806285;5738516,518999999389052;6,285677901000042;51,766162120000047;1
38356;5230518514216990251;5;1;66;28;2023;5;14;5;2;7;1;0;0;1;0;0;0;0;0;321160,570500000379980;5688197,437400000169873;6,433616760000064;51,316932366000060;1
38358;5230518514216564453;5;1;66;28;2023;5;17;5;3;3;6;0;0;1;0;0;0;0;0;318357,091699999757111;5690049,766200000420213;6,392486595000037;51,332683219000046;1
38360;5230518514215987983;5;1;66;12;2023;5;14;5;3;4;6;0;0;1;0;0;0;0;0;319815,664900000207126;5691169,069199999794364;6,412835348000044;51,343201710000073;1
38362;5230518514118987987;5;1;66;16;2023;5;0;5;2;0;1;2;0;1;0;0;0;0;0;309421,816700000315905;5687082,970300000160933;6,265958140000066;51,303112191000082;1
38364;5230529303100989800;5;9;15;0;2023;5;0;2;3;0;1;2;0;1;0;0;0;0;0;423422,612599999643862;5727220,861899999901652;7,892135929000062;51,690718010000069;1
38367;5230518513120990227;5;1;62;20;2023;5;16;5;3;0;1;0;0;1;0;0;0;0;0;331236,989500000141561;5671234,260500000789762;6,586067874000037;51,167611369000042;1
38368;5230518513120990223;5;1;62;20;2023;5;18;5;2;0;1;0;0;1;0;0;0;0;0;325954,048200000077486;5674380,233100000768900;6,509054058000061;51,194290929000033;1
38372;5230518505200987977;5;1;14;0;2023;5;18;5;3;3;2;0;0;1;1;0;0;0;0;336128,374900000169873;5692091,834899999201298;6,646412668000039;51,356429156000047;1
38374;5230518503200987982;5;1;24;0;2023;5;15;5;3;5;7;0;0;1;1;0;0;0;0;378335,553299999795854;5681968,668099999427795;7,255708497000057;51,276051903000052;1
38376;5230518502325894982;5;1;13;0;2023;5;12;5;3;0;1;0;0;1;0;0;0;0;0;361561,090200000442564;5704102,813300000503659;7,006738415000029;51,471131850000063;1
38383;5230518501111990241;5;1;12;0;2023;5;14;5;3;1;5;0;0;1;1;0;0;0;0;345418,987499999813735;5708975,813799999654293;6,772367286000076;51,510736264000059;1
38393;5230518500100976255;5;1;11;0;2023;5;18;5;2;0;1;0;0;1;0;0;0;0;0;344434,784199999645352;5678158,558000000193715;6,771684480000033;51,233570726000039;1
38394;5230520602400590187;5;3;62;32;2023;5;10;7;3;2;6;0;0;1;1;0;0;0;0;334337,231999999843538;5640346,426999999210238;6,644488701000057;50,890996578000056;1
38395;5230518411220990222;5;7;74;20;2023;5;19;5;2;4;3;0;0;1;0;0;1;0;0;474626,885999999940395;5740543,714999999850988;8,631915369000069;51,815155918000073;1
38396;5230518410130139394;5;7;70;28;2023;5;17;5;2;8;1;0;0;1;0;0;0;0;0;502883,053399999625981;5803840,536800000816584;9,042360257000041;52,384813703000077;1
38397;5230518407347678032;5;7;62;40;2023;5;13;5;3;0;1;0;0;1;0;0;0;0;0;505886,638700000010431;5712126,277200000360608;9,084918222000056;51,560187561000077;1
38400;5230518405148586994;5;7;54;4;2023;5;20;5;3;4;6;0;0;1;0;0;0;0;0;447652,417000000365078;5772358,191999999806285;8,235779915000023;52,099299778000045;1
38403;5230518404101990260;5;7;66;20;2023;5;11;5;3;4;6;0;0;1;1;0;0;0;0;493662,367100000381470;5751074,264100000262260;8,907866567000042;51,910377809000067;1
38406;5230518400100987976;5;7;11;0;2023;5;16;5;2;5;2;0;0;1;1;0;0;0;0;469736,052000000141561;5767327,459000000730157;8,558610110000075;52,055719543000066;1
38423;5230518301201987984;5;9;13;0;2023;5;12;5;3;5;2;0;0;1;1;0;0;0;0;388864,610000000335276;5709575,203500000759959;7,397948798000073;51,526341096000067;1
38431;5230517709500511962;5;5;66;76;2023;5;8;4;3;5;3;0;0;1;1;0;0;0;0;394633,529000000096858;5793762,254000000655651;7,455331998000077;52,284110780000049;1
38434;5230517709110990283;5;5;66;12;2023;5;17;4;3;5;3;0;0;1;1;0;0;0;0;404550,418700000271201;5772097,214900000020862;7,606764715000054;52,091197269000077;1
38440;5230517702100568373;5;5;15;0;2023;5;17;4;3;0;6;0;0;1;0;0;0;0;0;404701,667799999937415;5758301,107699999585748;7,612814735000029;51,967220214000065;1
38441;5230517702100353171;5;5;15;0;2023;5;11;4;3;0;2;0;0;1;1;0;0;0;0;403039,381000000052154;5758137,482000000774860;7,588672162000023;51,965462032000062;1
38443;5230517701700485411;5;5;62;16;2023;5;6;4;3;5;3;0;0;1;1;0;0;0;0;375004,016999999992549;5734264,050000000745058;7,189428717000055;51,745323185000075;1
38448;5230517701120680912;5;5;62;32;2023;5;8;4;3;5;3;0;0;1;1;0;0;0;0;376234,076000000350177;5715868,410000000149012;7,213751395000031;51,580273017000081;1
38449;5230517610221875578;5;3;70;20;2023;5;18;4;3;3;2;0;0;1;1;0;0;0;0;305005,646700000390410;5657898,869899999350309;6,218509283000060;51,039497698000048;1
38461;5230517608200773676;5;3;34;2;2023;5;13;4;3;5;2;0;0;1;1;0;0;0;0;299504,957899999804795;5626154,460000000894070;6,157570775000067;50,752491933000044;1
38462;5230517608200077596;5;3;34;2;2023;5;7;4;3;0;1;0;0;1;0;0;0;0;0;298645,243999999947846;5629016,489000000059605;6,143832793000058;50,777900242000044;1
38464;5230517607100590870;5;3;82;40;2023;5;17;4;3;5;3;0;0;1;1;0;0;0;0;382056,718000000342727;5632303,353000000119209;7,325217897000073;50,830415965000043;1
38468;5230517605108499810;5;3;74;8;2023;5;6;4;3;0;1;0;0;1;0;0;0;0;0;392951,524299999698997;5649643,624399999156594;7,474774894000063;50,988413171000047;1
38470;5230517602500981864;5;3;62;24;2023;5;18;4;3;1;5;0;0;1;1;0;0;0;0;343007,809500000439584;5644979,896400000900030;6,765676723000070;50,935053663000076;1
38471;5230517602500075536;5;3;62;24;2023;5;20;4;3;5;3;0;0;1;1;0;0;0;0;346651,934000000357628;5643391,245999999344349;6,818167693000021;50,921758392000072;1
38478;5230517601600893464;5;3;15;0;2023;5;17;4;3;0;5;0;0;1;0;0;0;0;1;359677,497700000181794;5644822,377100000157952;7,002818236000053;50,937935163000077;1
38479;5230517601500799135;5;3;15;0;2023;5;19;4;3;6;6;0;0;1;1;1;0;0;0;358471,384700000286102;5644700,002900000661612;6,985710701000073;50,936540627000056;1
38480;5230517601500186852;5;3;15;0;2023;5;8;4;3;1;3;0;0;1;0;0;0;0;1;357958,321200000122190;5643402,338800000026822;6,978919107000024;50,924752368000043;1
38482;5230517601400069775;5;3;15;0;2023;5;12;4;3;5;3;0;0;1;1;0;0;0;0;356236,773799999617040;5648467,272299999371171;6,952440678000073;50,969843697000044;1
38483;5230517601100199150;5;3;15;0;2023;5;14;4;2;5;3;0;0;1;0;0;0;0;1;355580,626199999824166;5643710,520999999716878;6,944988393000074;50,926931655000033;1
38484;5230517600360299992;5;3;82;12;2023;5;14;4;3;5;2;0;0;1;1;0;0;0;0;355714,254099999554455;5625686,943499999120831;6,953988552000055;50,764987567000048;1
38486;5230517600110873842;5;3;14;0;2023;5;16;4;2;4;6;0;0;1;0;0;0;0;0;366541,827899999916553;5622396,959699999541044;7,108625943000050;50,738009023000075;1
38488;5230517518200990284;5;1;70;24;2023;5;17;4;2;7;1;0;0;1;0;0;0;0;0;334886,309100000187755;5703269,716000000014901;6,623387084000058;51,456493299000044;1
38491;5230517516500089308;5;1;58;16;2023;5;13;4;3;5;3;0;0;1;1;0;0;0;0;353406,502000000327826;5669835,832499999552965;6,903498692000028;51,161156760000040;1
38492;5230517516100990287;5;1;58;32;2023;5;16;4;3;5;3;0;0;1;1;0;0;0;0;362054,396900000050664;5688618,594200000166893;7,019856772000026;51,332103576000065;1
38497;5230517514218086874;5;1;66;36;2023;5;11;4;3;5;3;0;0;1;1;0;0;0;0;323330,007000000216067;5681869,186000000685453;6,467846195000050;51,260761815000080;1
38498;5230518518120269630;5;1;70;44;2023;5;21;5;3;9;1;1;0;1;0;0;0;0;0;340946,407300000078976;5719516,781600000336766;6,703200987000059;51,604199577000031;1
38500;5230517514212590113;5;1;66;12;2023;5;10;4;2;5;3;0;0;1;1;0;0;0;0;326133,690000000409782;5698789,719000000506639;6,499728832000073;51,413628276000054;1
38501;5230517514111988010;5;1;66;32;2023;5;12;4;3;0;3;0;0;1;1;0;0;0;0;313758,247000000439584;5681423,984999999403954;6,331044579000036;51,253716702000077;1
38503;5230517513330380788;5;1;62;12;2023;5;13;4;3;5;3;0;0;1;1;0;0;0;0;324970,402300000190735;5664242,699100000783801;6,499918902000047;51,102918094000074;1
38505;5230517513320990296;5;1;62;4;2023;5;14;4;3;5;3;0;0;1;1;0;0;0;0;346722,394000000320375;5658781,895999999716878;6,812675439000031;51,060077107000041;1
38507;5230517506100990288;5;1;16;0;2023;5;15;4;2;5;3;0;0;1;1;0;0;0;0;315922,915300000458956;5669180,895300000905991;6,368307933000040;51,144443819000060;1
38508;5230517506100990265;5;1;16;0;2023;5;23;4;3;5;2;2;0;1;1;0;0;0;0;319244,668600000441074;5673331,205299999564886;6,413660228000026;51,182784824000066;1
38509;5230517506100280000;5;1;16;0;2023;5;16;4;3;5;3;0;0;1;1;0;0;0;0;320763,930999999865890;5671391,683299999684095;6,436342167000021;51,165839989000062;1
38519;5230517503100988010;5;1;24;0;2023;5;11;4;3;0;7;0;0;1;0;0;0;0;0;371445,058000000193715;5680890,797000000253320;7,157361103000028;51,264851607000026;1
38526;5230517501313082288;5;1;12;0;2023;5;16;4;2;6;4;0;0;1;0;1;0;0;0;344023,178199999965727;5700911,076500000432134;6,755829246000076;51,437892214000044;1
38528;5230517501112988000;5;1;12;0;2023;5;16;4;3;6;4;0;0;1;0;1;0;0;0;344831,521099999547005;5708449,473999999463558;6,764139957000054;51,505846157000065;1
38537;5230517500200056863;5;1;11;0;2023;5;8;4;3;0;7;0;0;1;0;0;0;0;0;343798,506000000052154;5679840,392400000244379;6,761844279000059;51,248508642000047;1
38539;5230524300700299377;5;9;16;0;2023;5;12;4;3;5;2;0;0;1;0;0;0;0;1;372424,775799999944866;5710151,004200000315905;7,160877812000024;51,528041328000029;1
38541;5230517500200041014;5;1;11;0;2023;5;17;4;3;2;6;0;0;1;1;0;0;0;0;346101,375000000000000;5677684,316999999806285;6,795741368000051;51,229761339000049;1
38542;5230517500100662176;5;1;11;0;2023;5;19;4;3;0;1;0;0;1;0;0;0;0;0;346412,201899999752641;5675999,798200000077486;6,800911456000051;51,214708784000038;1
38543;5230518405108990238;5;7;54;8;2023;5;16;5;3;0;1;0;0;1;0;0;0;0;0;456239,998300000093877;5752828,177100000903010;8,363636161000045;51,924463425000056;1
38544;5230517411236796876;5;7;74;36;2023;5;11;4;3;0;7;0;0;1;0;0;0;0;0;465634,701700000092387;5726296,358100000768900;8,502879761000031;51,686577300000067;1
38546;5230517411133990292;5;7;74;32;2023;5;16;4;3;4;2;0;0;1;1;0;0;0;0;485964,813000000081956;5735224,355000000447035;8,796606952000047;51,767728130000080;1
38547;5230517410140990310;5;7;70;12;2023;5;11;4;3;5;7;0;0;1;1;0;0;0;0;487756,458999999798834;5795922,043999999761581;8,820396756000036;52,313494160000062;1
38550;5230529601500987783;5;3;15;0;2023;5;14;2;3;7;1;0;0;1;0;0;0;0;0;360067,720300000160933;5648529,877699999138713;7,006943362000072;50,971349772000053;1
38551;5230517404301990273;5;7;66;36;2023;5;20;4;2;5;3;0;0;1;0;0;0;0;1;494651,877199999988079;5778321,180600000545382;8,921825503000036;52,155362485000069;1
38552;5230517404101990316;5;7;66;20;2023;5;7;4;3;0;7;0;0;1;0;0;0;0;0;491868,779400000348687;5753375,640300000086427;8,881737954000073;51,931046326000057;1
38554;5230517400300988000;5;7;11;0;2023;5;18;4;3;0;6;0;0;1;1;0;0;0;0;464570,254999999888241;5760884,420199999585748;8,483938888000068;51,997486825000067;1
38561;5230517317110990313;5;9;78;36;2023;5;9;4;3;6;4;0;0;1;0;1;0;0;0;408590,799999999813735;5711587,269600000232458;7,681695769000044;51,547966132000056;1
38575;5230517301302988005;5;9;13;0;2023;5;14;4;1;8;1;0;0;1;0;0;0;1;0;399206,753700000233948;5708977,305099999532104;7,547150873000021;51,522907499000041;1
38577;5230517301301990300;5;9;78;24;2023;5;16;4;3;0;1;0;0;1;0;0;0;0;0;397933,975800000131130;5718710,539100000634789;7,525984431000040;51,610167569000055;1
38578;5230517301301655630;5;9;78;24;2023;5;7;4;3;0;2;0;0;1;1;0;0;0;0;399075,183500000275671;5720028,177799999713898;7,542080228000032;51,622217077000073;1
38581;5230517300800396517;5;9;54;36;2023;5;15;4;3;0;2;0;0;1;1;0;0;0;0;384322,598000000230968;5699087,745999999344349;7,335938099000032;51,431168123000077;1
38583;5230517300400199371;5;9;11;0;2023;5;18;4;3;2;6;0;0;1;1;0;0;0;0;375690,910199999809265;5698348,951500000432134;7,212090059000047;51,422700351000060;1
38588;5230516706300990328;5;5;58;36;2023;5;18;3;3;3;6;0;0;1;1;0;0;0;0;389178,103500000201166;5726866,193600000813603;7,397001435000050;51,681815112000038;1
38589;5230522709800687357;5;5;66;40;2023;5;19;2;3;0;1;0;1;1;0;0;0;0;0;422020,638500000350177;5783181,767799999564886;7,859165682000025;52,193573464000053;1
38591;5230516706000988021;5;5;58;12;2023;5;15;3;3;5;3;0;0;1;1;0;0;0;0;375241,922000000253320;5758401,795199999585748;7,184160358000042;51,962294528000029;1
38594;5230516705000016031;5;5;54;44;2023;5;10;3;3;5;3;0;0;1;0;0;0;0;0;368884,890100000426173;5744872,717599999159575;7,096834473000058;51,839257685000064;1
38596;5230516702100756377;5;5;15;0;2023;5;12;3;3;0;2;0;0;1;0;0;0;1;0;411575,115199999883771;5761258,654200000688434;7,712075608000021;51,994940682000049;1
38597;5230516702100672392;5;5;15;0;2023;5;8;3;2;0;1;0;1;1;0;0;0;0;0;404189,202100000344217;5754206,789699999615550;7,606498818000034;51,930330861000073;1
38598;5230516702100588887;5;5;15;0;2023;5;7;3;3;3;6;0;0;1;0;0;0;0;0;405162,960599999874830;5757255,047199999913573;7,619816166000021;51,957896693000066;1
38599;5230516701910177488;5;5;62;8;2023;5;10;3;3;5;2;0;0;1;1;0;0;0;0;382578,840499999932945;5721017,050799999386072;7,303553676000035;51,627904653000030;1
38601;5230516700000095180;5;5;13;0;2023;5;17;3;3;0;7;0;0;1;0;0;0;0;0;367251,400700000114739;5709004,290100000798702;7,086774437000031;51,516543709000075;1
38611;5230516608200591026;5;3;34;2;2023;5;7;3;3;6;6;0;0;1;0;1;0;0;0;299222,055999999865890;5628802,848699999973178;6,152120557000046;50,776181335000047;1
38612;5230516608100033491;5;3;34;2;2023;5;7;3;3;5;3;0;0;1;1;0;0;0;0;295122,379900000058115;5626666,122700000181794;6,095238355000049;50,755557306000071;1
38613;5230526410110095827;5;7;70;24;2023;5;9;6;2;5;3;0;0;1;1;0;0;0;0;492078,866999999620020;5795801,558000000193715;8,883805783000071;52,312490320000052;1
38618;5230516606100599210;5;3;78;4;2023;5;14;3;3;5;3;0;0;1;1;0;0;0;0;372608,671000000089407;5647696,410000000149012;7,185755662000076;50,966769034000038;1
38619;5230516606100586582;5;3;78;4;2023;5;10;3;3;4;2;0;0;1;1;0;0;0;0;373318,096699999645352;5650030,963300000876188;7,195040031000076;50,987908616000027;1
38623;5230516602900174420;5;3;62;40;2023;5;14;3;3;5;3;0;0;1;1;0;0;0;0;356576,720499999821186;5633010,095000000670552;6,963350567000020;50,831015552000054;1
38625;5230516602700599678;5;3;62;28;2023;5;16;3;3;5;3;0;0;1;1;0;0;0;0;346711,395100000314415;5636907,890399999916553;6,821733544000040;50,863513764000061;1
38631;5230525508000589574;5;1;19;0;2023;5;0;5;3;0;1;2;0;1;0;0;0;0;0;353499,230700000189245;5707182,830700000748038;6,889467238000066;51,496778029000041;1
38638;5230516601400699115;5;3;15;0;2023;5;7;3;3;0;1;0;1;1;0;0;0;0;0;351857,287999999709427;5654577,551999999210238;6,887617472000045;51,023643406000076;1
38640;5230516601300899051;5;3;15;0;2023;5;6;3;3;0;1;0;0;1;0;0;0;0;0;353936,963499999605119;5646738,544199999421835;6,920402290000027;50,953729672000065;1
38641;5230516601200899868;5;3;15;0;2023;5;15;3;3;5;3;0;0;1;0;0;0;0;1;355827,643099999986589;5641175,283600000664592;6,949502786000039;50,904209608000031;1
38642;5230516601200693524;5;3;15;0;2023;5;12;3;3;3;2;0;0;1;0;0;1;0;0;354473,716699999757111;5642740,150399999693036;6,929635832000031;50,917933015000074;1
38643;5230516601200599120;5;3;15;0;2023;5;9;3;3;3;2;0;0;1;1;0;0;0;0;353131,117800000123680;5643698,947699999436736;6,910162422000042;50,926209237000080;1
38644;5230516601100399095;5;3;15;0;2023;5;9;3;3;0;2;0;0;1;1;0;0;0;0;364860,340200000442564;5645483,045700000599027;7,076294184000062;50,945110869000075;1
38647;5230516600130899966;5;3;82;8;2023;5;11;3;3;5;3;0;0;1;1;0;0;0;0;373934,353000000119209;5612919,743000000715256;7,216571648000070;50,654473968000048;1
38649;5230516600110199981;5;3;14;0;2023;5;17;3;3;5;3;0;0;1;1;0;0;0;0;365007,024500000290573;5623210,655300000682473;7,086589399000047;50,744967689000077;1
38651;5230516518301086000;5;1;70;4;2023;5;17;3;3;5;3;0;0;1;1;0;0;0;0;326858,203999999910593;5718177,768999999389052;6,500622268000029;51,588016627000059;1
38652;5230523514210987892;5;1;66;12;2023;5;16;3;3;5;3;0;0;1;1;0;0;0;0;320662,434799999929965;5693592,240100000053644;6,423759063000034;51,365236477000053;1
38654;5230516515212039132;5;1;54;64;2023;5;15;3;3;4;6;0;0;1;1;0;0;0;0;306732,583999999798834;5723158,624700000509620;6,207706917000053;51,626207270000066;1
38655;5230520301203553562;5;9;13;0;2023;5;17;7;3;5;3;0;0;1;1;0;0;0;0;393621,676500000059605;5714258,196900000795722;7,465080286000045;51,569350047000057;1
38658;5230516514119694805;5;1;66;16;2023;5;8;3;3;0;3;0;0;1;1;0;0;0;0;309087,875500000081956;5686970,751800000667572;6,261233307000055;51,301992386000052;1
38661;5230516508000287217;5;1;19;0;2023;5;18;3;3;0;1;0;0;1;0;0;0;0;0;351651,353400000371039;5704334,459799999371171;6,864062527000044;51,470702124000070;1
38664;5230519300100590140;5;9;11;0;2023;5;11;6;2;5;2;0;0;1;1;0;0;0;0;375988,283200000412762;5705751,152100000530481;7,213769431000060;51,489292240000054;1
38667;5230516503400990347;5;1;22;0;2023;5;11;3;3;0;7;0;0;1;0;0;0;0;0;363029,125000000000000;5672154,755000000819564;7,040143438000030;51,184381669000061;1
38670;5230516503200878740;5;1;24;0;2023;5;12;3;3;0;6;0;0;1;0;0;0;0;0;376510,921500000171363;5683316,412299999967217;7,229096352000056;51,287772564000079;1
38673;5230516503100990342;5;1;24;0;2023;5;13;3;2;0;7;0;0;1;1;0;0;0;0;363900,515100000426173;5675012,473500000312924;7,051520608000033;51,210272101000044;1
38678;5230516502111685392;5;1;13;0;2023;5;16;3;2;5;3;0;0;1;1;0;0;0;0;368584,394000000320375;5700760,644999999552965;7,109041927000021;51,442770981000081;1
38680;5230516502000391787;5;1;13;0;2023;5;7;3;3;0;7;0;0;1;1;0;0;0;0;361308,946800000034273;5701508,329700000584126;7,004127947000029;51,447755225000037;1
38681;5230523702100279230;5;5;15;0;2023;5;12;3;3;5;2;0;0;1;0;0;0;0;0;404745,683299999684095;5758436,579099999740720;7,613417648000052;51,968445426000073;1
38682;5230516501328273964;5;1;12;0;2023;5;12;3;3;5;2;0;0;1;1;0;0;0;0;342156,151100000366569;5693302,006200000643730;6,732374561000029;51,369009000000062;1
38683;5230516501322827744;5;1;12;0;2023;5;17;3;3;4;6;0;0;1;0;0;0;0;0;346765,396999999880791;5696464,997999999672174;6,797174222000024;51,398691695000082;1
38688;5230528600110295527;5;3;14;0;2023;5;14;1;3;3;6;0;0;1;0;0;1;0;0;366430,171299999579787;5621707,533999999985099;7,107294297000067;50,731786795000062;1
38694;5230516410130339373;5;7;70;28;2023;5;14;3;3;8;1;0;0;1;0;0;0;0;0;504161,597000000067055;5816256,809000000357628;9,061300414000073;52,496431220000034;1
38695;5230516410120990360;5;7;70;32;2023;5;10;3;3;5;2;0;0;1;1;0;0;0;0;494714,813000000081956;5787686,463999999687076;8,922599329000036;52,239563052000051;1
38697;5230516405228988016;5;7;54;28;2023;5;17;3;3;4;2;0;0;1;1;0;0;0;0;451609,949000000022352;5743785,687000000849366;8,297578864000059;51,842784066000036;1
38698;5230516405108990335;5;7;54;8;2023;5;15;3;2;5;3;0;0;1;1;0;0;0;0;456813,648199999704957;5752010,648299999535084;8,372080267000058;51,917158198000038;1
38703;5230516315260985250;5;9;70;32;2023;5;15;3;3;4;1;0;0;1;0;0;0;0;0;436539,945399999618530;5640510,654100000858307;8,097303244000045;50,912751677000074;1
38708;5230516310230089200;5;9;54;12;2023;5;12;3;3;5;3;0;0;1;1;0;0;0;0;384342,590499999932945;5685782,035099999979138;7,340555610000024;51,311578593000036;1
38711;5230516310120799366;5;9;54;32;2023;5;17;3;3;5;3;0;0;1;1;0;0;0;0;387332,672899999655783;5693269,084499999880791;7,381068504000041;51,379474924000078;1
38714;5230516307000781097;5;9;62;24;2023;5;18;3;3;0;1;1;0;1;0;0;0;0;0;410659,377100000157952;5692949,482000000774860;7,716231155000060;51,380752790000031;1
38731;5230515711200087304;5;5;70;16;2023;5;14;2;3;5;3;0;0;1;1;0;0;0;0;418264,213100000284612;5734028,070699999108911;7,815927190000025;51,751183839000078;1
38734;5230515709110096566;5;5;66;8;2023;5;9;2;3;0;7;0;0;1;0;1;0;0;0;399918,308899999596179;5777851,626800000667572;7,537483159000033;52,142098770000075;1
38735;5230515706300096611;5;5;58;4;2023;5;16;2;3;0;3;0;0;1;1;0;0;0;0;407714,715099999681115;5733609,788399999961257;7,663254243000040;51,745785328000068;1
38740;5230528406220182025;5;7;58;24;2023;5;19;1;3;5;2;0;0;1;1;0;0;0;0;480449,110799999907613;5782360,555700000375509;8,713990029000058;52,191358550000075;1
38742;5230515702100250182;5;5;15;0;2023;5;17;2;3;5;2;0;0;1;1;0;0;0;0;405373,525999999605119;5761218,922000000253320;7,621786638000060;51,993561436000050;1
38743;5230515701920077767;5;5;62;28;2023;5;16;2;3;5;2;0;0;1;1;0;0;0;0;379180,192999999970198;5723445,770999999716878;7,253637358000049;51,649012862000063;1
38747;5230519602700969702;5;3;62;28;2023;5;19;6;3;5;3;0;0;1;1;0;0;0;0;348533,771999999880791;5639455,603000000119209;6,846554990000072;50,886888648000081;1
38751;5230515701110398950;5;5;62;32;2023;5;10;2;3;5;3;0;0;1;0;0;0;0;1;376176,263500000350177;5718883,872600000351667;7,211853316000031;51,607360893000077;1
38757;5230518518310995910;5;1;70;32;2023;5;18;5;3;6;6;0;0;1;0;1;0;0;0;339041,849799999967217;5710567,930999999865890;6,679820150000069;51,523259877000044;1
38758;5230515609108265738;5;3;58;8;2023;5;20;2;3;4;6;2;1;1;0;0;0;0;0;321604,039099999703467;5630431,685699999332428;6,468449588000055;50,798131375000025;1
38763;5230515608200080726;5;3;34;2;2023;5;15;2;3;2;7;0;0;1;1;0;0;0;0;295456,446800000034273;5629269,601199999451637;6,098521134000066;50,779057802000068;1
38768;5230515606100099184;5;3;78;4;2023;5;12;2;3;4;3;0;0;1;1;0;0;0;0;367122,052199999801815;5649763,453199999406934;7,106907154000055;50,984107402000063;1
38773;5230615506100377595;5;1;16;0;2023;6;6;5;2;1;5;0;0;1;1;0;0;0;0;321569,271900000050664;5667734,006599999964237;6,449661735000063;51,133233571000062;1
38775;5230615503400995628;5;1;22;0;2023;6;15;5;3;8;1;0;0;1;1;0;0;0;0;366381,167999999597669;5667908,427999999374151;7,089655083000025;51,147012312000072;1
38777;5230615503200977581;5;1;24;0;2023;6;9;5;3;5;2;0;0;1;1;0;0;0;0;374341,077999999746680;5676418,219000000506639;7,200418796000065;51,225299340000049;1
38779;5230615502405078732;5;1;17;0;2023;6;13;5;3;4;2;0;0;1;1;0;0;0;0;355930,321000000461936;5699799,074999999254942;6,927474328000073;51,431053221000070;1
38780;5230615502135191451;5;1;13;0;2023;6;0;5;3;0;1;2;0;1;0;0;0;0;0;364868,032999999821186;5702620,917999999597669;7,054888812000058;51,458614099000044;1
38790;5230615500300501866;5;1;11;0;2023;6;14;5;3;6;4;0;0;1;0;1;0;0;0;350884,980000000447035;5675830,704500000923872;6,864975140000070;51,214374851000059;1
38796;5230615411232086905;5;7;74;32;2023;6;16;5;3;5;3;0;0;1;1;0;0;0;0;480600,064000000245869;5734734,747999999672174;8,718891089000067;51,763165760000049;1
38803;5230615407101977561;5;7;62;20;2023;6;15;5;3;9;1;0;0;1;0;0;0;0;0;526129,251799999736249;5734818,893300000578165;9,378622357000040;51,763648715000045;1
38805;5230615405220282008;5;7;54;20;2023;6;6;5;3;5;3;0;0;1;1;0;0;0;0;448301,325799999758601;5748750,380000000819564;8,248812658000077;51,887122042000044;1
38808;5230615405108986594;5;7;54;8;2023;6;17;5;3;5;3;0;0;1;1;0;0;0;0;458513,315499999560416;5750626,775399999693036;8,396958210000037;51,904845584000043;1
38809;5230615404301487381;5;7;66;44;2023;6;15;5;3;4;1;0;0;1;0;0;0;0;0;497072,443900000303984;5763009,075799999758601;8,957338836000076;52,017712199000073;1
38811;5230615400200986584;5;7;11;0;2023;6;13;5;3;3;2;0;0;1;1;0;0;0;0;470175,157499999739230;5763817,019300000742078;8,565320365000048;52,024182261000078;1
38831;5230615300500867613;5;9;11;0;2023;6;16;5;3;3;6;0;0;1;0;0;1;0;0;376455,227400000207126;5702578,487999999895692;7,221601141000065;51,460880365000037;1
38837;5230614709110887268;5;5;66;8;2023;6;13;4;3;5;3;0;0;1;0;0;0;0;1;399319,136300000362098;5779256,986600000411272;7,528313967000031;52,154620932000057;1
38839;5230614705000977594;5;5;54;8;2023;6;17;4;3;2;6;0;0;1;1;0;1;0;0;331807,325699999928474;5745358,497300000861287;6,558878228000026;51,833687574000066;1
38842;5230614705000580994;5;5;54;8;2023;6;17;4;3;3;6;0;0;1;1;0;0;0;0;334768,578399999998510;5745797,277599999681115;6,601606855000057;51,838513057000057;1
38843;5230614705000355358;5;5;54;4;2023;6;19;4;3;0;1;0;0;1;0;0;0;0;0;361780,601800000295043;5771473,007899999618530;6,983079488000044;52,076560922000056;1
38848;5230614702100672447;5;5;15;0;2023;6;22;4;3;5;3;1;0;1;1;0;0;0;0;407023,448099999688566;5757971,167400000616908;7,646690144000047;51,964647750000040;1
38849;5230614702100091750;5;5;15;0;2023;6;14;4;3;5;3;0;0;1;1;0;0;0;0;403919,282100000418723;5754786,712899999693036;7,602412323000067;51,935496906000026;1
38850;5230614702100076684;5;5;15;0;2023;6;7;4;3;3;6;0;0;1;0;0;0;0;0;405945,050699999555945;5756806,599400000646710;7,631317331000048;51,953998678000062;1
38851;5230614701300598943;5;5;62;14;2023;6;18;4;3;5;2;0;0;1;1;0;0;0;0;362900,039300000295043;5712098,532299999147654;7,022895873000039;51,543310323000071;1
38852;5230614701300194940;5;5;62;14;2023;6;18;4;3;5;2;0;0;1;1;0;0;0;0;360643,416600000113249;5716437,807299999520183;6,988654519000022;51,581750757000066;1
38853;5230614700000080913;5;5;13;0;2023;6;15;4;3;3;2;0;0;1;1;0;0;0;0;366921,859000000171363;5706381,778699999675155;7,083017325000071;51,492898502000060;1