OID_;UIDENTSTLAE;ULAND;UREGBEZ;UKREIS;UGEMEINDE;UJAHR;UMONAT;USTUNDE;UWOCHENTAG;UKATEGORIE;UART;UTYP1;ULICHTVERH;IstStrassenzustand;IstRad;IstPKW;IstFuss;IstKrad;IstGkfz;IstSonstige;LINREFX;LINREFY;XGCSWGS84;YGCSWGS84;PLST
38857;5230614609132289775;5;3;58;20;2023;6;17;4;3;5;3;0;0;1;0;0;0;0;0;313672,161999999545515;5636393,783099999651313;6,352987938000069;50,849194354000076;1
38859;5230614608320077556;5;3;34;20;2023;6;8;4;3;5;2;0;0;1;1;0;0;0;0;304580,996799999848008;5605163,609099999070168;6,240523019000022;50,565671557000030;1
38861;5230614608312073682;5;3;34;12;2023;6;8;4;3;0;2;0;0;1;1;0;0;0;0;307852,497700000181794;5633054,079500000923872;6,272161683000036;50,817291783000030;1
38866;5230614607400571633;5;3;82;68;2023;6;21;4;3;4;2;0;0;1;1;0;0;0;0;371585,440000000409782;5630735,791999999433756;7,177152823000029;50,814098116000082;1
38868;5230614606100786400;5;3;78;4;2023;6;11;4;3;0;1;0;0;1;0;0;0;0;0;366511,725100000388920;5650453,071499999612570;7,097963658000026;50,990164195000034;1
38872;5230614602800085762;5;3;62;12;2023;6;13;4;2;5;3;0;0;1;1;0;0;0;0;351640,066999999806285;5632243,242000000551343;6,893608782000058;50,822879889000035;1
38876;5230614601700899203;5;3;16;0;2023;6;8;4;3;5;2;0;0;1;1;0;0;0;0;360739,748599999584258;5659670,676200000569224;7,012230403000046;51,071635694000065;1
38877;5230614601700586610;5;3;16;0;2023;6;10;4;3;5;2;0;0;1;1;0;0;0;0;359896,144000000320375;5659551,026000000536442;7,000243169000044;51,070355092000057;1
38878;5230614601600376446;5;3;15;0;2023;6;18;4;3;0;3;0;0;1;1;0;0;0;0;364989,194500000216067;5643058,584100000560284;7,079025510000065;50,923351113000081;1
38880;5230614601500977597;5;3;15;0;2023;6;15;4;3;0;1;0;0;1;0;0;0;0;0;358309,630199999548495;5644791,308199999853969;6,983374569000034;50,937321469000040;1
38881;5230614601100087295;5;3;15;0;2023;6;22;4;3;3;7;2;0;1;1;0;0;0;0;355279,601700000464916;5644282,287699999287724;6,940480938000064;50,931994567000061;1
38885;5230614518210986567;5;1;70;28;2023;6;15;4;3;0;2;0;0;1;1;0;0;0;0;328706,609000000171363;5701439,078999999910593;6,535410688000070;51,438211937000062;1
38887;5230614516300977596;5;1;58;28;2023;6;16;4;3;5;3;0;0;1;1;0;0;0;0;350692,030100000090897;5685259,700300000607967;6,858279636000020;51,299051758000076;1
38890;5230614515111977605;5;1;54;8;2023;6;14;4;3;0;6;0;0;1;0;0;0;0;0;305806,236299999989569;5751896,302200000733137;6,178289509000024;51,883966683000040;1
38891;5230614513210986558;5;1;62;24;2023;6;15;4;3;4;2;0;0;1;1;0;0;0;0;338609,249699999578297;5673377,952700000256300;6,690461795000033;51,188999913000032;1
38895;5230614508000885955;5;1;19;0;2023;6;6;4;3;5;2;0;0;1;1;0;0;0;0;349572,264999999664724;5706962,918999999761581;6,833030915000052;51,493770795000046;1
38897;5230614506100977623;5;1;16;0;2023;6;7;4;3;5;2;0;0;1;1;0;0;0;0;317889,618700000457466;5672300,635900000110269;6,394815041000072;51,173097291000033;1
38898;5230614506100395891;5;1;16;0;2023;6;18;4;3;5;3;0;0;1;1;0;0;0;0;324100,709300000220537;5670874,774599999189377;6,484271926000076;51,162232053000082;1
38899;5230614503200378630;5;1;24;0;2023;6;11;4;3;0;1;0;0;1;0;0;0;0;0;373118,416600000113249;5681057,525399999693036;7,181273932000067;51,266725044000054;1
38902;5230614502324373540;5;1;13;0;2023;6;11;4;3;1;5;0;0;1;1;0;0;0;0;361122,684999999590218;5706562,372999999672174;6,999463129000048;51,493126691000043;1
38905;5230614501314527744;5;1;12;0;2023;6;7;4;3;0;1;0;0;1;0;0;0;0;0;346361,835400000214577;5700300,295299999415874;6,789715363000028;51,433043331000079;1
38906;5230614501313491365;5;1;12;0;2023;6;10;4;3;5;3;0;0;1;1;0;0;0;0;344003,024000000208616;5700939,684000000357628;6,755526906000057;51,438143701000058;1
38908;5230614501131977616;5;1;12;0;2023;6;10;4;3;5;3;0;0;1;1;0;0;0;0;342739,590599999763072;5712834,180700000375509;6,732064786000024;51,544662970000047;1
38910;5230614501114986565;5;1;12;0;2023;6;18;4;3;0;5;0;0;1;0;0;0;0;1;347181,253899999894202;5707188,348999999463558;6,798517002000040;51,495155109000052;1
38915;5230614500200487376;5;1;11;0;2023;6;13;4;3;0;1;0;0;1;0;0;0;0;0;345499,497999999672174;5677821,019999999552965;6,787068746000045;51,230827060000081;1
38917;5230614500100546608;5;1;11;0;2023;6;11;4;3;6;6;0;0;1;0;1;0;0;0;344097,377399999648333;5677960,346699999645352;6,766941649000046;51,231697657000041;1
38920;5230614411216996927;5;7;74;16;2023;6;21;4;2;0;7;1;0;1;0;0;0;0;0;469697,473899999633431;5708793,135900000110269;8,563161914000034;51,529434587000026;1
38921;5230614411216570301;5;7;74;16;2023;6;6;4;3;0;3;0;0;1;1;0;0;0;0;469728,029600000008941;5710970,358999999240041;8,563415119000069;51,549012524000034;1
38923;5230614410210977617;5;7;70;20;2023;6;8;4;3;4;2;0;0;1;1;0;0;0;0;474322,190999999642372;5797341,753000000491738;8,623221496000042;52,325793744000066;1
38925;5230614410110296948;5;7;70;24;2023;6;11;4;3;4;6;0;0;1;0;0;0;0;0;496489,719899999909103;5792743,273700000718236;8,948539926000024;52,285040747000039;1
38926;5230614406220896956;5;7;58;24;2023;6;13;4;3;0;1;0;0;1;0;0;0;0;0;483554,708499999716878;5783683,324500000104308;8,759357128000033;52,203352375000065;1
38928;5230614405236591752;5;7;54;36;2023;6;13;4;3;2;6;0;0;1;0;0;0;0;0;474548,644100000150502;5748699,669600000604987;8,630179777000023;51,888482540000041;1
38931;5230614404102977602;5;7;66;40;2023;6;14;4;3;2;6;0;0;1;1;0;0;0;0;485167,969600000418723;5760882,552500000223517;8,783956400000022;51,998402351000038;1
38933;5230614400300986548;5;7;11;0;2023;6;7;4;3;5;3;0;0;1;1;0;0;0;0;465168,167000000365078;5755201,460999999195337;8,493224272000020;51,946431165000035;1
38936;5230614400100977600;5;7;11;0;2023;6;17;4;2;0;1;0;0;1;0;0;0;0;0;464919,398900000378489;5763688,286499999463558;8,488737006000065;52,022717393000050;1
38937;5230614317140353650;5;9;78;28;2023;6;17;4;3;7;5;0;0;1;1;0;0;0;0;401177,221900000236928;5697803,371200000867248;7,578669306000052;51,422813317000077;1
38938;5230614317110977595;5;9;78;36;2023;6;17;4;2;5;3;0;0;1;1;0;0;0;0;412356,830799999646842;5710456,022399999201298;7,736276728000064;51,538394372000027;1
38939;5230614316200071387;5;9;74;48;2023;6;6;4;2;5;2;0;0;1;0;0;0;1;0;426556,325000000186265;5716970,143999999389052;7,939615683000056;51,598983205000081;1
38948;5230614303200796550;5;9;15;0;2023;6;14;4;2;3;2;0;0;1;1;0;0;0;0;415471,555800000205636;5727536,959400000050664;7,777056343000027;51,692418624000027;1
38956;5230614301101977607;5;9;13;0;2023;6;13;4;3;3;2;0;0;1;1;0;0;0;0;393063,951500000432134;5706528,703600000590086;7,459383774000059;51,499768642000049;1
38957;5230614300600099363;5;9;16;0;2023;6;9;4;3;5;2;0;0;1;1;0;0;0;0;372594,238800000399351;5709689,829900000244379;7,163486235000050;51,523934986000029;1
38958;5230614300200439196;5;9;11;0;2023;6;8;4;2;2;6;0;0;1;1;0;0;0;0;372078,903400000184774;5703392,838300000876188;7,158344669000030;51,467226930000038;1
38959;5230613711400977647;5;5;70;28;2023;6;11;3;3;5;3;0;0;1;1;0;0;0;0;441592,725999999791384;5742567,194800000637770;8,152392113000076;51,830871488000071;1
38960;5230613711300185568;5;5;70;8;2023;6;8;3;3;5;3;0;0;1;1;0;0;0;0;434240,346499999985099;5739810,444499999284744;8,046232705000023;51,805271121000033;1
38963;5230613711100374650;5;5;70;52;2023;6;12;3;3;5;3;0;0;1;1;0;0;0;0;430857,272199999541044;5757512,226199999451637;7,993625315000031;51,963997599000038;1
38965;5230613709700986527;5;5;66;56;2023;6;12;3;3;0;3;0;0;1;1;0;0;0;0;417814,046000000089407;5796409,595000000670552;7,794418300000075;52,311861939000039;1
38966;5230613709700977662;5;5;66;48;2023;6;1;3;3;0;1;2;0;1;0;0;0;0;0;427717,979500000365078;5796393,149399999529123;7,939673309000057;52,313107350000053;1
38967;5230613709700072367;5;5;66;92;2023;6;10;3;3;5;3;0;0;1;1;0;0;0;0;423174,125000000000000;5796631,085999999195337;7,872977387000049;52,314629064000030;1
38969;5230613705000920730;5;5;54;20;2023;6;17;3;3;4;2;0;0;1;1;0;0;0;0;364567,733799999579787;5786238,672299999743700;7,017839404000028;52,209924564000062;1
38971;5230613702100670611;5;5;15;0;2023;6;8;3;2;6;4;0;0;1;0;1;0;0;0;406537,131599999964237;5756697,252199999988079;7,639960371000029;51,953115632000049;1
38979;5230613608100080802;5;3;34;2;2023;6;16;3;3;6;4;0;0;1;0;1;0;0;0;294975,404900000430644;5629380,846599999815226;6,091644835000068;50,779887084000052;1
38982;5230613606400668006;5;3;78;28;2023;6;19;3;2;5;3;0;0;1;1;0;0;0;0;373314,396999999880791;5643274,290999999269843;7,197339321000072;50,927178121000054;1
38983;5230613606100793545;5;3;78;20;2023;6;13;3;3;5;3;0;0;1;1;0;0;0;0;367095,509200000204146;5654854,021900000050664;7,104664994000075;51,029853115000037;1
38984;5230613606100481287;5;3;78;4;2023;6;11;3;3;5;3;0;0;1;1;0;0;0;0;368863,065999999642372;5650386,979000000283122;7,131471871000031;50,990110703000028;1
38985;5230613606100281683;5;3;78;4;2023;6;13;3;3;5;3;0;0;1;1;0;0;0;0;367016,890999999828637;5649769,718000000342727;7,105407521000075;50,984139426000070;1
38989;5230613605112090395;5;3;74;24;2023;6;9;3;3;0;1;0;0;1;0;1;0;0;0;397628,049999999813735;5659777,601800000295043;7,538519013000041;51,080363574000046;1
38992;5230613602500199721;5;3;62;24;2023;6;7;3;3;5;2;0;0;1;1;0;0;0;0;347315,425599999725819;5642412,979900000616908;6,828010020000022;50,913143491000028;1
39004;5230613601300977642;5;3;15;0;2023;6;8;3;3;6;3;0;0;1;0;1;0;0;0;352477,497000000439584;5644949,119999999180436;6,900362545000064;50,937277220000055;1
39010;5230613518200977658;5;1;70;24;2023;6;7;3;3;6;7;0;0;1;0;1;0;0;0;335465,436499999836087;5704450,880599999800324;6,631165637000038;51,467273594000062;1
39013;5230613516800986543;5;1;58;20;2023;6;20;3;3;6;6;0;0;1;0;1;0;0;0;357955,014899999834597;5665052,432000000029802;6,970391114000051;51,119317531000036;1
39016;5230613515212095515;5;1;54;32;2023;6;17;3;2;5;3;0;0;1;1;0;0;0;0;310068,266300000250340;5725557,812999999150634;6,254538421000063;51,648890461000065;1
39018;5230613514113977637;5;1;66;32;2023;6;17;3;3;0;3;0;0;1;1;0;0;0;0;317331,831899999640882;5684953,266400000080466;6,380395072000056;51,286574973000029;1
39021;5230613513130969333;5;1;62;22;2023;6;18;3;3;0;1;0;0;1;0;0;0;0;0;337033,036700000055134;5682819,563200000673532;6,663631621000036;51,273382471000048;1
39022;5230613508000576887;5;1;19;0;2023;6;16;3;3;5;2;0;0;1;1;0;0;0;0;349799,682000000029802;5704092,040999999269843;6,837525307000021;51,468035430000043;1
39023;5230613508000575486;5;1;19;0;2023;6;20;3;3;3;2;1;0;1;1;0;0;0;0;349929,280399999581277;5706902,907800000160933;6,838195434000056;51,493326449000051;1
39024;5230613508000471487;5;1;19;0;2023;6;17;3;3;5;2;0;0;1;1;0;0;0;0;352802,659699999727309;5703512,428700000047684;6,880969223000022;51,463616329000047;1
39027;5230613505100076286;5;1;14;0;2023;6;7;3;2;5;2;0;0;1;0;0;0;1;0;334830,054600000381470;5690886,561699999496341;6,628342197000052;51,345224751000046;1
39030;5230613502226695140;5;1;13;0;2023;6;15;3;3;5;3;0;0;1;1;0;0;0;0;358257,078999999910593;5696720,529999999329448;6,962154132000023;51,403975734000028;1
39031;5230613502215496545;5;1;13;0;2023;6;7;3;2;5;2;0;0;1;1;0;0;0;0;364095,503999999724329;5700208,357000000774860;7,044702424000036;51,436748522000073;1
39035;5230613501328696203;5;1;12;0;2023;6;10;3;3;4;2;0;0;1;1;0;0;0;0;342721,638000000268221;5693376,645999999716878;6,740458670000066;51,369836520000035;1
39036;5230613501323091432;5;1;12;0;2023;6;8;3;3;5;2;0;0;1;1;0;0;0;0;344081,061999999918044;5695428,228499999269843;6,759072360000062;51,388644920000047;1
39040;5230613500300500910;5;1;11;0;2023;6;10;3;3;5;2;0;0;1;1;0;0;0;0;345342,238099999725819;5674900,961799999698997;6,786077519000060;51,204546456000060;1
39042;5230613500200578700;5;1;11;0;2023;6;11;3;3;5;2;0;0;1;1;0;0;0;0;345182,053999999538064;5680122,189999999478459;6,781530744000065;51,251417931000049;1
39043;5230613500200056863;5;1;11;0;2023;6;9;3;3;0;1;0;0;1;0;0;0;0;0;348827,773099999874830;5678754,655200000852346;6,834309143000041;51,240107764000072;1
39046;5230615502409591243;5;1;17;0;2023;6;20;5;3;0;7;0;0;1;0;0;0;0;0;348911,114799999631941;5699888,031099999323487;6,826537314000063;51,430024497000034;1
39052;5230613407140590678;5;7;62;16;2023;6;15;3;3;4;7;0;0;1;1;0;0;0;0;513170,078999999910593;5729412,283999999985099;9,190636229000063;51,715491043000043;1
39054;5230613406110531831;5;7;58;12;2023;6;16;3;3;5;3;0;0;1;1;0;0;0;0;477155,477699999697506;5775681,876299999654293;8,666257734000055;52,131186872000058;1
39055;5230613405232738697;5;7;54;32;2023;6;17;3;3;0;3;0;0;1;1;0;0;0;0;461283,610000000335276;5742220,351999999955297;8,438166939000041;51,829465133000042;1
39057;5230613405108986520;5;7;54;8;2023;6;8;3;3;0;1;0;1;1;0;0;0;0;1;457167,163999999873340;5750134,528000000864267;8,377453241000069;51,900318118000030;1
39066;5230613316300063780;5;9;74;28;2023;6;6;3;3;5;2;0;0;1;1;0;0;0;0;454292,204199999570847;5728433,941400000825524;8,338532077000025;51,704987097000071;1
39068;5230613315210393930;5;9;70;24;2023;6;17;3;3;3;1;0;0;1;0;0;0;0;0;429195,347900000400841;5645688,261800000444055;7,991839195000068;50,958450258000028;1
39071;5230613314110740043;5;9;66;24;2023;6;18;3;3;3;1;0;0;1;0;0;0;0;1;416918,648000000044703;5653415,478000000119209;7,815305222000063;51,026283091000039;1
39075;5230613303100977662;5;9;15;0;2023;6;7;3;3;4;2;0;0;1;1;0;0;0;0;419227,837000000290573;5724517,309000000357628;7,832087752000064;51,665826310000057;1
39076;5230613303100977641;5;9;15;0;2023;6;15;3;2;4;6;0;0;1;0;0;0;0;0;419221,006000000052154;5729069,705000000074506;7,830935267000029;51,706749406000029;1
39077;5230613303100094462;5;9;15;0;2023;6;13;3;2;0;1;0;0;1;0;0;0;0;0;420666,913099999539554;5726041,458000000566244;7,852545100000043;51,679732923000074;1
39078;5230613302100193940;5;9;14;0;2023;6;22;3;3;0;7;2;0;1;0;0;0;0;0;395846,963000000454485;5694930,706700000911951;7,502877336000040;51,396037082000078;1
39081;5230613301306594380;5;9;13;0;2023;6;18;3;3;2;2;0;0;1;1;0;0;0;0;398606,357800000347197;5712878,746899999678135;7,537375729000075;51,557869053000047;1
39085;5230613300100999781;5;9;11;0;2023;6;15;3;3;5;2;0;0;1;1;0;0;0;0;374987,163599999621511;5706002,422700000926852;7,199268218000043;51,491330038000058;1
39086;5230612709800986493;5;5;66;44;2023;6;6;2;3;4;6;0;0;1;0;0;0;0;0;430645,983400000259280;5777874,029999999329448;7,986416248000069;52,147013123000079;1
39087;5230612709700977665;5;5;66;92;2023;6;22;2;3;5;3;2;0;1;1;0;0;0;0;421319,805900000035763;5793084,844000000506639;7,846609267000076;52,282490414000051;1
39088;5230612709300040736;5;5;66;68;2023;6;10;2;2;5;2;0;0;1;1;0;0;0;0;378530,232200000435114;5784909,247800000011921;7,222556037000061;52,201232570000059;1
39090;5230612706000274647;5;5;58;16;2023;6;8;2;3;3;2;0;0;1;1;0;0;0;0;381632,790000000037253;5743952,282999999821186;7,282093407000048;51,833833283000047;1
39093;5230612705000108065;5;5;54;12;2023;6;14;2;3;0;7;0;0;1;1;0;0;0;0;352220,198699999600649;5746438,104199999943376;6,854446539000037;51,849161645000038;1
39100;5230612700000075311;5;5;13;0;2023;6;13;2;2;5;3;0;0;1;0;0;0;0;1;365866,719100000336766;5715541,989900000393391;7,064337809000051;51,574967852000043;1
39101;5230612610114889914;5;3;70;32;2023;6;14;2;3;5;3;0;0;1;1;0;0;0;0;292319,964499999769032;5659723,443099999800324;6,036759644000028;51,051439038000069;1
39102;5230612609128505746;5;3;58;28;2023;6;7;2;3;5;2;0;0;1;0;0;0;0;1;323255,370000000111759;5624398,718000000342727;6,494757555000035;50,744435690000046;1
39104;5230612608200673695;5;3;34;2;2023;6;8;2;3;5;3;0;0;1;1;0;0;0;0;300101,689199999906123;5629110,274399999529123;6,164414024000052;50,779246382000053;1
39111;5230612606100981471;5;3;78;20;2023;6;12;2;3;0;1;0;0;1;0;0;0;0;0;372411,805999999865890;5653238,268999999389052;7,181006887000024;51,016535593000071;1
39114;5230612602900190296;5;3;62;40;2023;6;15;2;3;5;3;0;0;1;1;0;0;0;0;355153,757399999536574;5633209,976600000634789;6,943078963000062;50,832457559000034;1
39118;5230612602400089870;5;3;62;32;2023;6;16;2;2;0;1;0;0;1;0;0;0;0;0;341462,879999999888241;5637132,058000000193715;6,747114386000021;50,864112832000046;1
39119;5230612602300094855;5;3;62;36;2023;6;15;2;3;3;6;0;0;1;1;0;0;0;0;345618,490000000223517;5651706,436000000685453;6,799948070000028;50,996202603000029;1
39121;5230612602100986815;5;3;62;8;2023;6;7;2;3;5;3;0;0;1;1;0;0;0;0;337310,354000000283122;5649966,115000000223517;6,682431139000073;50,978276911000080;1
39122;5230613601400986541;5;3;15;0;2023;6;19;3;3;5;2;0;0;1;1;0;0;0;0;356126,687699999660254;5648922,028899999335408;6,950693924000063;50,973903011000061;1
39126;5230612601600019582;5;3;15;0;2023;6;19;2;2;6;6;0;0;1;0;1;0;0;0;359353,332200000062585;5644779,228199999779463;6,998224118000053;50,937468406000050;1
39131;5230612601400081882;5;3;15;0;2023;6;17;2;3;5;3;0;0;1;1;0;0;0;0;353495,006500000134110;5657390,963099999353290;6,909815533000028;51,049345681000034;1
39132;5230612601100986497;5;3;15;0;2023;6;10;2;3;5;2;0;0;1;1;0;0;0;0;356105,888899999670684;5643381,312200000509620;6,952587414000050;50,924104357000033;1
39133;5230612601100586575;5;3;15;0;2023;6;11;2;3;5;2;0;0;1;0;0;0;0;0;356378,695500000379980;5643161,487199999392033;6,956553006000036;50,922196789000054;1
39142;5230612515210095941;5;1;54;12;2023;6;12;2;3;5;3;0;0;1;0;0;0;0;0;313247,023900000378489;5711187,986999999731779;6,308075229000053;51,520890592000057;1
39143;5230612515110096030;5;1;54;36;2023;6;8;2;3;4;2;0;0;1;0;0;0;0;0;302202,735700000077486;5741914,801899999380112;6,131705429000021;51,793067235000080;1
39145;5230612514110089857;5;1;66;32;2023;6;17;2;3;6;7;0;0;1;1;1;0;0;0;317172,276200000196695;5679838,956399999558926;6,380723738000029;51,240583578000042;1
39147;5230612513310281545;5;1;62;8;2023;6;10;2;3;5;2;0;0;1;1;0;0;0;0;329929,680999999865890;5659806,047000000253320;6,572775015000047;51,064550517000043;1
39151;5230612508000476267;5;1;19;0;2023;6;9;2;3;0;1;0;0;1;0;0;0;0;0;350721,255300000309944;5713394,307099999859929;6,846845123000037;51,551863573000048;1
39152;5230612508000475486;5;1;19;0;2023;6;18;2;3;6;7;0;0;1;0;1;0;0;0;350610,464700000360608;5710092,009800000116229;6,846649615000047;51,522162083000069;1
39154;5230612506100977672;5;1;16;0;2023;6;16;2;3;0;1;0;0;1;0;0;0;0;0;321958,356399999931455;5672890,579900000244379;6,452665916000058;51,179678073000048;1
39156;5230612506100236757;5;1;16;0;2023;6;16;2;3;5;3;0;0;1;1;0;0;0;0;323225,155799999833107;5673043,671700000762939;6,470696367000073;51,181446421000032;1
39157;5230612505200082203;5;1;14;0;2023;6;17;2;3;6;4;0;0;1;0;1;0;0;0;332487,968299999833107;5694676,980000000447035;6,592958706000047;51,378592506000075;1
39158;5230612503300695682;5;1;20;0;2023;6;19;2;3;3;2;0;0;1;1;0;0;0;0;376774,163800000213087;5676324,551400000229478;7,235277704000055;51,224987934000069;1
39161;5230612502401077763;5;1;17;0;2023;6;9;2;3;5;7;0;0;1;1;0;0;0;0;352618,480999999679625;5698962,234999999403954;6,880214362000061;51,422681950000026;1
39162;5230612502340681143;5;1;13;0;2023;6;21;2;3;0;1;1;0;1;0;0;0;0;0;361711,279299999587238;5709133,733699999749660;7,006928146000064;51,516377924000039;1
39163;5230612502319099277;5;1;13;0;2023;6;6;2;3;5;2;0;0;1;1;0;0;0;0;356662,821899999864399;5707066,935499999672174;6,935057745000051;51,496547594000049;1
39164;5230612502227599281;5;1;13;0;2023;6;6;2;3;0;7;0;0;1;1;0;0;0;0;357702,793999999761581;5696258,024000000208616;6,954376087000071;51,399680801000045;1
39168;5230612501316065544;5;1;12;0;2023;6;16;2;3;1;3;0;0;1;1;0;0;0;0;345732,310899999924004;5698705,451700000092387;6,781360496000048;51,418542469000045;1
39169;5230612501313291404;5;1;12;0;2023;6;11;2;3;5;3;0;0;1;1;0;0;0;0;344102,224000000394881;5700801,223999999463558;6,757013975000064;51,436926955000047;1
39170;5230612501311977685;5;1;12;0;2023;6;12;2;3;5;3;0;0;1;1;0;0;0;0;345166,923000000417233;5700856,061000000685453;6,772295911000072;51,437711644000046;1
39179;5230612410110977677;5;7;70;24;2023;6;13;2;3;5;3;0;0;1;1;0;0;0;0;497065,519700000062585;5794269,113900000229478;8,956967754000061;52,298762202000034;1
39180;5230612410110087061;5;7;70;24;2023;6;15;2;3;5;3;0;0;1;1;0;0;0;0;495148,315999999642372;5792270,338999999687076;8,928882008000073;52,280778613000052;1
39182;5230612407101396877;5;7;62;20;2023;6;17;2;3;2;6;0;0;1;1;0;0;0;0;526207,499200000427663;5735970,836200000718236;9,379843088000030;51,774002310000071;1
39183;5230612406130091350;5;7;58;8;2023;6;9;2;1;2;6;0;0;1;1;0;0;0;0;468633,617499999701977;5777852,779400000348687;8,541562781000039;52,150286261000076;1
39184;5230612405244977667;5;7;54;44;2023;6;16;2;3;5;3;0;0;1;1;0;0;0;0;463213,514000000432134;5747455,967000000178814;8,465614132000042;51,876667899000040;1
39185;5230612405244806495;5;7;54;44;2023;6;7;2;3;4;2;0;0;1;1;0;0;0;0;466159,258000000379980;5748033,697000000625849;8,508347611000033;51,882048709000060;1
39186;5230612405236977687;5;7;54;36;2023;6;8;2;3;4;2;0;0;1;1;0;0;0;0;475331,968000000342727;5750541,559000000357628;8,641429800000026;51,905078076000052;1
39197;5230612315110795837;5;9;70;40;2023;6;18;2;3;8;1;0;0;1;0;0;0;0;0;430455,675999999977648;5635763,335000000894070;8,011673645000030;50,869365850000065;1
39199;5230612313110977680;5;9;58;4;2023;6;9;2;3;0;1;0;0;1;0;0;0;0;0;434504,142699999734759;5695126,405200000852346;8,058405088000029;51,403577345000031;1
39200;5230612307000580431;5;9;62;24;2023;6;6;2;3;0;3;0;0;1;1;0;0;0;0;409094,355100000277162;5694281,404999999329448;7,693408000000034;51,392477706000079;1
39208;5230612301203569021;5;9;78;24;2023;6;20;2;3;5;3;0;0;1;1;0;0;0;0;396507,685399999842048;5715724,793700000271201;7,506274561000055;51,583069763000026;1
39209;5230612300700999400;5;9;16;0;2023;6;15;2;3;1;5;0;0;1;1;0;0;0;0;373415,259600000455976;5708759,854800000786781;7,175648583000054;51,515761797000039;1
39221;5230611608416089784;5;3;34;16;2023;6;15;1;3;0;1;0;0;1;0;0;0;0;0;295331,658800000324845;5640404,816500000655651;6,090538317000039;50,879021218000048;1
39224;5230611608328077536;5;3;34;28;2023;6;12;1;3;3;6;0;0;1;0;0;1;0;0;305446,894999999552965;5616055,903100000694394;6,247025884000038;50,663802992000058;1
39229;5230611602700390965;5;3;62;28;2023;6;3;1;2;0;1;2;0;1;0;0;0;0;0;348565,705000000074506;5638936,655999999493361;6,847223673000030;50,882233594000070;1
39230;5230611602100986474;5;3;62;8;2023;6;9;1;3;2;2;0;0;1;0;0;0;0;1;338264,150000000372529;5645048,571900000795722;6,698191563000023;50,934359999000037;1
39233;5230611601600998996;5;3;15;0;2023;6;13;1;3;0;5;0;0;1;1;0;0;0;0;366085,654799999669194;5642696,797199999913573;7,094749869000054;50,920355044000075;1
39234;5230611601600899865;5;3;15;0;2023;6;14;1;3;4;6;0;0;1;0;0;0;0;0;363103,013899999670684;5638204,441099999472499;7,054024825000056;50,879280247000054;1
39235;5230611601600586498;5;3;15;0;2023;6;20;1;3;5;7;0;0;1;1;0;0;0;0;365095,586500000208616;5642915,729100000113249;7,080591227000070;50,922092081000073;1
39239;5230611518300977700;5;1;70;20;2023;6;16;1;2;0;1;0;0;1;0;0;0;0;0;330689,692999999970198;5710882,129000000655651;6,559389091000071;51,523640709000063;1
39241;5230611516300350571;5;1;58;28;2023;6;11;1;3;5;3;0;0;1;1;0;0;0;0;353173,733699999749660;5690017,041500000283122;6,891892360000043;51,342446276000032;1
39243;5230611516000986483;5;1;58;36;2023;6;18;1;3;5;3;0;0;1;1;0;0;0;0;364453,286100000143051;5683601,151300000026822;7,056176970000024;51,287589532000027;1
39245;5230611506100977700;5;1;16;0;2023;6;14;1;3;2;6;0;0;1;1;0;0;0;0;320496,315700000151992;5669713,773299999535084;6,433355545000040;51,150683041000036;1
39249;5230611503200396928;5;1;24;0;2023;6;11;1;2;0;7;0;0;1;0;0;0;0;0;374409,394399999640882;5677781,838600000366569;7,200918646000048;51,237570189000053;1
39250;5230612705000480893;5;5;54;8;2023;6;11;2;3;4;6;0;0;1;0;0;0;0;0;336274,955000000074506;5747859,544999999925494;6,622475591000068;51,857482953000044;1
39251;5230611503200096896;5;1;24;0;2023;6;15;1;3;3;6;0;0;1;0;0;0;0;1;376428,217199999839067;5681798,443299999460578;7,228435980000029;51,274111481000034;1
39252;5230611503100986480;5;1;24;0;2023;6;12;1;3;0;3;0;0;1;0;0;0;0;1;370965,554200000129640;5679947,363900000229478;7,150832327000046;51,256264239000075;1
39257;5230611500300086770;5;1;11;0;2023;6;16;1;3;3;6;0;0;1;1;0;0;0;0;344620,359500000253320;5674573,619400000199676;6,775893894000035;51,201409256000034;1
39258;5230611500100479386;5;1;11;0;2023;6;16;1;3;3;6;0;0;1;0;0;0;0;1;346079,201000000350177;5677092,478199999779463;6,795678209000073;51,224437399000067;1
39259;5230611601100786521;5;3;15;0;2023;6;2;1;3;9;7;2;0;1;0;0;0;0;0;354775,405700000002980;5644803,807299999520183;6,933102876000021;50,936554602000058;1
39264;5230611405228087287;5;7;54;28;2023;6;9;1;3;0;7;0;1;1;1;0;0;0;0;452658,963000000454485;5741622,663000000640750;8,313100903000077;51,823427187000050;1
39267;5230611404101986477;5;7;66;20;2023;6;12;1;3;2;2;0;0;1;1;0;0;0;0;486688,531999999657273;5754338,683000000193715;8,806358538000040;51,939605256000050;1
39271;5230615300300199398;5;9;11;0;2023;6;14;5;3;5;2;0;0;1;1;0;0;0;0;381426,625400000251830;5702013,248999999836087;7,293317964000039;51,456863405000036;1
39277;5230611313212496151;5;9;58;36;2023;6;13;1;3;1;5;0;0;1;1;0;0;0;0;464224,699500000104308;5685243,531899999827147;8,486648014000025;51,317368453000029;1
39290;5230610709800496631;5;5;66;32;2023;6;23;7;3;0;6;2;0;1;0;1;0;0;0;413537,477099999785423;5777400,581000000238419;7,736561422000023;52,140344206000066;1