OID_;UIDENTSTLAE;ULAND;UREGBEZ;UKREIS;UGEMEINDE;UJAHR;UMONAT;USTUNDE;UWOCHENTAG;UKATEGORIE;UART;UTYP1;ULICHTVERH;IstStrassenzustand;IstRad;IstPKW;IstFuss;IstKrad;IstGkfz;IstSonstige;LINREFX;LINREFY;XGCSWGS84;YGCSWGS84;PLST
39291;5230610709500986470;5;5;66;16;2023;6;21;7;2;3;1;1;0;1;0;0;0;0;0;406660,788599999621511;5794022,919700000435114;7,631520871000021;52,288627917000042;1
39292;5230610705000986465;5;5;54;20;2023;6;20;7;3;5;3;0;0;1;1;0;0;0;0;361589,020499999634922;5784400,509700000286102;6,975023834000069;52,192668569000034;1
39295;5230612701700675472;5;5;62;16;2023;6;16;2;2;5;2;0;0;1;1;0;0;0;0;381997,473399999551475;5731938,766400000080466;7,291467616000034;51,725941539000075;1
39302;5230610701120095010;5;5;62;32;2023;6;8;7;3;5;3;0;0;1;1;0;0;0;0;376234,043800000101328;5715870,630499999970198;7,213750148000031;51,580292966000059;1
39305;5230610608332080746;5;3;34;32;2023;6;15;7;3;2;6;0;0;1;1;0;0;0;0;306604,841099999845028;5622034,603599999099970;6,260262459000046;50,717893561000039;1
39308;5230610608100577557;5;3;34;2;2023;6;10;7;3;0;1;0;0;1;0;0;0;0;0;293585,660600000061095;5628306,994599999859929;6,072560752000072;50,769749787000080;1
39309;5230610607400536847;5;3;82;68;2023;6;9;7;3;3;6;0;0;1;0;0;0;0;0;369161,908300000242889;5631386,868300000205636;7,142537674000039;50,819407614000056;1
39317;5230610601700193470;5;3;16;0;2023;6;13;7;3;6;6;0;0;1;0;1;0;0;0;363158,826999999582767;5655471,538000000640750;7,048325623000039;51,034479124000029;1
39319;5230610601600099095;5;3;15;0;2023;6;20;7;3;0;1;0;0;1;1;0;0;0;0;359760,259499999694526;5644840,040100000798702;7,003988605000075;50,938114036000059;1
39320;5230610601500986450;5;3;15;0;2023;6;11;7;3;5;3;0;0;1;1;0;0;0;0;361955,794999999925494;5648027,412000000476837;7,034008888000074;50,967289608000044;1
39322;5230610601200986472;5;3;15;0;2023;6;22;7;3;0;1;2;0;1;0;0;0;0;0;356198,724499999545515;5641115,817700000479817;6,954800331000058;50,903767739000045;1
39323;5230610601200977734;5;3;15;0;2023;6;9;7;3;5;2;0;0;1;1;0;0;0;0;352951,431200000457466;5643823,531199999153614;6,907557187000066;50,927283047000060;1
39324;5230610600310986468;5;3;14;0;2023;6;17;7;3;5;2;0;0;1;1;0;0;0;0;362728,539599999785423;5610818,557499999180436;7,058916520000025;50,633055711000054;1
39326;5230610600110199956;5;3;14;0;2023;6;23;7;3;4;6;2;0;1;0;0;0;0;1;366309,416500000283122;5622360,113700000569224;7,105347486000028;50,737624395000068;1
39334;5230610508000085993;5;1;19;0;2023;6;18;7;3;5;2;0;0;1;0;0;0;0;1;349736,752000000327826;5703704,255000000819564;6,836784822000027;51,464534326000035;1
39338;5230610505200096042;5;1;14;0;2023;6;10;7;3;3;6;0;0;1;0;0;0;0;0;335596,542299999855459;5692072,003200000151992;6,638790403000030;51,356097346000070;1
39341;5230610503200491161;5;1;24;0;2023;6;20;7;3;0;1;0;0;1;0;0;0;0;0;376917,218399999663234;5679746,157400000840425;7,236149286000057;51,255771737000032;1
39344;5230610501323769403;5;1;12;0;2023;6;18;7;3;5;3;0;0;1;1;0;0;0;0;344142,974000000394881;5693847,727900000289083;6,760654905000024;51,374461074000067;1
39354;5230613701930074177;5;5;62;36;2023;6;14;3;3;1;5;0;0;1;1;0;0;0;0;390013,305300000123680;5720328,740800000727177;7,411133538000058;51,623220506000052;1
39358;5230610405152096840;5;7;54;52;2023;6;18;7;2;5;3;0;0;1;1;0;0;0;0;459749,742999999783933;5769532,524000000208616;8,412710283000024;52,074908483000058;1
39363;5230610317130375377;5;9;78;12;2023;6;12;7;3;5;3;0;0;1;1;0;0;0;0;409322,313699999824166;5703841,799699999392033;7,694235182000057;51,478457299000070;1
39364;5230610316100079450;5;9;74;40;2023;6;15;7;3;5;3;0;0;1;1;0;0;0;0;438324,306699999608099;5712528,835000000894070;8,110278462000053;51,560465232000070;1
39368;5230612410240986508;5;7;70;40;2023;6;15;2;3;0;2;0;0;1;0;0;0;0;1;475577,645600000396371;5810586,240299999713898;8,640677342000060;52,444921532000080;1
39370;5230610300100593777;5;9;11;0;2023;6;14;7;3;5;2;0;0;1;1;0;0;0;0;376477,707399999722838;5704564,221200000494719;7,221230503000072;51,478731927000069;1
39371;5230609711100481966;5;5;70;36;2023;6;14;6;3;5;3;0;0;1;1;0;0;0;0;434873,190100000239909;5759503,753200000151992;8,051690316000077;51,982385953000062;1
39372;5230609709800680102;5;5;66;32;2023;6;14;6;3;0;1;0;0;1;0;0;0;0;0;413591,226800000295043;5776918,348099999129772;7,737469213000054;52,136018036000053;1
39374;5230609709110977755;5;5;66;8;2023;6;16;6;3;5;3;0;0;1;1;0;0;0;0;399649,406999999657273;5781954,711999999359250;7,532342253000024;52,178927542000054;1
39380;5230609702100856377;5;5;15;0;2023;6;7;6;3;3;2;0;0;1;1;0;0;0;0;403014,276499999687076;5758684,729599999263883;7,588152284000046;51,970376465000072;1
39381;5230609702100238624;5;5;15;0;2023;6;14;6;3;0;7;0;0;1;0;0;0;0;0;408309,161100000143051;5754034,910900000482798;7,666448616000025;51,929479863000040;1
39384;5230609701500895065;5;5;62;24;2023;6;12;6;3;5;2;0;0;1;1;0;0;0;0;372380,316999999806285;5725514,247099999338388;7,154648427000041;51,666099587000076;1
39388;5230609610222685816;5;3;70;36;2023;6;20;6;3;5;3;0;0;1;1;0;0;0;0;297949,895999999716878;5667926,114000000059605;6,112391117000072;51,127114705000054;1
39394;5230614601200593465;5;3;15;0;2023;6;19;4;3;5;7;0;0;1;1;0;0;0;0;352055,897499999962747;5643617,927600000053644;6,894906692000063;50,925206414000058;1
39395;5230609608416377566;5;3;34;16;2023;6;18;6;2;0;1;0;0;1;0;0;0;0;0;296357,831100000068545;5639718,009999999776483;6,105488367000021;50,873215349000077;1
39397;5230609608200589817;5;3;34;2;2023;6;16;6;3;0;7;0;0;1;0;0;0;0;0;295137,741899999789894;5629205,403100000694394;6,094042225000067;50,778368742000055;1
39405;5230609602500699680;5;3;62;24;2023;6;10;6;3;5;2;0;0;1;1;0;0;0;0;345418,036999999545515;5641993,036699999123812;6,801218024000036;50,908864834000042;1
39410;5230609602300299594;5;3;62;36;2023;6;15;6;3;5;2;0;0;1;1;0;0;0;0;342891,290000000037253;5654411,122999999672174;6,759944052000037;51,019767811000065;1
39414;5230609601700386441;5;3;16;0;2023;6;11;6;3;5;3;0;0;1;1;0;0;0;0;360897,855700000189245;5657194,407899999991059;7,015437761000044;51,049419801000056;1
39415;5230609601700193470;5;3;16;0;2023;6;15;6;3;3;3;0;0;1;1;0;0;0;0;364981,902999999932945;5654712,546000000089407;7,074593882000045;51,028089003000048;1
39423;5230609601200099870;5;3;15;0;2023;6;23;6;3;0;1;2;0;1;0;0;0;0;0;353373,155500000342727;5643190,581399999558926;6,913808414000073;50,921702294000056;1
39428;5230609518210450004;5;1;70;28;2023;6;19;6;3;4;6;0;0;1;0;0;0;0;0;329589,553000000305474;5701655,189999999478459;6,547998039000049;51,440419658000053;1
39430;5230609516100986427;5;1;58;32;2023;6;10;6;2;0;7;0;0;1;0;0;0;0;1;369992,090300000272691;5686929,797100000083447;7,134347846000026;51,318796260000056;1
39431;5230609515212095760;5;1;54;32;2023;6;14;6;3;1;1;0;0;1;1;0;0;0;0;312306,939000000245869;5719823,202199999243021;6,289931494000029;51,598136963000059;1
39432;5230609515110091522;5;1;54;36;2023;6;12;6;3;9;3;0;0;1;1;0;0;0;0;302296,444699999876320;5739100,242900000885129;6,134665253000037;51,767825512000059;1
39434;5230609514217986428;5;1;66;36;2023;6;11;6;3;4;1;0;0;1;0;0;0;0;0;329491,140499999746680;5684498,125199999660254;6,554809886000044;51,286255857000072;1
39435;5230609514120977756;5;1;66;16;2023;6;17;6;2;5;3;0;0;1;0;0;0;0;1;310934,904099999926984;5689025,698300000280142;6,286608946000058;51,321066148000057;1
39437;5230609514116085968;5;1;66;16;2023;6;11;6;3;4;6;0;0;1;0;0;0;0;0;305650,803100000135601;5687652,313200000673532;6,211617030000070;51,306950848000042;1
39438;5230609514110782334;5;1;66;32;2023;6;6;6;3;0;7;1;0;1;0;0;0;0;0;318904,732400000095367;5680434,666200000792742;6,405215020000071;51,246487297000044;1
39439;5230609513310986436;5;1;62;8;2023;6;16;6;3;4;3;0;0;1;1;0;0;0;0;334580,329300000332296;5660790,624199999496341;6,638637015000029;51,074755571000026;1
39442;5230609513210478715;5;1;62;24;2023;6;8;6;2;5;3;0;0;1;0;0;0;1;0;338520,318400000222027;5670290,669900000095367;6,690577145000020;51,161235825000063;1
39444;5230609513130977777;5;1;62;22;2023;6;8;6;3;6;7;0;0;1;0;1;0;0;0;338852,389999999664724;5680163,554400000721216;6,690888441000027;51,250036205000072;1
39449;5230614410250066292;5;7;70;44;2023;6;20;4;3;8;1;0;0;1;0;0;0;0;0;460925,626000000163913;5804882,857000000774860;8,425780259000021;52,392797550000068;1
39450;5230609505100047274;5;1;14;0;2023;6;10;6;3;5;7;0;0;1;1;0;0;0;0;331835,753999999724329;5688163,686000000685453;6,586673294000036;51,319884478000063;1
39452;5230615317110977571;5;9;78;36;2023;6;14;5;3;5;2;0;0;1;1;0;0;0;0;408293,776899999938905;5713606,113800000399351;7,676886771000056;51,566065812000033;1
39455;5230609503300573887;5;1;20;0;2023;6;11;6;3;3;2;0;0;1;1;0;0;0;0;374917,688299999572337;5671088,485999999567866;7,210529714000074;51,177523448000045;1
39459;5230609501318645461;5;1;12;0;2023;6;11;6;3;3;2;0;0;1;1;0;0;0;0;343833,582999999634922;5698770,482000000774860;6,754047223000043;51,418606910000051;1
39466;5230609500200977758;5;1;11;0;2023;6;15;6;3;1;1;0;0;1;0;0;0;0;1;345085,786000000312924;5680724,442999999970198;6,779891651000071;51,256803243000036;1
39468;5230609411236542100;5;7;74;36;2023;6;19;6;3;0;1;0;0;1;0;0;0;0;0;471558,610100000165403;5723970,360200000926852;8,588760446000038;51,665995088000045;1
39470;5230609411224295765;5;7;74;24;2023;6;22;6;3;0;1;2;0;1;0;0;0;0;0;477520,472000000067055;5739516,040999999269843;8,673958161000030;51,806039879000082;1
39472;5230609411132977776;5;7;74;32;2023;6;8;6;2;1;3;0;0;1;1;0;0;0;0;480562,248999999836087;5735050,198999999091029;8,718325498000070;51,766000735000034;1
39474;5230609411132182084;5;7;74;32;2023;6;14;6;3;0;1;0;0;1;0;0;0;0;0;481758,640300000086427;5727117,814899999648333;8,736078029000055;51,694718731000080;1
39476;5230609410250939357;5;7;70;44;2023;6;3;6;3;4;6;2;0;1;1;0;0;0;0;459314,250400000251830;5809212,260199999436736;8,401575010000045;52,431600789000072;1
39477;5230609410110576072;5;7;70;24;2023;6;7;6;3;5;3;0;0;1;1;0;0;0;0;492001,909199999645352;5794099,700400000438094;8,882717335000052;52,297188700000049;1
39482;5230609405108096862;5;7;54;8;2023;6;17;6;3;7;1;0;0;1;0;0;0;0;0;461103,862900000065565;5750655,608999999240041;8,434608565000076;51,905291720000037;1
39484;5230609404101986422;5;7;66;20;2023;6;0;6;3;0;7;2;0;1;0;0;0;0;0;489295,071999999694526;5752546,055999999865890;8,844331393000061;51,923543949000077;1
39486;5230609400100590748;5;7;11;0;2023;6;15;6;3;0;3;0;0;1;1;0;0;0;0;467744,362999999895692;5764247,085000000894070;8,529853656000057;52,027912792000052;1
39487;5230612406210031893;5;7;58;4;2023;6;10;2;3;5;2;0;0;1;1;0;0;0;0;472206,183199999853969;5784136,706800000742078;8,593261294000058;52,206973020000078;1
39488;5230609316200595367;5;9;74;12;2023;6;19;6;3;7;3;0;0;1;1;0;0;0;0;430500,447999999858439;5704577,776000000536442;7,998999215000026;51,488072830000078;1
39489;5230612500300070341;5;1;11;0;2023;6;7;2;3;0;1;0;0;1;0;0;0;0;0;342290,049899999983609;5674300,926200000569224;6,742685175000076;51,198320529000057;1
39503;5230609302120585308;5;9;14;0;2023;6;10;6;3;3;6;0;0;1;1;0;0;0;0;390214,065999999642372;5689295,562999999150634;7,423681345000034;51,344323394000071;1
39507;5230609301301977778;5;9;78;24;2023;6;5;6;3;5;3;0;0;1;1;0;0;0;0;397936,984000000171363;5717983,265000000596046;7,526239575000034;51,603630949000035;1
39509;5230609301103977751;5;9;13;0;2023;6;20;6;3;5;3;0;0;1;1;0;0;0;0;393060,158999999985099;5704322,426000000908971;7,459997576000035;51,479936818000056;1
39512;5230609300500999516;5;9;11;0;2023;6;11;6;3;1;5;0;0;1;1;0;0;0;0;377917,758500000461936;5700922,501599999144673;7,243214767000040;51,446314414000028;1
39518;5230612301301977668;5;9;78;24;2023;6;18;2;3;5;1;0;0;1;1;0;0;0;0;397938,723000000230968;5720234,867000000551343;7,525608969000075;51,623869955000032;1
39519;5230608706100839835;5;5;58;16;2023;6;12;5;3;0;7;0;0;1;0;0;0;0;0;380438,160000000149012;5742534,364000000059605;7,265253572000063;51,820835862000081;1
39524;5230608705000977780;5;5;54;4;2023;6;12;5;3;4;1;0;0;1;0;0;0;0;0;357545,359000000171363;5781738,864600000903010;6,917024136000066;52,167724650000082;1
39525;5230608705000589360;5;5;54;52;2023;6;16;5;1;5;3;0;0;1;1;0;0;0;0;378439,036799999885261;5768046,965199999511242;7,227247278000050;52,049680506000072;1
39530;5230608701200181595;5;5;62;20;2023;6;13;5;3;5;2;0;0;1;1;0;0;0;0;373220,467600000090897;5715204,428200000897050;7,170520827000075;51,573635992000050;1
39534;5230608610221073704;5;3;70;20;2023;6;15;5;3;5;3;0;0;1;1;0;0;0;0;305473,734000000171363;5659036,322000000625849;6,224567008000065;51,049872790000052;1
39540;5230608607300932504;5;3;82;16;2023;6;11;5;3;0;1;0;0;1;0;0;0;0;0;387803,594999999739230;5624622,247999999672174;7,409134849000054;50,762510406000047;1
39542;5230608607100481171;5;3;82;40;2023;6;12;5;3;5;3;0;0;1;1;0;0;0;0;380320,906000000424683;5634816,105000000447035;7,299760187000061;50,852646257000060;1
39550;5230608601200099003;5;3;15;0;2023;6;13;5;3;3;6;0;0;1;0;0;0;0;0;358070,557599999941885;5640993,010299999266863;6,981452264000040;50,903127247000043;1
39552;5230608600350686337;5;3;82;32;2023;6;11;5;3;0;3;0;0;1;1;0;0;0;0;359714,923899999819696;5607786,670299999415874;7,017475824000030;50,605088550000062;1
39556;5230608515111977813;5;1;54;8;2023;6;2;5;3;0;1;2;0;1;0;0;0;0;0;304472,410699999891222;5750280,055199999362230;6,159849478000069;51,868986563000078;1
39557;5230608514219986418;5;1;66;36;2023;6;22;5;3;2;1;2;0;1;0;0;0;0;0;327799,764100000262260;5679029,967299999669194;6,533211054000049;51,236622507000050;1
39562;5230608506100986421;5;1;16;0;2023;6;23;5;3;0;1;2;0;1;0;0;0;0;0;319988,259100000374019;5676468,382300000637770;6,422715435000043;51,211200995000070;1
39563;5230608506100986402;5;1;16;0;2023;6;12;5;3;1;3;0;0;1;1;0;0;0;0;320852,230399999767542;5671382,142200000584126;6,437608534000049;51,165781938000066;1
39565;5230608503400977806;5;1;22;0;2023;6;11;5;3;5;2;0;0;1;1;0;0;0;0;368302,849000000394881;5669189,321000000461936;7,116644569000073;51,158969593000052;1
39566;5230608503200977800;5;1;24;0;2023;6;18;5;3;0;1;0;0;1;0;0;0;0;0;377049,865000000223517;5681587,777000000700355;7,237416050000036;51,272352529000045;1
39568;5230608502409773978;5;1;17;0;2023;6;19;5;2;0;1;0;0;1;0;0;0;0;0;350639,936099999584258;5699565,120200000703335;6,851524213000062;51,427581288000056;1
39570;5230615301202986571;5;9;13;0;2023;6;7;5;3;2;6;0;0;1;0;0;0;0;1;393847,814199999906123;5709374,564699999988079;7,469815490000030;51,525496423000050;1
39572;5230608500200378880;5;1;11;0;2023;6;12;5;3;5;2;0;0;1;1;0;0;0;0;344470,692400000058115;5680328,030099999159575;6,771256060000042;51,253073909000079;1
39575;5230608406220977793;5;7;58;24;2023;6;15;5;3;8;1;0;0;1;0;0;0;0;0;483457,010400000028312;5783618,990900000557303;8,757930675000068;52,202771056000074;1
39578;5230608405108986410;5;7;54;8;2023;6;16;5;3;5;3;0;0;1;1;0;0;0;0;461736,199000000022352;5753614,040999999269843;8,443470901000069;51,931933767000032;1
39581;5230608317210986396;5;9;78;20;2023;6;10;5;3;1;5;0;0;1;1;0;0;0;0;403599,587500000372529;5714029,231599999591708;7,609065124000040;51,569086237000079;1
39582;5230608317140977805;5;9;78;28;2023;6;11;5;3;0;7;0;0;1;0;0;0;0;0;401346,319500000216067;5695139,449899999424815;7,581841734000022;51,398896503000060;1
39583;5230608315110085244;5;9;70;40;2023;6;9;5;3;5;3;0;0;1;1;0;0;0;0;428744,867800000123680;5631947,704399999231100;7,988107214000024;50,834849898000073;1
39584;5230608314220694415;5;9;66;12;2023;6;11;5;3;5;2;0;0;1;1;0;0;0;0;433301,815999999642372;5671690,660000000149012;8,045502569000064;51,192731479000031;1
39589;5230608313121513757;5;9;58;32;2023;6;10;5;3;0;1;0;0;1;0;0;0;0;0;447937,160199999809265;5689201,593299999833107;8,252371932000074;51,351698781000039;1
39593;5230608300800541195;5;9;54;36;2023;6;9;5;3;0;1;0;0;1;0;0;0;0;0;381906,226599999703467;5698717,538599999621511;7,301317385000061;51,427342278000026;1
39597;5230607711100087310;5;5;70;44;2023;6;1;4;2;0;1;2;0;1;0;0;0;0;0;416883,020999999716878;5760683,694000000134110;7,789506354000025;51,990592242000048;1
39598;5230607711100087261;5;5;70;44;2023;6;17;4;3;5;3;0;0;1;1;0;0;0;0;416750,516999999992549;5759828,813999999314547;7,787784582000029;51,982887910000045;1
39601;5230607709300977832;5;5;66;84;2023;6;15;4;3;5;3;0;0;1;1;0;0;0;0;389918,484000000171363;5775440,831000000238419;7,392193178000070;52,118530282000052;1
39602;5230607709110986380;5;5;66;12;2023;6;17;4;3;5;2;0;0;1;1;0;0;0;0;403995,792999999597669;5772307,733999999240041;7,598612409000054;52,092993503000059;1
39605;5230607706000778384;5;5;58;16;2023;6;23;4;3;9;1;2;0;1;0;0;0;0;0;382775,917100000195205;5743575,655999999493361;7,298803672000076;51,830689527000061;1
39606;5230614500200287258;5;1;11;0;2023;6;16;4;3;5;3;0;0;1;1;0;0;0;0;344444,325299999676645;5678830,639000000432134;6,771529168000029;51,239612195000063;1
39608;5230607705000986363;5;5;54;24;2023;6;7;4;3;5;3;0;0;1;1;0;0;0;0;369969,161799999885261;5777864,268500000238419;7,100055079000072;52,135975339000026;1
39611;5230607702100045124;5;5;15;0;2023;6;18;4;3;0;1;0;0;1;0;0;0;0;0;405768,055300000123680;5755715,510600000619888;7,629041631000064;51,944161508000036;1
39618;5230607610114885840;5;3;70;16;2023;6;23;4;3;5;2;2;1;1;1;0;0;0;0;293653,017300000414252;5659902,240499999374151;6,055651163000050;51,053525133000051;1
39621;5230614701500155785;5;5;62;24;2023;6;7;4;3;5;2;0;0;1;1;0;0;0;0;369318,250000000000000;5724908,507999999448657;7,110623773000043;51,659952273000044;1
39624;5230607609108977820;5;3;58;8;2023;6;19;4;3;5;3;0;0;1;1;0;0;0;0;323196,530000000260770;5631359,881999999284744;6,490577888000075;50,806958449000035;1
39625;5230607608416075592;5;3;34;16;2023;6;11;4;3;5;3;0;0;1;1;0;0;0;0;294788,516800000332296;5635414,928200000897050;6,085624808000034;50,834014099000058;1
39631;5230607605104299201;5;3;74;4;2023;6;6;4;3;0;3;1;0;1;1;0;0;0;0;404609,644000000320375;5652663,389000000432134;7,640032909000070;51,017610974000036;1
39633;5230607603144981192;5;3;66;44;2023;6;13;4;3;5;2;0;0;1;1;0;0;0;0;334130,298999999649823;5617843,570000000298023;6,651706583000021;50,688743782000074;1
39634;5230607602700999710;5;3;62;28;2023;6;12;4;3;0;1;0;0;1;0;0;0;0;0;352695,578099999576807;5638510,165799999609590;6,906062954000049;50,879468509000048;1
39635;5230607602300267800;5;3;62;36;2023;6;19;4;3;5;3;0;0;1;0;0;0;0;0;344648,983000000007451;5650431,355299999937415;6,786688133000041;50,984484085000076;1
39647;5230607601500899193;5;3;15;0;2023;6;20;4;3;0;1;1;0;1;0;0;0;0;0;357974,891699999570847;5643373,427400000393391;6,979165989000023;50,924496620000070;1
39652;5230607600110994924;5;3;14;0;2023;6;16;4;2;5;3;0;0;1;0;0;0;0;0;365228,286000000312924;5622053,350999999791384;7,090147008000031;50,734617355000069;1
39654;5230607518410682196;5;1;70;16;2023;6;18;4;3;5;3;0;0;1;1;0;0;0;0;345603,388500000350177;5721981,385900000110269;6,769308212000055;51,627639379000072;1
39655;5230607516900986367;5;1;58;20;2023;6;10;4;3;5;2;0;1;1;1;0;0;0;0;356439,921000000089407;5662382,733999999240041;6,949819577000028;51,094948489000046;1
39656;5230607516700977824;5;1;58;8;2023;6;18;4;2;0;7;0;0;1;0;0;0;0;0;360289,856200000271201;5672841,522700000554323;7,000706645000037;51,189890542000057;1
39661;5230607515110977825;5;1;54;4;2023;6;18;4;3;0;1;0;0;1;0;0;0;0;0;306014,082000000402331;5737930,566600000485778;6,189127595000059;51,758621487000028;1
39672;5230607505100479008;5;1;14;0;2023;6;21;4;3;0;3;0;0;1;1;0;0;0;0;334943,720099999569356;5690918,868000000715256;6,629957828000045;51,345548017000056;1
39675;5230607502407985336;5;1;17;0;2023;6;23;4;3;0;7;2;0;1;0;0;0;0;0;351524,239299999549985;5697492,903400000184774;6,865102976000060;51,409193539000057;1
39687;5230607500200386706;5;1;11;0;2023;6;17;4;3;0;3;0;0;1;0;0;0;0;1;346985,210799999535084;5676652,512399999424815;6,808830894000039;51,220727633000081;1
39689;5230613514114085265;5;1;66;24;2023;6;16;3;3;5;3;0;0;1;1;0;0;0;0;309942,735199999995530;5675629,476900000125170;6,279504072000066;51,200411707000058;1
39695;5230607406110882067;5;7;58;12;2023;6;12;4;3;5;3;0;0;1;1;0;0;0;0;476475,285400000400841;5772333,753000000491738;8,656552208000051;52,101056633000042;1
39697;5230607405228496925;5;7;54;28;2023;6;0;4;3;1;1;2;0;1;1;0;0;0;0;451520,941200000233948;5742584,145800000056624;8,296455332000050;51,831973853000079;1
39702;5230612601600419582;5;3;15;0;2023;6;18;2;3;0;4;0;0;1;1;1;0;0;0;359769,312699999660254;5644842,145899999886751;7,004116564000071;50,938135163000027;1
39707;5230607317250589430;5;9;78;32;2023;6;18;4;3;5;3;0;0;1;1;0;0;0;0;394306,479199999943376;5728207,060499999672174;7,470746243000065;51,694855787000051;1
39710;5230607316200858610;5;9;74;48;2023;6;8;4;3;0;3;0;1;1;0;0;0;0;1;427660,904900000430644;5718959,584499999880791;7,955150278000076;51,617011364000064;1
39715;5230607709700070261;5;5;66;28;2023;6;16;4;2;0;1;0;0;1;0;0;0;0;0;412929,134399999864399;5793687,231899999082088;7,723484410000026;52,286639674000071;1
39717;5230607313130384984;5;9;58;44;2023;6;14;4;3;0;2;0;1;1;0;0;0;0;0;429363,737999999895692;5682929,865299999713898;7,986937567000041;51,293306782000059;1
39719;5230609501126479055;5;1;12;0;2023;6;15;6;3;5;2;0;0;1;0;0;0;0;0;346277,034500000067055;5703992,929199999198318;6,786892112000032;51,466199003000042;1
39721;5230613516600686840;5;1;58;4;2023;6;16;3;3;4;6;0;0;1;0;0;0;0;0;353008,323300000280142;5677089,672599999234080;6,894838785000047;51,226238575000082;1
39725;5230614709300977625;5;5;66;68;2023;6;2;4;2;7;7;2;0;1;0;0;0;0;0;382399,876000000163913;5782925,396999999880791;7,279840134000040;52,184243599000069;1
39730;5230607300500986368;5;9;11;0;2023;6;10;4;3;2;3;0;1;1;1;0;0;0;0;376884,915099999867380;5702755,239700000733137;7,227721664000057;51,462562542000057;1
39733;5230606709700986328;5;5;66;48;2023;6;7;3;3;5;3;0;0;1;1;0;0;0;0;426901,827999999746680;5793654,564999999478459;7,928297707000070;52,288382367000054;1
39734;5230606709700977864;5;5;66;92;2023;6;16;3;2;0;1;0;0;1;0;0;0;0;0;423485,709499999880791;5798131,928899999707937;7,877205875000072;52,328163264000068;1
39737;5230606705000977874;5;5;54;8;2023;6;11;3;3;5;3;0;0;1;1;0;0;0;0;336224,620500000193715;5743149,764399999752641;6,623974521000036;51,815158036000071;1
39742;5230606702100545124;5;5;15;0;2023;6;7;3;3;0;1;0;0;1;0;0;0;0;0;405111,791199999861419;5756675,354599999263883;7,619231812000066;51,952677446000052;1
39743;5230606701500772384;5;5;62;24;2023;6;13;3;3;6;6;0;0;1;0;1;0;0;0;370439,174599999561906;5725513,608100000768900;7,126596232000054;51,665649624000082;1
39744;5230606701110099916;5;5;62;32;2023;6;9;3;3;5;2;0;0;1;1;0;0;0;0;373069,576500000432134;5718650,307800000533462;7,167098414000066;51,604570119000073;1
39746;5230606700000098875;5;5;13;0;2023;6;11;3;2;5;3;0;0;1;1;0;0;0;0;366388,656499999575317;5709591,467199999839067;7,074125133000052;51,521617050000032;1
39747;5230606609128585752;5;3;58;28;2023;6;12;3;3;5;7;0;0;1;1;0;0;0;0;323113,335300000384450;5624577,302600000053644;6,492660616000023;50,745996893000040;1
39751;5230606608328789884;5;3;34;28;2023;6;18;3;2;0;1;0;0;1;0;0;0;0;0;307216,475399999879301;5614456,803200000897050;6,272868050000056;50,650027039000065;1
39756;5230606607100481171;5;3;82;40;2023;6;10;3;3;5;3;0;0;1;1;0;0;0;0;383285,507000000216067;5638179,123999999836087;7,340785110000070;50,883482064000077;1
39757;5230606606700790210;5;3;78;32;2023;6;19;3;3;5;3;0;0;1;1;0;0;0;0;375802,047100000083447;5668859,990499999374151;7,223944806000077;51,157686708000028;1
39762;5230606603228969626;5;3;66;28;2023;6;11;3;2;5;3;0;0;1;1;0;0;0;0;338544,857699999585748;5609897,236300000920892;6,717616394000061;50,618580823000059;1
39764;5230606602600041893;5;3;62;20;2023;6;18;3;3;5;3;0;0;1;1;0;0;0;0;344347,097099999897182;5634425,348999999463558;6,789218168000048;50,840573942000049;1
39769;5230606601700195404;5;3;16;0;2023;6;16;3;3;1;5;0;0;1;1;0;0;0;0;360645,259499999694526;5659840,610500000417233;7,010817061000068;51,073139952000076;1
39776;5230606600140095364;5;3;14;0;2023;6;12;3;3;2;6;0;0;1;1;0;0;0;0;370788,703999999910593;5619211,347599999979138;7,169895585000063;50,710336137000070;1
39777;5230606518401995732;5;1;70;16;2023;6;7;3;3;0;1;0;0;1;0;0;0;0;0;341687,895399999804795;5722794,233500000089407;6,712418397000022;51,633854359000054;1
39779;5230606518120379397;5;1;70;44;2023;6;19;3;3;5;3;0;0;1;1;0;0;0;0;337997,566100000403821;5719300,372600000351667;6,660756338000056;51,601414835000071;1
39784;5230606514123089770;5;1;66;20;2023;6;11;3;3;5;3;0;0;1;1;0;0;0;0;305647,117999999783933;5675889,907999999821186;6,217952090000040;51,201305855000044;1
39785;5230612405220690773;5;7;54;20;2023;6;17;2;3;5;3;0;0;1;1;0;0;0;0;447140,213399999774992;5748376,742599999532104;8,232000440000036;51,883654024000066;1
39790;5230606508000077710;5;1;19;0;2023;6;12;3;3;0;7;0;0;1;1;0;0;0;0;349869,795699999667704;5708756,701099999248981;6,836550277000072;51,509967568000036;1
39792;5230606506100977856;5;1;16;0;2023;6;17;3;3;5;3;0;0;1;1;0;0;0;0;323207,406999999657273;5673034,322599999606609;6,470447281000077;51,181356945000061;1
39793;5230606506100391467;5;1;16;0;2023;6;11;3;3;0;1;0;0;1;0;0;0;0;0;321733,939000000245869;5670118,397199999541044;6,450832552000065;51,154704720000041;1
39794;5230606506100095883;5;1;16;0;2023;6;14;3;3;5;2;0;0;1;0;0;1;0;0;321365,617300000041723;5673459,683399999514222;6,443911408000076;51,184605606000048;1