OID_;UIDENTSTLAE;ULAND;UREGBEZ;UKREIS;UGEMEINDE;UJAHR;UMONAT;USTUNDE;UWOCHENTAG;UKATEGORIE;UART;UTYP1;ULICHTVERH;IstStrassenzustand;IstRad;IstPKW;IstFuss;IstKrad;IstGkfz;IstSonstige;LINREFX;LINREFY;XGCSWGS84;YGCSWGS84;PLST
39796;5230606505200274035;5;1;14;0;2023;6;11;3;3;5;2;0;0;1;1;0;0;0;0;329367,172000000253320;5689940,099999999627471;6,550430530000028;51,335108367000032;1
39797;5230606505100579060;5;1;14;0;2023;6;15;3;3;0;1;0;0;1;0;0;0;0;0;333284,525100000202656;5688663,671199999749660;6,607211225000071;51,324802811000040;1
39799;5230606505100191455;5;1;14;0;2023;6;7;3;3;5;3;0;0;1;1;0;0;0;0;329903,802699999883771;5687413,947000000625849;6,559332340000026;51,312574617000053;1
39802;5230606503100977870;5;1;24;0;2023;6;13;3;2;1;5;0;0;1;1;0;0;0;0;365940,264800000004470;5677687,213800000026822;7,079704834000040;51,234792724000044;1
39803;5230606503100977863;5;1;24;0;2023;6;16;3;2;0;7;0;1;1;0;0;1;0;1;370051,962899999693036;5679323,311899999156594;7,137973846000023;51,250448174000041;1
39804;5230606502400085658;5;1;17;0;2023;6;19;3;3;0;1;0;0;1;0;0;0;0;0;351019,364000000059605;5699819,278000000864267;6,856871115000047;51,429964905000077;1
39813;5230606500100600320;5;1;11;0;2023;6;18;3;3;1;5;0;0;1;1;0;0;0;0;342300,913099999539554;5679487,017300000414252;6,740559282000049;51,244921419000036;1
39816;5230606410270991350;5;7;70;16;2023;6;13;3;3;3;6;0;0;1;1;0;0;0;0;478613,158900000154972;5788283,157800000160933;8,686757934000070;52,244537490000027;1
39821;5230606316400461124;5;9;74;44;2023;6;9;3;3;5;3;0;0;1;1;0;0;0;0;455172,140999999828637;5700179,707000000402331;8,354872191000027;51,451023314000054;1
39826;5230612513210977683;5;1;62;24;2023;6;8;2;3;0;6;0;0;1;0;0;0;0;0;338001,229199999943376;5677414,802899999544024;6,679945919000033;51,225098228000036;1
39830;5230606307000471367;5;9;62;4;2023;6;15;3;3;5;3;0;0;1;1;0;0;0;0;413363,992999999783933;5683990,195000000298023;7,757265061000055;51,300629389000051;1
39834;5230606302100799422;5;9;14;0;2023;6;15;3;3;5;3;0;0;1;1;0;0;0;0;391815,339700000360608;5694034,969599999487400;7,445221226000058;51,387231191000069;1
39835;5230611601300099106;5;3;15;0;2023;6;10;1;3;0;6;0;0;1;0;0;0;0;0;350275,850800000131130;5645070,016899999231100;6,869000591000031;50,937796233000029;1
39842;5230606301202763478;5;9;13;0;2023;6;13;3;3;8;2;0;0;1;1;0;0;0;0;394651,927199999801815;5709080,427799999713898;7,481490348000023;51,523003150000079;1
39843;5230606300700090544;5;9;16;0;2023;6;18;3;3;5;2;0;0;1;1;0;0;0;0;372424,716699999757111;5710150,956199999898672;7,160876978000033;51,528040884000063;1
39850;5230605709700096558;5;5;66;28;2023;6;15;2;3;5;2;0;0;1;1;0;0;0;0;412037,286999999545515;5792378,343000000342727;7,710754433000034;52,274733023000067;1
39852;5230605709500076615;5;5;66;28;2023;6;17;2;2;5;2;0;0;1;0;0;1;0;0;411883,682199999690056;5790074,541999999433756;7,709105290000025;52,254001244000051;1
39854;5230605705000977910;5;5;54;16;2023;6;9;2;3;5;3;0;0;1;1;0;0;0;0;363766,406000000424683;5757051,982000000774860;7,017774172000031;51,947472356000048;1
39856;5230605702100291833;5;5;15;0;2023;6;12;2;3;3;6;0;0;1;1;0;0;0;0;405578,492100000381470;5756999,145700000226498;7,625931932000071;51,955667254000048;1
39858;5230605701800786113;5;5;62;4;2023;6;13;2;3;0;1;0;0;1;0;0;0;0;0;383087,614099999889731;5717647,166999999433756;7,312024838000070;51,597723277000057;1
39860;5230605701400681436;5;5;12;0;2023;6;10;2;3;5;2;0;0;1;1;0;0;0;0;354855,796299999579787;5708980,493400000035763;6,908256466000068;51,513281251000080;1
39861;5230605701400165867;5;5;12;0;2023;6;8;2;3;0;1;0;0;1;0;0;0;0;0;355569,411600000225008;5718540,461100000888109;6,914606964000029;51,599367041000050;1
39863;5230605701200581315;5;5;62;20;2023;6;16;2;3;5;3;0;0;1;1;0;0;0;1;370097,459499999880791;5719061,197799999266863;7,124052690000042;51,607584937000070;1
39867;5230605700000195204;5;5;13;0;2023;6;11;2;2;8;1;0;0;1;0;0;0;0;0;366876,041699999943376;5710656,306399999186397;7,080743636000022;51,531301461000055;1
39871;5230605610211145931;5;3;70;4;2023;6;19;2;3;1;1;0;0;1;0;0;0;0;1;313033,250099999830127;5661634,912200000137091;6,330952958000069;51,075725264000027;1
39872;5230605610211077583;5;3;70;4;2023;6;13;2;3;8;1;0;0;1;0;0;0;0;0;310503,949099999852479;5662000,895300000905991;6,294696850000037;51,078183109000065;1
39873;5230614601500599817;5;3;15;0;2023;6;18;4;3;5;2;0;0;1;0;0;0;0;1;360062,343600000254810;5648319,383899999782443;7,006947825000054;50,969456737000030;1
39878;5230605608408279491;5;3;34;8;2023;6;17;2;3;5;3;0;0;1;1;0;0;0;0;301568,860000000335276;5642045,567399999126792;6,178195683000069;50,895933226000068;1
39880;5230605608200975517;5;3;34;2;2023;6;14;2;3;3;2;0;0;1;1;0;0;0;0;295275,253100000321865;5628777,184000000357628;6,096228499000063;50,774571336000065;1
39882;5230605607100534288;5;3;82;28;2023;6;17;2;3;3;2;0;0;1;1;0;0;0;0;375847,418600000441074;5641432,929199999198318;7,233991000000060;50,911178055000050;1
39883;5230605607100334288;5;3;82;60;2023;6;14;2;3;5;3;0;0;1;1;0;0;0;0;378198,473699999973178;5631524,265499999746680;7,270716272000072;50,822613993000061;1
39891;5230605602800599614;5;3;62;12;2023;6;16;2;3;5;3;0;0;1;1;0;0;0;0;351751,630900000222027;5633130,015900000929832;6,894833082000048;50,830877629000042;1
39893;5230605602700486332;5;3;62;28;2023;6;19;2;3;5;2;0;0;1;1;0;0;0;0;351584,588100000284612;5638703,015799999237061;6,890203299000063;50,880917298000043;1
39895;5230605602300399678;5;3;62;36;2023;6;17;2;3;0;1;0;0;1;0;0;0;0;0;346150,422899999655783;5651668,300499999895692;6,807538720000025;50,996002374000057;1
39896;5230608709110977798;5;5;66;12;2023;6;14;5;3;0;1;0;0;1;0;0;0;0;0;405002,922199999913573;5770386,842199999839067;7,613844046000054;52,075901965000071;1
39907;5230605601500977894;5;3;15;0;2023;6;17;2;3;2;7;0;0;1;1;0;0;0;0;360578,452399999834597;5647623,329900000244379;7,014560518000053;50,963326352000081;1
39910;5230605601400793402;5;3;15;0;2023;6;15;2;3;0;1;0;0;1;0;0;0;0;0;353687,224299999885261;5654558,432499999180436;6,913699813000051;51,023940217000074;1
39911;5230605601400399182;5;3;15;0;2023;6;9;2;2;5;2;0;0;1;0;0;0;1;0;357710,470700000412762;5646910,308199999853969;6,974024714000052;50,956217305000052;1
39912;5230605601300977918;5;3;15;0;2023;6;7;2;3;0;1;0;0;1;0;0;0;0;0;354586,730700000189245;5645891,556299999356270;6,929985249000026;50,946282352000026;1
39913;5230605601200977913;5;3;15;0;2023;6;8;2;2;5;2;0;0;1;1;0;0;0;0;354284,242100000381470;5644196,385900000110269;6,926360180000074;50,930971988000067;1
39915;5230605601200299050;5;3;15;0;2023;6;6;2;3;0;2;0;0;1;1;0;0;0;0;353431,011199999600649;5644106,992799999192357;6,914262613000062;50,929952464000053;1
39918;5230605600320895284;5;3;82;72;2023;6;14;2;3;1;5;0;0;1;1;0;0;0;0;364494,953999999910593;5606578,598999999463558;7,085427581000033;50,595359985000073;1
39921;5230605518200986320;5;1;70;24;2023;6;19;2;2;5;3;0;0;1;1;0;0;0;0;334512,555999999865890;5700458,766000000759959;6,619326538000053;51,431130485000040;1
39922;5230605518200248996;5;1;70;24;2023;6;13;2;3;5;2;0;0;1;1;0;0;0;0;335937,776600000448525;5702595,929600000381470;6,638820310000028;51,450745568000059;1
39925;5230605516700786812;5;1;58;8;2023;6;9;2;3;5;2;0;0;1;1;0;0;0;0;360235,277200000360608;5672821,188899999484420;6,999934027000052;51,189694463000080;1
39929;5230605515210986311;5;1;54;12;2023;6;17;2;3;5;3;0;0;1;1;0;0;0;0;309032,035299999639392;5713282,523399999365211;6,246257957000068;51,538293115000045;1
39931;5230605514215986300;5;1;66;28;2023;6;10;2;3;4;3;0;0;1;1;0;0;0;0;324021,778300000354648;5688171,266899999231100;6,474645447000057;51,317589379000026;1
39936;5230605506100091501;5;1;16;0;2023;6;9;2;3;5;3;0;0;1;1;0;0;0;0;314362,907899999991059;5671698,601999999955297;6,344731894000063;51,166555669000047;1
39940;5230605503200977891;5;1;24;0;2023;6;19;2;2;0;5;0;0;1;1;0;0;0;0;376828,008999999612570;5682078,833799999207258;7,234067956000047;51,276718138000035;1
39941;5230605503100978000;5;1;24;0;2023;6;18;2;2;0;1;0;0;1;0;0;0;0;0;363543,276999999769032;5677399,006999999284744;7,045500977000074;51,231634451000048;1
39942;5230605502409785336;5;1;17;0;2023;6;18;2;3;4;2;0;0;1;1;0;0;0;0;349624,474799999967217;5699873,362099999561906;6,836797577000027;51,430082440000035;1
39945;5230605502102080548;5;1;13;0;2023;6;11;2;3;5;3;0;0;1;1;0;0;0;0;362450,692999999970198;5702273,791999999433756;7,020250370000042;51,454912470000068;1
39948;5230605501223078687;5;1;12;0;2023;6;19;2;3;5;3;0;0;1;1;0;0;0;0;338845,946999999694526;5702388,079500000923872;6,680732102000036;51,449713255000063;1
39950;5230605501000096093;5;1;12;0;2023;6;17;2;3;5;3;0;0;1;1;0;0;0;0;344378,766999999992549;5700216,285000000149012;6,761246517000075;51,431747332000043;1
39960;5230605500100072300;5;1;11;0;2023;6;1;2;3;0;7;2;0;1;0;0;0;0;0;344420,220499999821186;5677985,442999999970198;6,771551213000066;51,232011259000046;1
39963;5230605411232977888;5;7;74;32;2023;6;18;2;3;2;6;0;0;1;0;0;0;0;0;478326,942900000140071;5724607,580800000578165;8,686583719000055;51,672026412000037;1
39967;5230605410120986305;5;7;70;32;2023;6;11;2;3;0;1;0;0;1;0;0;1;0;0;495171,858199999667704;5789287,317399999126792;8,929269790000035;52,253959841000039;1
39970;5230605406110996820;5;7;58;12;2023;6;7;2;3;5;2;0;0;1;1;0;0;0;0;476410,984400000423193;5774370,358100000768900;8,655472368000062;52,119364251000036;1
39971;5230605406110896801;5;7;58;12;2023;6;17;2;3;0;1;0;0;1;0;0;0;0;0;479151,940999999642372;5772586,013900000602007;8,695613822000041;52,103431983000064;1
39972;5230605405220487143;5;7;54;20;2023;6;14;2;3;0;3;0;0;1;1;0;0;0;0;444411,599999999627471;5750531,222400000318885;8,192013254000074;51,902757897000072;1
39973;5230605405148090670;5;7;54;48;2023;6;15;2;3;5;2;0;0;1;1;0;0;0;0;439908,122000000439584;5763817,889000000432134;8,124237571000037;52,021737064000035;1
39978;5230605400200986306;5;7;11;0;2023;6;11;2;3;3;6;0;0;1;1;0;0;0;0;474569,026499999687076;5762469,258300000801682;8,629456991000040;52,012283736000029;1
39982;5230605400100087430;5;7;11;0;2023;6;7;2;3;5;3;0;0;1;1;0;0;0;0;463239,488800000399351;5765374,431600000709295;8,464074009000058;52,037767932000065;1
39984;5230605317110018800;5;9;78;36;2023;6;8;2;3;5;3;0;0;1;1;0;0;0;0;409871,642500000074506;5709638,843000000342727;7,700661877000073;51,530657089000044;1
39985;5230605316300977914;5;9;74;28;2023;6;9;2;3;5;2;0;0;1;1;0;0;0;0;454580,750699999742210;5725623,953500000759959;8,343073380000021;51,679746379000051;1
39991;5230605310120086087;5;9;54;32;2023;6;10;2;3;5;3;0;0;1;1;0;0;0;0;384907,544999999925494;5695752,229000000283122;7,345431951000023;51,401307276000068;1
39992;5230605310110599411;5;9;54;16;2023;6;16;2;2;5;2;0;0;1;1;0;0;0;0;373084,157399999909103;5695850,870899999514222;7,175512040000058;51,399671650000073;1
40011;5230605300000378261;5;9;11;0;2023;6;11;2;3;5;2;0;0;1;1;0;0;0;0;375954,075100000016391;5707469,706100000068545;7,212672794000071;51,504729991000033;1
40019;5230604701500570520;5;5;62;24;2023;6;12;1;3;5;2;0;0;1;1;0;0;0;0;365036,461000000126660;5721180,130999999120831;7,050194473000033;51,625436106000052;1
40023;5230604609108573747;5;3;58;8;2023;6;12;1;3;0;7;0;0;1;0;0;0;0;0;323968,403699999675155;5626324,666899999603629;6,503933443000051;50,761955674000035;1
40027;5230604608200269678;5;3;34;2;2023;6;15;1;2;0;1;0;0;1;0;0;0;0;0;301162,716500000096858;5616882,638399999588728;6,186036619000049;50,669781912000076;1
40030;5230604606700062872;5;3;78;12;2023;6;14;1;2;8;1;0;0;1;0;0;0;0;0;376219,792200000025332;5657823,766699999570847;7,233701637000024;51,058583142000032;1
40032;5230604605116990382;5;3;74;16;2023;6;20;1;2;0;1;1;0;1;0;0;0;0;0;384741,915000000037253;5666640,059000000357628;7,352438609000046;51,139603570000077;1
40050;5230604601200126410;5;3;15;0;2023;6;19;1;3;5;3;0;0;1;1;0;0;0;0;355489,671000000089407;5639657,092700000852346;6,945300007000071;50,890481329000067;1
40052;5230604600140590865;5;3;14;0;2023;6;15;1;3;2;6;0;0;1;0;0;0;0;0;369259,711500000208616;5621135,382099999114871;7,147569616000055;50,727287938000075;1
40057;5230604518200977933;5;1;70;24;2023;6;16;1;2;9;1;0;0;1;0;0;0;0;0;333586,349000000394881;5702119,268999999389052;6,605234327000062;51,445777148000047;1
40058;5230604516400981651;5;1;58;24;2023;6;17;1;3;5;3;0;0;1;1;0;0;0;0;360467,686599999666214;5683890,082100000232458;6,998945013000025;51,289223548000052;1
40061;5230604515210585967;5;1;54;12;2023;6;12;1;3;0;1;0;0;1;0;0;0;0;0;310994,634200000204146;5713155,663000000640750;6,274591945000054;51,537814185000059;1
40064;5230604514213589523;5;1;66;8;2023;6;18;1;2;5;3;0;0;1;0;0;1;0;0;313528,254999999888241;5690258,278999999165535;6,323138891000042;51,332993311000052;1
40065;5230605608324267523;5;3;34;24;2023;6;8;2;3;5;3;0;0;1;0;0;0;0;1;303106,910000000149012;5612692,844000000506639;6,215743326000052;50,632808192000027;1
40068;5230604506100977928;5;1;16;0;2023;6;17;1;3;5;3;0;0;1;1;0;0;0;0;320064,579499999992549;5669043,377399999648333;6,427524028000050;51,144525181000063;1
40069;5230604503400986275;5;1;22;0;2023;6;13;1;3;2;6;0;0;1;1;0;0;0;0;367512,490399999544024;5668255,117300000041723;7,105692463000025;51,150391113000069;1
40071;5230604503400278725;5;1;22;0;2023;6;17;1;3;0;3;0;0;1;1;0;0;0;0;360971,799200000241399;5667212,229699999094009;7,012635155000055;51,139467368000055;1
40076;5230604501320977935;5;1;12;0;2023;6;17;1;3;0;1;0;0;1;0;0;0;0;0;337910,855999999679625;5691961,140000000596046;6,672050077000051;51,355766227000061;1
40077;5230604501314986278;5;1;12;0;2023;6;13;1;3;5;2;0;0;1;1;0;0;0;0;345387,099999999627471;5700338,880999999120831;6,775687005000066;51,433124891000034;1
40078;5230604501131595945;5;1;12;0;2023;6;18;1;3;1;5;0;0;1;1;0;0;0;0;342638,932799999602139;5711826,056199999526143;6,731065056000034;51,535577310000065;1
40084;5230604500200977940;5;1;11;0;2023;6;16;1;3;0;1;0;0;1;0;0;0;0;0;344930,203599999658763;5688322,713400000706315;6,774364059000050;51,325033466000036;1
40086;5230606600140695272;5;3;14;0;2023;6;9;3;3;0;1;0;0;1;0;0;0;0;0;366775,299499999731779;5625245,719100000336766;7,110902186000033;50,763667267000073;1
40088;5230604405112578115;5;7;54;12;2023;6;17;1;2;5;3;0;0;1;1;0;0;0;0;457895,689299999736249;5768391,891300000250340;8,385800231000076;52,064515931000074;1
40089;5230604404301977953;5;7;66;44;2023;6;12;1;2;0;1;0;0;1;0;0;0;0;0;490622,307000000029802;5763015,581000000238419;8,863345653000067;52,017699159000074;1
40092;5230604404103684938;5;7;66;16;2023;6;15;1;3;4;6;0;0;1;0;0;0;0;0;501178,211500000208616;5754386,756699999794364;9,017139619000034;51,940195483000082;1
40093;5230604404101977955;5;7;66;20;2023;6;10;1;2;0;1;0;0;1;0;0;0;0;0;487472,378899999894202;5752357,260299999266863;8,817833214000075;51,921808448000036;1
40095;5230610307000899425;5;9;62;32;2023;6;13;7;3;1;5;0;0;1;1;0;0;0;0;403874,995799999684095;5675346,517999999225140;7,623515068000074;51,221403814000041;1
40096;5230604400300977932;5;7;11;0;2023;6;15;1;3;5;3;0;0;1;1;0;0;0;0;465168,167000000365078;5755201,460999999195337;8,493224272000020;51,946431165000035;1
40098;5230604315110190111;5;9;70;40;2023;6;19;1;3;4;6;0;0;1;1;0;0;0;0;431415,402200000360608;5638501,368000000715256;8,024796823000031;50,894099225000048;1
40099;5230605505100986307;5;1;14;0;2023;6;14;2;3;5;3;0;0;1;0;0;0;1;0;335158,495199999772012;5687209,161100000143051;6,634755193000046;51,312281159000065;1
40100;5230604314130384958;5;9;66;28;2023;6;13;1;3;0;5;0;0;1;1;0;0;0;1;418982,272800000384450;5649028,257899999618530;7,845704389000048;50,987133660000040;1
40101;5230604307000977950;5;9;62;8;2023;6;13;1;3;3;6;0;0;1;1;0;0;0;0;422026,983599999919534;5684945,185699999332428;7,881294229000048;51,310467684000059;1
40102;5230604307000299543;5;9;62;52;2023;6;16;1;2;3;6;0;0;1;1;0;0;0;0;417124,734699999913573;5678688,244500000029802;7,812427361000061;51,253524106000043;1
40105;5230604303100977958;5;9;15;0;2023;6;9;1;2;0;1;0;0;1;0;0;0;0;0;422896,820000000298023;5726833,759999999776483;7,884616243000039;51,687166097000045;1
40106;5230613518200291602;5;1;70;24;2023;6;16;3;3;5;3;0;0;1;1;0;0;0;0;334274,095999999903142;5704530,962999999523163;6,613992076000045;51,467645450000077;1
40107;5230604303100587666;5;9;15;0;2023;6;13;1;3;3;2;0;0;1;1;0;0;0;0;422432,797000000253320;5726448,916999999433756;7,877990548000071;51,683642551000048;1
40108;5230604303100080472;5;9;15;0;2023;6;21;1;3;5;2;1;0;1;1;0;0;0;0;417817,014999999664724;5725836,299000000581145;7,811382537000043;51,677478821000079;1
40116;5230604301101971318;5;9;13;0;2023;6;15;1;3;5;3;0;0;1;1;0;0;0;0;392241,642300000414252;5706218,318099999800324;7,447636314000022;51,496822591000068;1
40119;5230606410220496541;5;7;70;8;2023;6;8;3;3;4;2;0;0;1;1;0;0;0;0;470440,824199999682605;5800498,563699999824166;8,565992879000021;52,353978688000041;1
40121;5230603711200296601;5;5;70;4;2023;6;8;7;3;5;3;0;0;1;0;0;0;0;1;423925,408300000242889;5734256,431399999186397;7,897871659000032;51,754034191000073;1
40123;5230603709500396953;5;5;66;76;2023;6;11;7;3;5;3;0;0;1;1;0;0;0;0;397500,563799999654293;5790366,319499999284744;7,498378505000062;52,254132154000047;1
40125;5230603705000977965;5;5;54;8;2023;6;22;7;2;0;1;1;0;1;0;0;0;0;0;335936,341900000348687;5747343,135999999940395;6,617808141000069;51,852744410000071;1
40127;5230614513210732054;5;1;62;24;2023;6;16;4;3;5;3;0;0;1;1;0;0;0;0;337944,839700000360608;5674581,779999999329448;6,680418965000058;51,199628101000030;1
40131;5230603701300298943;5;5;62;14;2023;6;19;7;2;5;3;0;0;1;1;0;0;0;0;361929,968999999575317;5712918,855000000447035;7,008593741000027;51,550445440000033;1
40133;5230606709700977860;5;5;66;20;2023;6;17;3;3;5;3;0;0;1;1;0;0;0;0;404983,373999999836087;5803843,783999999985099;7,604159192000054;52,376608238000074;1
40135;5230603700000491370;5;5;13;0;2023;6;14;7;3;6;7;0;0;1;0;1;0;0;0;364589,741499999538064;5714248,981000000610948;7,046419632000038;51,563043090000065;1
40140;5230603609220854052;5;3;58;20;2023;6;12;7;2;2;6;0;0;1;0;0;0;1;0;315058,927699999883771;5635588,611099999397993;6,373072920000027;50,842406244000074;1
40143;5230603608436980840;5;3;34;36;2023;6;12;7;3;5;3;0;0;1;1;0;0;0;0;299009,186999999918044;5632053,184000000357628;6,147327452000070;50,805301073000066;1
40146;5230603608312477507;5;3;34;12;2023;6;15;7;3;0;1;0;0;1;0;0;0;0;0;308696,468399999663234;5631813,337600000202656;6,284775477000039;50,806425962000048;1
40149;5230603608100280841;5;3;34;2;2023;6;13;7;3;0;7;0;0;1;0;0;0;0;0;294512,269899999722838;5626015,431099999696016;6,086963159000049;50,749497632000043;1
40154;5230603605112499068;5;3;74;12;2023;6;13;7;2;0;1;0;0;1;0;0;0;0;0;393002,746100000105798;5654146,362500000745058;7,474176707000026;51,028899149000040;1
40164;5230603601600293578;5;3;15;0;2023;6;2;7;3;0;1;2;0;1;0;0;0;0;0;358557,106599999591708;5642743,732799999415874;6,987688903000048;50,918980544000078;1
40177;5230603600120977981;5;3;82;24;2023;6;14;7;3;5;3;0;0;1;1;0;0;0;0;372240,991000000387430;5617901,214999999850988;7,190907616000061;50,698881051000058;1
40179;5230613709700168340;5;5;66;28;2023;6;19;3;3;9;1;0;0;1;0;0;0;0;0;412498,006000000052154;5792225,404400000348687;7,717544907000047;52,273431889000051;1
40180;5230603518120291103;5;1;70;44;2023;6;16;7;3;5;3;0;0;1;1;0;0;0;0;338000,085799999535084;5719297,618499999865890;6,660793960000035;51,601390817000038;1
40181;5230603518120091103;5;1;70;44;2023;6;17;7;3;0;1;0;0;1;0;0;0;0;0;340420,455199999734759;5717443,864299999549985;6,696555355000044;51,585427070000037;1
40184;5230603516500977763;5;1;58;16;2023;6;17;7;2;0;7;0;0;1;0;0;0;0;0;353214,216000000014901;5669825,857999999076128;6,900754768000070;51,161017825000044;1
40192;5230603514119491573;5;1;66;16;2023;6;2;7;3;8;1;2;0;1;0;0;0;0;0;307625,634899999946356;5686461,077500000596046;6,240557154000044;51,296922491000032;1
40196;5230603506100986267;5;1;16;0;2023;6;12;7;3;0;1;0;0;1;0;0;0;0;0;321909,669900000095367;5667928,538300000131130;6,454425801000070;51,135087077000037;1
40197;5230603506100977997;5;1;16;0;2023;6;13;7;3;6;6;0;0;1;0;1;0;0;0;323857,346099999733269;5669694,376299999654293;6,481372706000059;51,151553002000071;1
40204;5230603503100977983;5;1;24;0;2023;6;16;7;3;0;7;0;0;1;0;0;0;0;0;368858,746700000017881;5680528,761499999091029;7,120444224000039;51,261008725000067;1
40207;5230603502408062164;5;1;17;0;2023;6;19;7;2;0;1;0;0;1;0;0;0;0;0;347951,479000000283122;5696796,928999999538064;6,814069141000061;51,401993335000043;1
40208;5230603515211978012;5;1;54;56;2023;6;1;7;2;8;1;2;0;1;0;0;0;0;0;311176,405399999581277;5732038,685399999842048;6,267032792000066;51,707469849000063;1
40209;5230603502407089737;5;1;17;0;2023;6;19;7;2;0;1;0;0;1;0;0;0;0;0;353877,902200000360608;5694441,436000000685453;6,900177378000024;51,382384896000076;1
40212;5230614705000986550;5;5;54;4;2023;6;10;4;3;7;7;0;0;1;0;0;0;0;1;362905,815399999730289;5772428,191099999472499;6,999104023000029;52,085423299000070;1
40213;5230610701800981347;5;5;62;4;2023;6;12;7;3;5;3;0;0;1;1;0;0;0;0;385207,743099999614060;5717329,382899999618530;7,342725222000070;51,595303167000054;1
40215;5230614607000036996;5;3;82;56;2023;6;11;4;3;3;6;0;0;1;0;0;0;0;0;373174,442400000058115;5627961,202700000256300;7,200655134000044;50,789509231000068;1
40220;5230603501121986247;5;1;12;0;2023;6;9;7;3;5;3;0;0;1;1;0;0;0;0;343042,605999999679625;5706489,885999999940395;6,739256123000075;51,487745812000071;1
40227;5230603500300978000;5;1;11;0;2023;6;13;7;3;5;3;0;0;1;0;0;0;0;0;346690,489000000059605;5670812,755999999120831;6,807107217000066;51,168174851000060;1
40233;5230603410110977974;5;7;70;24;2023;6;19;7;3;5;3;0;0;1;1;0;0;0;0;498714,373999999836087;5795472,346999999135733;8,981142533000025;52,309586194000076;1
40237;5230603405108977978;5;7;54;8;2023;6;19;7;1;5;2;0;0;1;1;0;0;0;0;457993,551599999889731;5751832,482000000774860;8,389256461000059;51,915646641000080;1
40242;5230603400200977985;5;7;11;0;2023;6;13;7;3;5;3;0;0;1;0;0;1;0;0;472374,724299999885261;5762432,012499999254942;8,597488647000034;52,011843973000055;1
40246;5230603316200594500;5;9;74;52;2023;6;13;7;3;0;3;0;0;1;1;0;0;0;0;425033,900000000372529;5711492,450999999418855;7,918808078000040;51,549538106000057;1
40252;5230603314310976500;5;9;66;20;2023;6;12;7;3;8;1;0;0;1;0;0;0;0;0;434821,292500000447035;5663906,571200000122190;8,068654486000071;51,122919578000051;1
40257;5230603313122641383;5;9;58;8;2023;6;17;7;3;4;2;0;0;1;1;0;0;0;0;459064,476999999955297;5690761,661499999463558;8,411971572000027;51,366636776000064;1
40258;5230614506100977620;5;1;16;0;2023;6;8;4;3;4;2;0;0;1;1;0;0;0;0;321342,358699999749660;5668163,090800000354648;6,446209118000070;51,137017446000073;1
40259;5230603310220199521;5;9;54;8;2023;6;12;7;3;2;2;0;0;1;1;0;0;0;0;384648,030100000090897;5679704,878399999812245;7,346898675000034;51,257017225000027;1
40264;5230603302100099357;5;9;14;0;2023;6;22;7;3;0;1;2;0;1;1;0;0;0;0;393016,473299999721348;5691277,039999999105930;7,463307018000023;51,362668751000058;1
40267;5230603301302977977;5;9;13;0;2023;6;16;7;3;0;1;0;0;1;0;0;0;0;0;395896,953399999998510;5708162,764699999243021;7,499700862000054;51,514985506000073;1
40268;5230603301102977972;5;9;13;0;2023;6;19;7;3;5;2;0;0;1;1;0;0;0;0;394182,497399999760091;5697441,230900000780821;7,478211834000035;51,418295404000048;1
40276;5230602711100091798;5;5;70;52;2023;6;7;6;3;3;6;0;0;1;0;0;0;0;0;430349,679999999701977;5755577,331000000238419;7,986630781000031;51,946540263000031;1
40277;5230606701120885430;5;5;62;32;2023;6;14;3;3;5;3;0;0;1;1;0;0;0;0;376783,912399999797344;5714769,920700000599027;7,222068111000056;51,570521060000033;1
40279;5230602709700978030;5;5;66;28;2023;6;14;6;3;8;1;0;0;1;0;0;0;0;0;411977,700000000186265;5791972,846999999135733;7,709987148000039;52,271078783000064;1
40283;5230602706000385478;5;5;58;12;2023;6;13;6;3;5;3;0;0;1;1;0;0;0;0;374128,885099999606609;5755350,355699999257922;7,169086498000070;51,934622084000068;1
40284;5230602706000364170;5;5;58;40;2023;6;12;6;3;5;2;0;0;1;1;0;0;0;0;375463,268099999986589;5764332,059699999168515;7,185226705000048;52,015636276000066;1
40293;5230603601100099072;5;3;15;0;2023;6;9;7;3;5;3;0;0;1;1;0;0;0;0;356590,182300000451505;5643013,034399999305606;6,959618379000062;50,920915261000061;1
40294;5230602700000080915;5;5;13;0;2023;6;12;6;3;0;2;0;0;1;1;0;0;0;0;367722,220999999903142;5707878,266000000759959;7,093978518000029;51,506534878000082;1
40296;5230602609116673728;5;3;58;16;2023;6;16;6;2;5;3;0;0;1;1;0;0;0;0;317156,315000000409782;5620065,505999999120831;6,410547960000031;50,703618909000056;1
40300;5230602608200773695;5;3;34;2;2023;6;8;6;3;5;3;0;0;1;1;0;0;0;0;296865,766400000080466;5630530,671700000762939;6,117788599000050;50,790879338000082;1
40301;5230602607500978580;5;3;82;56;2023;6;19;6;3;5;2;0;0;1;1;0;0;0;0;370710,820000000298023;5628399,207000000402331;7,165567160000023;50,792901868000058;1
40304;5230602607400078225;5;3;82;68;2023;6;11;6;3;5;7;0;0;1;1;0;0;0;0;368063,759200000204146;5631975,994599999859929;7,126744574000043;50,824453498000082;1
40317;5230602602200978020;5;3;62;4;2023;6;17;6;3;0;7;0;0;1;0;0;0;0;0;334878,267500000074506;5653054,659299999475479;6,646412360000056;51,005335018000039;1
40327;5230612404102943050;5;7;66;40;2023;6;10;2;3;3;6;0;0;1;1;0;0;0;0;485806,574000000022352;5760266,243000000715256;8,793283776000067;51,992877862000057;1