OID_;UIDENTSTLAE;ULAND;UREGBEZ;UKREIS;UGEMEINDE;UJAHR;UMONAT;USTUNDE;UWOCHENTAG;UKATEGORIE;UART;UTYP1;ULICHTVERH;IstStrassenzustand;IstRad;IstPKW;IstFuss;IstKrad;IstGkfz;IstSonstige;LINREFX;LINREFY;XGCSWGS84;YGCSWGS84;PLST
40331;5230602601600986223;5;3;15;0;2023;6;12;6;3;5;3;0;0;1;1;0;0;0;0;362401,481300000101328;5645121,922900000587106;7,041450551000025;50,941283711000040;1
40333;5230602601600678557;5;3;15;0;2023;6;14;6;3;3;5;0;0;1;1;0;0;0;0;359402,213600000366569;5644785,583399999886751;6,998916924000071;50,937537441000075;1
40335;5230607307000578400;5;9;62;52;2023;6;21;4;3;5;3;1;1;1;1;0;0;0;0;421038,578999999910593;5673639,390000000596046;7,869612121000046;51,208688398000049;1
40338;5230602601300777184;5;3;15;0;2023;6;15;6;3;0;3;0;0;1;0;0;0;0;1;355374,485100000165403;5646702,130400000140071;6,940869514000042;50,953764957000033;1
40343;5230602601200024758;5;3;15;0;2023;6;12;6;3;5;3;0;0;1;0;0;0;0;1;359255,478500000201166;5637403,898399999365211;6,999675808000063;50,871161299000050;1
40346;5230606405220986335;5;7;54;20;2023;6;7;3;2;0;3;0;0;1;1;0;0;0;0;444392,827999999746680;5750545,515000000596046;8,191738123000050;51,902884517000075;1
40347;5230602600110086322;5;3;14;0;2023;6;18;6;3;0;1;0;0;1;0;0;0;0;0;364304,358599999919534;5621522,620400000363588;7,077257208000049;50,729632108000033;1
40350;5230607500200090820;5;1;11;0;2023;6;17;4;3;5;2;0;0;1;1;0;0;0;0;349714,041000000201166;5677587,166999999433756;6,847485958000050;51,229851118000056;1
40351;5230602518200789300;5;1;70;24;2023;6;15;6;2;1;7;0;0;1;1;0;0;0;1;338085,902499999850988;5702420,266899999231100;6,669788804000063;51,449785639000027;1
40352;5230602516400486726;5;1;58;24;2023;6;14;6;3;0;1;0;0;1;0;0;0;0;0;360792,826600000262260;5681149,668800000101328;7,004672386000038;51,264676088000044;1
40360;5230602506100986241;5;1;16;0;2023;6;22;6;3;5;2;2;0;1;1;0;0;0;0;319744,506000000052154;5674607,871999999508262;6,420163727000045;51,194411042000070;1
40369;5230602502402775755;5;1;17;0;2023;6;15;6;3;5;2;0;0;1;1;0;0;0;0;354107,270200000144541;5701164,539599999785423;6,900704880000035;51,442856557000027;1
40370;5230614608200080726;5;3;34;2;2023;6;13;4;3;5;3;0;0;1;1;0;0;0;0;298187,649000000208616;5628198,485799999907613;6,137799353000048;50,770394217000046;1
40372;5230602502338981138;5;1;13;0;2023;6;11;6;3;3;2;0;0;1;1;0;0;0;0;364491,394000000320375;5705897,201999999582767;7,048214298000062;51,487966557000050;1
40373;5230602502212081111;5;1;13;0;2023;6;18;6;3;8;7;0;0;1;0;0;0;0;1;361933,319000000134110;5699881,328600000590086;7,013741878000076;51,433286895000037;1
40376;5230602501319195916;5;1;12;0;2023;6;13;6;3;0;2;0;0;1;1;0;0;0;0;344365,794999999925494;5696833,989299999549985;6,762544920000039;51,401353878000066;1
40380;5230602500300001984;5;1;11;0;2023;6;15;6;3;0;1;0;0;1;0;0;0;0;0;351952,413700000382960;5669862,753399999812245;6,882707168000024;51,161024245000078;1
40381;5230605300100978000;5;9;11;0;2023;6;14;2;3;5;3;0;0;1;1;0;0;0;0;374524,724499999545515;5700787,492200000211596;7,194461979000039;51,444359437000060;1
40383;5230602500200001156;5;1;11;0;2023;6;12;6;3;1;5;0;0;1;1;0;0;0;0;350192,468000000342727;5678414,673399999737740;6,853987173000064;51,237412729000027;1
40386;5230613513310289768;5;1;62;8;2023;6;16;3;3;0;1;0;0;1;0;0;0;0;0;333710,806099999696016;5666694,278000000864267;6,623516532000053;51,127546314000028;1
40389;5230602410270097000;5;7;70;16;2023;6;12;6;3;4;2;0;0;1;1;0;0;0;0;477047,540300000458956;5793184,879300000146031;8,663494071000059;52,288542832000076;1
40392;5230602405108978038;5;7;54;8;2023;6;9;6;3;5;3;0;0;1;0;0;0;0;1;457426,336500000208616;5751177,279699999839067;8,381091067000057;51,909712924000075;1
40395;5230602317240571241;5;9;78;40;2023;6;20;6;3;5;3;0;0;1;1;0;0;0;0;405019,114400000311434;5725178,561300000175834;7,626518059000034;51,669548077000059;1
40397;5230602317140978033;5;9;78;28;2023;6;10;6;3;3;2;0;0;1;0;0;0;0;1;399773,821100000292063;5700089,075099999085069;7,557844653000075;51,443113030000063;1
40400;5230602316200058610;5;9;74;52;2023;6;15;6;2;0;1;0;0;1;0;0;0;0;0;426323,144500000402331;5711453,627299999818206;7,937406752000072;51,549358911000070;1
40404;5230602315110293700;5;9;70;40;2023;6;18;6;3;2;3;0;0;1;1;0;0;0;0;431968,652300000190735;5638830,270700000226498;8,032601002000035;50,897121956000035;1
40413;5230602303100094280;5;9;15;0;2023;6;11;6;3;3;2;0;0;1;1;0;0;0;0;417222,905600000172853;5725385,280999999493361;7,802898822000031;51,673337148000030;1
40419;5230602709700978023;5;5;66;16;2023;6;15;6;3;5;3;0;0;1;1;0;0;0;0;407458,915000000037253;5789188,244000000879169;7,644544962000055;52,245308705000070;1
40422;5230602301101986227;5;9;13;0;2023;6;12;6;3;5;2;0;0;1;1;0;0;0;0;394150,605399999767542;5708176,393799999728799;7,474538488000064;51,514783494000028;1
40428;5230601709300986202;5;5;66;84;2023;6;15;5;3;5;3;0;0;1;1;0;0;0;0;386650,276999999769032;5780010,702999999746680;7,342956592000064;52,158939290000035;1
40432;5230601706000978064;5;5;58;36;2023;6;14;5;3;4;6;0;0;1;0;0;0;0;0;390149,270200000144541;5731631,254200000315905;7,409541836000074;51,724834054000041;1
40433;5230607514210685961;5;1;66;12;2023;6;12;4;3;5;3;0;1;1;0;0;0;0;0;320112,911199999973178;5693312,700099999085069;6,416014998000037;51,362551669000027;1
40447;5230601701400594972;5;5;12;0;2023;6;10;5;3;0;7;0;0;1;1;0;0;0;0;355958,446600000374019;5711242,572499999776483;6,923211207000065;51,533889991000080;1
40448;5230601701300389660;5;5;62;14;2023;6;11;5;3;5;2;0;0;1;1;0;0;0;0;361599,833599999547005;5712390,896400000900030;7,004042941000023;51,545620222000082;1
40450;5230601610221285736;5;3;70;20;2023;6;10;5;3;5;2;0;0;1;1;0;0;0;0;305927,555800000205636;5655082,993300000205636;6,233150660000035;51,014517695000052;1
40451;5230601609108899706;5;3;58;8;2023;6;13;5;3;5;3;0;0;1;1;0;0;0;0;323314,259999999776483;5626522,731000000610948;6,494572276000042;50,763536337000062;1
40452;5230601608416175493;5;3;34;16;2023;6;13;5;3;8;1;0;0;1;0;0;0;0;0;295753,756699999794364;5636201,919299999251962;6,098875586000077;50,841423606000035;1
40456;5230601607100574787;5;3;82;60;2023;6;6;5;3;5;3;0;0;1;1;0;0;0;0;372670,854700000025332;5630115,589500000700355;7,192767272000026;50,808763185000032;1
40459;5230601606700076800;5;3;78;12;2023;6;19;5;3;2;6;0;0;1;1;0;0;0;0;374530,002100000157952;5655858,335500000044703;7,210282629000062;51,040551015000062;1
40460;5230601606100986200;5;3;78;4;2023;6;13;5;3;5;3;0;0;1;1;0;0;0;0;367998,648000000044703;5649432,870999999344349;7,119508742000050;50,981337897000060;1
40472;5230601602100978066;5;3;62;8;2023;6;11;5;3;0;1;0;0;1;0;0;0;0;0;341591,789900000207126;5651400,984600000083447;6,742744844000072;50,992363678000061;1
40478;5230601601500193410;5;3;15;0;2023;6;14;5;3;5;3;0;0;1;1;0;0;0;0;361164,375000000000000;5649466,539999999105930;7,022195352000040;50,980033112000058;1
40481;5230604503100977930;5;1;24;0;2023;6;19;1;3;0;1;0;0;1;0;0;0;0;0;370623,543999999761581;5678050,530999999493361;7,146619385000065;51,239139127000044;1
40482;5230601601300986220;5;3;15;0;2023;6;17;5;3;0;2;0;0;1;1;0;0;0;0;347357,483099999837577;5645445,015000000596046;6,827338456000064;50,940400925000063;1
40483;5230601601300299176;5;3;15;0;2023;6;18;5;3;5;6;0;0;1;1;0;0;0;0;354157,582499999552965;5644821,025200000032783;6,924309023000035;50,936553420000052;1
40485;5230601601200481913;5;3;15;0;2023;6;13;5;3;4;3;0;0;1;0;0;0;0;0;354171,661999999545515;5644705,275000000372529;6,924555590000068;50,935516769000060;1
40486;5230601601100400000;5;3;15;0;2023;6;8;5;3;6;4;0;0;1;0;1;0;0;0;356701,719800000078976;5644122,391200000420213;6,960768220000034;50,930912667000030;1
40487;5230607711300402633;5;5;70;8;2023;6;7;4;3;5;2;0;0;1;1;0;0;0;0;434164,512699999846518;5734232,069700000807643;8,046191096000030;51,755112339000050;1
40490;5230601600140986182;5;3;14;0;2023;6;8;5;3;5;2;0;0;1;1;0;0;0;0;367953,396999999880791;5625277,048000000417233;7,127586552000025;50,764218166000035;1
40492;5230610502405595766;5;1;17;0;2023;6;12;7;3;6;7;0;0;1;0;1;0;0;0;354799,119400000199676;5700123,091000000014901;6,911080082000069;51,433676046000073;1
40495;5230601518200791441;5;1;70;24;2023;6;16;5;2;0;1;0;0;1;0;0;0;0;0;334560,188500000163913;5704006,195499999448657;6,618352786000059;51,463014641000029;1
40499;5230601515211096058;5;1;54;56;2023;6;17;5;3;5;3;1;0;1;1;0;0;0;0;310831,542299999855459;5727025,592100000008941;6,264763987000038;51,662330215000054;1
40502;5230601514217978060;5;1;66;36;2023;6;17;5;3;5;3;0;0;1;0;0;0;0;1;326058,598100000061095;5683186,078999999910593;6,506273586000020;51,273431211000059;1
40504;5230601514115986186;5;1;66;24;2023;6;10;5;3;6;7;0;0;1;0;1;0;0;0;307818,567699999548495;5679351,675699999555945;6,247141384000031;51,233133206000048;1
40506;5230601513210586056;5;1;62;24;2023;6;6;5;3;0;6;1;0;1;0;0;0;0;0;335557,670900000259280;5672169,917999999597669;6,647384993000060;51,177276383000049;1
40507;5230601506100986210;5;1;16;0;2023;6;17;5;3;0;7;0;0;1;0;0;0;0;0;319571,391300000250340;5671532,312100000679493;6,419232914000077;51,166728395000064;1
40510;5230601503400986181;5;1;22;0;2023;6;7;5;3;0;3;0;0;1;1;0;0;0;0;366269,977099999785423;5669847,475400000810623;7,087345721000077;51,164413040000056;1
40513;5230601503100986215;5;1;24;0;2023;6;19;5;3;3;2;0;0;1;1;0;0;0;0;371024,667299999855459;5678752,158500000834465;7,152109728000028;51,245535789000030;1
40515;5230610601300599152;5;3;15;0;2023;6;13;7;3;0;1;0;0;1;0;0;0;0;0;350175,872000000439584;5648709,496899999678135;6,866080751000027;50,970475845000067;1
40516;5230601502407991727;5;1;17;0;2023;6;20;5;2;0;1;0;0;1;0;0;0;0;0;351536,986999999731779;5695127,887000000104308;6,866275556000062;51,387945689000048;1
40517;5230601502407081455;5;1;17;0;2023;6;18;5;3;0;7;0;0;1;1;0;0;0;0;351679,280199999921024;5695390,207000000402331;6,868209507000074;51,390340016000039;1
40520;5230601502402075755;5;1;17;0;2023;6;14;5;2;0;1;0;0;1;0;0;0;0;0;352341,646999999880791;5699423,529999999329448;6,876043372000026;51,426754942000059;1
40524;5230612600320087421;5;3;82;72;2023;6;18;2;2;2;2;0;0;1;1;0;0;0;0;368583,653599999845028;5607553,090500000864267;7,142819840000072;50,605054012000039;1
40527;5230604405232986280;5;7;54;32;2023;6;14;1;3;5;3;0;0;1;1;0;0;0;0;457094,838200000114739;5739400,525499999523163;8,377734558000043;51,803806852000037;1
40535;5230615500200550580;5;1;11;0;2023;6;7;5;3;1;6;0;0;1;1;0;0;0;0;351826,154299999587238;5681769,360400000587106;6,875983579000035;51,267984310000031;1
40537;5230601500200874083;5;1;11;0;2023;6;15;5;3;5;7;0;0;1;1;0;0;0;0;350951,821000000461936;5676452,325999999418855;6,865673078000043;51,219978143000048;1
40541;5230601500100865294;5;1;11;0;2023;6;18;5;3;5;2;0;0;1;1;0;0;0;0;346413,025999999605119;5676001,059000000357628;6,800922706000051;51,214720334000049;1
40542;5230604300800094000;5;9;54;36;2023;6;13;1;3;0;1;0;0;1;0;0;0;0;0;383624,367700000293553;5701365,840700000524521;7,325149433000036;51,451500603000056;1
40551;5230613701400391092;5;5;12;0;2023;6;19;3;3;5;3;0;0;1;1;0;0;0;0;357266,052899999544024;5711271,488800000399351;6,942039387000023;51,534481929000037;1
40552;5230605503200977884;5;1;24;0;2023;6;21;2;3;6;4;1;0;1;0;1;0;0;0;378175,825500000268221;5682694,911900000646710;7,253172013000039;51,282545169000059;1
40554;5230601400200978056;5;7;11;0;2023;6;13;5;3;5;3;0;0;1;1;0;0;0;0;467504,780000000260770;5763322,530999999493361;8,526449505000073;52,019586498000081;1
40556;5230601317210894400;5;9;78;20;2023;6;17;5;2;5;3;0;0;1;1;0;0;0;0;406876,704199999570847;5714898,285700000822544;7,656105104000062;51,577449083000033;1
40557;5230611313122687422;5;9;58;8;2023;6;11;1;3;1;5;0;0;1;1;0;0;0;1;456667,762400000356138;5689670,889900000765920;8,377678424000067;51,356651371000055;1
40558;5230601317140366933;5;9;78;28;2023;6;19;5;3;4;6;0;0;1;0;0;0;0;1;400412,598500000312924;5699723,621300000697374;7,567135748000055;51,439940647000071;1
40560;5230601316100986183;5;9;74;40;2023;6;8;5;3;5;2;0;0;1;0;0;0;0;0;437559,061900000087917;5712944,988399999216199;8,099166720000028;51,564122461000068;1
40561;5230601315110093802;5;9;70;40;2023;6;19;5;2;4;1;0;0;1;1;0;0;0;0;428881,023000000044703;5639526,837600000202656;7,988566687000059;50,903012928000066;1
40564;5230601314310385204;5;9;66;20;2023;6;19;5;3;3;2;0;0;1;1;0;0;0;0;434433,555100000463426;5664164,077099999412894;8,063068016000045;51,125190590000045;1
40567;5230601310220499556;5;9;54;8;2023;6;18;5;3;0;1;0;0;1;0;0;0;0;0;390288,391900000162423;5683113,572699999436736;7,426650469000037;51,288770226000054;1
40570;5230601303100978054;5;9;15;0;2023;6;18;5;3;0;1;0;0;1;0;0;0;0;0;415421,513600000180304;5723643,596899999305606;7,777275471000053;51,657412065000074;1
40575;5230613608404977228;5;3;34;4;2023;6;20;3;3;0;3;0;0;1;1;0;0;0;0;300496,630599999800324;5639145,157899999991059;6,164550740000038;50,869513401000063;1
40581;5230601301201986201;5;9;13;0;2023;6;15;5;2;3;2;0;0;1;1;0;0;0;0;386896,089800000190735;5709444,475999999791384;7,369626195000023;51,524775264000027;1
40585;5230601503200695647;5;1;24;0;2023;6;8;5;3;0;7;0;0;1;1;0;0;0;0;373284,427400000393391;5680882,872899999842048;7,183714148000035;51,265192276000050;1
40590;5230531711100251184;5;5;70;36;2023;5;10;4;2;5;3;0;0;1;1;0;0;0;0;430662,355000000447035;5761693,776000000536442;7,989943533000030;52,001563730000044;1
40593;5230531709700989680;5;5;66;28;2023;5;15;4;3;5;2;0;0;1;1;0;0;0;0;412109,009600000455976;5792901,492399999871850;7,711669003000054;52,279446696000036;1
40596;5230608503300977800;5;1;20;0;2023;6;15;5;2;0;7;0;0;1;1;1;0;0;0;373547,717000000178814;5671803,798000000417233;7,190689124000073;51,183651134000058;1
40598;5230603705000977996;5;5;54;68;2023;6;12;7;3;0;1;0;0;1;0;0;0;0;0;350762,094999999739230;5766209,093000000342727;6,824715389000062;52,026408089000029;1
40599;5230531709300068287;5;5;66;52;2023;5;16;4;3;2;6;0;0;1;1;0;0;0;0;377604,833999999798834;5778584,365000000223517;7,211303687000054;52,144190568000056;1
40600;5230531706300987716;5;5;58;24;2023;5;18;4;3;0;1;0;0;1;0;0;0;0;0;390271,707899999804795;5738065,232499999925494;7,409282992000044;51,782685807000064;1
40604;5230531705000987723;5;5;54;64;2023;5;14;4;3;0;3;0;0;1;1;0;0;0;0;356860,813799999654293;5746758,726600000634789;6,921640321000041;51,853251682000064;1
40608;5230531705000091763;5;5;54;20;2023;5;16;4;3;4;3;0;0;1;1;0;0;0;0;368061,582299999892712;5784506,253599999472499;7,069617690000030;52,195205399000031;1
40613;5230531702100474638;5;5;15;0;2023;5;14;4;3;3;6;0;0;1;1;0;0;0;0;405593,655199999921024;5756894,849600000306964;7,626181181000049;51,954732369000055;1
40614;5230531701910201202;5;5;62;8;2023;5;8;4;3;5;3;0;0;1;1;0;0;0;0;384627,724799999967217;5722183,107999999076128;7,332757096000023;51,638808695000080;1
40617;5230531701500886130;5;5;62;24;2023;5;17;4;2;5;3;0;0;1;1;0;0;0;0;370835,048000000417233;5725496,322499999776483;7,132323529000075;51,665585421000060;1
40618;5230531701500881220;5;5;62;24;2023;5;18;4;3;0;7;0;0;1;0;0;0;0;0;370649,587000000290573;5725447,929999999701977;7,129661285000054;51,665107871000032;1
40622;5230601706000865764;5;5;58;16;2023;6;14;5;2;3;6;0;0;1;0;0;0;0;0;386809,726900000125170;5747241,107899999246001;7,356117294000057;51,864464696000027;1
40623;5230531610113085810;5;3;70;24;2023;5;19;4;3;3;2;0;0;1;1;0;0;0;0;282937,748900000005960;5653932,805500000715256;5,906561751000027;50,995974653000076;1
40627;5230531609108889816;5;3;58;8;2023;5;12;4;3;0;1;0;0;1;0;0;0;0;0;322973,831100000068545;5630185,956000000238419;6,487986197000055;50,796343715000035;1
40632;5230531608200077536;5;3;34;2;2023;5;18;4;3;5;2;0;0;1;1;0;0;0;0;296440,896700000390410;5628469,225299999117851;6,112909684000044;50,772215629000073;1
40634;5230531608100285695;5;3;34;2;2023;5;17;4;3;2;1;0;0;1;0;0;0;0;0;291052,480000000447035;5628413,428799999877810;6,036624841000048;50,769798936000029;1
40639;5230531605112699068;5;3;74;12;2023;5;12;4;3;5;2;0;0;1;1;0;0;0;0;397214,573099999688566;5648993,137499999254942;7,535677107000026;50,983342647000029;1
40643;5230531603104399940;5;3;66;4;2023;5;13;4;3;0;7;0;0;1;0;0;0;0;0;345506,612099999561906;5597296,779899999499321;6,821182344000022;50,507230627000069;1
40652;5230531601500099023;5;3;15;0;2023;5;14;4;3;0;6;0;0;1;0;0;0;0;1;364549,218000000342727;5649225,721000000834465;7,070474786000034;50,978674994000073;1
40653;5230531601300899810;5;3;15;0;2023;5;14;4;3;0;3;0;0;1;1;0;0;0;0;351293,873999999836087;5645034,339900000020862;6,883493903000044;50,937739043000079;1
40655;5230531601200987728;5;3;15;0;2023;5;12;4;3;3;6;0;0;1;1;0;0;0;0;353857,624699999578297;5642350,895999999716878;6,921032941000021;50,914279205000071;1
40657;5230531601200598994;5;3;15;0;2023;5;7;4;3;0;5;0;0;1;1;1;0;0;0;357206,881000000052154;5641145,814999999478459;6,969117345000029;50,904287546000035;1
40658;5230531601100890323;5;3;15;0;2023;5;12;4;3;5;3;0;0;1;1;0;0;0;0;356635,501600000075996;5644105,619400000199676;6,959833125000046;50,930745486000035;1
40659;5230531601100299021;5;3;15;0;2023;5;19;4;3;1;5;0;0;1;1;0;0;0;1;355332,589300000108778;5644059,495799999684095;6,941322909000064;50,930005674000029;1
40660;5230531600320987718;5;3;82;72;2023;5;17;4;2;5;3;0;0;1;1;0;0;0;0;368925,938699999824166;5610658,437999999150634;7,146557267000048;50,633043058000055;1
40664;5230531600110094874;5;3;14;0;2023;5;6;4;3;5;2;0;0;1;1;0;0;0;0;365246,588600000366569;5623066,101199999451637;7,090035878000037;50,743724103000034;1
40665;5230531518400089685;5;1;70;8;2023;5;20;4;3;5;3;1;0;1;1;0;0;0;0;343553,850700000301003;5714923,762900000438094;6,742868356000031;51,563663465000047;1
40666;5230531518310989673;5;1;70;32;2023;5;17;4;3;5;3;0;0;1;1;0;0;0;0;330122,036999999545515;5714615,229000000283122;6,549412757000027;51,557006346000037;1
40671;5230531516000987735;5;1;58;36;2023;5;13;4;3;0;7;0;0;1;0;0;0;0;0;365474,159699999727309;5682039,899000000208616;7,071395854000059;51,273800661000053;1
40674;5230531515110989685;5;1;54;36;2023;5;16;4;3;5;1;0;0;1;1;0;0;0;0;300774,463000000454485;5739065,176000000908971;6,112657240000033;51,766971205000061;1
40675;5230613505200018192;5;1;14;0;2023;6;9;3;3;0;1;0;0;1;0;0;0;0;0;330215,298999999649823;5690127,441199999302626;6,562504902000057;51,337045285000045;1
40677;5230531513210987748;5;1;62;24;2023;5;7;4;3;5;3;0;0;1;1;0;0;0;0;338460,606700000353158;5672517,302100000903010;6,688723520000053;51,181225071000028;1
40678;5230531513210978084;5;1;62;24;2023;5;7;4;3;5;3;0;0;1;0;0;0;0;0;335673,913999999873340;5672213,188400000333786;6,649026755000023;51,177698570000075;1
40687;5230531503400989670;5;1;22;0;2023;5;18;4;3;9;7;0;0;1;0;0;0;0;0;365933,244199999608099;5671495,574200000613928;7,081917938000061;51,179146001000049;1
40688;5230531503400080872;5;1;22;0;2023;5;13;4;3;3;6;0;0;1;1;0;0;0;0;362542,559999999590218;5671568,811000000685453;7,033409938000034;51,178999044000079;1
40689;5230531503200381543;5;1;24;0;2023;5;14;4;3;5;3;0;0;1;1;0;0;0;0;376377,945100000128150;5683150,676000000908971;7,227247743000021;51,286254119000034;1
40690;5230531503100989663;5;1;24;0;2023;5;21;4;3;0;1;1;0;1;0;0;0;0;0;372248,961099999956787;5684057,286699999123812;7,167745321000041;51,293491081000070;1
40695;5230610303100594401;5;9;15;0;2023;6;8;7;2;5;3;0;0;1;1;0;0;0;0;421820,296000000089407;5723437,914000000804663;7,869806467000046;51,656489550000060;1
40697;5230531502409095597;5;1;17;0;2023;5;18;4;2;5;3;0;0;1;1;0;0;0;0;348664,362499999813735;5700197,416699999943376;6,822858268000061;51,432738588000063;1
40701;5230614501328291608;5;1;12;0;2023;6;21;4;2;0;3;0;0;1;1;0;0;0;0;342266,987999999895692;5693313,962099999189377;6,733960229000047;51,369147217000034;1
40716;5230531500200987741;5;1;11;0;2023;5;10;4;3;5;3;0;0;1;1;0;0;0;0;344484,500000000000000;5679248,968000000342727;6,771922565000068;51,243381968000051;1
40719;5230531411132989668;5;7;74;32;2023;5;18;4;3;3;2;0;0;1;1;0;0;0;0;482673,530000000260770;5728071,978599999099970;8,749267404000022;51,703326925000056;1
40720;5230531410230989675;5;7;70;4;2023;5;18;4;2;5;2;0;0;1;1;0;0;0;0;486378,866000000387430;5781273,476999999955297;8,800779413000043;52,181763412000066;1
40723;5230613602900048402;5;3;62;40;2023;6;17;3;3;5;3;0;0;1;1;0;0;0;0;357282,861100000329316;5632587,821499999612570;6,973535620000064;50,827395058000036;1
40726;5230531407228987736;5;7;62;32;2023;5;10;4;3;8;1;0;0;1;0;0;0;0;0;502049,151899999938905;5744210,686400000005960;9,029748838000046;51,848698693000074;1
40727;5230531405244487133;5;7;54;44;2023;5;13;4;3;3;3;0;0;1;1;0;0;0;0;465988,495099999941885;5747882,646299999207258;8,505881685000077;51,880680251000058;1
40729;5230531405152989678;5;7;54;52;2023;5;15;4;3;5;3;0;0;1;1;0;0;0;0;460193,555999999865890;5768809,904999999329448;8,419269870000051;52,068443943000034;1
40730;5230531404302989692;5;7;66;8;2023;5;12;4;3;5;3;0;0;1;1;0;0;0;0;483722,991000000387430;5771526,844599999487400;8,762402035000036;52,094062681000082;1
40745;5230610709700986463;5;5;66;72;2023;6;18;7;3;5;2;0;0;1;1;0;0;0;0;412888,965499999932945;5802928,591600000858307;7,720501108000065;52,369696644000044;1
40753;5230531307000470000;5;9;62;16;2023;5;22;4;3;0;1;2;0;1;0;0;0;0;0;414176,878999999724329;5692822,025100000202656;7,766793417000031;51,380149736000078;1
40755;5230531303100989696;5;9;15;0;2023;5;12;4;3;5;2;0;0;1;1;0;0;0;0;419665,158200000412762;5723221,721599999815226;7,838707511000052;51,654242154000030;1
40763;5230531301202675387;5;9;13;0;2023;5;7;4;3;5;3;0;0;1;0;0;0;0;1;395077,615000000223517;5709187,239000000059605;7,487592188000065;51,524042475000044;1
40764;5230531301102987731;5;9;13;0;2023;5;13;4;3;1;6;0;0;1;0;0;0;0;0;396283,329400000162423;5704259,774000000208616;7,506414477000021;51,479973876000031;1
40765;5230531301101987730;5;9;13;0;2023;5;15;4;3;5;3;0;0;1;1;0;0;0;0;392353,785600000061095;5706363,481699999421835;7,449206921000041;51,498148751000031;1
40766;5230610602200986455;5;3;62;4;2023;6;12;7;3;0;6;0;0;1;1;0;0;0;0;323714,587700000032783;5652615,726600000634789;6,487660781000045;50,998079527000073;1
40770;5230531300100599781;5;9;11;0;2023;5;10;4;3;5;2;0;0;1;1;0;0;0;0;375259,546000000089407;5704658,533199999481440;7,203664419000063;51,479312223000079;1
40773;5230530709500989728;5;5;66;76;2023;5;15;3;3;0;2;0;0;1;1;0;0;0;0;393134,433000000193715;5793569,786000000312924;7,433425177000061;52,282091600000058;1
40779;5230530706200976254;5;5;58;12;2023;5;18;3;3;0;2;0;0;1;0;0;0;1;0;372886,149799999780953;5756255,653100000694394;7,150685293000038;51,942474968000056;1
40780;5230530706000987764;5;5;58;8;2023;5;12;3;3;5;3;0;0;1;1;0;0;0;0;385780,105999999679625;5758383,690999999642372;7,337475442000027;51,964396710000074;1
40786;5230530702100174775;5;5;15;0;2023;5;13;3;3;5;3;0;0;1;1;0;0;0;0;404008,729700000025332;5758518,325099999085069;7,602670662000037;51,969053406000057;1
40787;5230530701920994975;5;5;62;28;2023;5;8;3;3;5;3;0;0;1;1;0;0;0;0;378907,492399999871850;5721219,067800000309944;7,250468116000036;51,628942109000036;1
40793;5230530610211632874;5;3;70;4;2023;5;10;3;3;9;1;0;0;1;0;0;0;0;0;310887,093000000342727;5660861,734999999403954;6,300755989000038;51,068077109000058;1
40794;5230530610122385834;5;3;70;28;2023;5;17;3;3;7;3;0;0;1;1;0;0;0;0;298284,025000000372529;5644857,530999999493361;6,129991707000045;50,920050688000060;1
40796;5230530609108774410;5;3;58;8;2023;5;12;3;3;5;2;0;0;1;1;0;0;0;0;323008,308199999853969;5629173,247400000691414;6,488962741000023;50,787255891000029;1
40801;5230530608200077511;5;3;34;2;2023;5;20;3;3;0;7;1;0;1;0;0;0;0;0;297077,788900000043213;5627989,064099999144673;6,122195409000028;50,768126181000071;1
40803;5230530607100532321;5;3;82;60;2023;5;16;3;3;5;3;0;0;1;0;0;0;0;1;378766,576899999752641;5631848,111099999397993;7,278670990000023;50,825644180000040;1
40804;5230530607100381193;5;3;82;60;2023;5;15;3;3;0;1;0;0;1;0;0;0;0;0;372670,854700000025332;5630115,589500000700355;7,192767272000026;50,808763185000032;1
40806;5230530606100493450;5;3;78;4;2023;5;8;3;3;5;2;0;0;1;1;0;0;0;0;368113,085699999704957;5649948,792700000107288;7,120950842000070;50,986001065000039;1
40813;5230530605116099143;5;3;74;16;2023;5;17;3;2;4;6;0;0;1;0;0;0;0;0;385300,091400000266731;5669775,983699999749660;7,359414470000047;51,167903164000052;1
40815;5230530602100989753;5;3;62;8;2023;5;7;3;3;5;2;0;0;1;1;0;0;0;0;336110,781700000166893;5649734,262800000607967;6,665462460000072;50,975853559000029;1
40822;5230530601500690378;5;3;15;0;2023;5;16;3;3;5;2;0;0;1;1;0;0;0;0;364277,440999999642372;5649080,294999999925494;7,066659916000049;50,977303996000046;1
40823;5230530601500199014;5;3;15;0;2023;5;19;3;3;0;1;0;0;1;0;0;0;0;0;359278,828700000420213;5652654,427600000053644;6,994116816000030;51,008224919000043;1
40826;5230601608100177557;5;3;34;2;2023;6;13;5;3;3;6;0;0;1;0;0;0;1;0;294014,265999999828637;5629619,619000000879169;6,077895820000037;50,781690981000054;1
40827;5230530601400890208;5;3;15;0;2023;5;12;3;3;0;5;0;0;1;1;0;0;0;0;356202,968200000002980;5648607,003200000151992;6,951904280000065;50,971090991000040;1
40830;5230530601000499101;5;3;15;0;2023;5;8;3;3;5;3;0;0;1;1;0;0;0;0;366850,302000000141561;5637363,721999999135733;7,107566766000048;50,872599680000064;1