OID_;UIDENTSTLAE;ULAND;UREGBEZ;UKREIS;UGEMEINDE;UJAHR;UMONAT;USTUNDE;UWOCHENTAG;UKATEGORIE;UART;UTYP1;ULICHTVERH;IstStrassenzustand;IstRad;IstPKW;IstFuss;IstKrad;IstGkfz;IstSonstige;LINREFX;LINREFY;XGCSWGS84;YGCSWGS84;PLST
40836;5230531508000082166;5;1;19;0;2023;5;5;4;3;5;3;1;1;1;1;0;0;0;0;350701,116999999620020;5703694,741000000387430;6,850661465000030;51,464704049000034;1
40837;5230530518410987756;5;1;70;16;2023;5;18;3;3;0;1;0;0;1;0;0;0;0;0;343876,279000000096858;5727194,445000000298023;6,742048995000061;51,673999655000046;1
40839;5230530516300989730;5;1;58;28;2023;5;14;3;3;3;2;0;0;1;1;0;0;0;0;350656,132100000046194;5685383,296700000762939;6,857713371000045;51,300152948000061;1
40842;5230530514219089360;5;1;66;36;2023;5;21;3;3;5;2;1;0;1;1;0;0;0;0;327716,239000000059605;5678600,825999999418855;6,532222111000067;51,232741980000071;1
40844;5230530514124081680;5;1;66;20;2023;5;16;3;3;5;3;0;0;1;1;0;0;0;0;302705,577499999664724;5677193,493899999186397;6,175183410000045;51,212005565000027;1
40846;5230530508000380950;5;1;19;0;2023;5;14;3;3;5;3;0;0;1;1;0;0;0;0;352539,049399999901652;5711697,667099999263883;6,873755889000051;51,537096500000075;1
40849;5230530506100989757;5;1;16;0;2023;5;7;3;2;5;3;0;0;1;1;0;0;0;0;318185,218000000342727;5666525,112600000575185;6,401955449000070;51,121309758000052;1
40851;5230530506100796112;5;1;16;0;2023;5;20;3;3;5;2;1;0;1;0;0;0;0;1;321428,991600000299513;5672709,777599999681115;6,445189909000021;51,177888798000026;1
40858;5230530503200987761;5;1;24;0;2023;5;15;3;2;5;2;0;0;1;1;0;0;0;0;374640,485000000335276;5682111,005000000819564;7,202710282000055;51,276530166000043;1
40859;5230530503100786942;5;1;24;0;2023;5;12;3;3;0;5;0;0;1;1;0;0;0;0;370771,511099999770522;5680745,795299999415874;7,147764634000055;51,263396111000077;1
40862;5230530502340073540;5;1;13;0;2023;5;14;3;3;3;2;0;0;1;1;0;0;0;0;361861,657999999821186;5710158,320000000298023;7,008692389000032;51,525621916000034;1
40868;5230530501131987766;5;1;12;0;2023;5;10;3;3;0;6;0;0;1;1;0;0;0;0;342285,173000000417233;5711747,111999999731779;6,726003994000052;51,534769315000062;1
40876;5230530500300295516;5;1;11;0;2023;5;8;3;2;5;3;0;0;1;1;0;0;0;0;348412,326999999582767;5674919,582200000062585;6,829983769000023;51,205536732000041;1
40877;5230530500200876721;5;1;11;0;2023;5;20;3;3;5;2;0;0;1;1;0;0;0;0;342490,414200000464916;5685945,258400000631809;6,740426138000032;51,303001632000075;1
40878;5230530500200681086;5;1;11;0;2023;5;22;3;3;0;1;1;0;1;0;0;0;0;0;343640,008700000122190;5679694,898299999535084;6,759638641000038;51,247157913000080;1
40879;5230530500200501155;5;1;11;0;2023;5;16;3;3;5;3;0;0;1;1;0;0;0;0;344610,177199999801815;5680342,374199999496341;6,773247037000033;51,253240821000077;1
40884;5230530410110087115;5;7;70;24;2023;5;16;3;3;0;3;0;0;1;1;0;0;0;0;490679,809399999678135;5793358,157500000670552;8,863350859000036;52,290501030000030;1
40887;5230530406110031948;5;7;58;12;2023;5;15;3;2;0;3;0;0;1;1;0;0;0;0;477791,881400000303984;5775114,252900000661612;8,675592040000026;52,126109531000054;1
40888;5230530405108796846;5;7;54;8;2023;5;17;3;3;5;3;0;0;1;1;0;0;0;0;460557,387000000104308;5755000,702999999746680;8,426167513000053;51,944318397000075;1
40891;5230530400300590670;5;7;11;0;2023;5;15;3;3;3;2;0;0;1;1;0;0;0;0;464704,120000000111759;5760899,341000000014901;8,485887112000057;51,997629498000038;1
40897;5230625316200977324;5;9;74;12;2023;6;13;1;3;5;3;0;0;1;1;0;0;0;0;430500,447999999858439;5704577,776000000536442;7,998999215000026;51,488072830000078;1
40909;5230624709800977335;5;5;66;88;2023;6;15;7;3;0;1;0;0;1;0;0;0;0;0;418596,934700000099838;5785782,301300000399351;7,808463381000024;52,216454045000035;1
40910;5230624709700977337;5;5;66;20;2023;6;12;7;3;8;6;0;0;1;0;0;1;0;0;406000,088999999687076;5804481,152000000700355;7,618911752000031;52,382512165000037;1
40912;5230624709500986826;5;5;66;76;2023;6;13;7;3;0;1;0;0;1;1;0;0;0;0;393480,782999999821186;5792880,212400000542402;7,438718232000042;52,275961502000030;1
40918;5230624701700519497;5;5;62;16;2023;6;14;7;2;5;3;0;0;1;1;0;0;0;0;374578,361399999819696;5732231,144099999219179;7,183999076000021;51,726958664000051;1
40919;5230624701300573594;5;5;62;14;2023;6;18;7;3;5;3;0;0;1;1;0;0;0;0;361574,844299999997020;5713147,849799999967217;7,003384946000040;51,552416219000065;1
40924;5230624608200569678;5;3;34;2;2023;6;18;7;3;5;3;0;0;1;1;0;0;0;0;295733,645999999716878;5628748,246999999508262;6,102737432000026;50,774473034000039;1
40926;5230624602900390296;5;3;62;40;2023;6;12;7;3;4;6;0;0;1;0;0;0;0;0;357522,596699999645352;5633938,110400000587106;6,976412519000064;50,839589351000029;1
40927;5230624602900315446;5;3;62;40;2023;6;15;7;3;5;3;0;0;1;1;0;0;0;0;357754,194600000046194;5630359,948499999940395;6,981087528000046;50,807488738000075;1
40928;5230624602600069650;5;3;62;20;2023;6;16;7;2;2;2;0;0;1;1;0;0;0;0;342043,590300000272691;5625115,855200000107288;6,760531079000032;50,756295343000033;1
40935;5230624601100590266;5;3;15;0;2023;6;14;7;3;8;1;0;0;1;0;0;0;0;0;356871,512500000186265;5644572,905300000682473;6,963005930000065;50,935003557000073;1
40936;5230624601100026393;5;3;15;0;2023;6;22;7;2;5;2;2;0;1;1;0;0;0;0;355193,406700000166893;5644663,081100000068545;6,939103842000065;50,935395040000060;1
40938;5230624518200779400;5;1;70;24;2023;6;23;7;3;0;1;2;0;1;0;0;0;0;0;337191,885999999940395;5701067,235500000417233;6,657556290000059;51,437373290000039;1
40943;5230624515211085914;5;1;54;16;2023;6;12;7;3;5;3;0;0;1;0;0;0;0;1;301553,285699999891222;5732112,690300000831485;6,127893017000076;51,704814120000037;1
40945;5230624515111977332;5;1;54;44;2023;6;19;7;3;0;1;0;0;1;0;0;0;0;0;320799,523000000044703;5743088,564999999478459;6,400459319000049;51,809876561000067;1
40946;5230624514215977330;5;1;66;28;2023;6;23;7;2;0;1;2;0;1;0;0;0;0;0;326135,411399999633431;5688277,580199999734759;6,504893983000045;51,319194238000080;1
40947;5230624514120086062;5;1;66;16;2023;6;10;7;3;8;1;0;0;1;0;0;0;0;0;310373,173399999737740;5689469,363900000229478;6,278320929000074;51,324864138000066;1
40948;5230624513120986824;5;1;62;20;2023;6;10;7;2;5;3;0;0;1;1;0;0;0;0;330633,000199999660254;5671105,449999999254942;6,577497526000059;51,166275596000048;1
40949;5230624513110991373;5;1;62;16;2023;6;9;7;2;3;6;0;0;1;1;0;0;0;0;332927,902400000020862;5677142,097799999639392;6,607482623000067;51,221185897000055;1
40955;5230624505100986823;5;1;14;0;2023;6;11;7;3;5;3;0;0;1;1;0;0;0;0;336727,709300000220537;5690856,184900000691414;6,655579717000023;51,345500096000080;1
40958;5230624503200186868;5;1;24;0;2023;6;14;7;3;6;4;0;0;1;0;1;0;0;0;375453,600999999791384;5681860,314200000837445;7,214449266000031;51,274455359000058;1
40959;5230624503200090822;5;1;24;0;2023;6;13;7;3;5;2;0;0;1;1;0;0;0;0;376982,196600000374019;5680623,042300000786781;7,236778413000025;51,263667060000046;1
40961;5230624502318077707;5;1;13;0;2023;6;20;7;3;0;7;0;0;1;0;0;0;0;0;354187,267400000244379;5705380,144999999552965;6,900116682000032;51,480757521000044;1
40964;5230624501122264600;5;1;12;0;2023;6;22;7;3;0;3;0;0;1;1;0;0;0;0;342612,314899999648333;5705589,452700000256300;6,733464911000056;51,479536091000057;1
40969;5230624500200696095;5;1;11;0;2023;6;10;7;3;6;7;0;0;1;0;1;0;0;0;346298,557799999602139;5679781,173599999397993;6,797663442000044;51,248655747000043;1
40972;5230624405228986842;5;7;54;28;2023;6;23;7;3;0;1;2;0;1;0;0;0;0;0;450796,989099999889731;5745313,714299999177456;8,285561578000056;51,856450728000027;1
40975;5230624404101977334;5;7;66;20;2023;6;14;7;3;5;2;0;0;1;1;0;0;0;0;488206,660000000149012;5755386,936000000685453;8,828406619000020;51,949064353000040;1
40979;5230624317210986840;5;9;78;20;2023;6;22;7;3;5;3;1;0;1;1;0;0;0;0;411859,056499999947846;5715118,302999999374151;7,727932336000038;51,580228060000081;1
40983;5230624513120987000;5;1;62;20;2023;6;13;7;3;0;3;0;0;1;1;0;0;0;0;329776,461000000126660;5673682,543299999088049;6,564037525000060;51,189174208000054;1
40984;5230624303200977340;5;9;15;0;2023;6;9;7;3;0;7;0;0;1;1;0;0;0;0;415484,110999999567866;5727525,188500000163913;7,777240797000047;51,692314701000043;1
40989;5230624301302187411;5;9;13;0;2023;6;20;7;2;0;1;0;0;1;0;0;0;0;0;399190,349799999967217;5709058,159399999305606;7,546891370000026;51,523631354000031;1
40990;5230624300200895701;5;9;11;0;2023;6;18;7;3;6;6;0;0;1;0;1;0;0;0;370931,212899999693036;5705029,258700000122190;7,141233089000025;51,481672897000067;1
40993;5230623709000487293;5;5;66;12;2023;6;7;6;3;3;3;0;1;1;1;0;0;0;0;403587,080000000074506;5772748,493200000375509;7,592523621000055;52,096884032000048;1
40997;5230623702100642800;5;5;15;0;2023;6;12;6;3;5;3;0;0;1;1;0;0;0;0;405588,421400000341237;5754353,997500000521541;7,626802731000055;51,931893134000063;1
40998;5230623702100576698;5;5;15;0;2023;6;16;6;3;5;3;0;0;1;0;0;0;0;0;405477,813599999994040;5756355,344799999147654;7,624644350000040;51,949863386000061;1
40999;5230623702100264165;5;5;15;0;2023;6;15;6;2;5;3;0;0;1;1;0;0;0;0;403933,588600000366569;5758087,836799999698997;7,601697643000023;51,965171054000052;1
41002;5230623701110985457;5;5;62;32;2023;6;12;6;3;3;2;0;0;1;1;0;0;0;0;374292,249400000087917;5718324,983300000429153;7,184861091000073;51,601920674000041;1
41006;5230623608100685695;5;3;34;2;2023;6;0;6;2;0;7;2;1;1;0;0;0;0;0;293577,967400000430644;5628904,118499999865890;6,072116740000070;50,775109881000049;1
41008;5230623606400078567;5;3;78;24;2023;6;10;6;2;5;3;0;0;1;1;0;0;0;0;377162,088999999687076;5649792,564999999478459;7,249861958000054;50,986598987000036;1
41009;5230623606100093395;5;3;78;4;2023;6;11;6;3;5;3;0;0;1;1;0;0;0;0;369885,284500000067055;5648327,194199999794364;7,146766342000035;50,971829722000052;1
41010;5230623605108599111;5;3;74;8;2023;6;11;6;3;0;3;0;0;1;1;0;0;0;0;388071,578999999910593;5649774,925000000745058;7,405233237000061;50,988665183000080;1
41013;5230623601700095266;5;3;16;0;2023;6;12;6;3;5;3;0;0;1;1;0;0;0;0;356491,964999999850988;5657436,662000000476837;6,952525449000063;51,050512971000046;1
41014;5230623601600084992;5;3;15;0;2023;6;15;6;3;5;3;0;0;1;1;0;0;0;0;357889,138199999928474;5643522,835000000894070;6,977888409000059;50,925818231000051;1
41020;5230623600110986817;5;3;14;0;2023;6;17;6;3;6;6;0;0;1;0;1;0;0;0;363714,756000000052154;5622725,296000000089407;7,068463185000041;50,740303488000052;1
41026;5230623516100291126;5;1;58;32;2023;6;14;6;3;5;2;0;0;1;1;0;0;0;0;364047,419599999673665;5688900,786100000143051;7,048340002000032;51,335119567000049;1
41027;5230623515212095515;5;1;54;32;2023;6;18;6;3;0;1;0;0;1;0;0;0;0;0;310470,008999999612570;5722635,460999999195337;6,261920549000024;51,622779672000036;1
41031;5230623503200096987;5;1;24;0;2023;6;14;6;3;5;3;0;0;1;1;0;0;0;0;376378,071999999694526;5683150,893200000748038;7,227249487000051;51,286256099000070;1
41034;5230623502403691243;5;1;17;0;2023;6;20;6;2;5;3;0;0;1;1;0;0;0;0;349480,777999999932945;5702036,903000000864267;6,833812195000064;51,449484551000069;1
41050;5230623411133977350;5;7;74;32;2023;6;16;6;3;3;2;0;0;1;1;0;0;0;0;484993,900399999693036;5734208,493000000715256;8,782580808000034;51,758569068000043;1
41051;5230623410110376072;5;7;70;24;2023;6;20;6;3;0;3;1;0;1;0;0;0;0;0;495632,525700000114739;5795750,803700000047684;8,935934615000065;52,312073787000031;1
41052;5230623410110096632;5;7;70;24;2023;6;17;6;3;5;3;0;0;1;1;0;0;0;0;495041,455900000408292;5794219,500199999660254;8,927286925000033;52,298301608000031;1
41068;5230623400100986818;5;7;11;0;2023;6;18;6;3;5;3;0;0;1;1;0;0;0;0;467290,866999999620020;5763890,764000000432134;8,523277974000052;52,024682691000066;1
41072;5230623315220299354;5;9;70;4;2023;6;17;6;3;3;2;0;0;1;1;0;0;0;0;457043,942999999970198;5654723,111600000411272;8,387263646000065;51,042440932000034;1
41091;5230623300300096278;5;9;11;0;2023;6;17;6;3;1;1;0;0;1;1;0;0;0;0;383614,059200000017881;5703571,811699999496341;7,324274988000070;51,471325618000037;1
41099;5230622706000957397;5;5;58;40;2023;6;15;5;3;5;3;0;1;1;1;0;0;0;0;382552,075500000268221;5765468,083799999207258;7,288085007000063;52,027391251000040;1
41104;5230622702100976700;5;5;15;0;2023;6;11;5;3;0;3;0;0;1;0;0;0;0;0;405587,508999999612570;5754357,842000000178814;7,626788410000074;51,931927536000046;1
41107;5230622702100079230;5;5;15;0;2023;6;15;5;3;5;7;0;1;1;1;0;0;0;0;406327,214499999769032;5758858,139200000092387;7,636317282000050;51,972503378000056;1
41116;5230622608436367511;5;3;34;36;2023;6;11;5;3;0;1;0;0;1;0;0;0;0;0;299013,088999999687076;5632039,482999999076128;6,147390260000066;50,805179369000030;1
41126;5230622602800886145;5;3;62;12;2023;6;5;5;3;5;3;0;0;1;1;0;0;0;0;352138,952999999746680;5630243,529200000688434;6,901492588000053;50,805036586000028;1
41129;5230624411112078072;5;7;74;12;2023;6;18;7;3;0;1;0;0;1;0;0;0;0;0;480980,092500000260770;5724684,265699999406934;8,724946499000055;51,672812017000069;1
41140;5230622600110599971;5;3;14;0;2023;6;10;5;2;1;5;0;0;1;1;0;0;0;0;365376,065799999982119;5623223,676300000399351;7,091812388000051;50,745170408000035;1
41141;5230622600110199951;5;3;14;0;2023;6;17;5;3;5;3;1;1;1;0;0;0;0;0;365387,687300000339746;5621166,242499999701977;7,092728453000063;50,726681052000060;1
41162;5230622500200145454;5;1;11;0;2023;6;17;5;3;5;3;0;0;1;1;0;0;0;0;347133,414300000295043;5677934,211699999868870;6,810404828000060;51,232284145000051;1
41163;5230622500200095707;5;1;11;0;2023;6;8;5;3;5;2;0;0;1;1;0;0;0;0;344140,345499999821186;5687566,349300000816584;6,763367609000056;51,318021542000054;1
41166;5230622407101986792;5;7;62;20;2023;6;13;5;3;5;3;0;0;1;1;0;0;0;0;526486,905299999751151;5737094,063200000673532;9,383978326000033;51,784088199000053;1
41192;5230625405244977322;5;7;54;44;2023;6;12;1;3;9;1;0;0;1;0;0;0;0;0;462707,211799999698997;5749428,662200000137091;8,458046329000069;51,894370242000036;1
41193;5230622303100087666;5;9;15;0;2023;6;12;5;3;5;3;0;0;1;1;0;0;0;0;418319,499200000427663;5726393,942099999636412;7,818517856000028;51,682565077000049;1
41194;5230622303100080472;5;9;15;0;2023;6;14;5;3;0;7;0;1;1;0;0;0;0;0;416666,707899999804795;5726133,541300000622869;7,794678569000041;51,679981369000075;1
41197;5230622301103085391;5;9;13;0;2023;6;18;5;2;5;3;0;1;1;1;0;0;0;0;392867,956699999980628;5702510,935499999672174;7,457780044000060;51,463617846000034;1
41198;5230622301101953568;5;9;13;0;2023;6;11;5;3;5;2;0;0;1;1;0;0;0;0;393040,571000000461936;5707052,890000000596046;7,458888115000036;51,504475851000052;1
41201;5230622300600389996;5;9;16;0;2023;6;10;5;3;3;6;0;0;1;1;0;0;0;0;380562,054299999959767;5712221,292199999094009;7,277423242000054;51,548428122000075;1
41205;5230621711400551230;5;5;70;28;2023;6;11;4;3;5;2;0;0;1;0;0;0;0;0;445061,007000000216067;5739495,555999999865890;8,203205725000032;51,803608233000034;1
41206;5230621711300087402;5;5;70;8;2023;6;7;4;2;5;3;0;0;1;1;0;0;0;0;433170,156000000424683;5737582,167999999597669;8,031142629000044;51,785112042000037;1
41209;5230621705000096683;5;5;54;4;2023;6;12;4;3;4;6;0;0;1;0;0;0;0;0;362636,773900000378489;5772624,388800000771880;6,995100917000059;52,087119502000064;1
41212;5230621702100724398;5;5;15;0;2023;6;7;4;3;5;3;0;0;1;0;0;0;0;0;401064,784400000236928;5756786,055900000035763;7,560329499000034;51,952967257000068;1
41213;5230621702100674736;5;5;15;0;2023;6;17;4;3;4;3;0;0;1;1;0;0;0;0;404662,928000000305474;5760134,772399999201298;7,611741617000064;51,983695202000035;1
41214;5230621702100553167;5;5;15;0;2023;6;8;4;3;1;5;0;0;1;1;0;0;0;0;409729,911999999545515;5761223,354000000283122;7,685216758000024;51,994326497000031;1
41215;5230621702100091757;5;5;15;0;2023;6;18;4;3;3;6;0;0;1;0;0;0;0;0;406160,125300000421703;5757437,145800000056624;7,634273895000035;51,959702658000026;1
41216;5230621702100042398;5;5;15;0;2023;6;19;4;3;3;3;0;0;1;1;0;0;0;0;405591,236999999731779;5757047,328999999910593;7,626104104000035;51,956102511000040;1
41223;5230621701120695117;5;5;62;32;2023;6;10;4;3;5;3;0;0;1;1;0;0;0;0;376108,683799999766052;5714933,354199999943376;7,212272440000049;51,571841908000067;1
41224;5230621701110489700;5;5;62;32;2023;6;11;4;2;5;3;0;0;1;1;0;0;0;0;377483,589999999850988;5720567,791500000283122;7,230134060000069;51,622780679000073;1
41226;5230621700000095174;5;5;13;0;2023;6;11;4;3;0;1;0;0;1;0;0;0;0;0;364590,610700000077486;5714272,610600000247359;7,046423062000031;51,563255644000037;1
41228;5230621608436777592;5;3;34;36;2023;6;7;4;3;5;3;0;0;1;1;0;0;0;0;299656,433000000193715;5633335,759999999776483;6,155801706000034;50,817044934000080;1
41235;5230621606700582030;5;3;78;16;2023;6;19;4;3;8;1;0;0;1;0;0;0;0;0;368502,995000000111759;5665020,634999999776483;7,121027156000025;51,121549817000073;1
41236;5230621606100993480;5;3;78;4;2023;6;16;4;3;3;2;0;0;1;1;0;0;0;0;367423,536999999545515;5649772,470000000670552;7,111196575000065;50,984257949000039;1
41239;5230621602800986781;5;3;62;12;2023;6;19;4;3;6;2;0;0;1;0;1;0;0;0;352042,646999999880791;5630425,141000000759959;6,900053557000035;50,806644101000074;1
41244;5230621601600876446;5;3;15;0;2023;6;11;4;3;5;2;0;0;1;1;0;0;0;0;359045,673999999649823;5642225,083599999547005;6,994835604000059;50,914438934000032;1
41245;5230621601600486425;5;3;15;0;2023;6;18;4;3;5;3;0;0;1;1;0;0;0;0;364233,208399999886751;5638482,696799999102950;7,069977285000050;50,882047741000065;1
41246;5230621601500300000;5;3;15;0;2023;6;14;4;3;0;3;0;0;1;1;0;0;0;0;359509,748999999836087;5646714,211699999868870;6,999702443000047;50,954896425000072;1
41248;5230621601400986761;5;3;15;0;2023;6;8;4;3;5;3;0;0;1;1;0;0;0;0;354897,266300000250340;5647928,184000000357628;6,933590891000051;50,964663195000071;1
41253;5230621601100099100;5;3;15;0;2023;6;18;4;3;4;6;0;0;1;0;0;0;0;0;356584,931699999608099;5643044,211799999698997;6,959531466000044;50,921194144000026;1
41254;5230621601100087328;5;3;15;0;2023;6;13;4;3;0;1;0;0;1;0;0;0;0;0;355718,766599999740720;5643604,669399999082088;6,946994597000071;50,926014950000081;1
41255;5230621600380411107;5;3;14;0;2023;6;8;4;3;5;3;0;0;1;1;0;0;0;0;367077,091699999757111;5620316,194099999964237;7,116957457000069;50,719429744000081;1
41263;5230621515211986771;5;1;54;16;2023;6;15;4;3;4;2;0;0;1;1;0;0;0;0;299200,951899999752641;5731643,200300000607967;6,094165063000048;51,699761499000033;1
41265;5230621515210590978;5;1;54;12;2023;6;13;4;3;5;2;0;0;1;1;0;0;0;0;313333,314000000245869;5710934,695000000298023;6,309451724000041;51,518644100000074;1
41270;5230621513120986758;5;1;62;20;2023;6;7;4;3;4;6;0;0;1;0;0;0;0;0;327978,241799999959767;5674094,546299999579787;6,538132333000021;51,192337246000079;1
41271;5230621508000977376;5;1;19;0;2023;6;17;4;3;5;3;0;0;1;1;0;0;0;0;349937,986600000411272;5705111,404799999669194;6,839082101000031;51,477231483000025;1
41272;5230621508000685408;5;1;19;0;2023;6;16;4;3;5;2;0;0;1;1;0;0;0;0;348440,163999999873340;5712309,002000000327826;6,814436354000065;51,541503871000032;1
41276;5230621506100455123;5;1;16;0;2023;6;14;4;3;5;2;0;0;1;1;0;0;0;0;319813,821200000122190;5674791,745899999514222;6,421062426000049;51,196084655000050;1
41281;5230621503100995501;5;1;24;0;2023;6;18;4;3;5;3;0;0;1;1;0;0;0;0;369002,758000000379980;5679166,506999999284744;7,123005795000040;51,248798880000038;1
41283;5230621502409087648;5;1;17;0;2023;6;19;4;3;3;2;0;0;1;1;0;0;0;0;349126,252799999900162;5700123,563699999824166;6,829529432000072;51,432198166000035;1
41286;5230621502104780922;5;1;13;0;2023;6;22;4;3;0;7;2;0;1;0;0;0;0;0;361075,837000000290573;5702000,239000000059605;7,000582364000024;51,452118545000076;1
41296;5230621500200977391;5;1;11;0;2023;6;13;4;3;5;2;0;0;1;1;0;0;0;0;346235,453900000080466;5679739,298100000247359;6,796777953000060;51,248262467000075;1
41297;5230621500100974630;5;1;11;0;2023;6;23;4;3;0;1;2;0;1;0;0;0;0;0;346504,054999999701977;5676075,062999999150634;6,802193369000065;51,215409777000048;1
41299;5230621411220287923;5;7;74;20;2023;6;13;4;3;0;1;0;0;1;0;0;0;0;0;470903,762600000016391;5733461,111600000411272;8,578499811000029;51,751294453000071;1
41302;5230621410210496983;5;7;70;20;2023;6;16;4;2;5;3;0;0;1;1;0;0;0;0;473807,871000000275671;5795488,994999999180436;8,615819164000072;52,309112642000059;1
41309;5230621405236977400;5;7;54;36;2023;6;7;4;3;5;2;0;0;1;1;0;0;0;0;474757,101300000213087;5750161,279600000008941;8,633101677000070;51,901633261000029;1
41311;5230621405148986772;5;7;54;48;2023;6;16;4;2;5;3;0;0;1;1;0;0;0;0;440899,832000000402331;5768138,146999999880791;8,137941817000069;52,060682190000080;1
41312;5230621404302876068;5;7;66;8;2023;6;6;4;3;0;7;0;0;1;0;0;0;0;0;482239,088600000366569;5770179,937999999150634;8,740811686000029;52,081907363000028;1
41317;5230621404102087034;5;7;66;40;2023;6;17;4;3;5;2;0;0;1;1;0;0;0;0;485921,282999999821186;5759224,609999999403954;8,794997178000074;51,983515544000056;1
41320;5230621400200574491;5;7;11;0;2023;6;17;4;3;5;3;0;0;1;1;0;0;0;0;475273,276999999769032;5767271,838999999687076;8,639370847000066;52,055494262000082;1
41321;5230621317140680700;5;9;78;28;2023;6;18;4;3;0;6;0;0;1;1;0;0;0;0;400150,553100000135601;5700634,030999999493361;7,563109853000071;51,448078172000066;1
41323;5230621317110986780;5;9;78;36;2023;6;20;4;2;5;2;0;0;1;1;0;0;0;0;409789,791100000031292;5709700,807800000533462;7,699466317000031;51,531201041000031;1
41325;5230621316200977394;5;9;74;48;2023;6;10;4;2;0;1;0;0;1;0;0;0;0;0;432937,644700000062585;5719478,807199999690056;8,031254741000055;51,622332780000079;1
41326;5230621316100977320;5;9;74;48;2023;6;7;4;3;0;3;0;0;1;1;0;0;0;0;427634,628999999724329;5718838,380999999120831;7,954795855000043;51,615918361000070;1
41330;5230621310220893800;5;9;54;8;2023;6;16;4;3;0;7;0;0;1;0;0;0;0;1;383974,923999999649823;5684172,971999999135733;7,335806017000039;51,297041112000045;1
41335;5230621301301977400;5;9;78;24;2023;6;6;4;3;0;1;0;0;1;0;0;0;0;0;397963,040000000037253;5718896,208000000566244;7,526349972000048;51,611841737000077;1
41338;5230621601100545808;5;3;15;0;2023;6;8;4;3;6;6;0;0;1;0;0;0;0;1;355242,841599999926984;5645090,782999999821186;6,939637000000062;50,939251112000079;1
41340;5230621300800193723;5;9;54;36;2023;6;12;4;3;5;3;0;0;1;1;0;0;0;0;384429,274799999780953;5699353,745300000533462;7,337385187000052;51,433580705000054;1
41341;5230621300600642330;5;9;16;0;2023;6;11;4;3;5;2;0;0;1;1;0;0;0;0;376509,600999999791384;5710760,903999999165535;7,219519609000031;51,534430817000043;1
41348;5230620709700977432;5;5;66;28;2023;6;7;3;3;0;2;0;1;1;1;0;0;0;0;411962,413999999873340;5792231,202999999746680;7,709695751000027;52,273398507000081;1
41349;5230620709500986740;5;5;66;76;2023;6;15;3;3;3;3;0;0;1;1;0;0;0;0;394977,120000000111759;5793847,356000000610948;7,460340536000047;52,284941378000042;1
41351;5230620706000574647;5;5;58;16;2023;6;7;3;3;5;3;0;0;1;1;0;0;0;0;381394,870000000111759;5750825,661000000312924;7,276281972000049;51,895554543000060;1
41356;5230620702100556497;5;5;15;0;2023;6;11;3;3;5;2;0;0;1;1;0;0;0;0;407211,705299999564886;5751343,379899999126792;7,651217234000057;51,905104927000082;1
41358;5230620702100065836;5;5;15;0;2023;6;13;3;3;5;3;0;0;1;1;0;0;0;0;402573,259499999694526;5757598,091399999335408;7,582042702000024;51,960532353000076;1
41361;5230620701910374177;5;5;62;8;2023;6;13;3;3;5;3;0;0;1;1;0;0;0;0;385079,057900000363588;5723720,770899999886751;7,338771205000057;51,652721181000061;1
41368;5230620610211042675;5;3;70;4;2023;6;7;3;3;5;3;0;0;1;1;0;0;0;0;307065,609899999573827;5660928,265699999406934;6,246242537000057;51,067403118000072;1
41372;5230620608436171710;5;3;34;36;2023;6;18;3;3;0;3;0;0;1;1;0;0;0;0;297202,646099999547005;5636378,746600000187755;6,119329938000021;50,843521293000038;1
41376;5230620608100285810;5;3;34;2;2023;6;9;3;3;3;2;0;0;1;1;0;0;0;0;293040,154600000008941;5631400,901699999347329;6,063093364000053;50,797341899000060;1
41377;5230620608100194802;5;3;34;2;2023;6;16;3;3;6;6;0;0;1;0;1;0;0;0;293582,023500000126660;5633707,918600000441074;6,069475029000046;50,818254509000042;1
41378;5230620608100085751;5;3;34;2;2023;6;11;3;3;3;6;0;0;1;1;0;0;0;0;292832,971499999985099;5633253,960200000554323;6,059111915000074;50,813910112000030;1
41379;5230620607500093412;5;3;82;56;2023;6;11;3;3;5;3;0;0;1;1;0;0;0;0;373644,839100000448525;5625823,319299999624491;7,208060197000066;50,770395728000040;1
41382;5230620607100381194;5;3;82;40;2023;6;14;3;3;5;3;0;0;1;1;0;0;0;0;382876,944099999964237;5633709,432600000873208;7,336410349000062;50,843221709000034;1
41383;5230620607100032321;5;3;82;40;2023;6;18;3;2;5;3;0;0;1;1;0;0;0;0;381804,149000000208616;5636502,391000000759959;7,320277742000030;50,868109046000029;1
41391;5230620601700999112;5;3;16;0;2023;6;13;3;3;7;6;0;0;1;0;0;0;0;0;359171,967000000178814;5653257,669600000604987;6,992360443000052;51,013620077000041;1
41393;5230620601600090392;5;3;15;0;2023;6;16;3;3;5;3;0;0;1;1;0;0;0;0;365148,076000000350177;5637064,112999999895692;7,083498165000037;50,869512248000035;1
41395;5230620601500599042;5;3;15;0;2023;6;15;3;2;0;1;0;0;1;0;0;0;0;0;360662,983000000007451;5648982,212999999523163;7,015242908000062;50,975559286000077;1
41396;5230620601500546724;5;3;15;0;2023;6;8;3;3;5;3;0;0;1;1;0;0;0;0;358714,605299999937415;5644180,105699999257922;6,989371584000025;50,931927919000032;1
41397;5230620601500374402;5;3;15;0;2023;6;11;3;3;0;7;0;0;1;0;0;0;0;0;357480,470800000242889;5644123,588899999856949;6,971842464000076;50,931116376000034;1