OID_;UIDENTSTLAE;ULAND;UREGBEZ;UKREIS;UGEMEINDE;UJAHR;UMONAT;USTUNDE;UWOCHENTAG;UKATEGORIE;UART;UTYP1;ULICHTVERH;IstStrassenzustand;IstRad;IstPKW;IstFuss;IstKrad;IstGkfz;IstSonstige;LINREFX;LINREFY;XGCSWGS84;YGCSWGS84;PLST
41398;5230620601400986730;5;3;15;0;2023;6;9;3;3;0;5;0;0;1;0;0;0;0;1;349925,586099999956787;5658532,017200000584126;6,858455187000061;51,058677844000044;1
41401;5230620601200024758;5;3;15;0;2023;6;10;3;2;0;7;0;0;1;0;0;0;0;0;358657,897499999962747;5640160,069800000637770;6,990122427000074;50,895785597000042;1
41402;5230620518100091640;5;1;70;48;2023;6;15;3;3;5;3;0;0;1;1;0;0;0;0;334542,184999999590218;5725556,987999999895692;6,607952436000062;51,656617949000065;1
41403;5230623608320053848;5;3;34;20;2023;6;20;6;3;0;1;0;0;1;0;0;0;0;0;303803,767699999734759;5603182,931199999526143;6,230605039000068;50,547619362000034;1
41405;5230620515111496030;5;1;54;44;2023;6;11;3;3;0;2;0;0;1;1;0;0;0;0;321012,968100000172853;5742341,550499999895692;6,403937917000064;51,803235236000035;1
41407;5230620515110095876;5;1;54;36;2023;6;12;3;3;4;6;0;0;1;0;0;0;0;1;303474,694000000134110;5742058,824999999254942;6,150044045000072;51,794808835000026;1
41411;5230621606000478640;5;3;78;4;2023;6;15;4;3;0;1;0;0;1;0;0;0;0;0;367534,692699999548495;5647385,484999999403954;7,113648872000056;50,962830125000039;1
41413;5230620508000287217;5;1;19;0;2023;6;15;3;3;5;3;0;0;1;1;0;0;0;0;349936,195000000298023;5705110,423399999737740;6,839056739000057;51,477222189000031;1
41414;5230620506100977412;5;1;16;0;2023;6;15;3;3;5;3;0;0;1;1;0;0;0;0;322916,886099999770522;5672342,087200000882149;6,466635913000061;51,175048393000054;1
41416;5230620505100078907;5;1;14;0;2023;6;13;3;3;0;1;0;0;1;0;0;0;0;0;332145,582799999974668;5686017,166699999943376;6,592125542000076;51,300691495000081;1
41419;5230620502300991191;5;1;13;0;2023;6;14;3;2;0;7;0;0;1;1;0;0;0;0;354662,905000000260770;5705045,721999999135733;6,907099129000073;51,477874888000031;1
41420;5230620502249995140;5;1;13;0;2023;6;9;3;3;3;2;0;0;1;1;0;0;0;0;356154,596800000406802;5694067,800699999555945;6,933022476000076;51,379608906000044;1
41428;5230620601300286385;5;3;15;0;2023;6;19;3;3;4;6;0;0;1;0;0;1;0;0;350586,990000000223517;5649349,990000000223517;6,871668731000057;50,976338319000035;1
41436;5230620500200001155;5;1;11;0;2023;6;8;3;3;5;2;0;0;1;0;0;0;1;0;345917,137500000186265;5680295,824300000444055;6,791980980000062;51,253177190000031;1
41441;5230620410130639356;5;7;70;28;2023;6;19;3;3;8;1;0;0;1;0;0;0;0;0;504209,307699999772012;5816289,925699999555945;9,062003612000069;52,496728580000081;1
41447;5230624601400154228;5;3;15;0;2023;6;10;7;3;6;4;0;0;1;0;1;0;0;0;356321,189100000075996;5647766,376700000837445;6,953918990000034;50,963565943000049;1
41452;5230623508000581918;5;1;19;0;2023;6;23;6;3;1;5;2;0;1;1;0;0;0;0;350593,063699999824166;5709684,372500000521541;6,846571811000047;51,518494721000081;1
41455;5230620400300086621;5;7;11;0;2023;6;18;3;2;8;1;0;0;1;0;0;0;0;0;464902,045300000347197;5759874,159600000828505;8,488874889000044;51,988425038000059;1
41458;5230620317140986751;5;9;78;28;2023;6;20;3;3;0;2;0;0;1;1;0;0;0;0;399038,762199999764562;5699799,458300000056624;7,547354134000045;51,440379128000075;1
41461;5230620316300986730;5;9;74;28;2023;6;5;3;3;0;7;1;1;1;0;0;0;0;1;458140,528400000184774;5726055,267400000244379;8,394505688000038;51,683900931000039;1
41472;5230620303100977425;5;9;15;0;2023;6;13;3;3;6;7;0;0;1;0;1;0;0;0;419116,008000000379980;5729264,525000000372529;7,829370828000037;51,708485619000044;1
41478;5230623301103594228;5;9;13;0;2023;6;9;6;3;1;5;0;0;1;0;0;0;0;1;391426,411999999545515;5705039,126599999144673;7,436259558000074;51,486067567000077;1
41481;5230620301101784970;5;9;13;0;2023;6;7;3;3;5;2;0;0;1;1;0;0;0;0;395137,880800000391901;5706200,144999999552965;7,489349027000060;51,497203931000058;1
41482;5230620301101095138;5;9;13;0;2023;6;18;3;3;5;3;0;0;1;1;0;0;0;0;392347,129300000146031;5706367,543500000610948;7,449109826000040;51,498183993000055;1
41485;5230619711100991000;5;5;70;44;2023;6;13;2;3;5;3;0;0;1;1;0;0;0;0;416569,042100000195205;5759452,055900000035763;7,785234349000064;51,979474021000044;1
41488;5230619706000986704;5;5;58;12;2023;6;13;2;3;5;3;0;0;1;1;0;0;0;0;377552,071700000204146;5756722,704500000923872;7,218364939000026;51,947718662000057;1
41494;5230619702100079193;5;5;15;0;2023;6;14;2;3;3;5;0;0;1;0;0;0;0;1;405525,291100000031292;5756998,498999999836087;7,625158143000021;51,955652406000070;1
41496;5230619701620189700;5;5;62;12;2023;6;7;2;3;5;3;0;0;1;1;0;0;0;0;362365,147599999792874;5730145,166899999603629;7,008096054000021;51,705349306000073;1
41497;5230619701500595065;5;5;62;24;2023;6;17;2;3;6;4;0;0;1;0;1;0;0;0;370476,739000000059605;5725512,469000000506639;7,127139509000074;51,665648047000047;1
41498;5230619701300981436;5;5;62;14;2023;6;19;2;2;5;2;0;0;1;0;0;0;0;1;360108,665000000037253;5712879,614000000059605;6,982357799000056;51,549644206000039;1
41499;5230619701300775430;5;5;62;14;2023;6;14;2;3;5;3;0;0;1;0;0;0;0;0;361168,195899999700487;5714578,288899999111891;6,996958572000040;51,565170427000055;1
41500;5230619701110348700;5;5;62;32;2023;6;13;2;3;3;6;0;0;1;1;0;0;0;0;374775,738800000399351;5719100,718800000846386;7,191561581000030;51,608999985000082;1
41502;5230619608416277502;5;3;34;16;2023;6;11;2;3;0;1;0;0;1;0;0;0;0;0;295383,569299999624491;5640587,355699999257922;6,091173081000022;50,880678999000054;1
41503;5230619608200594780;5;3;34;2;2023;6;10;2;3;0;1;0;1;1;0;0;0;0;0;295749,174899999983609;5628747,116699999198318;6,102958017000049;50,774468350000063;1
41512;5230619605124740062;5;3;74;24;2023;6;14;2;3;0;3;0;0;1;1;0;0;0;0;398062,044300000183284;5656993,655300000682473;7,545497396000030;51,055414584000061;1
41514;5230619603116326000;5;3;66;16;2023;6;10;2;3;5;3;0;0;1;1;0;0;0;0;341268,729399999603629;5612539,115900000557303;6,754959250000070;50,643068877000076;1
41518;5230624405236756392;5;7;54;36;2023;6;17;7;3;5;3;0;0;1;1;0;0;0;0;474214,803999999538064;5750159,828999999910593;8,625219829000059;51,901595384000075;1
41520;5230619601700690170;5;3;16;0;2023;6;18;2;3;0;1;0;1;1;0;0;0;0;0;359030,580599999986589;5655261,357200000435114;6,989567188000024;51,031592431000036;1
41524;5230619601600986697;5;3;15;0;2023;6;8;2;3;3;2;0;0;1;0;0;0;0;1;363138,994900000281632;5638246,962999999523163;7,054520057000047;50,879670936000082;1
41525;5230619601500899880;5;3;15;0;2023;6;16;2;3;4;6;0;0;1;0;0;0;0;1;358370,955199999734759;5645588,835400000214577;6,983936748000076;50,944503927000028;1
41527;5230619601400977448;5;3;15;0;2023;6;15;2;2;0;5;0;0;1;1;0;0;0;0;356350,627700000070035;5647481,007300000637770;6,954450593000047;50,961008720000052;1
41528;5230619601400793348;5;3;15;0;2023;6;7;2;3;5;7;0;0;1;1;0;0;0;0;356570,911000000312924;5647114,015599999576807;6,957729909000022;50,957765499000061;1
41531;5230622405228776382;5;7;54;28;2023;6;16;5;3;5;3;0;1;1;1;0;0;0;0;450652,858400000259280;5745437,636399999260902;8,283451248000063;51,857552119000047;1
41535;5230619601100399070;5;3;15;0;2023;6;14;2;3;0;5;0;0;1;1;0;0;0;1;355176,597199999727309;5644662,336899999529123;6,938865070000077;50,935384131000035;1
41542;5230619516300986711;5;1;58;28;2023;6;13;2;3;5;3;0;0;1;1;0;0;0;0;349233,376500000245869;5689055,593399999663234;6,835767167000029;51,332775714000036;1
41551;5230619506100675922;5;1;16;0;2023;6;12;2;3;0;1;0;0;1;0;0;0;0;0;323490,253999999724329;5675580,004000000655651;6,473238813000023;51,204313349000074;1
41552;5230619505200091594;5;1;14;0;2023;6;19;2;3;5;3;0;0;1;1;0;0;0;0;329426,976999999955297;5691252,184000000357628;6,550659690000032;51,346913747000031;1
41558;5230619502322074005;5;1;13;0;2023;6;16;2;3;5;3;0;0;1;1;0;0;0;0;358479,013000000268221;5704204,144999999552965;6,962351529000046;51,471279971000058;1
41560;5230619501222972080;5;1;12;0;2023;6;13;2;2;5;3;0;0;1;1;0;0;0;0;341517,371000000275671;5703069,515000000596046;6,718839919000061;51,456589660000077;1
41562;5230619501128896114;5;1;12;0;2023;6;7;2;3;5;3;0;0;1;1;0;0;0;0;343043,898000000044703;5702786,982999999076128;6,740919292000058;51,454476432000035;1
41569;5230619410240986708;5;7;70;40;2023;6;12;2;3;6;4;0;0;1;0;1;0;0;0;479516,029699999839067;5807316,903999999165535;8,698821687000077;52,415691468000034;1
41570;5230619410210977445;5;7;70;20;2023;6;21;2;2;0;1;0;0;1;0;0;0;0;0;470290,183299999684095;5796005,676599999889731;8,564178340000069;52,313578652000047;1
41572;5230619407152474510;5;7;62;16;2023;6;10;2;2;0;1;0;0;1;0;0;0;0;0;512545,474000000394881;5725679,787000000476837;9,181460873000049;51,681945077000080;1
41573;5230619406110986717;5;7;58;12;2023;6;18;2;3;5;2;0;0;1;1;0;0;0;0;477848,034300000406802;5774126,726900000125170;8,676476579000052;52,117233305000070;1
41575;5230619405220986710;5;7;54;20;2023;6;14;2;3;5;3;0;0;1;1;0;0;0;0;444763,876000000163913;5750254,625000000000000;8,197177430000067;51,900306262000072;1
41580;5230619317210977460;5;9;78;20;2023;6;11;2;2;0;1;0;0;1;0;0;0;0;0;406606,055999999865890;5717233,088600000366569;7,651579171000037;51,598392082000032;1
41587;5230619313121241380;5;9;58;32;2023;6;6;2;3;3;2;0;0;1;0;0;1;0;0;441868,238900000229478;5693585,388399999588728;8,164513899000042;51,390524836000054;1
41588;5230619307000999566;5;9;62;16;2023;6;14;2;2;3;1;0;0;1;0;0;0;1;0;414476,324000000022352;5692651,963999999687076;7,771136071000058;51,378666111000030;1
41591;5230619303100977457;5;9;15;0;2023;6;14;2;3;0;1;0;0;1;0;0;0;0;0;413408,774500000290573;5721780,432700000703335;7,748646618000066;51,640356937000035;1
41592;5230619302100075634;5;9;14;0;2023;6;19;2;3;5;3;0;0;1;1;0;0;0;0;389585,269799999892712;5693271,660199999809265;7,413422095000044;51,379940706000070;1
41593;5230622515210028633;5;1;54;60;2023;6;20;5;1;5;3;0;1;1;1;0;0;0;0;314665,954599999822676;5698980,527799999341369;6,334903989000054;51,411710252000034;1
41597;5230619301103094323;5;9;13;0;2023;6;15;2;3;5;3;0;0;1;1;0;0;0;0;393899,497999999672174;5703176,903999999165535;7,472423988000060;51,469798285000081;1
41599;5230619300200986720;5;9;11;0;2023;6;18;2;3;5;3;0;0;1;1;0;0;0;0;370930,227099999785423;5702592,410800000652671;7,142108930000063;51,459772624000038;1
41601;5230618711200081147;5;5;70;16;2023;6;16;1;2;5;3;0;0;1;0;0;1;0;0;414784,803000000305474;5737853,856000000610948;7,764596167000036;51,785056183000052;1
41602;5230618709300977500;5;5;66;52;2023;6;4;1;2;0;7;2;0;1;1;0;0;0;0;377756,143299999646842;5779063,489800000563264;7,213341408000076;52,148529661000055;1
41603;5230618705000952633;5;5;54;12;2023;6;10;1;3;3;3;0;0;1;1;0;0;0;0;352240,664099999703467;5745917,547199999913573;6,854965877000041;51,844489916000043;1
41631;5230618601600986680;5;3;15;0;2023;6;9;1;3;4;2;0;0;1;1;0;0;0;0;361297,315000000409782;5645035,104000000283122;7,025777063000021;50,940238888000067;1
41633;5230618601600274343;5;3;15;0;2023;6;10;1;2;0;1;0;0;1;0;0;0;0;0;362104,009899999946356;5643927,437500000000000;7,037671076000038;50,930477423000070;1
41634;5230618601500499817;5;3;15;0;2023;6;15;1;3;0;3;0;0;1;1;0;0;0;0;361599,397199999541044;5649985,907800000160933;7,028190813000037;50,984805502000029;1
41636;5230618601400951201;5;3;15;0;2023;6;12;1;3;0;1;0;0;1;0;0;0;0;0;354870,027499999850988;5652427,584899999201298;6,931406269000036;51,005090931000041;1
41637;5230618601400087161;5;3;15;0;2023;6;15;1;2;0;1;0;0;1;0;0;0;0;0;355342,034500000067055;5648307,597599999979138;6,939769572000046;50,968184734000033;1
41641;5230618600310199987;5;3;14;0;2023;6;11;1;3;4;6;0;0;1;0;0;0;0;0;363774,963000000454485;5617828,914599999785423;7,071123882000052;50,696309767000059;1
41642;5230618600130699991;5;3;82;8;2023;6;12;1;3;0;1;0;0;1;0;0;0;0;0;373856,060800000093877;5610112,132400000467896;7,216420446000029;50,629220272000055;1
41643;5230618600110095257;5;3;14;0;2023;6;23;1;3;0;1;2;1;1;0;0;0;0;0;366412,470700000412762;5622379,086400000378489;7,106800234000048;50,737818636000043;1
41644;5230618516100986692;5;1;58;32;2023;6;13;1;3;0;1;0;0;1;0;0;0;0;0;366245,727300000376999;5686136,103299999609590;7,080916069000068;51,310794900000076;1
41645;5230618516100977482;5;1;58;32;2023;6;12;1;3;0;1;0;0;1;0;0;0;0;0;370060,679399999789894;5692927,526100000366569;7,133142009000039;51,372714683000027;1
41648;5230618515000986686;5;1;54;64;2023;6;13;1;3;0;3;0;0;1;1;0;0;0;0;307037,257399999536574;5722162,885399999096990;6,212651551000022;51,617369189000044;1
41650;5230618514219391596;5;1;66;36;2023;6;2;1;3;4;1;2;0;1;0;0;0;0;1;328209,552699999883771;5679011,096000000834465;6,539084560000049;51,236576489000072;1
41652;5230618506100291663;5;1;16;0;2023;6;11;1;3;0;1;0;0;1;0;0;1;0;0;321385,517900000326335;5674520,389399999752641;6,443668406000029;51,194140413000071;1
41655;5230618503200977475;5;1;24;0;2023;6;14;1;2;0;7;0;0;1;0;0;0;0;0;377398,811700000427663;5683942,298399999737740;7,241607838000050;51,293589742000052;1
41657;5230618502101869046;5;1;13;0;2023;6;3;1;2;0;7;2;0;1;0;0;0;0;0;361281,763899999670684;5702447,742799999192357;7,003368667000075;51,456190451000055;1
41661;5230618500200186706;5;1;11;0;2023;6;9;1;3;0;1;0;0;1;0;0;0;0;0;349001,026999999769032;5680226,516000000759959;6,836168440000051;51,253379348000067;1
41663;5230618410110670384;5;7;70;24;2023;6;12;1;2;0;1;0;0;1;0;0;0;0;0;496505,902099999599159;5794279,382600000128150;8,948761222000030;52,298851248000062;1
41664;5230623500200469360;5;1;11;0;2023;6;13;6;2;0;1;0;0;1;0;0;0;0;0;344062,670900000259280;5680034,229900000616908;6,765541866000035;51,250322609000079;1
41665;5230618410110296632;5;7;70;24;2023;6;1;1;3;0;1;2;0;1;0;0;0;0;0;496897,914800000376999;5790835,064799999818206;8,954541543000062;52,267887390000055;1
41666;5230618410110086693;5;7;70;24;2023;6;20;1;3;9;1;0;0;1;0;0;0;0;0;488998,936499999836087;5795475,280999999493361;8,838637460000029;52,309503866000057;1
41668;5230618405116472284;5;7;54;16;2023;6;13;1;3;5;3;0;0;1;0;0;0;0;0;450439,196700000204146;5755492,627599999308586;8,278902991000052;51,947931542000049;1
41680;5230618307000039740;5;9;62;40;2023;6;12;1;3;4;6;0;0;1;0;0;0;0;0;410451,563400000333786;5703138,523600000888109;7,710670270000037;51,472315113000036;1
41684;5230624400200070283;5;7;11;0;2023;6;20;7;3;3;2;0;0;1;1;0;0;0;0;469341,905100000090897;5763596,156899999827147;8,553196380000031;52,022151137000037;1
41689;5230618300800295427;5;9;54;36;2023;6;15;1;2;0;1;0;0;1;0;0;0;0;0;389044,644700000062585;5699371,082800000905991;7,403748767000025;51,434659230000079;1
41692;5230617709500986672;5;5;66;76;2023;6;20;7;3;0;3;0;0;1;1;0;0;0;0;392978,110999999567866;5791278,653000000864267;7,431861464000065;52,261470383000074;1
41699;5230617702100079127;5;5;15;0;2023;6;16;7;3;5;3;0;0;1;1;0;0;0;0;406769,097900000400841;5761064,262599999085069;7,642148670000040;51,992407332000028;1
41701;5230619405236087133;5;7;54;36;2023;6;16;2;3;5;3;0;0;1;1;0;0;0;0;471524,492999999783933;5752085,652000000700355;8,585958810000022;51,918779184000073;1
41702;5230617701910289511;5;5;62;8;2023;6;11;7;3;4;2;0;0;1;1;0;0;0;0;386250,888299999758601;5726278,927500000223517;7,354870219000077;51,675951630000043;1
41709;5230617610221585831;5;3;70;20;2023;6;19;7;3;5;3;0;0;1;1;0;0;0;0;303461,997000000439584;5660056,867000000551343;6,195346790000031;51,058354210000061;1
41713;5230617608312371780;5;3;34;12;2023;6;23;7;2;0;1;2;0;1;0;0;0;0;0;308606,816399999894202;5632385,592299999669194;6,283206190000044;50,811536736000050;1
41716;5230617608100071801;5;3;34;2;2023;6;11;7;2;5;3;0;0;1;0;0;0;0;0;292756,618900000117719;5627927,399800000712276;6,061033262000024;50,766045109000061;1
41721;5230617606100093395;5;3;78;4;2023;6;20;7;2;8;1;0;0;1;0;0;0;0;0;370199,088800000026822;5647860,581499999389052;7,151399924000032;50,967706679000059;1
41728;5230617602600099641;5;3;62;20;2023;6;10;7;3;3;6;0;0;1;0;0;0;0;0;342426,314299999736249;5627547,237600000575185;6,764911555000026;50,778247814000053;1
41737;5230617601200593631;5;3;15;0;2023;6;20;7;2;5;2;0;0;1;1;0;0;0;0;353131,633000000379980;5643697,914000000804663;6,910170164000021;50,926200078000079;1
41738;5230617601200193465;5;3;15;0;2023;6;10;7;3;6;4;0;0;1;0;1;0;0;0;354532,996000000275671;5643557,071000000461936;6,930152752000026;50,925289421000059;1
41739;5230617601100381755;5;3;15;0;2023;6;16;7;3;2;6;0;0;1;0;0;0;0;0;356435,461000000126660;5643105,299000000581145;6,957382237000047;50,921705958000075;1
41742;5230617600140399966;5;3;14;0;2023;6;18;7;3;5;3;0;0;1;1;0;0;0;0;369886,581299999728799;5623831,494999999180436;7,155494681000050;50,751661987000034;1
41744;5230617600110090257;5;3;14;0;2023;6;10;7;2;5;3;0;0;1;1;0;0;0;0;361980,477800000458956;5622818,937400000169873;7,043863806000047;50,740735497000060;1
41749;5230617516300591152;5;1;58;28;2023;6;12;7;3;5;3;0;0;1;1;0;0;0;0;347098,856499999761581;5689583,818600000813603;6,804923660000043;51,336952083000028;1
41755;5230619300800389970;5;9;54;36;2023;6;17;2;2;0;1;0;0;1;0;0;0;0;0;385485,252299999818206;5700258,121300000697374;7,352277312000069;51,441923750000058;1
41756;5230617514110595553;5;1;66;32;2023;6;10;7;3;5;3;0;0;1;1;0;0;0;0;318902,685300000011921;5681772,702199999243021;6,404508665000037;51,258506062000038;1
41758;5230617513130591465;5;1;62;22;2023;6;10;7;3;3;2;0;0;1;1;0;0;0;0;336718,418999999761581;5684485,824999999254942;6,658363686000030;51,288263027000028;1
41759;5230617508000876245;5;1;19;0;2023;6;18;7;3;6;4;0;0;1;0;1;0;0;0;351000,022599999792874;5708613,802100000903010;6,852885435000076;51,508982721000052;1
41764;5230617503100977498;5;1;24;0;2023;6;18;7;3;0;1;0;0;1;0;0;0;0;0;366755,262299999594688;5680226,935300000011921;7,090426706000073;51,257808411000042;1
41765;5230617502409591514;5;1;17;0;2023;6;15;7;3;0;1;0;0;1;0;0;0;0;0;350165,274500000290573;5699661,450099999085069;6,844660867000073;51,428321562000065;1
41766;5230617502401485346;5;1;17;0;2023;6;22;7;2;0;7;1;0;1;0;0;0;0;0;352957,320799999870360;5699555,444700000807643;6,884838137000031;51,428100362000066;1
41769;5230620702100791795;5;5;15;0;2023;6;17;3;3;4;6;0;0;1;0;0;0;0;0;406105,214999999850988;5758339,369999999180436;7,633228309000060;51,967802988000074;1
41780;5230617502322580941;5;1;13;0;2023;6;23;7;3;0;7;2;0;1;0;0;0;0;0;359931,757000000216067;5704778,956000000238419;6,983026559000052;51,476806817000067;1
41782;5230622316300986787;5;9;74;28;2023;6;10;5;2;3;1;0;0;1;1;0;0;0;0;451257,692300000227988;5722216,105699999257922;8,295489101000044;51,648828523000077;1
41795;5230619317250986714;5;9;78;32;2023;6;15;2;3;0;2;0;0;1;0;0;0;0;0;393522,880699999630451;5729361,837700000032783;7,459060357000055;51,705087018000029;1
41796;5230617406220977502;5;7;58;24;2023;6;18;7;3;5;2;0;0;1;1;0;0;0;0;480085,190899999812245;5785467,103299999609590;8,708483603000047;52,219275027000037;1
41799;5230617404302696830;5;7;66;48;2023;6;16;7;2;0;7;0;0;1;1;0;0;0;0;477629,155799999833107;5759524,739600000903010;8,674236111000027;51,985941916000058;1
41800;5230617404302558124;5;7;66;8;2023;6;16;7;3;5;3;0;0;1;0;0;0;0;1;477734,176900000311434;5770390,031099999323487;8,675057975000072;52,083633372000065;1
41804;5230617400200977471;5;7;11;0;2023;6;13;7;3;0;3;0;0;1;1;0;0;0;0;468845,088600000366569;5761960,163899999111891;8,546105008000040;52,007414811000046;1
41806;5230617317240977506;5;9;78;40;2023;6;13;7;3;5;2;0;0;1;1;0;0;0;0;405831,107200000435114;5724969,645700000226498;7,638312700000029;51,667806843000051;1
41807;5230617317210194350;5;9;78;20;2023;6;6;7;3;5;3;0;0;1;0;0;0;0;1;404760,124800000339746;5714967,277799999341369;7,625550651000026;51,577715591000072;1
41808;5230625310130699535;5;9;54;20;2023;6;11;1;3;5;2;0;0;1;1;0;0;0;0;391164,247999999672174;5697676,901000000536442;7,434750426000051;51,419842271000050;1
41809;5230617317140080650;5;9;78;28;2023;6;17;7;3;5;2;0;0;1;0;0;0;0;0;400493,547100000083447;5699781,336699999868870;7,568283822000069;51,440473678000046;1
41810;5230617316300986663;5;9;74;28;2023;6;14;7;3;4;6;0;0;1;0;0;0;0;0;455332,410400000400841;5725831,284900000318885;8,353917818000070;51,681670761000078;1
41812;5230617316100986662;5;9;74;16;2023;6;14;7;3;5;3;0;0;1;1;0;0;0;0;454870,773799999617040;5718296,438699999824166;8,348213306000048;51,613888674000066;1
41817;5230617307000039740;5;9;62;40;2023;6;10;7;3;2;6;0;0;1;0;0;0;0;0;415945,172000000253320;5700905,584000000730157;7,790279275000046;51,453084358000069;1
41826;5230617301301373405;5;9;78;24;2023;6;10;7;3;9;7;0;0;1;0;0;0;0;0;400765,692900000140071;5719700,861400000751019;7,566585072000066;51,619575560000044;1
41827;5230617301102573325;5;9;13;0;2023;6;11;7;3;5;3;0;0;1;1;0;0;0;0;396067,285400000400841;5705497,728199999779463;7,502940030000047;51,491061791000050;1
41829;5230617301101594228;5;9;13;0;2023;6;17;7;3;0;1;0;0;1;0;0;0;0;0;393610,902800000272691;5705847,975700000301003;7,467465858000025;51,493753125000069;1
41831;5230617300500295074;5;9;11;0;2023;6;21;7;3;6;6;1;0;1;0;1;0;0;0;378414,396300000138581;5703786,709899999201298;7,249373059000050;51,472163593000062;1
41834;5230620705000977413;5;5;54;48;2023;6;16;3;3;5;3;0;0;1;1;0;0;0;0;341030,138799999840558;5745117,549699999392033;6,692726815000071;51,834223859000076;1
41835;5230616711100253160;5;5;70;52;2023;6;23;6;3;5;3;2;0;1;0;0;0;0;0;430885,671900000423193;5757212,686200000345707;7,994098886000074;51,961308377000080;1
41836;5230625300100085312;5;9;11;0;2023;6;15;1;2;1;5;0;0;1;1;0;0;0;0;376582,307900000363588;5706138,089099999517202;7,222185863000050;51,492899768000029;1
41842;5230616705000986617;5;5;54;4;2023;6;11;6;3;5;3;0;0;1;1;0;0;0;0;362259,218999999575317;5770868,685000000521541;6,990302818000032;52,071250156000076;1
41847;5230616702100691784;5;5;15;0;2023;6;16;6;3;0;7;0;0;1;0;0;0;0;0;405897,039099999703467;5753024,258500000461936;7,631653699000026;51,919993034000072;1
41848;5230616702100074471;5;5;15;0;2023;6;8;6;3;5;3;0;0;1;1;0;0;0;0;409343,479000000283122;5760560,907199999317527;7,679765132000057;51,988309089000040;1
41849;5230616702100064165;5;5;15;0;2023;6;18;6;3;4;2;0;0;1;1;0;0;0;0;401576,379200000315905;5757084,120899999514222;7,567686148000064;51,955737104000036;1
41851;5230616701800175248;5;5;62;4;2023;6;16;6;3;3;2;0;0;1;1;0;0;0;0;383656,420800000429153;5709827,793600000441074;7,322821532000034;51,527562329000034;1
41854;5230616701500798907;5;5;62;24;2023;6;6;6;2;5;2;0;0;1;0;0;0;0;1;370789,853099999949336;5729281,007600000128150;7,130269557000076;51,699586702000033;1
41855;5230616701400770110;5;5;12;0;2023;6;20;6;3;5;3;0;0;1;1;0;0;0;0;355480,696299999952316;5717457,664699999615550;6,913772917000074;51,589614694000034;1
41858;5230616700000769608;5;5;13;0;2023;6;7;6;3;5;3;0;0;1;1;0;0;0;0;368744,631000000052154;5714996,517999999225140;7,106047733000025;51,570743281000034;1
41859;5230616700000495053;5;5;13;0;2023;6;13;6;3;1;7;0;0;1;1;0;0;0;0;364931,937300000339746;5717099,034299999475479;7,050257515000055;51,588736874000062;1
41863;5230616609108778427;5;3;58;8;2023;6;13;6;3;6;7;0;0;1;0;1;0;0;0;323104,277999999932945;5627337,757300000637770;6,491205919000038;50,770794750000050;1
41865;5230616608332394794;5;3;34;32;2023;6;12;6;3;3;7;0;0;1;0;0;1;0;0;306788,087000000290573;5621768,689600000157952;6,262994480000032;50,715565885000046;1
41867;5230616608100377575;5;3;34;2;2023;6;15;6;3;6;4;0;0;1;0;1;0;0;0;295144,762099999934435;5629187,592499999329448;6,094151591000070;50,778211260000035;1
41869;5230618601501000000;5;3;15;0;2023;6;9;1;3;0;1;0;0;1;0;0;0;0;0;359775,841300000436604;5647342,686300000175834;7,003246452000042;50,960609395000063;1
41872;5230616607400050903;5;3;82;68;2023;6;16;6;3;0;7;0;0;1;1;0;0;0;0;367874,521700000390410;5629254,164499999955297;7,125039259000062;50,799946619000082;1
41873;5230616607200095298;5;3;82;20;2023;6;0;6;2;8;1;2;0;1;0;0;0;0;0;378097,447999999858439;5625816,798000000417233;7,271176991000061;50,771289947000071;1
41880;5230616701300670110;5;5;62;14;2023;6;21;6;3;5;3;0;0;1;1;0;0;0;0;361819,189500000327826;5713760,785800000652671;7,006666196000026;51,557984079000050;1
41889;5230616601600999001;5;3;15;0;2023;6;13;6;3;6;7;0;0;1;0;1;0;0;0;360831,317599999718368;5644287,882200000807643;7,019433915000036;50,933411157000080;1
41891;5230616601500599817;5;3;15;0;2023;6;16;6;3;6;4;0;0;1;0;1;0;0;0;359974,177099999971688;5647812,264499999582767;7,005888150000033;50,964877778000073;1
41893;5230616601400799191;5;3;15;0;2023;6;15;6;3;0;3;0;0;1;1;0;0;0;0;350874,636699999682605;5652333,361800000071526;6,874538490000020;51,003222430000051;1
41895;5230616601300914988;5;3;15;0;2023;6;15;6;3;5;2;0;0;1;0;0;0;0;1;350908,721099999733269;5645056,068399999290705;6,878007219000040;50,937834856000052;1
41896;5230616601200690177;5;3;15;0;2023;6;16;6;2;3;6;0;0;1;1;0;0;0;0;354041,240000000223517;5642148,837300000712276;6,923723978000055;50,912509824000040;1
41897;5230616601100977520;5;3;15;0;2023;6;20;6;3;0;6;0;0;1;0;0;0;0;0;355203,400600000284612;5644888,861500000581145;6,939156261000051;50,937426587000061;1
41898;5230616601100699015;5;3;15;0;2023;6;18;6;3;3;6;0;0;1;1;0;0;0;0;356545,701799999922514;5644640,371300000697374;6,958345602000065;50,935528915000077;1
41900;5230616601100199088;5;3;15;0;2023;6;1;6;3;1;5;2;0;1;1;0;0;0;0;355397,854899999685585;5643952,501800000667572;6,942293466000024;50,929060505000052;1
41904;5230616600310893620;5;3;14;0;2023;6;7;6;3;5;2;0;0;1;1;0;0;0;0;363396,586000000126660;5620441,955000000074506;7,064802575000044;50,719706558000041;1