OID_;UIDENTSTLAE;ULAND;UREGBEZ;UKREIS;UGEMEINDE;UJAHR;UMONAT;USTUNDE;UWOCHENTAG;UKATEGORIE;UART;UTYP1;ULICHTVERH;IstStrassenzustand;IstRad;IstPKW;IstFuss;IstKrad;IstGkfz;IstSonstige;LINREFX;LINREFY;XGCSWGS84;YGCSWGS84;PLST
41910;5230616518400044360;5;1;70;8;2023;6;12;6;2;5;3;0;0;1;1;0;0;0;0;344927,963100000284612;5714916,974600000306964;6,762680060000037;51,563981966000028;1
41913;5230616518210086043;5;1;70;28;2023;6;16;6;3;0;1;0;0;1;0;0;0;0;0;330702,277900000102818;5697510,739000000059605;6,565972968000040;51,403520702000037;1
41920;5230616516300977545;5;1;58;28;2023;6;9;6;3;0;1;0;0;1;0;0;0;0;0;348180,154000000096858;5689589,414999999105930;6,820432473000039;51,337292133000062;1
41922;5230616515111222348;5;1;54;44;2023;6;10;6;3;5;3;0;0;1;1;0;0;0;0;320536,787999999709427;5742844,935000000521541;6,396778391000055;51,807604013000059;1
41923;5230616515110977533;5;1;54;36;2023;6;14;6;3;5;2;0;0;1;1;0;0;0;0;304711,398000000044703;5742795,219000000506639;6,167540017000022;51,801854939000066;1
41924;5230616515000767261;5;1;54;36;2023;6;15;6;2;4;6;0;0;1;0;0;0;0;0;304775,710300000384450;5741498,674599999561906;6,169201303000023;51,790234052000073;1
41925;5230616514217986618;5;1;66;36;2023;6;13;6;3;1;1;0;0;1;0;0;0;0;1;329487,759999999776483;5684344,269500000402331;6,554834898000024;51,284872626000038;1
41926;5230616514214977547;5;1;66;8;2023;6;8;6;3;5;3;0;0;1;1;0;0;0;0;317444,445000000298023;5689330,313999999314547;6,379768676000026;51,325928447000081;1
41929;5230616508000394998;5;1;19;0;2023;6;8;6;3;1;5;0;0;1;1;0;0;0;0;349979,796000000089407;5710642,824999999254942;6,837331349000067;51,526944155000081;1
41930;5230616508000276703;5;1;19;0;2023;6;18;6;3;5;3;0;0;1;1;0;0;0;0;351006,417999999597669;5708604,351999999955297;6,852981517000046;51,508899495000037;1
41931;5230623513120081647;5;1;62;20;2023;6;19;6;3;5;2;0;0;1;1;0;0;0;0;329339,579300000332296;5671413,710200000554323;6,558869020000031;51,168660620000026;1
41938;5230616502405091613;5;1;17;0;2023;6;18;6;3;4;2;0;0;1;1;0;0;0;0;355934,135200000368059;5699799,800000000745058;6,927528864000067;51,431060705000050;1
41941;5230616502210773986;5;1;13;0;2023;6;20;6;3;0;7;0;0;1;1;0;0;0;0;361292,807799999602139;5699991,956100000068545;7,004490005000036;51,434124595000071;1
41952;5230616500300296681;5;1;11;0;2023;6;11;6;2;5;2;0;0;1;1;0;0;0;0;343657,320500000379980;5674529,419099999591708;6,762139433000073;51,200749372000075;1
41953;5230616500300076682;5;1;11;0;2023;6;6;6;3;5;3;0;0;1;0;0;0;0;1;345639,298000000417233;5674345,720399999991059;6,790565334000064;51,199637686000074;1
41956;5230621316100094273;5;9;74;32;2023;6;16;4;3;0;3;0;1;1;1;0;0;0;0;434620,571200000122190;5705415,244999999180436;8,058177236000063;51,496093536000046;1
41963;5230616405236986641;5;7;54;36;2023;6;19;6;3;5;3;0;0;1;0;0;0;0;1;476799,546699999831617;5751074,971400000154972;8,662725935000026;51,909937012000057;1
41965;5230616405236278113;5;7;54;36;2023;6;13;6;3;5;2;0;0;1;0;0;0;1;0;475331,968000000342727;5750541,559000000357628;8,641429800000026;51,905078076000052;1
41966;5230616405228196871;5;7;54;28;2023;6;10;6;3;5;2;0;0;1;1;0;0;0;0;451232,444500000216067;5745191,519600000232458;8,291901206000034;51,855390362000037;1
41970;5230616404302296830;5;7;66;48;2023;6;17;6;2;5;3;0;0;1;1;0;0;0;0;479100,621700000017881;5760705,202400000765920;8,695591277000062;51,996612588000062;1
41973;5230616404103021677;5;7;66;16;2023;6;11;6;3;5;3;0;0;1;1;0;0;0;0;506032,740899999625981;5754355,307600000873208;9,087758579000024;51,939881263000075;1
41974;5230616404101986628;5;7;66;20;2023;6;16;6;2;5;3;0;0;1;1;0;0;0;0;491805,165000000037253;5756192,412000000476837;8,880745594000075;51,956371059000048;1
41978;5230616317140545237;5;9;78;28;2023;6;19;6;3;0;7;0;0;1;0;0;0;0;0;401199,485100000165403;5700852,915300000458956;7,578138433000049;51,450229721000028;1
41981;5230616315110185526;5;9;70;40;2023;6;16;6;3;4;3;0;0;1;1;0;0;0;0;428737,441100000403821;5632270,806399999186397;7,987938929000052;50,837754107000080;1
41998;5230616301301986625;5;9;78;24;2023;6;14;6;3;1;3;0;0;1;1;0;0;0;0;397855,159699999727309;5719735,620100000873208;7,524547808000023;51,619367285000067;1
42006;5230616300300899421;5;9;54;36;2023;6;9;6;3;4;2;0;0;1;1;0;0;0;0;388535,114000000059605;5699488,256999999284744;7,396384634000071;51,435612407000065;1
42007;5230616300100999394;5;9;11;0;2023;6;18;6;3;5;3;0;0;1;1;0;0;0;0;374835,443900000303984;5706060,627299999818206;7,197063313000058;51,491819573000043;1
42008;5230615711300676704;5;5;70;48;2023;6;5;5;3;5;3;0;0;1;1;0;0;0;0;448868,798600000329316;5729019,264399999752641;8,259967183000072;51,709781501000066;1
42014;5230615709700986593;5;5;66;28;2023;6;16;5;3;5;3;0;0;1;1;0;0;0;0;416175,248999999836087;5790930,903999999165535;7,771747576000053;52,262369250000063;1
42017;5230615709500279128;5;5;66;76;2023;6;15;5;3;4;1;0;0;1;0;0;0;0;0;393175,776399999856949;5793309,798100000247359;7,434113378000063;52,279763082000045;1
42019;5230615709000986964;5;5;66;8;2023;6;16;5;2;5;3;0;0;1;0;0;0;0;0;397783,715200000442564;5781505,663899999111891;7,505201237000051;52,174549142000046;1
42020;5230615705000986597;5;5;54;8;2023;6;17;5;2;5;2;0;0;1;1;0;0;0;0;334484,495299999602139;5745641,246300000697374;6,597561838000047;51,837027266000064;1
42021;5230615705000986570;5;5;54;12;2023;6;6;5;3;5;3;0;0;1;1;0;0;0;0;352588,541000000201166;5750058,119999999180436;6,858245446000069;51,881784444000061;1
42022;5230615705000977560;5;5;54;12;2023;6;17;5;3;5;3;0;0;1;1;0;0;0;0;348692,229000000283122;5743412,605000000447035;6,804588475000060;51,821033724000074;1
42027;5230619405108682104;5;7;54;8;2023;6;15;2;3;5;3;0;0;1;0;0;0;0;1;460266,588999999687076;5754164,040999999269843;8,422033734000024;51,936775616000034;1
42032;5230615702100555910;5;5;15;0;2023;6;8;5;2;5;3;0;0;1;1;0;0;0;0;407077,388000000268221;5757671,603000000119209;7,647556078000036;51,961964132000048;1
42037;5230615700000077662;5;5;13;0;2023;6;21;5;3;0;1;0;0;1;1;0;0;0;0;369703,137099999934435;5706169,295099999755621;7,123136546000069;51,491636742000026;1
42042;5230615608312094910;5;3;34;12;2023;6;11;5;2;0;7;0;0;1;0;0;0;0;0;306458,322100000455976;5632401,415300000458956;6,252737559000025;50,810965082000052;1
42044;5230615608100694811;5;3;34;2;2023;6;14;5;3;5;2;0;0;1;1;0;0;0;0;293238,531999999657273;5628405,692299999296665;6,067589066000039;50,770512600000075;1
42045;5230615608100673680;5;3;34;2;2023;6;17;5;3;0;1;0;0;1;0;0;0;0;0;292708,232599999755621;5628315,774700000882149;6,060129265000057;50,769515826000031;1
42046;5230615608100585838;5;3;34;2;2023;6;17;5;2;5;3;0;0;1;1;0;0;0;0;295150,141900000162423;5629252,187500000000000;6,094191816000034;50,778793305000079;1
42048;5230615608100085810;5;3;34;2;2023;6;23;5;3;0;1;2;0;1;0;0;0;0;0;292909,873800000175834;5631857,507799999788404;6,060989750000033;50,801396134000072;1
42050;5230615607100181193;5;3;82;60;2023;6;5;5;3;5;3;0;0;1;1;0;0;0;0;373008,271499999798834;5629851,454099999740720;7,197645211000065;50,806463113000063;1
42053;5230615606000478567;5;3;78;24;2023;6;15;5;3;0;7;0;0;1;0;0;0;0;0;379909,033099999651313;5643910,323799999430776;7,290921652000065;50,934305794000068;1
42055;5230617410110087120;5;7;70;24;2023;6;8;7;3;5;3;0;0;1;0;0;1;0;0;492133,811499999836087;5791382,611300000920892;8,884714942000073;52,272762607000061;1
42056;5230615605144269570;5;3;74;44;2023;6;12;5;3;0;1;0;0;1;0;0;0;0;0;402665,644100000150502;5637511,520099999383092;7,616376809000030;50,881070682000029;1
42061;5230615602700414916;5;3;62;28;2023;6;18;5;3;0;1;0;0;1;0;0;0;0;0;352086,647800000384450;5636764,418899999931455;6,898119212000040;50,863624564000077;1
42063;5230615602500675614;5;3;62;24;2023;6;15;5;3;5;3;0;0;1;1;0;0;0;0;342826,780000000260770;5645915,668999999761581;6,762698718000024;50,943412960000046;1
42065;5230615602400480808;5;3;62;32;2023;6;7;5;3;2;6;0;0;1;1;0;0;0;0;338147,834200000390410;5638155,410599999129772;6,699593442000037;50,872389658000031;1
42068;5230615601700295404;5;3;16;0;2023;6;16;5;3;0;7;0;0;1;0;0;0;0;0;361974,123700000345707;5656286,534900000318885;7,031129112000031;51,041520286000036;1
42070;5230615601300977554;5;3;15;0;2023;6;21;5;2;0;1;1;0;1;0;0;0;0;0;354183,320799999870360;5644932,864700000733137;6,924630329000024;50,937564996000049;1
42071;5230615601300899181;5;3;15;0;2023;6;14;5;3;5;2;0;0;1;0;0;0;0;1;352669,241700000129640;5650262,015300000086427;6,900938491000034;50,985070711000049;1
42077;5230615600110995623;5;3;14;0;2023;6;11;5;3;0;1;0;0;1;0;0;0;0;0;364536,596800000406802;5621682,866699999198318;7,080487063000021;50,731126582000059;1
42078;5230615600110295261;5;3;14;0;2023;6;8;5;3;0;3;0;0;1;1;0;0;0;0;365226,595999999903142;5623060,790400000289083;7,089754618000029;50,743671730000074;1
42084;5230615514111085745;5;1;66;32;2023;6;11;5;3;5;2;0;0;1;1;0;0;0;0;313731,589599999599159;5680823,770099999383092;6,330975361000071;51,248316658000078;1
42085;5230712606100981787;5;3;78;4;2023;7;17;4;2;0;1;0;0;1;0;0;0;0;0;368321,900700000114739;5650338,869500000029802;7,123782833000064;50,989554758000054;1
42096;5230712601000786453;5;3;15;0;2023;7;13;4;3;0;1;0;0;1;0;0;0;0;0;355303,314299999736249;5644187,304700000211596;6,940855866000049;50,931146923000028;1
42098;5230712600120395300;5;3;82;24;2023;7;15;4;2;4;6;0;0;1;0;0;0;0;0;372747,680200000293553;5614262,641300000250340;7,199331122000046;50,666286668000055;1
42099;5230712600110086287;5;3;14;0;2023;7;18;4;3;5;2;0;0;1;1;0;0;0;0;366330,018899999558926;5622351,527799999341369;7,105642406000072;50,737551968000048;1
42102;5230712516200095681;5;1;58;12;2023;7;15;4;3;9;4;0;0;1;0;1;0;0;0;356747,385499999858439;5688051,526699999347329;6,943956848000028;51,325695643000074;1
42103;5230712514215987267;5;1;66;28;2023;7;14;4;2;5;3;0;0;1;1;0;0;0;0;323427,689000000245869;5689420,549000000581145;6,465510114000040;51,328627875000052;1
42106;5230712513110290386;5;1;62;16;2023;7;10;4;3;7;3;0;0;1;1;0;0;0;0;334703,589900000020862;5679155,949599999934435;6,631958555000040;51,239796139000077;1
42107;5230712506100987274;5;1;16;0;2023;7;19;4;3;3;2;0;0;1;0;0;0;0;1;320369,062500000000000;5669542,186699999496341;6,431623582000043;51,149101717000065;1
42108;5230712506100797864;5;1;16;0;2023;7;7;4;3;5;2;0;1;1;1;0;0;0;0;321357,970999999903142;5667982,304999999701977;6,446521688000075;51,135398255000041;1
42112;5230712503100195915;5;1;24;0;2023;7;6;4;3;0;7;0;1;1;1;0;0;0;0;370906,778099999763072;5681809,727499999105930;7,149318175000076;51,272988736000059;1
42116;5230712500200891210;5;1;11;0;2023;7;16;4;3;5;3;0;0;1;1;0;0;0;0;345085,835599999874830;5680722,632600000128150;6,779893146000063;51,256786990000080;1
42117;5230712500200545454;5;1;11;0;2023;7;8;4;3;3;2;0;0;1;1;0;0;0;0;347202,503899999894202;5681211,302899999544024;6,809994893000066;51,261749108000060;1
42122;5230712411220387923;5;7;74;20;2023;7;17;4;2;4;6;0;0;1;0;0;0;0;0;469762,083800000138581;5737812,899199999868870;8,561582560000033;51,790361114000063;1
42123;5230712411112682114;5;7;74;12;2023;7;17;4;1;5;3;0;0;1;1;0;0;0;0;480089,542700000107288;5723353,870400000363588;8,712143940000033;51,660819096000068;1
42125;5230712410120087134;5;7;70;32;2023;7;16;4;3;4;3;0;0;1;0;0;0;0;0;494636,159500000067055;5788125,444199999794364;8,921440494000024;52,243508978000079;1
42126;5230712410110972273;5;7;70;24;2023;7;15;4;3;0;1;0;0;1;0;0;0;0;0;493586,451700000092387;5794252,337400000542402;8,905949856000063;52,298581768000076;1
42128;5230712406210974500;5;7;58;4;2023;7;7;4;3;5;2;0;0;1;1;0;0;0;0;467700,232900000177324;5782596,236600000411272;8,527469736000057;52,192877982000027;1
42129;5230712406110687126;5;7;58;12;2023;7;19;4;3;5;3;0;0;1;1;0;0;0;0;473850,860000000335276;5769767,528000000864267;8,618434776000072;52,077866841000059;1
42133;5230712400200987272;5;7;11;0;2023;7;17;4;3;5;2;0;0;1;1;0;0;0;0;469922,279000000096858;5764937,774000000208616;8,561536386000057;52,034244920000049;1
42135;5230712317240977740;5;9;78;40;2023;7;11;4;2;3;3;0;0;1;1;0;0;0;0;405002,440000000409782;5725194,466000000014901;7,626272687000039;51,669688223000037;1
42136;5230712317140987276;5;9;78;28;2023;7;19;4;3;0;7;0;0;1;0;0;0;0;0;399978,155000000260770;5698922,825999999418855;7,561113306000038;51,432665758000041;1
42139;5230712316200194445;5;9;74;52;2023;7;9;4;3;1;2;0;0;1;1;0;0;0;0;424981,703999999910593;5711876,347999999299645;7,917973548000020;51,552982419000045;1
42141;5230712316100380476;5;9;74;24;2023;7;6;4;3;0;6;0;1;1;1;0;0;0;0;432379,252500000409782;5723901,706800000742078;8,022334950000072;51,662028708000037;1
42143;5230712313110284985;5;9;58;4;2023;7;14;4;3;0;7;0;0;1;0;0;0;0;0;429872,500799999572337;5695798,725800000131130;7,991696508000075;51,409068027000046;1
42147;5230712307000685280;5;9;62;24;2023;7;5;4;3;5;3;0;1;1;1;0;0;0;0;408830,391999999992549;5692233,612400000914931;7,690140798000073;51,374026608000065;1
42156;5230712301101510811;5;9;13;0;2023;7;11;4;3;5;3;0;0;1;1;0;0;0;0;395727,967299999669194;5705226,210899999365211;7,498134459000028;51,488558740000030;1
42157;5230712301101385068;5;9;13;0;2023;7;11;4;3;4;3;0;0;1;1;0;0;0;0;393092,868999999947846;5707142,486999999731779;7,459614192000060;51,505291086000057;1
42158;5230712300800490006;5;9;54;36;2023;7;20;4;3;8;1;0;0;1;0;0;0;0;0;380127,511400000192225;5695629,512499999254942;7,276788421000049;51,399214294000046;1
42161;5230711709500987252;5;5;66;76;2023;7;20;3;3;5;3;0;0;1;1;0;0;0;0;393479,980000000447035;5791909,164999999105930;7,439013112000055;52,267234348000045;1
42162;5230711709500987234;5;5;66;76;2023;7;10;3;3;0;1;0;0;1;0;0;0;0;0;395102,298999999649823;5792976,070800000801682;7,462446073000024;52,277134795000052;1
42164;5230711709110296664;5;5;66;12;2023;7;18;3;2;5;3;0;0;1;0;0;0;1;0;401707,307099999859929;5778076,600400000810623;7,563552157000061;52,144442040000058;1
42165;5230711705000987245;5;5;54;8;2023;7;12;3;3;4;6;0;0;1;0;0;0;0;0;334731,295300000347197;5745741,573799999430776;6,601092798000025;51,838001621000046;1
42169;5230711702100474643;5;5;15;0;2023;7;14;3;3;3;2;0;0;1;1;0;0;0;0;403429,614199999719858;5758084,768799999728799;7,594365245000063;51,965056158000039;1
42174;5230711608312985784;5;3;34;12;2023;7;22;3;3;8;1;2;0;1;0;0;0;0;0;306073,832299999892712;5633266,774299999698997;6,246829276000028;50,818609505000040;1
42175;5230711608200586645;5;3;34;2;2023;7;18;3;3;3;2;0;0;1;1;0;0;0;0;295193,178700000047684;5630262,066899999976158;6,094238879000045;50,787878496000076;1
42188;5230711601600374328;5;3;15;0;2023;7;17;3;3;0;1;0;0;1;0;0;0;0;0;362025,077899999916553;5640241,387800000607967;7,037942471000065;50,897330721000060;1
42190;5230711601500593350;5;3;15;0;2023;7;14;3;2;3;2;0;0;1;0;0;0;1;0;358023,274000000208616;5645101,175200000405312;6,979180928000062;50,940035813000065;1
42195;5230711518100595918;5;1;70;48;2023;7;21;3;2;5;7;0;0;1;1;0;0;0;0;336532,174999999813735;5722912,805999999865890;6,637930908000044;51,633445213000073;1
42196;5230711516800895658;5;1;58;20;2023;7;10;3;2;5;2;0;0;1;1;0;0;0;0;357463,244900000281632;5666866,182399999350309;6,962651948000030;51,135494880000067;1
42200;5230711513320082131;5;1;62;4;2023;7;13;3;2;2;6;0;0;1;0;0;0;0;0;340014,673299999907613;5664903,576400000602007;6,714322947000028;51,113251975000026;1
42202;5230711508000282183;5;1;19;0;2023;7;14;3;3;5;2;0;0;1;1;0;0;0;0;350485,283999999985099;5705408,446000000461936;6,846831552000026;51,480045428000039;1
42203;5230711505100976303;5;1;14;0;2023;7;8;3;2;5;3;0;0;1;1;0;0;0;0;331652,500699999742210;5686003,867399999871850;6,585065278000059;51,300426422000044;1
42209;5230711502409195123;5;1;17;0;2023;7;15;3;3;0;3;0;0;1;1;0;0;0;0;350881,608400000259280;5699823,861600000411272;6,854889024000045;51,429969858000049;1
42210;5230711502407085336;5;1;17;0;2023;7;16;3;3;0;7;0;0;1;0;0;0;0;0;351996,735299999825656;5696962,706599999219179;6,872113069000022;51,404552880000040;1
42221;5230711410220033700;5;7;70;8;2023;7;17;3;3;0;3;0;0;1;1;0;0;0;0;473536,016999999992549;5800239,381200000643730;8,611457754000071;52,351806744000044;1
42222;5230711410220010072;5;7;70;8;2023;7;7;3;3;5;2;0;0;1;0;0;0;0;1;474907,474499999545515;5803392,367399999871850;8,631357059000038;52,380217243000061;1
42223;5230711410110997967;5;7;70;24;2023;7;15;3;3;5;2;0;0;1;0;0;0;0;0;493150,898000000044703;5793122,132400000467896;8,899585760000036;52,288415408000049;1
42224;5230711410110572232;5;7;70;24;2023;7;15;3;3;5;2;0;0;1;0;0;0;0;0;493149,810300000011921;5793122,468499999493361;8,899569807000034;52,288418416000070;1
42230;5230711404301891386;5;7;66;24;2023;7;18;3;3;0;5;0;0;1;1;0;0;0;0;500408,176300000399351;5764696,350400000810623;9,005950073000065;52,032889923000027;1
42233;5230711307000987236;5;9;62;24;2023;7;11;3;3;0;1;0;0;1;0;0;0;0;0;407958,315999999642372;5697903,899599999189377;7,676144096000030;51,424858849000032;1
42240;5230711301303594298;5;9;13;0;2023;7;19;3;3;6;4;0;0;1;0;1;0;0;0;399932,219399999827147;5705796,810300000011921;7,558506910000062;51,494447475000072;1
42244;5230711301203575343;5;9;13;0;2023;7;17;3;2;0;7;0;0;1;0;0;0;0;0;393011,291400000452995;5711041,106399999931455;7,457255306000036;51,540318125000056;1
42246;5230711301101873326;5;9;13;0;2023;7;13;3;3;5;3;0;0;1;1;0;0;0;0;392163,960699999704957;5706214,642300000414252;7,446518801000025;51,496774738000056;1
42248;5230711300000694237;5;9;11;0;2023;7;15;3;3;0;5;0;0;1;1;0;0;0;0;375850,479100000113249;5700409,986800000071526;7,213661438000031;51,441258798000035;1
42250;5230710709800987198;5;5;66;40;2023;7;7;2;3;0;1;0;0;1;0;0;0;0;0;422647,625799999572337;5782485,005799999460578;7,868495561000032;52,187398650000034;1
42254;5230710706200279113;5;5;58;40;2023;7;17;2;3;5;3;0;0;1;1;0;0;0;0;371546,190600000321865;5763269,002100000157952;7,128577409000059;52,005190622000043;1
42261;5230710700000479550;5;5;13;0;2023;7;11;2;3;0;1;0;0;1;0;0;0;0;0;364971,807699999772012;5717239,838999999687076;7,050778526000045;51,590011755000035;1
42264;5230710608200589778;5;3;34;2;2023;7;17;2;3;5;3;0;0;1;1;0;0;0;0;295518,426199999637902;5628764,052300000563264;6,099680194000030;50,774539163000043;1
42269;5230710607100058702;5;3;82;40;2023;7;18;2;3;5;3;0;0;1;1;0;0;0;0;384834,132500000298023;5634509,885099999606609;7,363945895000029;50,850809933000050;1
42271;5230710603116599973;5;3;66;16;2023;7;6;2;3;1;1;0;0;1;1;0;0;0;0;345482,214999999850988;5617617,640000000596046;6,812385817000063;50,689839357000039;1
42274;5230710602200780762;5;3;62;4;2023;7;18;2;3;8;1;0;0;1;0;0;0;0;0;328737,560499999672174;5653265,492100000381470;6,558868863000043;51,005434047000051;1
42281;5230710601400293600;5;3;15;0;2023;7;18;2;3;3;6;0;0;1;0;0;0;0;0;354440,057900000363588;5653261,834300000220537;6,924947411000062;51,012479353000060;1
42282;5230710601400193523;5;3;15;0;2023;7;8;2;3;8;1;0;0;1;0;0;0;0;0;356538,507699999958277;5652595,003699999302626;6,955105288000027;51,007013982000046;1
42285;5230710601200990400;5;3;15;0;2023;7;11;2;3;4;2;0;0;1;1;0;0;0;0;358093,521999999880791;5639398,586999999359250;6,982398147000026;50,888803684000038;1
42288;5230710518320987210;5;1;70;52;2023;7;14;2;3;2;6;0;0;1;1;0;0;0;0;318758,533099999651313;5728624,779999999329448;6,378420751000021;51,679306335000035;1
42289;5230710518120890532;5;1;70;44;2023;7;17;2;2;4;3;0;0;1;0;0;0;0;0;341147,544400000013411;5717781,709599999710917;6,706888547000062;51,588667818000033;1
42293;5230712514212286044;5;1;66;12;2023;7;12;4;3;5;3;0;0;1;1;0;0;0;0;326099,260499999858439;5698875,880000000819564;6,499191971000073;51,414391728000055;1
42302;5230710508000362147;5;1;19;0;2023;7;16;2;3;5;3;0;0;1;1;0;0;0;0;349432,637000000104308;5709934,849999999627471;6,829752220000046;51,520437215000072;1
42311;5230710500200074497;5;1;11;0;2023;7;10;2;3;0;5;0;0;1;0;0;0;0;1;342241,523000000044703;5684418,398600000888109;6,737533388000031;51,289213839000070;1
42321;5230710400200987294;5;7;11;0;2023;7;21;2;3;0;3;1;0;1;0;0;0;0;1;468946,006000000052154;5763531,083000000566244;8,547432741000023;52,021544059000064;1
42325;5230710307000899401;5;9;62;32;2023;7;5;2;3;8;1;1;0;1;0;0;0;0;0;403019,560999999754131;5676914,092599999159575;7,610845043000040;51,235350839000034;1
42327;5230710303100094280;5;9;15;0;2023;7;10;2;2;9;1;0;0;1;0;0;0;0;0;419979,690999999642372;5727021,507799999788404;7,842382769000039;51,688445684000044;1
42333;5230710300100877775;5;9;11;0;2023;7;0;2;2;0;1;2;0;1;0;0;0;0;0;375671,391900000162423;5705671,959200000390410;7,209235302000025;51,488510918000031;1
42334;5230710300100378261;5;9;11;0;2023;7;18;2;3;5;3;0;0;1;1;0;0;0;0;375881,230999999679625;5706832,254499999806285;7,211848057000054;51,498985002000040;1
42335;5230710300100090032;5;9;11;0;2023;7;15;2;3;1;5;0;0;1;1;0;0;0;0;375937,884700000286102;5706267,183199999853969;7,212862502000064;51,493918943000040;1
42338;5230709711100803006;5;5;70;36;2023;7;16;1;2;0;7;0;0;1;0;0;0;0;0;434381,362999999895692;5760749,994999999180436;8,044291439000062;51,993531449000045;1
42342;5230709709700987177;5;5;66;72;2023;7;2;1;2;9;1;2;0;1;0;0;0;0;0;414090,114500000141561;5799558,513800000771880;7,739001607000034;52,339595250000059;1
42346;5230709705000987185;5;5;54;20;2023;7;14;1;3;0;3;0;0;1;1;0;0;0;0;366841,531000000424683;5783554,307000000029802;7,052152325000066;52,186358429000052;1
42347;5230709705000081930;5;5;54;64;2023;7;1;1;3;9;1;2;0;1;0;0;0;0;0;362508,309000000357628;5752354,710699999704957;7,001356944000065;51,904955074000043;1
42350;5230709702100391757;5;5;15;0;2023;7;14;1;3;0;3;0;0;1;1;0;0;0;0;403013,915000000037253;5758689,755000000819564;7,588145603000044;51,970421572000078;1
42351;5230709702100376646;5;5;15;0;2023;7;0;1;3;3;6;2;0;1;1;0;0;0;0;406830,026499999687076;5756771,322899999096990;7,644201102000068;51,953830563000054;1
42352;5230709701400998880;5;5;12;0;2023;7;0;1;2;0;1;2;0;1;0;0;0;0;0;355502,096699999645352;5721480,726299999281764;6,912423615000023;51,625769777000073;1
42365;5230709601200099188;5;3;15;0;2023;7;0;1;3;0;1;0;0;1;0;0;0;0;0;355050,002000000327826;5643541,414000000804663;6,937510340000074;50,925278844000047;1
42369;5230709600310186280;5;3;14;0;2023;7;10;1;3;0;7;0;0;1;0;0;0;0;0;363677,813299999572337;5615756,769899999722838;7,070513416000040;50,677662819000034;1
42373;5230709515110091637;5;1;54;36;2023;7;4;1;3;8;1;2;0;1;0;0;0;0;0;301088,834999999962747;5739493,072000000625849;6,116962164000029;51,770925432000070;1
42378;5230709503400781430;5;1;22;0;2023;7;19;1;3;0;1;0;1;1;0;0;0;0;0;367634,986800000071526;5672319,085200000554323;7,105946882000069;51,186943658000075;1
42391;5230709407201987186;5;7;62;4;2023;7;16;1;3;8;1;0;0;1;0;0;0;0;0;501214,812199999578297;5730740,157899999991059;9,017589029000021;51,727583790000040;1
42393;5230709404301574610;5;7;66;36;2023;7;18;1;3;9;1;0;0;1;0;0;0;0;0;498708,039099999703467;5780027,908199999481440;8,981108664000033;52,170731566000029;1
42399;5230709316100987182;5;9;74;8;2023;7;12;1;3;5;3;0;0;1;1;0;0;0;0;442484,239199999719858;5715222,282700000330806;8,169840802000067;51,585120730000028;1
42400;5230709315220468140;5;9;70;4;2023;7;10;1;2;5;3;0;0;1;1;0;0;0;0;460918,800999999977648;5650308,138000000268221;8,443008614000064;51,003018010000062;1
42407;5230709301304580671;5;9;13;0;2023;7;16;1;3;0;1;0;0;1;0;0;0;0;0;399663,608000000007451;5707797,641000000759959;7,554069645000027;51,512385046000077;1
42410;5230709300600987188;5;9;16;0;2023;7;17;1;3;2;6;1;1;1;0;0;1;0;0;374134,565000000409782;5711826,675699999555945;7,184913637000022;51,543484555000077;1
42418;5230708702100276693;5;5;15;0;2023;7;15;7;3;5;2;0;0;1;0;0;0;0;1;405095,707000000402331;5756664,676300000399351;7,619000785000026;51,952578721000066;1
42423;5230708609128271751;5;3;58;28;2023;7;12;7;3;0;7;0;0;1;0;0;0;0;0;320253,574799999594688;5622839,353000000119209;6,453013952000049;50,729504910000060;1
42424;5230708608312185698;5;3;34;12;2023;7;11;7;3;0;1;0;0;1;0;0;0;0;1;308703,779900000430644;5632191,543299999088049;6,284682050000072;50,809825681000063;1
42430;5230708602300075583;5;3;62;36;2023;7;16;7;3;5;3;0;0;1;1;0;0;0;0;344347,789499999955297;5655417,258300000801682;6,780262135000044;51,029204769000046;1
42435;5230708601500099034;5;3;15;0;2023;7;18;7;3;0;6;0;0;1;1;0;0;0;0;363079,263899999670684;5651519,169500000774860;7,048683532000041;50,998939248000056;1
42437;5230708601300987224;5;3;15;0;2023;7;15;7;3;5;2;0;0;1;1;0;0;0;0;351166,204199999570847;5645044,777300000190735;6,881673867000075;50,937799901000062;1
42438;5230708600380786317;5;3;14;0;2023;7;19;7;3;0;1;0;0;1;0;0;0;0;0;371394,968000000342727;5614453,373299999162555;7,180133675000036;50,667703829000061;1
42441;5230708516500575930;5;1;58;16;2023;7;14;7;3;3;6;0;0;1;0;0;0;0;0;353442,966199999675155;5669847,922499999403954;6,904014884000048;51,161274745000071;1
42446;5230708506100511761;5;1;16;0;2023;7;14;7;3;4;2;0;0;1;1;0;0;0;0;321810,193500000052154;5677854,531799999997020;6,448083989000054;51,224224437000032;1
42448;5230708503400593454;5;1;22;0;2023;7;11;7;3;0;1;0;0;1;0;0;0;0;0;363854,571499999612570;5671062,208599999547005;7,052360979000071;51,174760126000081;1
42451;5230708502213373544;5;1;13;0;2023;7;12;7;3;4;6;0;0;1;0;0;0;0;1;364857,264600000344217;5699718,413599999621511;7,055842269000038;51,432527803000028;1
42461;5230708500200386706;5;1;11;0;2023;7;21;7;3;5;3;0;0;1;0;0;0;0;1;347958,615699999965727;5682056,074100000783801;6,820464429000026;51,269542024000032;1