OID_;UIDENTSTLAE;ULAND;UREGBEZ;UKREIS;UGEMEINDE;UJAHR;UMONAT;USTUNDE;UWOCHENTAG;UKATEGORIE;UART;UTYP1;ULICHTVERH;IstStrassenzustand;IstRad;IstPKW;IstFuss;IstKrad;IstGkfz;IstSonstige;LINREFX;LINREFY;XGCSWGS84;YGCSWGS84;PLST
42462;5230708410230496962;5;7;70;4;2023;7;13;7;3;0;3;0;0;1;1;0;0;0;0;486291,757000000216067;5785058,273000000044703;8,799352207000027;52,215788835000069;1
42463;5230708410110987165;5;7;70;24;2023;7;20;7;3;0;1;0;0;1;0;0;0;0;0;497040,033099999651313;5794270,260600000619888;8,956593999000063;52,298772375000055;1
42464;5230708407210090660;5;7;62;4;2023;7;15;7;2;8;1;0;0;1;0;0;0;0;0;505176,627700000070035;5733859,153000000864267;9,074997768000060;51,755605176000074;1
42466;5230708405236987170;5;7;54;36;2023;7;21;7;3;5;3;1;0;1;1;0;0;0;0;476528,043999999761581;5751231,039999999105930;8,658768434000024;51,911328840000067;1
42467;5230708405108282113;5;7;54;8;2023;7;12;7;3;5;2;0;0;1;1;0;0;0;0;457598,031000000424683;5749128,837999999523163;8,383838903000026;51,891309321000051;1
42468;5230708404301090693;5;7;66;12;2023;7;7;7;3;5;3;0;0;1;1;0;0;0;0;508185,498499999754131;5760445,949400000274181;9,119219998000062;51,994614652000053;1
42469;5230708404101987156;5;7;66;20;2023;7;8;7;3;0;1;0;0;1;0;0;0;0;0;490306,010400000028312;5752269,844799999147654;8,859039956000061;51,921079042000031;1
42470;5230708317210077815;5;9;78;20;2023;7;13;7;3;5;3;0;0;1;1;0;0;0;0;404945,997000000439584;5715963,291999999433756;7,627962573000048;51,586700160000078;1
42472;5230708307000987160;5;9;62;28;2023;7;12;7;3;0;7;0;0;1;0;0;0;0;0;401182,056699999608099;5670412,362500000745058;7,586323752000055;51,176588645000038;1
42473;5230712514114096096;5;1;66;24;2023;7;12;4;3;0;3;0;0;1;1;0;0;0;0;309229,220999999903142;5676864,067999999970198;6,268646883000031;51,211262975000068;1
42485;5230707711100172800;5;5;70;36;2023;7;23;6;3;9;1;2;0;1;0;0;0;0;0;434327,934999999590218;5760853,488299999386072;8,043493573000035;51,994455508000044;1
42486;5230707711100091713;5;5;70;32;2023;7;23;6;3;5;3;2;0;1;1;0;0;0;0;420581,019000000320375;5766044,591000000014901;7,842107375000069;52,039322996000067;1
42487;5230710701910489735;5;5;62;8;2023;7;11;2;2;0;3;0;0;1;0;0;0;0;1;384572,454300000332296;5721765,213500000536442;7,332096565000029;51,635041443000034;1
42488;5230707711100090705;5;5;70;52;2023;7;17;6;3;5;3;0;0;1;1;0;0;0;0;429127,334499999880791;5764264,910000000149012;7,967054290000021;52,024483041000053;1
42494;5230707705000095080;5;5;54;32;2023;7;19;6;2;0;1;0;0;1;0;0;0;0;0;325284,472000000067055;5746160,528999999165535;6,463899831000049;51,838889773000062;1
42499;5230707702100072447;5;5;15;0;2023;7;6;6;3;5;3;0;0;1;1;0;0;0;0;412165,264800000004470;5759479,758199999108911;7,721124518000067;51,979044315000067;1
42501;5230707701800545438;5;5;62;4;2023;7;10;6;3;5;3;0;0;1;1;0;0;0;0;384584,860000000335276;5716563,996099999174476;7,333988371000032;51,588296762000027;1
42502;5230707701800175248;5;5;62;4;2023;7;6;6;3;5;3;0;0;1;1;0;0;0;0;383365,750199999660254;5711003,739600000903010;7,318243719000066;51,538071534000039;1
42522;5230707602500973708;5;3;62;24;2023;7;15;6;3;0;1;0;0;1;0;0;0;0;0;343360,564399999566376;5641708,420299999415874;6,772098059000029;50,905752701000040;1
42525;5230707602100880770;5;3;62;8;2023;7;20;6;2;0;1;0;0;1;0;0;0;0;0;330573,927099999971688;5650064,473899999633431;6,586511885000050;50,977218155000060;1
42526;5230707602100489757;5;3;62;8;2023;7;7;6;3;4;6;0;0;1;0;0;0;0;0;331661,216000000014901;5648837,065999999642372;6,602553994000061;50,966509164000058;1
42528;5230712406210887050;5;7;58;4;2023;7;9;4;3;5;2;0;0;1;1;0;0;0;0;472164,519299999810755;5784133,497700000181794;8,592651859000057;52,206942066000067;1
42529;5230707601600699035;5;3;15;0;2023;7;7;6;3;0;1;0;0;1;0;0;0;0;0;364950,531000000424683;5645496,878499999642372;7,077572143000054;50,945256327000038;1
42530;5230707601500987130;5;3;15;0;2023;7;13;6;3;1;6;0;0;1;0;0;0;0;0;360520,896300000138581;5650740,523499999195337;7,012545435000050;50,991327024000043;1
42531;5230707601500386566;5;3;15;0;2023;7;14;6;3;0;6;0;0;1;1;0;0;0;0;363539,591900000348687;5648850,424699999392033;7,056242140000052;50,975063691000059;1
42534;5230707601300684967;5;3;15;0;2023;7;16;6;3;5;2;0;0;1;0;0;0;0;1;353349,944299999624491;5644888,464099999517202;6,912795366000068;50,936954655000079;1
42537;5230707600330978212;5;3;82;48;2023;7;17;6;1;5;3;0;0;1;1;0;0;0;0;354956,016999999992549;5612403,059000000357628;6,948462310000025;50,645413956000027;1
42538;5230707518300096233;5;1;70;20;2023;7;13;6;3;5;2;0;0;1;1;0;0;0;0;325541,445000000298023;5706154,599999999627471;6,487590445000023;51,479606357000080;1
42542;5230707516000987152;5;1;58;28;2023;7;17;6;3;5;2;0;0;1;1;0;0;0;0;351302,284099999815226;5684879,926100000739098;6,867184997000038;51,295798898000044;1
42544;5230707514217091584;5;1;66;36;2023;7;13;6;2;3;2;0;0;1;1;0;0;0;0;329473,720599999651313;5683910,272800000384450;6,554840923000029;51,280969455000047;1
42545;5230707514123585713;5;1;66;20;2023;7;14;6;3;5;3;0;0;1;1;0;0;0;0;304299,989000000059605;5678285,926999999210238;6,197386315000074;51,222365677000028;1
42546;5230707514121987110;5;1;66;4;2023;7;0;6;3;0;7;2;0;1;0;0;0;0;0;297012,984299999661744;5679419,733100000768900;6,092528788000038;51,230003828000065;1
42548;5230707513130987140;5;1;62;22;2023;7;16;6;2;5;3;0;0;1;1;0;0;0;0;333729,626000000163913;5683411,828700000420213;6,616040442000042;51,277749299000050;1
42553;5230707503200896805;5;1;24;0;2023;7;20;6;3;5;3;0;0;1;1;0;0;0;0;378077,166000000201166;5681943,073999999091029;7,252014604000067;51,275766632000057;1
42555;5230707502409095101;5;1;17;0;2023;7;10;6;3;0;7;0;0;1;1;0;0;0;0;349943,643299999646842;5698932,292799999937415;6,841783971000041;51,421711109000057;1
42563;5230707500200978172;5;1;11;0;2023;7;21;6;3;4;6;1;0;1;0;0;0;0;0;344442,235999999567866;5678431,297199999913573;6,771672699000021;51,236023409000040;1
42570;5230707410210587036;5;7;70;20;2023;7;9;6;3;0;7;0;0;1;0;0;0;0;0;469943,292799999937415;5798663,553700000047684;8,558852267000077;52,337454598000079;1
42572;5230708316100694465;5;9;74;32;2023;7;16;7;3;8;1;0;0;1;0;0;0;0;0;439233,281000000424683;5703929,158999999985099;8,124872778000054;51,483247294000080;1
42575;5230707405232679365;5;7;54;32;2023;7;14;6;3;0;1;0;0;1;0;0;0;0;0;465205,714999999850988;5740624,231000000610948;8,495240466000041;51,815372683000078;1
42576;5230707405228596966;5;7;54;28;2023;7;12;6;3;5;3;0;0;1;1;0;0;0;0;452172,649000000208616;5745226,305999999865890;8,305546950000064;51,855784480000068;1
42577;5230707405108182113;5;7;54;8;2023;7;15;6;3;5;2;0;0;1;1;0;0;0;0;457455,063099999912083;5751689,966600000858307;8,381445322000047;51,914324466000039;1
42580;5230709502406089705;5;1;17;0;2023;7;11;1;3;0;7;0;0;1;0;0;0;0;0;353485,559600000269711;5698769,385500000789762;6,892756175000045;51,421173841000041;1
42583;5230707400200074613;5;7;11;0;2023;7;15;6;3;5;2;0;0;1;1;0;0;0;0;469709,269500000402331;5761498,422800000756979;8,558735653000042;52,003311278000069;1
42585;5230707317220985575;5;9;78;4;2023;7;11;6;1;5;3;0;0;1;1;0;0;0;0;401283,250699999742210;5720379,360799999907613;7,573867350000057;51,625765440000066;1
42589;5230707316200987120;5;9;74;12;2023;7;11;6;3;8;6;0;0;1;0;0;0;0;0;428069,673499999567866;5707452,772500000894070;7,963408604000051;51,513615778000030;1
42591;5230707316100987143;5;9;74;32;2023;7;18;6;3;2;6;0;0;1;1;0;0;0;0;439950,830599999986589;5705055,234300000593066;8,135013675000039;51,493448170000079;1
42595;5230707313240594421;5;9;58;40;2023;7;20;6;3;9;1;1;0;1;0;0;0;0;0;460066,619599999859929;5672176,450400000438094;8,428444214000024;51,199597108000034;1
42599;5230707518100086022;5;1;70;48;2023;7;10;6;3;5;3;0;0;1;1;0;0;0;0;336622,060999999754131;5727095,319000000134110;6,637274672000046;51,671046383000032;1
42603;5230707307000246577;5;9;62;16;2023;7;8;6;3;3;6;0;0;1;1;0;0;0;0;413738,520999999716878;5694261,557000000029802;7,760146440000028;51,393024385000047;1
42604;5230707303100576640;5;9;15;0;2023;7;16;6;3;0;1;0;0;1;0;0;0;0;0;423275,684000000357628;5720901,104000000283122;7,891398183000035;51,633884646000070;1
42608;5230707518401191624;5;1;70;36;2023;7;16;6;3;5;3;0;0;1;1;0;0;0;0;353195,535799999721348;5729756,787799999117851;6,875648706000050;51,699535695000066;1
42612;5230708601400993500;5;3;15;0;2023;7;12;7;3;5;2;0;0;1;1;0;0;0;0;351190,737700000405312;5651989,723799999803305;6,879181381000024;51,000216232000071;1
42616;5230707301302987115;5;9;13;0;2023;7;8;6;3;5;2;0;0;1;1;0;0;0;0;396893,496000000275671;5706891,519999999552965;7,514429243000052;51,503741452000043;1
42620;5230707300100596607;5;9;11;0;2023;7;15;6;3;0;3;0;0;1;1;0;0;0;0;377747,274500000290573;5705778,456199999898672;7,239083039000036;51,489920676000054;1
42622;5230706711400996893;5;5;70;20;2023;7;13;5;3;0;3;0;0;1;1;0;0;0;0;427842,254999999888241;5741544,264699999243021;7,953090671000041;51,820068558000060;1
42623;5230711506100891442;5;1;16;0;2023;7;7;3;3;4;2;0;0;1;1;0;0;0;0;321425,311800000257790;5672724,689099999144673;6,445129910000048;51,178021603000047;1
42627;5230706711100589568;5;5;70;52;2023;7;18;5;3;5;3;0;0;1;1;0;0;0;0;427702,713499999605119;5756086,476399999111891;7,948018841000021;51,950779508000039;1
42628;5230706711100502896;5;5;70;44;2023;7;9;5;3;0;2;0;0;1;1;0;0;0;0;416616,666000000201166;5759608,503000000491738;7,785889568000073;51,980887468000049;1
42629;5230706711100002755;5;5;70;32;2023;7;10;5;2;5;3;0;0;1;1;0;0;0;0;420581,019000000320375;5766044,591000000014901;7,842107375000069;52,039322996000067;1
42630;5230706709700987100;5;5;66;28;2023;7;16;5;3;1;6;0;0;1;0;1;0;0;0;410940,946999999694526;5793699,633999999612570;7,694341126000040;52,286432537000053;1
42634;5230706702100472447;5;5;15;0;2023;7;16;5;3;5;3;0;0;1;1;0;0;0;0;410496,768299999646842;5758942,985300000756979;7,696977905000040;51,973953177000055;1
42640;5230706609236094922;5;3;58;36;2023;7;14;5;2;5;3;0;0;1;1;0;0;0;0;305012,505900000222027;5648817,001900000497699;6,223483388000034;50,957927449000067;1
42641;5230706609128471767;5;3;58;28;2023;7;19;5;2;0;1;0;0;1;0;0;0;0;0;322894,510400000028312;5620412,878499999642372;6,491561880000063;50,708515797000075;1
42642;5230706609108180727;5;3;58;8;2023;7;13;5;3;0;2;0;0;1;0;0;0;0;0;323288,235500000417233;5634973,558499999344349;6,490137123000068;50,839452216000041;1
42643;5230706608436987157;5;3;34;36;2023;7;18;5;3;5;3;0;0;1;1;0;0;0;0;299021,004999999888241;5632052,415300000458956;6,147495385000070;50,805298268000058;1
42644;5230706608436589901;5;3;34;36;2023;7;21;5;3;0;7;0;0;1;0;0;0;0;0;297268,676699999719858;5633429,177999999374151;6,121897459000024;50,817053170000065;1
42648;5230706606100881742;5;3;78;4;2023;7;15;5;2;8;1;0;0;1;1;0;0;0;0;366662,117999999783933;5651433,838999999687076;7,099745217000020;50,999013761000072;1
42650;5230706605116080531;5;3;74;16;2023;7;19;5;2;5;2;0;0;1;1;0;0;0;0;384227,627000000327826;5668139,573999999091029;7,344608182000059;51,152978221000069;1
42653;5230706602300681755;5;3;62;36;2023;7;19;5;3;5;2;0;0;1;1;0;0;0;0;344035,901600000448525;5656410,804600000381470;6,775390317000074;51,038047903000063;1
42654;5230706602300089842;5;3;62;36;2023;7;16;5;2;5;3;0;0;1;0;0;1;0;0;348002,724000000394881;5650411,979000000283122;6,834440634000032;50,985205181000026;1
42659;5230706601600999207;5;3;15;0;2023;7;16;5;2;5;2;0;0;1;1;0;0;0;0;360490,739599999971688;5644350,403699999675155;7,014566186000025;50,933890768000026;1
42662;5230706601500987092;5;3;15;0;2023;7;8;5;2;5;3;0;0;1;1;0;0;0;0;361611,497800000011921;5647925,427300000563264;7,029147392000027;50,966290439000034;1
42671;5230706514211279026;5;1;66;12;2023;7;19;5;3;5;3;0;0;1;1;0;0;0;0;324188,160299999639392;5697090,507899999618530;6,472622496000042;51,397764201000030;1
42674;5230706513210578747;5;1;62;24;2023;7;20;5;3;5;3;0;0;1;1;0;0;0;0;335619,373999999836087;5671359,130999999120831;6,648637690000044;51,170009486000026;1
42675;5230706513210181420;5;1;62;24;2023;7;16;5;3;3;6;0;0;1;1;0;0;0;0;341406,392199999652803;5666338,221400000154972;6,733558452000068;51,126529473000062;1
42678;5230711516300479534;5;1;58;24;2023;7;21;3;2;4;6;0;0;1;0;0;0;0;0;356889,055800000205636;5679087,624900000169873;6,949580313000070;51,245179125000050;1
42679;5230706508000595030;5;1;19;0;2023;7;16;5;3;5;3;0;0;1;1;0;0;0;0;351646,937400000169873;5704905,507400000467896;6,863759239000046;51,475832123000032;1
42680;5230706508000276267;5;1;19;0;2023;7;7;5;3;5;3;0;0;1;1;0;0;0;0;348052,316999999806285;5711483,094000000506639;6,809204291000071;51,533978737000041;1
42681;5230706503400208511;5;1;22;0;2023;7;16;5;3;3;2;0;0;1;1;0;0;0;0;360380,327600000426173;5669324,580600000917912;7,003366475000064;51,158306729000060;1
42683;5230706502408085454;5;1;17;0;2023;7;15;5;3;5;7;0;0;1;1;0;0;0;0;351336,770999999716878;5699139,232999999076128;6,861719035000021;51,423937670000043;1
42685;5230707605120093627;5;3;74;16;2023;7;15;6;3;0;1;0;0;1;0;0;0;0;0;385648,336400000378489;5668515,151499999687076;7,364794176000032;51,156639803000076;1
42690;5230706500200987108;5;1;11;0;2023;7;23;5;3;0;1;2;0;1;0;0;0;0;0;345538,252399999648333;5678493,846400000154972;6,787333295000053;51,236883184000078;1
42696;5230706411220987094;5;7;74;20;2023;7;14;5;3;3;3;0;0;1;1;0;0;0;0;471049,119699999690056;5733263,888800000771880;8,580621876000066;51,749528735000069;1
42697;5230706411132986180;5;7;74;32;2023;7;23;5;3;0;7;2;0;1;0;0;0;0;0;484812,263000000268221;5728747,438999999314547;8,780187469000055;51,709462190000067;1
42701;5230706404102987107;5;7;66;40;2023;7;19;5;3;0;3;0;0;1;1;0;0;0;0;485914,240600000135601;5760725,076099999248981;8,794832990000032;51,997005930000057;1
42706;5230706317250987087;5;9;78;32;2023;7;11;5;3;5;3;0;0;1;1;0;0;0;0;393563,775999999605119;5731819,112999999895692;7,458901259000072;51,727181114000075;1
42708;5230706317120987101;5;9;78;16;2023;7;13;5;3;4;6;0;0;1;1;0;0;0;0;404024,371000000275671;5706006,003000000491738;7,617379284000037;51,497037485000078;1
42715;5230706307000899426;5;9;62;16;2023;7;18;5;3;5;2;0;0;1;1;0;0;0;0;414308,063000000081956;5693415,630000000819564;7,768534727000031;51,385505963000071;1
42717;5230706307000599568;5;9;62;48;2023;7;13;5;2;0;1;0;0;1;0;0;0;0;0;415606,096900000236928;5681970,617900000885129;7,789896124000052;51,282810146000031;1
42722;5230706300800096575;5;9;54;36;2023;7;15;5;2;5;3;0;0;1;1;0;0;0;0;384314,247100000269711;5698858,533099999651313;7,335892886000067;51,429106244000081;1
42724;5230706300500986173;5;9;11;0;2023;7;18;5;3;1;5;0;0;1;1;0;0;0;0;375339,378800000064075;5703225,667899999767542;7,205318979000026;51,466452156000059;1
42725;5230706300500061175;5;9;11;0;2023;7;17;5;3;5;3;0;0;1;1;0;0;0;0;376840,391900000162423;5703588,001599999144673;7,226790910000034;51,470037278000063;1
42728;5230706300100790973;5;9;11;0;2023;7;15;5;2;0;1;0;0;1;0;0;0;0;0;377524,207399999722838;5706959,400200000032783;7,235461764000036;51,500486099000057;1
42734;5230705702100068126;5;5;15;0;2023;7;7;4;3;0;2;0;1;1;1;0;0;0;0;406246,396499999798834;5757691,192399999126792;7,635459740000044;51,962000701000079;1
42735;5230705701910987076;5;5;62;8;2023;7;16;4;3;0;1;0;1;1;0;0;0;0;0;385100,143099999986589;5723287,862900000065565;7,339218093000056;51,648834638000039;1
42749;5230705602500880844;5;3;62;24;2023;7;16;4;3;5;7;0;1;1;1;0;0;0;0;345828,272099999710917;5643550,624900000169873;6,806390433000047;50,922971085000029;1
42754;5230705601500987054;5;3;15;0;2023;7;13;4;3;0;1;0;0;1;0;0;0;0;0;357453,269399999640882;5644684,763800000771880;6,971236134000037;50,936152912000068;1
42756;5230705601500286500;5;3;15;0;2023;7;22;4;3;0;1;2;1;1;0;0;0;0;0;360013,011599999852479;5648034,100700000301003;7,006355469000027;50,966880881000066;1
42757;5230705601400886403;5;3;15;0;2023;7;19;4;2;9;1;0;0;1;1;0;0;0;0;355501,377799999900162;5648336,585599999874830;6,942025870000066;50,968485235000060;1
42759;5230705601300245683;5;3;15;0;2023;7;10;4;2;0;1;0;0;1;0;0;0;0;0;353684,040199999697506;5646385,076500000432134;6,916945850000047;50,950489036000079;1
42761;5230705601200487597;5;3;15;0;2023;7;22;4;3;0;1;2;1;1;0;0;0;0;0;353452,475499999709427;5643036,016899999231100;6,914998278000041;50,920333427000060;1
42770;5230705503400707478;5;1;22;0;2023;7;16;4;3;0;7;0;1;1;0;0;0;0;0;362250,691100000403821;5667912,853299999609590;7,030636892000075;51,146072968000055;1
42772;5230705503200469116;5;1;24;0;2023;7;18;4;3;0;1;0;0;1;0;0;0;0;0;373512,063000000081956;5678840,810000000521541;7,187697180000043;51,246889594000038;1
42783;5230705500200945454;5;1;11;0;2023;7;18;4;3;5;2;0;0;1;1;0;0;0;0;347224,126799999736249;5681274,208000000566244;6,810277696000071;51,262320138000064;1
42784;5230705410230987063;5;7;70;4;2023;7;7;4;2;3;3;0;1;1;1;0;0;0;0;484996,581000000238419;5785055,573000000789762;8,780394957000055;52,215730810000082;1
42786;5230705406220987068;5;7;58;24;2023;7;9;4;3;5;3;0;0;1;1;0;0;0;0;480219,258500000461936;5785253,773900000378489;8,710458553000024;52,217361918000051;1
42787;5230705405228084968;5;7;54;28;2023;7;13;4;2;4;1;0;0;1;0;0;0;0;0;450561,573800000362098;5745502,562899999320507;8,282116565000024;51,858127759000070;1
42789;5230705404302496907;5;7;66;8;2023;7;18;4;3;5;2;0;0;1;1;0;0;0;0;483254,636900000274181;5769582,266599999740720;8,755660964000072;52,076565498000036;1
42796;5230705310130984904;5;9;54;20;2023;7;15;4;3;0;7;0;0;1;0;0;0;0;0;390693,770100000314415;5696807,612500000745058;7,428254900000070;51,411938167000073;1
42798;5230705303100087443;5;9;15;0;2023;7;17;4;3;5;2;0;1;1;1;0;0;0;0;418316,540099999867380;5728416,307399999350309;7,818001563000053;51,700744736000047;1
42801;5230705301202089548;5;9;13;0;2023;7;17;4;3;7;7;0;0;1;0;1;0;0;0;393475,627999999560416;5708627,377000000327826;7,464678402000061;51,518710270000042;1
42809;5230704711100581966;5;5;70;32;2023;7;8;3;3;0;3;0;0;1;1;0;0;0;0;420581,019000000320375;5766044,591000000014901;7,842107375000069;52,039322996000067;1
42814;5230704709300596684;5;5;66;68;2023;7;12;3;3;5;2;0;1;1;1;0;0;0;0;375543,694500000216067;5783230,672100000083447;7,179494701000067;52,185482524000065;1
42815;5230704702100096747;5;5;15;0;2023;7;21;3;3;5;3;0;0;1;1;0;0;0;0;406130,866299999877810;5757703,383600000292063;7,633775436000064;51,962090787000079;1
42818;5230707607300595346;5;3;82;76;2023;7;11;6;3;3;5;0;0;1;1;0;0;0;0;402084,651100000366569;5628136,596000000834465;7,610625884000058;50,796691022000061;1
42821;5230711500100690800;5;1;11;0;2023;7;16;3;3;5;2;0;0;1;1;0;0;0;0;346883,669200000353158;5675333,350500000640750;6,807941154000048;51,208846975000029;1
42825;5230704608200289862;5;3;34;2;2023;7;20;3;3;7;1;0;1;1;1;0;0;0;0;295809,485999999567866;5629526,503000000491738;6,103379549000067;50,781489518000058;1
42829;5230704606700281860;5;3;78;8;2023;7;19;3;2;0;1;0;0;1;0;0;0;0;0;368126,330799999646842;5662695,211100000888109;7,116498117000049;51,100563576000070;1
42834;5230704602800685807;5;3;62;12;2023;7;23;3;3;0;7;2;1;1;0;0;0;0;0;349566,040099999867380;5633718,733100000768900;6,863578361000066;50,835604274000048;1
42835;5230704602400290187;5;3;62;32;2023;7;4;3;3;0;6;1;0;1;0;0;1;0;0;339591,418399999849498;5639255,218100000172853;6,719611177000047;50,882674465000036;1
42837;5230704602100269626;5;3;62;8;2023;7;14;3;3;5;3;0;0;1;1;0;0;0;0;337230,696399999782443;5652366,860600000247359;6,680221822000021;50,999825444000066;1
42844;5230704601500278250;5;3;15;0;2023;7;19;3;3;5;2;0;0;1;1;0;0;0;0;361426,745000000111759;5647871,160000000149012;7,026538585000026;50,965758314000027;1
42846;5230704601200186368;5;3;15;0;2023;7;7;3;3;0;7;0;0;1;0;0;0;0;0;353449,811400000005960;5643097,340700000524521;6,914935761000038;50,920883847000027;1
42847;5230704601100899101;5;3;15;0;2023;7;10;3;3;1;5;0;0;1;1;0;0;0;0;354896,340400000102818;5644675,764699999243021;6,934873860000039;50,935434357000076;1
42851;5230704600340095320;5;3;82;64;2023;7;16;3;3;5;3;0;0;1;1;0;0;0;0;350430,903599999845028;5613419,048000000417233;6,884093545000042;50,653400560000080;1
42858;5230704515110540482;5;1;54;36;2023;7;8;3;3;0;1;0;1;1;0;0;0;0;0;301354,657999999821186;5740046,633999999612570;6,120493176000025;51,775990760000070;1
42860;5230704513210590180;5;1;62;24;2023;7;10;3;3;0;1;0;0;1;0;0;0;0;0;338628,011199999600649;5675614,480599999427795;6,689724640000065;51,209100143000057;1
42872;5230704503200496896;5;1;24;0;2023;7;9;3;3;5;3;0;0;1;1;0;0;0;0;376377,599999999627471;5683150,085300000384450;7,227243001000033;51,286248735000072;1
42873;5230711701930575477;5;5;62;36;2023;7;11;3;2;1;7;0;0;1;1;0;0;0;0;388178,650200000032783;5720827,665599999949336;7,384482092000042;51,627343255000028;1
42874;5230707701110377693;5;5;62;32;2023;7;22;6;3;0;1;2;0;1;0;0;0;0;0;376410,757100000046194;5718473,617599999532104;7,215382483000042;51,603725368000028;1
42880;5230704502226381111;5;1;13;0;2023;7;9;3;3;6;6;0;0;1;0;1;0;0;0;360639,548000000417233;5696113,607999999076128;6,996622717000037;51,399112095000078;1
42886;5230704501115895573;5;1;12;0;2023;7;11;3;3;0;5;0;0;1;1;0;0;0;0;345889,516800000332296;5706742,452800000086427;6,780118090000030;51,490798111000061;1
42894;5230704410210896912;5;7;70;20;2023;7;18;3;3;0;1;0;1;1;0;0;0;0;0;474677,194600000046194;5793023,154200000688434;8,628755349000073;52,286984744000051;1
42897;5230704407200582070;5;7;62;4;2023;7;21;3;3;0;1;0;0;1;0;0;0;0;0;501624,680999999865890;5731442,734999999403954;9,023526719000074;51,733899883000049;1
42899;5230704405236987047;5;7;54;36;2023;7;15;3;3;2;6;0;0;1;0;0;0;0;1;474371,629999999888241;5750162,994999999180436;8,627498961000072;51,901631085000076;1
42900;5230704405140270600;5;7;54;40;2023;7;14;3;3;6;7;0;0;1;0;1;0;0;0;459551,805999999865890;5761605,435000000521541;8,410760184000026;52,003626186000076;1
42901;5230704404302987048;5;7;66;8;2023;7;17;3;3;5;3;0;0;1;1;0;0;0;0;483624,100200000219047;5769476,070299999788404;8,761057014000073;52,075621764000061;1
42903;5230704404101987035;5;7;66;20;2023;7;5;3;3;0;1;0;1;1;0;0;0;0;0;492138,752999999560416;5753194,017000000923872;8,885668643000031;51,929417221000051;1
42904;5230704400200894410;5;7;11;0;2023;7;19;3;2;3;3;0;0;1;1;0;0;0;0;469460,999599999748170;5764566,112099999561906;8,554845402000069;52,030878230000042;1
42907;5230704303100069763;5;9;15;0;2023;7;11;3;3;5;3;0;0;1;0;0;0;0;1;417934,694000000134110;5725956,092000000178814;7,813055985000062;51,678572910000071;1
42914;5230703711300682313;5;5;70;48;2023;7;16;2;3;0;6;0;0;1;0;0;0;0;0;451231,610199999995530;5726186,768600000068545;8,294557883000039;51,684525655000073;1
42916;5230703705000987030;5;5;54;4;2023;7;19;2;3;0;7;0;0;1;0;0;0;0;1;362780,894000000320375;5771674,888000000268221;6,997585044000061;52,078623665000066;1
42918;5230703702100291735;5;5;15;0;2023;7;13;2;3;0;4;0;0;1;0;1;0;0;0;406629,642300000414252;5758708,403400000184774;7,640759396000021;51,971208374000071;1
42920;5230703701400189645;5;5;12;0;2023;7;7;2;3;5;3;0;0;1;1;0;0;0;0;357884,095999999903142;5711680,471599999815226;6,950779191000038;51,538312931000064;1
42923;5230703701300778100;5;5;62;14;2023;7;1;2;3;0;1;2;0;1;0;0;0;0;0;357561,223899999633431;5713672,188200000673532;6,945320472000049;51,556128860000058;1
42924;5230703701200089503;5;5;62;20;2023;7;9;2;3;3;2;0;0;1;0;0;0;0;0;371573,566599999554455;5717916,793299999088049;7,145776417000036;51,597638944000039;1
42925;5230703701120569388;5;5;62;32;2023;7;22;2;3;1;5;2;0;1;1;0;0;0;0;374241,255300000309944;5715173,492200000211596;7,185254289000056;51,573586601000045;1
42929;5230703608100280781;5;3;34;2;2023;7;14;2;2;0;1;0;0;1;0;0;0;0;0;295198,824300000444055;5628313,742399999871850;6,095403941000029;50,770382057000063;1
42930;5230703607400086243;5;3;82;68;2023;7;8;2;3;3;6;0;0;1;1;0;0;0;0;366725,640300000086427;5633048,933100000023842;7,107366686000034;50,833790435000026;1
42932;5230703605136185300;5;3;74;36;2023;7;12;2;2;3;3;0;0;1;1;0;0;0;0;382409,305800000205636;5672146,243499999865890;7,317310022000072;51,188620842000034;1
42933;5230703602700090438;5;3;62;28;2023;7;9;2;3;0;1;0;0;1;0;0;0;0;0;351653,498999999836087;5638696,731000000610948;6,891184742000064;50,880878515000063;1
42937;5230703601600690336;5;3;15;0;2023;7;13;2;3;5;2;0;0;1;0;0;0;0;1;365155,317900000140071;5636457,853399999439716;7,083824490000040;50,864065075000042;1
42938;5230703600350786241;5;3;82;32;2023;7;12;2;3;9;3;0;0;1;1;0;0;0;0;359836,453200000338256;5612023,467800000682473;7,017591191000065;50,643196816000057;1
42939;5230703600320586430;5;3;82;72;2023;7;15;2;1;4;1;0;0;1;1;0;0;0;0;366748,705000000074506;5611010,895999999716878;7,115661166000052;50,635717374000080;1
42940;5230703518200987027;5;1;70;24;2023;7;16;2;3;5;3;0;0;1;1;0;0;0;0;334213,053999999538064;5699895,201999999582767;6,615285687000039;51,425979859000051;1
42942;5230703514215987010;5;1;66;28;2023;7;7;2;3;3;2;0;0;1;0;0;0;1;0;326135,429999999701977;5688282,221000000834465;6,504891986000075;51,319235934000062;1
42954;5230703500200878077;5;1;11;0;2023;7;15;2;3;0;4;0;0;1;0;1;0;0;0;345505,690000000409782;5677994,587999999523163;6,787082524000027;51,232388320000041;1
42955;5230703500100057530;5;1;11;0;2023;7;10;2;3;5;3;0;0;1;1;0;0;0;0;343599,292999999597669;5677951,502000000327826;6,759817078000026;51,231481902000041;1