OID_;UIDENTSTLAE;ULAND;UREGBEZ;UKREIS;UGEMEINDE;UJAHR;UMONAT;USTUNDE;UWOCHENTAG;UKATEGORIE;UART;UTYP1;ULICHTVERH;IstStrassenzustand;IstRad;IstPKW;IstFuss;IstKrad;IstGkfz;IstSonstige;LINREFX;LINREFY;XGCSWGS84;YGCSWGS84;PLST
44189;5230729405108987614;5;7;54;8;2023;7;17;7;2;5;3;0;1;1;1;0;0;0;0;457538,189000000245869;5749267,229000000283122;8,382952327000055;51,892548983000040;1
44193;5230729316200694445;5;9;74;48;2023;7;20;7;3;0;1;1;0;1;0;0;0;0;0;428545,080799999646842;5723207,100099999457598;7,967051696000055;51,655309715000044;1
44195;5230729315110496065;5;9;70;40;2023;7;20;7;3;0;1;0;1;1;0;0;0;0;0;431207,595999999903142;5635960,428999999538064;8,022320781000076;50,871227983000040;1
44210;5230729300600985541;5;9;16;0;2023;7;20;7;3;5;3;1;1;1;0;0;0;0;0;375627,913300000131130;5711664,831000000238419;7,206494763000023;51,542361093000068;1
44214;5230728709500496953;5;5;66;76;2023;7;13;6;3;0;1;0;1;1;0;1;0;0;0;394072,316100000403821;5793477,671399999409914;7,447197335000055;52,281445295000026;1
44215;5230729317250057162;5;9;78;32;2023;7;13;7;3;9;1;0;0;1;0;0;0;0;0;393708,837700000032783;5723954,443199999630451;7,463396841000076;51,656519482000078;1
44216;5230728709300187316;5;5;66;68;2023;7;23;6;3;0;1;2;0;1;0;0;0;0;0;377527,762000000104308;5785557,194000000134110;7,207660504000046;52,206833367000058;1
44217;5230728706300887273;5;5;58;36;2023;7;17;6;3;0;1;0;0;1;0;0;0;0;0;390383,029600000008941;5727349,856000000610948;7,414271129000042;51,686398761000078;1
44218;5230728706000696670;5;5;58;8;2023;7;19;6;3;5;3;0;0;1;1;0;0;0;0;383756,648799999617040;5759390,563999999314547;7,307695930000023;51,973026155000071;1
44219;5230728705000329632;5;5;54;8;2023;7;12;6;3;3;6;0;0;1;1;0;0;0;0;335287,622000000439584;5745846,259999999776483;6,609110547000057;51,839106400000048;1
44221;5230728702100255910;5;5;15;0;2023;7;13;6;3;3;2;0;0;1;1;0;0;0;0;405609,046600000001490;5756967,856499999761581;7,626385034000066;51,955391200000065;1
44226;5230728701400494412;5;5;12;0;2023;7;10;6;3;5;3;0;0;1;1;0;0;0;0;357110,680900000035763;5712998,778999999165535;6,939099483000064;51,549963785000045;1
44228;5230728701300065455;5;5;62;14;2023;7;7;6;3;5;3;0;1;1;1;0;0;0;0;361017,964999999850988;5714964,524000000208616;6,994639752000069;51,568604175000075;1
44233;5230728605152085318;5;3;74;52;2023;7;21;6;3;0;1;1;0;1;0;0;0;0;0;391192,520399999804795;5664005,406500000506639;7,445405041000072;51,117183047000026;1
44235;5230728602900048445;5;3;62;40;2023;7;11;6;3;5;3;0;0;1;0;0;0;0;1;356758,920599999837577;5633023,058900000527501;6,965931050000052;50,831177176000040;1
44241;5230801518110165800;5;1;70;12;2023;8;14;3;3;0;7;0;1;1;0;0;0;0;0;337717,177500000223517;5734211,232300000265241;6,649785846000043;51,735292091000076;1
44242;5230728601500590403;5;3;15;0;2023;7;19;6;2;0;6;0;1;1;1;0;0;0;0;365009,335199999623001;5649625,293500000610948;7,076876898000023;50,982374188000051;1
44246;5230728600310079301;5;3;14;0;2023;7;14;6;3;3;6;0;1;1;0;0;1;0;0;363255,549999999813735;5620685,383799999952316;7,062715563000040;50,721861274000048;1
44247;5230728600110075843;5;3;14;0;2023;7;17;6;3;0;7;0;0;1;0;0;0;0;0;364934,541199999861419;5623281,995200000703335;7,085536465000075;50,745592025000064;1
44251;5230730405140046694;5;7;54;40;2023;7;17;1;3;0;1;0;0;1;0;0;0;0;0;459678,783999999985099;5764200,646999999880791;8,412304225000071;52,026967579000029;1
44261;5230728508000375313;5;1;19;0;2023;7;21;6;3;0;1;1;0;1;0;0;0;0;0;351631,849200000055134;5707026,462200000882149;6,862650944000052;51,494885986000043;1
44262;5230728506100491564;5;1;16;0;2023;7;18;6;2;0;6;0;0;1;1;0;0;0;0;322164,485600000247359;5673715,423499999567866;6,455203751000056;51,187152071000071;1
44263;5230728505100176182;5;1;14;0;2023;7;10;6;1;1;5;0;1;1;0;0;0;0;1;331850,900299999862909;5686625,311200000345707;6,587615765000066;51,306068139000047;1
44267;5230728502409995882;5;1;17;0;2023;7;14;6;3;0;1;0;1;1;0;0;0;0;0;350022,321700000204146;5699689,015000000596046;6,842594419000022;51,428531432000057;1
44269;5230731300600460837;5;9;16;0;2023;7;8;2;3;5;3;0;1;1;1;0;0;0;0;375685,017500000074506;5712980,655200000852346;7,206852835000063;51,554199311000048;1
44273;5230728502226486120;5;1;13;0;2023;7;17;6;2;5;6;0;1;1;1;0;0;0;0;360722,153300000354648;5696253,620999999344349;6,997754475000022;51,400390593000054;1
44274;5230728501323272157;5;1;12;0;2023;7;9;6;3;3;6;0;1;1;0;0;0;0;0;344050,850200000219047;5694456,438500000163913;6,759065197000041;51,379905065000059;1
44275;5230728501128396020;5;1;12;0;2023;7;9;6;3;5;3;0;1;1;0;0;0;1;0;342635,057000000029802;5702971,361999999731779;6,734957723000036;51,456019550000065;1
44286;5230728500300665484;5;1;11;0;2023;7;19;6;2;5;2;0;0;1;1;0;0;0;0;347278,116799999959767;5673571,097200000658631;6,814333604000069;51,193117612000037;1
44289;5230728411132987593;5;7;74;32;2023;7;19;6;3;8;1;0;0;1;0;0;0;0;0;487381,207799999974668;5727595,455099999904633;8,817409352000027;51,699167951000049;1
44294;5230728410120996865;5;7;70;32;2023;7;20;6;3;0;6;0;0;1;0;1;0;0;0;495150,577700000256300;5782420,824500000104308;8,929056486000036;52,192225697000026;1
44295;5230728410110390658;5;7;70;24;2023;7;7;6;3;0;1;0;1;1;0;0;0;0;0;493954,127600000239909;5794350,085699999704957;8,911339801000054;52,299464743000044;1
44312;5230728313130987594;5;9;58;44;2023;7;22;6;2;0;1;2;0;1;0;0;0;0;0;430811,013199999928474;5687003,287100000306964;8,006900605000055;51,330107277000081;1
44325;5230727711200089383;5;5;70;4;2023;7;12;5;3;5;3;0;1;1;0;0;0;0;0;425752,263500000350177;5735003,832800000905991;7,924173405000033;51,760998291000078;1
44326;5230727709700672367;5;5;66;28;2023;7;10;5;2;4;2;0;1;1;1;0;0;0;0;412850,479000000283122;5793231,492000000551343;7,722449420000032;52,282530885000028;1
44331;5230727702100074711;5;5;15;0;2023;7;12;5;3;5;3;0;1;1;1;0;0;0;0;405131,231999999843538;5761746,617000000551343;7,618112742000051;51,998263204000068;1
44341;5230727603220043550;5;3;66;20;2023;7;17;5;3;6;4;0;1;1;0;1;0;0;0;322951,029000000096858;5605122,486199999228120;6,499665861000040;50,571157056000061;1
44355;5230727518200092094;5;1;70;24;2023;7;15;5;3;5;3;0;1;1;1;0;0;0;0;337350,746899999678135;5701072,875000000000000;6,659837302000028;51,437469587000066;1
44356;5230727515110454583;5;1;54;36;2023;7;17;5;3;5;2;0;0;1;1;0;0;0;0;302080,354399999603629;5741354,895099999383092;6,130252533000032;51,787995996000063;1
44359;5230727514111282158;5;1;66;32;2023;7;13;5;3;9;7;0;1;1;0;0;0;0;1;313697,880900000222027;5681571,654300000518560;6,330103628000074;51,255023400000027;1
44360;5230727513110995447;5;1;62;16;2023;7;20;5;3;0;1;1;1;1;0;0;0;0;0;331095,240000000223517;5676363,272700000554323;6,581630173000065;51,213649583000063;1
44362;5230727506100987555;5;1;16;0;2023;7;10;5;3;5;2;0;1;1;1;0;0;0;0;321156,832999999634922;5673462,797399999573827;6,440925546000074;51,184568303000049;1
44370;5230727501131091620;5;1;12;0;2023;7;16;5;3;0;2;0;1;1;1;0;0;0;0;341845,125000000000000;5711778,078999999910593;6,719650694000052;51,534924441000044;1
44381;5230731317110718736;5;9;78;36;2023;7;16;2;3;5;2;0;1;1;1;0;0;0;0;409270,224000000394881;5709932,926999999210238;7,691918156000042;51,533204380000029;1
44411;5230727315120987547;5;9;70;16;2023;7;5;5;3;5;3;1;1;1;1;0;0;0;0;422038,163999999873340;5640593,502000000327826;7,891040310000051;50,911719733000041;1
44426;5230726711100291270;5;5;70;52;2023;7;15;4;3;5;2;0;0;1;1;0;0;0;0;430178,658999999985099;5756121,841700000688434;7,984032339000066;51,951413768000066;1
44431;5230726706000981020;5;5;58;24;2023;7;16;4;3;5;2;0;0;1;1;0;0;0;0;391656,266999999992549;5736294,100999999791384;7,429899242000033;51,767036812000072;1
44435;5230726705000452633;5;5;54;60;2023;7;11;4;2;5;2;0;0;1;1;0;0;0;0;351916,579300000332296;5758441,242399999871850;6,844884766000064;51,956926471000031;1
44451;5230726606100690363;5;3;78;4;2023;7;12;4;3;0;7;0;1;1;1;0;0;0;0;365270,414599999785423;5653127,167799999937415;7,079294710000056;51,013908259000061;1
44452;5230726606100090253;5;3;78;4;2023;7;16;4;3;4;2;0;0;1;1;0;0;0;0;366905,967799999751151;5649764,705499999225140;7,103829974000064;50,984068742000034;1
44461;5230726601600987540;5;3;15;0;2023;7;19;4;3;0;3;0;0;1;1;0;0;0;0;362612,230399999767542;5645164,026499999687076;7,044432562000054;50,941712367000036;1
44463;5230726601600093440;5;3;15;0;2023;7;19;4;3;3;6;0;0;1;1;0;0;0;0;364281,310899999924004;5643328,781799999997020;7,068859059000033;50,925613431000045;1
44464;5230726601300987521;5;3;15;0;2023;7;10;4;3;5;3;0;0;1;1;0;0;0;0;354551,227900000289083;5647425,846100000664592;6,928867202000049;50,960061588000030;1
44466;5230726600110778244;5;3;14;0;2023;7;13;4;2;3;1;0;1;1;1;0;0;0;0;365331,133799999952316;5623011,050599999725819;7,091253616000074;50,743248929000060;1
44467;5230801506100311601;5;1;16;0;2023;8;18;3;3;5;2;0;0;1;1;0;0;0;0;319794,905100000090897;5673867,145899999886751;6,421255917000053;51,187772929000062;1
44472;5230726516700076726;5;1;58;8;2023;7;6;4;2;0;7;0;1;1;0;0;0;0;0;362235,378499999642372;5674565,806600000709295;7,027868113000068;51,205858731000035;1
44473;5230726516300587000;5;1;58;28;2023;7;17;4;3;5;3;0;0;1;1;0;0;0;0;351430,989400000311434;5684847,807099999859929;6,869043052000052;51,295543880000082;1
44474;5230726516200887000;5;1;58;28;2023;7;14;4;3;5;3;0;0;1;1;0;0;0;0;349355,810999999754131;5684212,525000000372529;6,839568918000055;51,289290214000061;1
44476;5230726515212065235;5;1;54;32;2023;7;17;4;3;0;3;0;0;1;1;0;0;0;0;310023,025700000114739;5717958,164000000804663;6,258004229000051;51,580620979000059;1
44479;5230726514119085822;5;1;66;16;2023;7;14;4;3;0;2;0;0;1;1;0;0;0;0;307735,504999999888241;5684666,978000000119209;6,243096976000061;51,280845657000043;1
44487;5230726506100987524;5;1;16;0;2023;7;12;4;3;4;2;0;1;1;1;0;0;0;0;321188,718200000002980;5675449,102499999105930;6,440392253000027;51,202421700000059;1
44488;5230726506100795454;5;1;16;0;2023;7;18;4;3;5;3;0;0;1;1;0;0;0;0;320766,009999999776483;5671391,458000000566244;6,436371984000061;51,165838616000030;1
44491;5230726505200285931;5;1;14;0;2023;7;10;4;3;0;7;0;1;1;0;0;0;0;0;331710,614400000311434;5686412,755200000479817;6,585705296000071;51,304117069000029;1
44496;5230726502325980440;5;1;13;0;2023;7;8;4;3;4;2;0;0;1;1;0;0;0;0;361875,470999999903142;5706937,790999999269843;7,010153071000047;51,496684720000076;1
44506;5230726411216987520;5;7;74;16;2023;7;10;4;3;0;1;0;1;1;0;0;0;0;0;474027,932199999690056;5708743,744500000029802;8,625591443000076;51,529206307000038;1
44509;5230726406220587117;5;7;58;24;2023;7;14;4;3;3;2;0;0;1;1;0;0;0;0;483334,213999999687076;5783565,733799999579787;8,756136465000054;52,202288545000044;1
44513;5230726404301487381;5;7;66;44;2023;7;15;4;3;0;1;0;0;1;0;0;0;0;0;489768,833999999798834;5762263,093000000342727;8,850931136000042;52,010918528000047;1
44515;5230728702100839948;5;5;15;0;2023;7;15;6;3;5;2;0;0;1;1;0;0;0;0;406327,500000000000000;5756453,066999999806285;7,636977375000072;51,950885508000056;1
44520;5230726316300174558;5;9;74;28;2023;7;18;4;3;3;2;0;1;1;1;0;0;0;0;454075,086000000126660;5725433,656999999657273;8,335785199000043;51,677994327000079;1
44524;5230726310120086851;5;9;54;32;2023;7;12;4;3;0;1;0;1;1;0;0;0;0;0;387382,599000000394881;5693808,561000000685453;7,381614541000033;51,384333819000062;1
44542;5230725709800987511;5;5;66;32;2023;7;17;3;3;3;1;0;0;1;0;0;0;0;0;415502,017699999734759;5772693,825899999588728;7,766429743000060;52,098340642000039;1
44544;5230725706100065767;5;5;58;32;2023;7;18;3;3;6;7;0;0;1;0;1;0;0;0;388731,044800000265241;5755907,189699999988079;7,381210867000050;51,942737772000044;1
44545;5230725705000987510;5;5;54;8;2023;7;18;3;2;5;2;0;0;1;1;0;0;0;0;337211,307000000029802;5751067,945000000298023;6,634547683000051;51,886579477000055;1
44553;5230725608312594910;5;3;34;12;2023;7;11;3;3;3;2;0;0;1;1;0;0;0;0;309027,963499999605119;5633246,942600000649691;6,288728886000058;50,819412980000038;1
44559;5230725601700987506;5;3;16;0;2023;7;16;3;3;5;3;0;0;1;1;0;0;0;0;358921,892400000244379;5654846,456299999728799;6,988179648000028;51,027837087000080;1
44566;5230725601400325950;5;3;15;0;2023;7;17;3;3;3;2;0;0;1;1;0;0;0;0;356460,723299999721348;5647068,176100000739098;6,956180105000044;50,957326111000043;1
44567;5230725601400186586;5;3;15;0;2023;7;17;3;3;0;2;0;0;1;1;0;0;0;0;356427,578800000250340;5647050,925400000065565;6,955715295000061;50,957162825000069;1
44570;5230725601200881847;5;3;15;0;2023;7;13;3;3;5;3;0;0;1;1;0;0;0;0;354169,958800000138581;5644820,365299999713898;6,924485309000033;50,936550620000048;1
44572;5230725600320595368;5;3;82;72;2023;7;10;3;2;5;2;0;0;1;1;0;0;0;0;364251,922399999573827;5606701,823499999940395;7,081950771000038;50,596411065000041;1
44573;5230725518400987497;5;1;70;8;2023;7;11;3;1;5;3;0;1;1;1;0;0;0;0;343670,461900000460446;5715083,989600000903010;6,744478104000052;51,565135382000051;1
44583;5230725505200095978;5;1;14;0;2023;7;16;3;3;5;2;0;0;1;1;0;0;0;0;328105,081500000320375;5691850,637399999424815;6,531407753000053;51,351891782000052;1
44586;5230725503300987492;5;1;20;0;2023;7;10;3;3;1;3;0;0;1;1;0;0;0;0;374220,791000000201166;5671153,094000000506639;7,200542307000035;51,177951246000077;1
44587;5230725503300081634;5;1;20;0;2023;7;14;3;3;5;3;0;0;1;1;0;0;0;0;378011,058299999684095;5670919,626000000163913;7,254819553000061;51,176674103000039;1
44604;5230725406210578143;5;7;58;4;2023;7;14;3;3;5;2;0;0;1;1;0;0;0;0;472174,315399999730289;5784101,118499999865890;8,592797874000041;52,206651459000057;1
44606;5230725406150987543;5;7;58;36;2023;7;17;3;3;0;2;0;0;1;0;0;0;0;1;491018,866700000129640;5780447,209000000730157;8,868664980000062;52,174429784000040;1
44608;5230725405228882480;5;7;54;28;2023;7;9;3;3;5;3;0;0;1;0;0;0;0;1;451609,623900000005960;5742976,020400000736117;8,297687416000031;51,835504707000041;1
44619;5230725313121987505;5;9;58;32;2023;7;15;3;3;5;3;0;0;1;1;0;0;0;0;442515,865000000223517;5690718,071299999952316;8,174284697000076;51,364810825000063;1
44626;5230725301303278004;5;9;13;0;2023;7;10;3;3;3;6;0;0;1;1;0;0;0;0;401980,298899999819696;5705776,040100000798702;7,588005870000075;51,494619596000064;1
44628;5230725301301373352;5;9;78;24;2023;7;9;3;2;1;7;0;0;1;1;0;0;0;0;398006,565000000409782;5720638,333900000900030;7,526471174000051;51,627508842000054;1
44630;5230725301101095216;5;9;13;0;2023;7;16;3;3;3;2;0;0;1;1;0;0;0;0;395108,582000000402331;5706221,911800000816584;7,488920633000021;51,497394149000058;1
44632;5230803702100079168;5;5;15;0;2023;8;23;5;3;0;1;2;1;1;0;0;0;0;0;405914,418999999761581;5761506,400000000372529;7,629583278000041;51,996237302000054;1
44633;5230725300800173302;5;9;54;36;2023;7;19;3;2;5;3;0;0;1;1;0;0;0;0;381549,121799999848008;5699926,568299999460578;7,295778785000039;51,438134327000057;1
44634;5230725300300089333;5;9;11;0;2023;7;11;3;3;5;3;0;0;1;1;0;0;0;0;379396,176500000059605;5703684,464299999177456;7,263536921000025;51,471454775000041;1
44642;5230724702100305050;5;5;15;0;2023;7;17;2;3;0;3;0;0;1;1;0;0;0;0;406089,280500000342727;5758926,741599999368191;7,632835748000048;51,973079852000069;1
44649;5230724608332573651;5;3;34;32;2023;7;14;2;3;5;3;0;1;1;1;0;0;0;0;308164,546699999831617;5626662,061000000685453;6,279922829000043;50,759977813000035;1
44650;5230724608200071698;5;3;34;2;2023;7;21;2;2;5;2;1;1;1;1;0;0;0;0;295619,341799999587238;5629381,317399999126792;6,100766572000055;50,780118584000036;1
44656;5230724605144774401;5;3;74;44;2023;7;14;2;3;3;6;0;0;1;1;0;0;0;0;403188,825699999928474;5637306,259199999272823;7,623865983000030;50,879313270000068;1
44669;5230724601600987465;5;3;15;0;2023;7;7;2;3;0;7;0;1;1;0;0;0;0;1;360836,071299999952316;5644287,104699999094009;7,019501821000063;50,933405316000062;1
44672;5230724601500490473;5;3;15;0;2023;7;16;2;3;0;1;0;1;1;0;0;0;0;0;361455,000099999830127;5647177,980200000107288;7,027204671000050;50,959535350000067;1
44674;5230724601300886440;5;3;15;0;2023;7;15;2;3;5;3;0;1;1;1;0;0;0;0;354250,014399999752641;5645182,205099999904633;6,925479151000047;50,939822602000049;1
44675;5230724601100987485;5;3;15;0;2023;7;19;2;3;6;4;1;0;1;0;1;0;0;0;355868,407200000248849;5644657,574699999764562;6,948706070000071;50,935514647000048;1
44676;5230724601100987484;5;3;15;0;2023;7;14;2;3;0;1;0;1;1;0;0;0;0;0;355286,259999999776483;5644185,266000000759959;6,940614147000076;50,931124323000063;1
44682;5230724514122867304;5;1;66;4;2023;7;12;2;3;0;1;0;1;1;0;0;0;0;0;304741,290599999949336;5685114,559800000861287;6,199972577000040;51,283847291000029;1
44683;5230724514120085745;5;1;66;16;2023;7;16;2;3;5;3;0;0;1;1;0;0;0;0;310321,691599999554455;5690046,284199999645352;6,277275847000055;51,330028777000052;1
44684;5230724513310895437;5;1;62;8;2023;7;17;2;3;5;3;0;1;1;1;0;0;0;0;330109,034799999557436;5662062,878699999302626;6,574271792000047;51,084879722000039;1
44687;5230724508000986135;5;1;19;0;2023;7;15;2;3;0;7;0;0;1;1;0;0;0;0;349787,144399999640882;5705027,680999999865890;6,836947212000041;51,476439163000066;1
44688;5230724508000089593;5;1;19;0;2023;7;23;2;2;0;1;2;0;1;0;0;0;0;0;350485,858000000007451;5713384,038000000640750;6,843456769000056;51,551708974000064;1
44696;5230724502324686698;5;1;13;0;2023;7;22;2;3;1;7;2;1;1;1;0;0;0;0;361852,473500000312924;5707528,201400000602007;7,009590796000055;51,501984705000041;1
44702;5230724501315179021;5;1;12;0;2023;7;9;2;3;0;3;0;1;1;1;0;0;0;0;345606,115000000223517;5700232,937999999150634;6,778881464000051;51,432232705000047;1
44751;5230724300200793911;5;9;11;0;2023;7;13;2;2;0;1;0;1;1;0;0;0;0;0;370927,094800000078976;5705029,743699999526143;7,141173639000044;51,481676315000072;1
44752;5230723709110996500;5;5;66;8;2023;7;12;1;3;7;1;0;0;1;0;0;0;0;0;399933,175499999895692;5777825,931600000709295;7,537707896000029;52,141870520000055;1
44753;5230723705000987460;5;5;54;16;2023;7;19;1;3;0;1;0;1;1;0;0;0;0;0;362756,839100000448525;5758888,898800000548363;7,002360693000071;51,963729931000046;1
44764;5230723609108189775;5;3;58;8;2023;7;10;1;3;0;3;0;0;1;1;0;0;0;0;321157,018699999898672;5630304,994999999180436;6,462174407000020;50,796855420000043;1
44765;5230723608416987684;5;3;34;16;2023;7;17;1;3;5;2;0;0;1;0;0;0;0;1;294236,307300000451505;5637206,834300000220537;6,076787077000063;50,849911253000073;1
44768;5230723607200169580;5;3;82;20;2023;7;20;1;3;0;1;0;1;1;0;0;0;0;0;378955,286999999545515;5626272,824999999254942;7,283186929000067;50,775568738000061;1
44777;5230723601200987456;5;3;15;0;2023;7;16;1;3;0;1;0;0;1;0;0;0;0;0;352179,342100000008941;5643657,222899999469519;6,896645986000067;50,925591185000030;1
44781;5230723601100486473;5;3;15;0;2023;7;2;1;3;0;1;2;0;1;0;0;0;0;0;356981,683799999766052;5644053,311200000345707;6,964776712000059;50,930361336000033;1
44783;5230723601100082887;5;3;15;0;2023;7;20;1;3;0;7;1;1;1;1;0;0;0;0;355257,790500000119209;5645168,826300000771880;6,939818619000050;50,939956222000035;1
44787;5230723518410987452;5;1;70;16;2023;7;9;1;3;5;3;0;0;1;1;0;0;0;0;344832,098600000143051;5720352,527499999850988;6,758895295000059;51,612792491000050;1
44791;5230723502318589652;5;1;13;0;2023;7;10;1;3;3;6;0;0;1;1;0;0;0;0;354241,226599999703467;5705368,096400000154972;6,900898172000041;51,480663163000031;1
44796;5230723500200091866;5;1;11;0;2023;7;13;1;3;5;3;0;0;1;1;0;0;0;0;344466,350100000388920;5678669,843499999493361;6,771914265000021;51,238173399000061;1
44799;5230723500100095200;5;1;11;0;2023;7;23;1;3;0;7;2;1;1;0;0;0;1;0;344509,956199999898672;5677931,440300000831485;6,772858937000024;51,231550483000035;1
44803;5230723316100181983;5;9;74;32;2023;7;15;1;3;0;6;0;0;1;0;1;0;0;0;441385,010800000280142;5704809,364600000903010;8,155710912000075;51,491388138000048;1
44804;5230723307000293815;5;9;62;28;2023;7;18;1;2;0;7;0;1;1;0;0;0;0;0;401182,686700000427663;5670402,048399999737740;7,586335598000062;51,176496035000071;1
44805;5230723300600694310;5;9;16;0;2023;7;15;1;3;5;2;0;1;1;1;0;0;0;0;377206,872200000099838;5710970,296599999070168;7,229494631000023;51,536464802000069;1
44806;5230723300600567617;5;9;16;0;2023;7;14;1;3;0;3;0;1;1;1;0;0;0;0;379596,537999999709427;5713118,031999999657273;7,263198098000032;51,556282384000042;1
44809;5230722706000589266;5;5;58;16;2023;7;8;7;3;5;7;0;0;1;1;0;0;0;0;387509,052000000141561;5747281,288399999961257;7,366256161000024;51,864967258000036;1
44813;5230722701930549578;5;5;62;36;2023;7;12;7;3;0;7;0;0;1;0;0;0;0;0;389273,873399999924004;5720232,563500000163913;7,400486584000021;51,622211056000026;1
44816;5230722701120871521;5;5;62;32;2023;7;10;7;3;5;3;0;0;1;0;0;0;0;1;376154,046000000089407;5715266,647199999541044;7,212809166000056;51,574847257000044;1
44817;5230722700000179550;5;5;13;0;2023;7;17;7;3;0;1;0;0;1;0;0;0;0;0;368741,831100000068545;5714989,629000000655651;7,106009929000038;51,570680720000041;1
44822;5230722608200594916;5;3;34;2;2023;7;17;7;3;6;6;0;0;1;0;1;0;0;0;295651,682300000451505;5630904,215199999511242;6,100378065000029;50,793807593000054;1
44823;5230722607400993611;5;3;82;68;2023;7;13;7;3;0;1;0;0;1;0;0;0;0;0;372948,833200000226498;5634224,264299999922514;7,195286913000075;50,845754245000080;1
44824;5230722606100681742;5;3;78;4;2023;7;14;7;3;1;5;0;0;1;1;0;0;0;0;369810,142500000074506;5650638,270500000566244;7,144868800000040;50,992584260000058;1
44826;5230722603236775840;5;3;66;36;2023;7;13;7;3;5;3;0;0;1;1;0;0;0;0;321342,320000000298023;5601023,584000000730157;6,478936636000071;50,533840863000080;1
44830;5230722602900071785;5;3;62;40;2023;7;10;7;3;4;6;0;0;1;0;0;0;0;0;357199,701799999922514;5633042,423900000751019;6,972178547000055;50,831460121000077;1
44832;5230722602300390285;5;3;62;36;2023;7;10;7;3;1;5;0;0;1;1;0;0;0;0;346648,165799999609590;5654730,269600000232458;6,813332366000054;51,023649877000082;1
44833;5230722601700069796;5;3;16;0;2023;7;19;7;3;3;6;0;0;1;1;0;0;0;0;361139,015700000338256;5656820,838400000706315;7,019019442000058;51,046120869000049;1
44834;5230722601600374328;5;3;15;0;2023;7;18;7;3;8;1;0;0;1;0;0;0;0;0;363501,760099999606609;5640299,781700000166893;7,058906696000065;50,898206469000058;1
44844;5230722518100987435;5;1;70;48;2023;7;11;7;3;3;6;0;0;1;1;0;0;0;0;336518,769000000320375;5725816,141200000420213;6,636380663000068;51,659524443000066;1
44846;5230722518100190483;5;1;70;48;2023;7;14;7;3;4;7;0;0;1;0;0;0;0;0;338881,317200000397861;5726071,793299999088049;6,670390018000035;51,662503421000054;1
44849;5230722514111086874;5;1;66;32;2023;7;23;7;3;0;3;2;0;1;1;0;0;0;0;315475,775999999605119;5679141,312000000849366;6,356805864000023;51,233770811000056;1
44850;5230802500200501155;5;1;11;0;2023;8;10;4;3;5;2;0;1;1;1;0;0;0;0;345258,167000000365078;5679820,070000000298023;6,782751149000035;51,248723927000071;1
44852;5230722506100987431;5;1;16;0;2023;7;9;7;3;0;1;0;0;1;0;0;0;0;0;322150,398099999874830;5677759,161000000312924;6,452998322000042;51,223473784000078;1
44853;5230722505200986183;5;1;14;0;2023;7;17;7;3;0;7;0;0;1;1;0;0;0;0;327904,530799999833107;5694186,792199999094009;6,527400019000027;51,372818079000069;1
44857;5230722502212571568;5;1;13;0;2023;7;18;7;3;0;1;0;0;1;0;0;0;0;0;364250,052400000393391;5699139,937500000000000;7,047334072000069;51,427184112000077;1
44863;5230722500200578731;5;1;11;0;2023;7;13;7;3;5;3;0;0;1;1;0;0;0;0;346159,110899999737740;5679690,842000000178814;6,795705762000068;51,247806481000055;1
44871;5230722317250671600;5;9;78;32;2023;7;16;7;3;8;1;0;0;1;0;0;0;0;0;393464,595900000073016;5729391,604599999263883;7,458208090000028;51,705343504000041;1
44877;5230722313231384921;5;9;58;48;2023;7;15;7;3;2;6;0;0;1;0;0;0;0;0;467477,247200000099838;5672354,574999999254942;8,534490219000077;51,201668773000051;1
44878;5230722313130484984;5;9;58;44;2023;7;14;7;3;0;2;0;0;1;1;0;0;0;0;426796,531999999657273;5681717,046299999579787;7,950373943000045;51,282078597000066;1
44879;5230722313121394417;5;9;58;32;2023;7;17;7;2;0;1;0;0;1;0;0;0;0;0;452077,186200000345707;5688882,997999999672174;8,311861266000051;51,349198475000037;1
44880;5230722313110987436;5;9;58;4;2023;7;13;7;3;3;2;0;0;1;0;0;0;0;0;429140,023699999786913;5701573,005499999970198;7,980011054000045;51,460890068000026;1
44883;5230722310120867600;5;9;54;32;2023;7;10;7;3;5;3;0;0;1;1;0;0;0;0;384947,270100000314415;5695721,732999999076128;7,346012672000029;51,401041233000058;1
44884;5230722310110277957;5;9;54;16;2023;7;14;7;3;0;1;0;0;1;0;0;0;0;0;371507,731900000013411;5694823,574699999764562;7,153234494000060;51,390084230000070;1
44896;5230721709110796500;5;5;66;4;2023;7;16;6;3;0;7;0;0;1;0;0;0;0;0;395029,995000000111759;5766734,724999999627471;7,469499439000060;52,041277244000071;1
44897;5230721705000987418;5;5;54;64;2023;7;12;6;2;5;2;0;0;1;1;0;0;0;0;361660,794499999843538;5751216,495500000193715;6,989502012000059;51,894517769000061;1
44900;5230721610114969637;5;3;70;32;2023;7;8;6;3;5;3;0;0;1;1;0;0;0;0;289166,089700000360608;5661329,440099999308586;5,990889630000027;51,064712044000032;1
44904;5230721608332089850;5;3;34;32;2023;7;9;6;3;0;1;0;1;1;0;0;0;0;1;302413,153900000266731;5628279,700999999418855;6,197606573000030;50,772578169000042;1
44906;5230721607500078278;5;3;82;56;2023;7;13;6;3;5;2;0;1;1;0;0;0;0;1;374321,990000000223517;5626061,005000000819564;7,217577208000023;50,772679273000051;1
44908;5230721607100884950;5;3;82;60;2023;7;13;6;3;0;1;0;1;1;0;0;0;0;0;373492,894000000320375;5628150,997999999672174;7,205105466000020;50,791284775000065;1