OID_;UIDENTSTLAE;ULAND;UREGBEZ;UKREIS;UGEMEINDE;UJAHR;UMONAT;USTUNDE;UWOCHENTAG;UKATEGORIE;UART;UTYP1;ULICHTVERH;IstStrassenzustand;IstRad;IstPKW;IstFuss;IstKrad;IstGkfz;IstSonstige;LINREFX;LINREFY;XGCSWGS84;YGCSWGS84;PLST
45420;5230727300100685312;5;9;11;0;2023;7;15;5;3;5;3;0;1;1;0;0;0;0;1;374664,852800000458956;5705528,687599999830127;7,194796207000024;51,487001094000050;1
45422;5230717301101242092;5;9;13;0;2023;7;13;2;3;5;2;0;0;1;1;0;0;0;0;395167,910099999979138;5706188,290100000798702;7,489784992000068;51,497102942000026;1
45425;5230717300200207064;5;9;11;0;2023;7;21;2;2;5;2;1;0;1;1;0;0;0;0;372433,130199999548495;5701604,479100000113249;7,164086730000065;51,451234606000071;1
45430;5230716709110276670;5;5;66;84;2023;7;2;1;3;4;6;2;1;1;0;0;0;0;0;391914,280000000260770;5771981,708200000226498;7,422428456000034;52,087835585000050;1
45432;5230716705000391110;5;5;54;4;2023;7;16;1;3;0;1;0;0;1;0;0;0;0;0;357156,110700000077486;5777228,438599999994040;6,913232716000039;52,127098959000080;1
45438;5230716701300475296;5;5;62;14;2023;7;14;1;3;5;3;0;0;1;1;0;0;0;0;359425,707999999634922;5714892,504000000655651;6,971709424000039;51,567562304000035;1
45451;5230716608200171805;5;3;34;2;2023;7;11;1;3;0;2;0;0;1;1;0;0;0;0;300189,621299999766052;5629048,704199999570847;6,165693179000073;50,778723669000044;1
45452;5230716607500178580;5;3;82;56;2023;7;16;1;3;4;7;0;0;1;0;0;0;0;0;370902,205000000074506;5627199,254000000655651;7,168702709000058;50,782159073000059;1
45459;5230716606700987331;5;3;78;20;2023;7;11;1;3;2;2;0;0;1;1;0;0;0;0;368209,820600000210106;5655789,122400000691414;7,120206761000077;51,038514014000043;1
45462;5230716605116579450;5;3;74;16;2023;7;13;1;3;0;7;0;0;1;0;0;0;0;0;387435,200000000186265;5667900,433299999684095;7,390527360000021;51,151468611000041;1
45466;5230716602600669701;5;3;62;20;2023;7;12;1;3;3;6;0;0;1;1;0;0;0;0;341807,471800000406802;5634304,716800000518560;6,753228622000051;50,838801276000027;1
45469;5230716601300778625;5;3;15;0;2023;7;12;1;3;0;2;0;0;1;1;0;0;0;0;354167,032100000418723;5644820,521400000900030;6,924443621000023;50,936551282000039;1
45474;5230722608200377511;5;3;34;2;2023;7;17;7;3;6;6;0;0;1;0;1;0;0;0;298907,806800000369549;5626608,999099999666214;6,148867885000072;50,756367950000026;1
45475;5230716516900186880;5;1;58;26;2023;7;12;1;3;5;3;0;0;1;1;0;0;0;0;351265,758999999612570;5666496,382300000637770;6,874284839000040;51,130595680000056;1
45476;5230716515212548406;5;1;54;32;2023;7;16;1;2;9;1;0;0;1;0;0;0;0;0;310619,862200000323355;5713857,110999999567866;6,268817056000046;51,543988610000042;1
45478;5230716515000078935;5;1;54;8;2023;7;7;1;2;0;2;0;0;1;0;0;0;0;0;313507,507000000216067;5747616,871799999848008;6,292364463000069;51,848161496000046;1
45480;5230716513210782321;5;1;62;24;2023;7;13;1;3;5;2;0;0;1;1;0;0;0;0;337514,395999999716878;5677064,804999999701977;6,673138573000074;51,221815224000068;1
45487;5230716411224637906;5;7;74;32;2023;7;17;1;3;3;6;0;0;1;0;0;0;0;0;478949,023599999956787;5738015,287499999627471;8,694768592000059;51,792602014000067;1
45491;5230716410110590734;5;7;70;24;2023;7;19;1;3;0;1;0;0;1;0;0;0;0;0;493361,759800000116229;5793808,328900000080466;8,902663665000034;52,294587244000070;1
45500;5230716400100503947;5;7;11;0;2023;7;20;1;3;5;2;0;0;1;1;0;0;0;0;462507,003999999724329;5766667,525000000372529;8,453253903000075;52,049344415000064;1
45501;5230716317130987328;5;9;78;12;2023;7;2;1;3;0;7;2;0;1;0;0;0;0;0;408381,737999999895692;5704032,901000000536442;7,680645097000024;51,480023614000061;1
45503;5230716316100987330;5;9;74;32;2023;7;9;1;3;1;7;0;0;1;1;0;0;0;0;440027,590699999593198;5704062,735799999907613;8,136287872000025;51,484533041000077;1
45505;5230716314320676500;5;9;66;16;2023;7;13;1;2;8;1;0;0;1;0;0;0;0;0;436171,303000000305474;5659852,892000000923872;8,088659313000051;51,086624168000071;1
45508;5230716313130184920;5;9;58;44;2023;7;12;1;3;5;2;0;0;1;1;0;0;0;0;427575,312400000169873;5689500,169999999925494;7,959957255000063;51,352152556000078;1
45518;5230715711200079616;5;5;70;4;2023;7;16;7;3;1;3;0;1;1;1;0;0;0;0;423829,259499999694526;5736312,117300000041723;7,896028297000043;51,772501025000054;1
45519;5230715709800080102;5;5;66;44;2023;7;15;7;3;0;1;0;0;1;0;0;0;0;0;430383,936599999666214;5779847,308800000697374;7,982182655000031;52,164718549000042;1
45521;5230715709700987316;5;5;66;28;2023;7;12;7;3;0;1;0;0;1;0;0;0;0;0;412554,707499999552965;5792310,266400000080466;7,718353713000056;52,274203674000034;1
45523;5230727410230687144;5;7;70;4;2023;7;21;5;3;3;6;1;1;1;1;0;0;0;0;485943,902200000360608;5787049,275200000032783;8,794177939000065;52,233680286000038;1
45525;5230715705000897147;5;5;54;48;2023;7;21;7;3;0;1;1;1;1;0;0;0;0;0;339041,911500000394881;5745640,092800000682473;6,663652538000065;51,838348878000033;1
45527;5230715705000295950;5;5;54;8;2023;7;11;7;3;0;6;0;0;1;0;0;0;0;0;335354,299499999731779;5742875,711899999529123;6,611490090000075;51,812440431000027;1
45530;5230715702100987375;5;5;15;0;2023;7;11;7;3;5;2;0;0;1;1;0;0;0;0;405019,896999999880791;5757700,723999999463558;7,617611551000039;51,961878196000043;1
45533;5230715702100472400;5;5;15;0;2023;7;12;7;3;1;1;0;0;1;1;0;0;0;0;405518,004499999806285;5756537,766400000080466;7,625178820000031;51,951509901000065;1
45534;5230724500200462216;5;1;11;0;2023;7;7;2;3;4;6;0;1;1;0;0;0;0;0;348897,594299999997020;5677302,794099999591708;6,835920993000059;51,227080247000060;1
45539;5230715609108080763;5;3;58;8;2023;7;12;7;3;0;3;0;1;1;1;0;0;0;0;323177,798999999649823;5631071,211999999359250;6,490451332000021;50,804359273000046;1
45547;5230715711100687307;5;5;70;32;2023;7;11;7;2;5;3;0;1;1;1;0;0;0;0;421331,747800000011921;5766787,212700000032783;7,852879373000064;52,046105521000072;1
45554;5230715601600019571;5;3;15;0;2023;7;10;7;3;0;1;0;1;1;0;0;0;0;0;358842,497100000269711;5642387,322799999266863;6,991884408000033;50,915847336000070;1
45555;5230716701920709484;5;5;62;28;2023;7;16;1;3;5;3;0;0;1;0;0;0;0;0;379551,458499999716878;5724611,206199999898672;7,258599590000074;51,659566677000043;1
45560;5230715518210079226;5;1;70;28;2023;7;0;7;2;0;1;2;0;1;0;0;0;0;0;331707,296000000089407;5702292,354000000283122;6,578137445000038;51,446776894000038;1
45562;5230802303100575272;5;9;15;0;2023;8;18;4;3;5;3;0;1;1;1;0;0;0;0;417908,589499999769032;5726782,008300000801682;7,812484279000046;51,685993681000070;1
45573;5230715502230186671;5;1;13;0;2023;7;8;7;3;0;7;0;0;1;0;0;0;0;0;362313,359799999743700;5694086,396400000900030;7,021455279000065;51,381303226000057;1
45575;5230719609204580835;5;3;58;4;2023;7;16;4;3;5;3;0;0;1;1;0;0;0;0;306705,823800000362098;5645506,774299999698997;6,249321860000066;50,928764708000074;1
45578;5230715500200578870;5;1;11;0;2023;7;12;7;3;0;3;0;0;1;1;0;0;0;0;344829,150000000372529;5681386,491000000387430;6,775929536000035;51,262682172000041;1
45587;5230715404302442855;5;7;66;8;2023;7;14;7;3;0;1;0;1;1;0;0;0;0;0;483410,211600000038743;5769747,257300000637770;8,757922978000067;52,078053573000034;1
45592;5230715317220578675;5;9;78;4;2023;7;1;7;3;1;5;2;0;1;1;0;0;0;0;407241,584900000132620;5718993,274000000208616;7,660286539000026;51,614319597000076;1
45593;5230715317130987312;5;9;78;12;2023;7;10;7;3;0;1;0;0;1;0;0;0;0;0;416642,051199999637902;5703570,277400000020862;7,799678009000047;51,477142475000051;1
45595;5230715315110880416;5;9;70;40;2023;7;19;7;3;0;1;0;0;1;0;0;0;0;0;431002,235999999567866;5636263,474300000816584;8,019345475000023;50,873928298000067;1
45596;5230715315110296710;5;9;70;40;2023;7;13;7;3;0;1;0;1;1;0;0;0;0;0;431460,644100000150502;5637902,385500000789762;8,025552408000067;50,888718926000081;1
45597;5230715314310091072;5;9;66;20;2023;7;8;7;3;5;3;0;0;1;1;0;0;0;0;431085,818799999542534;5665737,915300000458956;8,014935860000037;51,138947907000045;1
45598;5230715313233177792;5;9;58;28;2023;7;17;7;3;5;3;0;1;1;1;0;0;0;0;479211,424599999561906;5672055,931099999696016;8,702459879000060;51,199530946000039;1
45610;5230802702100696615;5;5;15;0;2023;8;17;4;3;0;3;0;1;1;1;0;0;0;0;405654,362800000235438;5757011,784199999645352;7,627032226000040;51,955793732000075;1
45611;5230715301301195040;5;9;78;24;2023;7;12;7;3;5;3;0;1;1;1;0;0;0;0;395952,658099999651313;5720534,705000000074506;7,496839463000072;51,626201316000049;1
45616;5230714711400081045;5;5;70;28;2023;7;12;6;3;3;3;0;0;1;1;0;0;0;0;441099,563500000163913;5742648,529999999329448;8,145222339000043;51,831550921000030;1
45620;5230714709800074770;5;5;66;40;2023;7;11;6;2;8;1;0;0;1;0;0;0;0;0;426156,339999999850988;5780869,553999999538064;7,920162429000072;52,173358199000063;1
45628;5230714706000093452;5;5;58;12;2023;7;12;6;3;5;3;0;0;1;1;0;0;0;0;373849,422000000253320;5757366,383999999612570;7,164284044000055;51,952675702000079;1
45630;5230714705000874672;5;5;54;4;2023;7;15;6;3;8;1;0;0;1;0;0;0;0;0;358609,933199999853969;5771875,343000000342727;6,936677924000037;52,079375412000047;1
45631;5230714705000393442;5;5;54;4;2023;7;17;6;3;5;3;0;0;1;1;0;0;0;0;357224,953200000338256;5779697,244500000029802;6,913200915000061;52,149298426000030;1
45633;5230717502231186671;5;1;13;0;2023;7;13;2;2;0;1;0;0;1;0;0;0;0;0;365280,160699999891222;5696728,407800000160933;7,063058766000040;51,405758206000030;1
45635;5230714701930281230;5;5;62;36;2023;7;18;6;3;5;3;0;0;1;1;0;0;0;0;391656,375599999912083;5719501,119000000879169;7,435115643000074;51,616100424000081;1
45640;5230719709300896612;5;5;66;68;2023;7;9;4;3;5;3;0;0;1;0;0;0;0;1;378536,847599999979138;5784978,151599999517202;7,222628079000060;52,201853219000043;1
45646;5230721317210467572;5;9;78;20;2023;7;2;6;3;0;1;2;1;1;0;0;0;0;0;410770,290000000037253;5715454,630000000819564;7,712137814000073;51,583080087000042;1
45648;5230714610111585810;5;3;70;16;2023;7;18;6;3;3;6;0;0;1;1;0;0;0;0;300261,198400000110269;5658633,215399999171495;6,150515863000066;51,044463677000067;1
45650;5230714608332577556;5;3;34;32;2023;7;6;6;2;0;7;0;0;1;0;0;0;0;0;305447,710099999792874;5624487,312000000849366;6,242596169000024;50,739538865000043;1
45652;5230714608324089884;5;3;34;24;2023;7;10;6;3;5;3;0;0;1;1;0;0;0;0;301791,696600000374019;5614494,905500000342727;6,196204884000053;50,648549165000077;1
45654;5230714608100633185;5;3;34;2;2023;7;8;6;3;0;7;0;0;1;1;0;0;0;0;294000,000000000000000;5628156,179999999701977;6,078513331000067;50,768542556000057;1
45668;5230714601700874218;5;3;16;0;2023;7;16;6;3;5;7;0;0;1;0;0;0;0;0;356972,538300000131130;5657435,220200000330806;6,959377847000042;51,050619888000028;1
45670;5230714601400878575;5;3;15;0;2023;7;14;6;3;1;5;0;0;1;1;0;0;0;1;356295,313599999994040;5648037,684800000861287;6,953443588000027;50,965997684000058;1
45672;5230714601300077184;5;3;15;0;2023;7;17;6;2;3;6;0;0;1;0;0;0;0;0;353238,621299999766052;5645256,146800000220537;6,911063976000037;50,940230557000064;1
45674;5230714601200763928;5;3;15;0;2023;7;23;6;3;0;1;2;0;1;0;0;0;0;0;354782,503399999812245;5643184,960899999365211;6,933848703000024;50,922008213000026;1
45675;5230714601100093407;5;3;15;0;2023;7;21;6;3;0;6;1;0;1;1;0;0;0;1;355926,531499999575317;5644633,670399999246001;6,949542184000052;50,935314346000041;1
45679;5230714600140590865;5;3;14;0;2023;7;15;6;3;5;2;0;0;1;1;0;0;0;0;368479,115899999625981;5621537,556500000879169;7,136372294000068;50,730726554000057;1
45681;5230714515111096696;5;1;54;44;2023;7;20;6;3;0;6;0;0;1;0;0;0;0;0;322306,012600000016391;5739231,112199999392033;6,424264873000027;51,775709066000047;1
45682;5230714514216985927;5;1;66;28;2023;7;14;6;2;7;7;0;0;1;0;0;0;0;1;321587,935200000181794;5685060,212899999693036;6,441311423000059;51,288884677000055;1
45685;5230714513110095500;5;1;62;16;2023;7;16;6;3;5;3;0;0;1;1;0;0;0;0;331691,527999999932945;5675747,110999999567866;6,590448770000023;51,208289904000026;1
45687;5230714506100987297;5;1;16;0;2023;7;11;6;3;5;7;0;0;1;1;0;0;0;0;318857,368999999947846;5675705,726999999955297;6,406926865000059;51,203992546000052;1
45688;5230714505200578948;5;1;14;0;2023;7;14;6;3;5;3;0;0;1;1;0;0;0;0;325951,782999999821186;5697200,902300000190735;6,497895154000048;51,399299673000030;1
45689;5230714503300387483;5;1;20;0;2023;7;15;6;3;0;5;0;0;1;1;0;0;0;0;371949,935100000351667;5671315,388100000098348;7,168014169000060;51,178905811000050;1
45691;5230714503200789982;5;1;24;0;2023;7;18;6;3;0;2;0;0;1;1;0;0;0;0;380538,454599999822676;5678810,313300000503659;7,288330981000058;51,248130523000043;1
45695;5230714502340895033;5;1;13;0;2023;7;14;6;3;0;7;0;0;1;0;0;0;0;0;361698,987999999895692;5708961,299100000411272;7,006818772000031;51,514825374000054;1
45696;5230714502339171872;5;1;13;0;2023;7;23;6;3;0;7;2;0;1;0;0;0;0;0;364660,719999999739230;5706161,323000000789762;7,050550391000058;51,490380640000069;1
45698;5230714502146677684;5;1;13;0;2023;7;14;6;3;0;7;0;0;1;0;0;0;0;0;367117,781000000424683;5700512,957000000402331;7,088044162000074;51,440202876000058;1
45705;5230714500200556863;5;1;11;0;2023;7;16;6;3;5;2;0;0;1;1;0;0;0;0;348005,191999999806285;5679981,151000000536442;6,822013252000033;51,250910034000071;1
45707;5230714500200178880;5;1;11;0;2023;7;18;6;3;5;3;0;0;1;1;0;0;0;0;344663,802000000141561;5678866,377000000327826;6,774655316000064;51,239993111000047;1
45708;5230714500100786687;5;1;11;0;2023;7;7;6;3;0;1;0;0;1;0;0;0;0;0;343652,688000000081956;5677950,471000000834465;6,760581697000021;51,231487268000080;1
45719;5230714406110033602;5;7;58;12;2023;7;9;6;3;5;3;0;0;1;1;0;0;0;0;476018,539800000376999;5771176,092199999839067;8,649965580000071;52,090628905000074;1
45724;5230714404102187180;5;7;66;40;2023;7;20;6;3;0;6;0;0;1;0;1;0;0;0;487581,395700000226498;5758441,809200000017881;8,819198586000027;51,976517020000074;1
45728;5230714316100457675;5;9;74;40;2023;7;23;6;2;0;1;2;0;1;0;0;0;0;0;438344,322999999858439;5712351,509700000286102;8,110598276000076;51,558873169000037;1
45733;5230714315130578234;5;9;70;8;2023;7;10;6;3;3;5;0;0;1;1;0;0;0;0;435472,045099999755621;5624763,021500000730157;8,084888854000042;50,771036946000038;1
45737;5230714314110079170;5;9;66;24;2023;7;22;6;3;0;1;2;0;1;0;0;0;0;0;418624,692900000140071;5657093,108300000429153;7,838800701000025;51,059591209000075;1
45739;5230714310230780445;5;9;54;12;2023;7;11;6;3;3;6;0;0;1;1;0;0;0;0;387914,703900000080466;5688653,356000000610948;7,390882874000056;51,338102167000045;1
45752;5230714301201069222;5;9;13;0;2023;7;9;6;3;3;6;0;0;1;1;0;0;0;0;391669,432500000111759;5707990,000199999660254;7,438852160000067;51,512637776000076;1
45754;5230723608320069643;5;3;34;20;2023;7;12;1;2;8;1;0;1;1;0;0;0;0;0;305237,879599999636412;5604404,124600000679493;6,250184683000043;50,559068545000059;1
45755;5230714301101089201;5;9;13;0;2023;7;19;6;3;0;2;0;0;1;1;0;0;0;0;392564,666899999603629;5706742,190199999138713;7,452128433000041;51,501592872000060;1
45757;5230801400300487178;5;7;11;0;2023;8;15;3;3;3;2;0;0;1;1;0;0;0;0;465169,661999999545515;5761064,221000000834465;8,492651059000025;51,999141269000063;1
45762;5230713705000091834;5;5;54;56;2023;7;18;5;3;5;2;0;1;1;1;0;0;0;0;356836,322999999858439;5762419,264000000432134;6,914772279000033;51,993957442000067;1
45763;5230725301101595216;5;9;13;0;2023;7;14;3;3;0;1;0;0;1;0;0;0;0;0;394173,385300000198185;5708392,911199999973178;7,474801647000049;51,516733932000079;1
45766;5230713702100174725;5;5;15;0;2023;7;13;5;3;5;3;0;0;1;1;0;0;0;0;405034,740199999883771;5757997,281799999997020;7,617745515000024;51,964546311000049;1
45768;5230713701930286654;5;5;62;36;2023;7;12;5;2;6;7;0;0;1;0;1;0;0;0;392923,533599999733269;5719880,991200000047684;7,453294798000059;51,619757293000077;1
45771;5230713701610965988;5;5;62;12;2023;7;12;5;3;0;7;0;0;1;0;0;0;0;0;357805,279600000008941;5726854,537200000137091;6,943489920000047;51,674643959000036;1
45780;5230713607400878580;5;3;82;68;2023;7;14;5;3;1;5;0;0;1;1;0;0;0;0;368106,842299999669194;5631944,339099999517202;7,127367312000047;50,824178796000069;1
45787;5230713601600893598;5;3;15;0;2023;7;15;5;3;3;3;0;0;1;0;0;0;0;1;364990,041299999691546;5643062,361800000071526;7,079036153000061;50,923385264000046;1
45788;5230713601500099155;5;3;15;0;2023;7;10;5;3;0;7;0;0;1;0;0;0;0;0;359075,587700000032783;5646040,784900000318885;6,993785580000065;50,948738298000080;1
45793;5230713601200790400;5;3;15;0;2023;7;18;5;3;0;7;0;0;1;1;0;0;0;0;353267,563000000081956;5644009,652000000700355;6,911977509000053;50,929036144000065;1
45795;5230713601100378488;5;3;15;0;2023;7;18;5;3;0;7;0;0;1;0;0;0;0;0;357117,335500000044703;5643214,535900000482798;6,967034517000059;50,922856925000076;1
45797;5230713601100190245;5;3;15;0;2023;7;9;5;3;0;1;0;0;1;0;0;0;0;0;355286,197999999858439;5644185,519600000232458;6,940613165000059;50,931126587000051;1
45804;5230713518200676000;5;1;70;24;2023;7;15;5;2;5;3;0;0;1;1;0;0;0;0;336776,531999999657273;5702480,372300000861287;6,650934031000077;51,449949757000070;1
45807;5230713516300987287;5;1;58;28;2023;7;12;5;3;5;3;0;0;1;1;0;0;0;0;349337,224200000055134;5685780,328900000080466;6,838640848000068;51,303373019000048;1
45813;5230713514114586031;5;1;66;24;2023;7;17;5;2;5;3;0;0;1;1;0;0;0;0;310891,173899999819696;5676675,225500000640750;6,292512757000054;51,210119454000051;1
45816;5230713513310529651;5;1;62;8;2023;7;17;5;3;0;1;0;0;1;0;0;0;0;0;333711,490799999795854;5666694,673499999567866;6,623526126000058;51,127550066000026;1
45836;5230717404302496913;5;7;66;8;2023;7;15;2;3;0;7;0;0;1;0;0;1;0;0;482979,175999999977648;5771752,606000000610948;8,751533287000029;52,096070059000056;1
45838;5230713500300573955;5;1;11;0;2023;7;15;5;3;6;4;0;0;1;0;1;0;0;0;345583,501400000415742;5674388,302899999544024;6,789749011000026;51,200005233000070;1
45839;5230713500200995200;5;1;11;0;2023;7;18;5;3;5;2;0;0;1;1;0;0;0;0;346982,429299999959767;5676677,090800000354648;6,808780604000049;51,220947738000064;1
45841;5230713500200074702;5;1;11;0;2023;7;17;5;3;0;3;0;0;1;0;0;0;0;1;344716,425999999977648;5682428,127000000327826;6,773862803000043;51,272010885000043;1
45843;5230713411224044844;5;7;74;24;2023;7;10;5;3;5;3;0;0;1;1;0;0;0;0;472632,270100000314415;5740537,189300000667572;8,602980961000071;51,815003126000079;1
45852;5230713406120682096;5;7;58;16;2023;7;7;5;3;5;3;0;0;1;0;0;0;0;0;477495,584999999962747;5777703,624299999326468;8,671092506000036;52,149377546000039;1
45854;5230713405112987288;5;7;54;12;2023;7;14;5;3;5;3;0;0;1;1;0;0;0;0;457245,192999999970198;5766946,788000000640750;8,376492583000072;52,051474137000071;1
45855;5230713405108987300;5;7;54;8;2023;7;18;5;3;5;3;0;0;1;1;0;0;0;0;462881,428000000305474;5752531,058000000193715;8,460243723000076;51,922274584000036;1
45859;5230718602800014858;5;3;62;12;2023;7;7;3;3;5;3;0;0;1;1;0;0;0;0;351251,364500000141561;5631252,300300000235438;6,888495838000040;50,813874899000041;1
45860;5230713400100268200;5;7;11;0;2023;7;15;5;3;0;1;0;1;1;0;0;0;0;0;467280,856800000183284;5765854,753000000491738;8,522944194000047;52,042339530000049;1
45861;5230713317000218831;5;9;78;36;2023;7;11;5;2;0;1;0;0;1;0;0;0;0;0;408468,227699999697506;5710874,893500000238419;7,680113852000034;51,541542520000064;1
45866;5230713602400215023;5;3;62;32;2023;7;18;5;3;5;3;0;0;1;1;0;0;0;0;341024,943699999712408;5637533,251499999314547;6,740721950000022;50,867597594000074;1
45871;5230713303100441178;5;9;15;0;2023;7;11;5;3;4;2;0;0;1;1;0;0;0;0;418520,267500000074506;5726416,160800000652671;7,821416056000032;51,682793981000032;1
45880;5230713301303571730;5;9;13;0;2023;7;16;5;3;5;2;0;1;1;1;0;0;0;0;400144,295500000007451;5705876,770800000056624;7,561538238000026;51,495203732000050;1
45883;5230713301101580695;5;9;13;0;2023;7;17;5;3;4;3;0;1;1;0;0;0;0;0;393459,680100000463426;5708511,193800000473857;7,464483761000054;51,517662953000070;1
45887;5230718601300370331;5;3;15;0;2023;7;18;3;3;3;6;0;0;1;0;0;0;0;0;352707,504499999806285;5644933,898499999195337;6,903639971000075;50,937199224000040;1
45889;5230714600320291343;5;3;82;72;2023;7;16;6;3;5;3;0;0;1;1;0;0;0;0;371355,313400000333786;5611948,327700000256300;7,180443262000040;50,645178487000067;1
45892;5230712709700491071;5;5;66;28;2023;7;19;4;3;9;1;0;1;1;0;0;0;0;0;408288,967799999751151;5794916,559599999338388;7,655141712000045;52,296934132000047;1
45893;5230712709110696547;5;5;66;12;2023;7;11;4;3;5;3;0;0;1;1;0;0;0;0;406025,186599999666214;5773824,135900000110269;7,627808216000062;52,106971625000028;1
45894;5230712706000795003;5;5;58;20;2023;7;15;4;3;5;3;0;0;1;1;0;0;0;0;392610,197300000116229;5755896,576700000092387;7,437626696000052;51,943404675000068;1
45898;5230712705000020870;5;5;54;4;2023;7;17;4;2;5;2;0;1;1;1;0;0;0;0;360506,431400000117719;5774472,624600000679493;6,963271943000052;52,103193386000044;1
45904;5230712702100296673;5;5;15;0;2023;7;16;4;3;5;3;0;0;1;0;0;0;0;0;404839,548000000417233;5756185,997999999672174;7,615407001000051;51,948232395000048;1
45912;5230712700000080917;5;5;13;0;2023;7;14;4;3;5;3;0;0;1;1;0;0;0;0;367304,769500000402331;5714215,636600000783801;7,085578487000021;51,563388782000061;1
45922;5230712607500290217;5;3;82;56;2023;7;16;4;2;5;3;0;0;1;1;0;0;0;0;369638,391099999658763;5627046,174599999561906;7,150839271000052;50,780500411000048;1
45923;5230712607300786296;5;3;82;16;2023;7;23;4;3;0;7;2;0;1;0;0;0;0;0;389385,540500000119209;5623833,966199999675155;7,431793580000033;50,755727895000064;1
45929;5230814605108090395;5;3;74;8;2023;8;16;2;3;5;3;0;0;1;1;0;0;0;0;392277,307000000029802;5650482,762000000104308;7,464923455000076;50,995830628000078;1
45930;5230814602800090924;5;3;62;12;2023;8;20;2;3;0;1;0;0;1;0;0;0;0;0;351796,108699999749660;5631111,887599999085069;6,896279677000052;50,812752692000061;1
45931;5230814602700480760;5;3;62;28;2023;8;11;2;2;5;3;0;0;1;0;0;0;0;1;351579,553999999538064;5637933,799900000914931;6,890444044000049;50,874003379000044;1
45932;5230814602300767482;5;3;62;36;2023;8;17;2;3;3;6;0;0;1;1;0;0;0;0;343766,119900000281632;5654208,474999999627471;6,772494554000048;51,018185250000045;1
45935;5230814602100186764;5;3;62;8;2023;8;11;2;3;5;3;0;0;1;0;0;0;1;0;337179,773000000044703;5645765,129000000655651;6,682452089000037;50,940493331000027;1
45939;5230814601600180240;5;3;15;0;2023;8;13;2;3;5;3;0;0;1;1;0;0;0;0;363263,558100000023842;5639559,679400000721216;7,055798459000073;50,891498459000047;1
45941;5230814601300286375;5;3;15;0;2023;8;16;2;3;2;3;0;0;1;1;0;1;0;0;349430,404699999839067;5645100,203900000080466;6,856963994000068;50,937847375000047;1
45943;5230814601100686473;5;3;15;0;2023;8;8;2;3;0;2;0;0;1;1;0;0;0;0;356994,740500000305474;5643478,230399999767542;6,965187970000045;50,925196359000040;1
45944;5230814600140176600;5;3;14;0;2023;8;13;2;3;0;1;0;1;1;0;0;0;0;0;366974,609000000171363;5622480,359999999403954;7,114725678000070;50,738857922000079;1
45947;5230814518400985678;5;1;70;8;2023;8;13;2;2;5;3;0;0;1;0;0;0;0;0;343494,389999999664724;5714827,630000000819564;6,742054002000032;51,562783249000063;1
45948;5230814518200985676;5;1;70;24;2023;8;14;2;3;5;3;0;0;1;1;0;0;0;0;335896,868999999947846;5701993,934000000357628;6,638511269000048;51,445325288000049;1
45949;5230814518200844772;5;1;70;24;2023;8;18;2;3;5;3;0;0;1;1;0;0;0;0;336192,611999999731779;5706466,377000000327826;6,640690865000067;51,485592032000056;1
45950;5230814518200302204;5;1;70;24;2023;8;18;2;3;5;3;0;0;1;1;0;0;0;0;336192,611999999731779;5706466,377000000327826;6,640690865000067;51,485592032000056;1
45951;5230814518200248996;5;1;70;24;2023;8;14;2;3;5;3;0;0;1;1;0;0;0;0;335987,019000000320375;5703665,896999999880791;6,639032241000052;51,460372587000052;1
45963;5230814506100691504;5;1;16;0;2023;8;17;2;3;0;1;0;0;1;0;0;0;0;1;322422,841699999757111;5674722,768799999728799;6,458398800000055;51,196281724000073;1
45965;5230814505100591493;5;1;14;0;2023;8;17;2;3;5;3;0;0;1;1;0;0;0;0;329675,406700000166893;5687353,059299999848008;6,556087418000061;51,311959300000069;1
45966;5230814505100491605;5;1;14;0;2023;8;17;2;3;4;2;0;0;1;1;0;0;0;0;333058,241999999620020;5688422,183499999344349;6,604079645000070;51,322566889000029;1
45967;5230814503400678420;5;1;22;0;2023;8;12;2;3;5;3;0;0;1;0;0;0;0;1;363891,178000000305474;5672359,775800000876188;7,052392835000035;51,186430106000046;1
45968;5230814503400580872;5;1;22;0;2023;8;5;2;3;0;1;2;0;1;0;0;0;0;0;366042,678000000305474;5671327,184000000357628;7,083545427000047;51,177658297000050;1
45970;5230814502402377763;5;1;17;0;2023;8;16;2;3;1;5;0;0;1;1;0;0;0;0;353075,495099999941885;5700050,844100000336766;6,886331311000049;51,432582529000058;1
45975;5230814501316179021;5;1;12;0;2023;8;7;2;3;0;6;0;0;1;0;0;0;0;0;345788,776999999769032;5698773,235999999567866;6,782142434000036;51,419166881000081;1
45981;5230814500100481116;5;1;11;0;2023;8;12;2;3;1;5;0;0;1;1;0;0;0;0;345335,909599999897182;5676736,104800000786781;6,785195690000023;51,221034327000041;1
45985;5230814410210440272;5;7;70;20;2023;8;7;2;3;5;2;0;0;1;1;0;0;0;0;474093,010300000198185;5795536,776699999347329;8,619997751000028;52,309555742000043;1
45994;5230814315210726036;5;9;70;24;2023;8;13;2;3;0;6;0;1;1;0;0;0;0;1;430030,122600000351667;5643107,747999999672174;8,004219173000024;50,935350266000057;1
45999;5230814301304980656;5;9;13;0;2023;8;18;2;2;4;6;0;0;1;0;0;0;0;0;398921,156499999575317;5710358,851399999111891;7,542639145000066;51,535274860000072;1
46000;5230814301303846728;5;9;13;0;2023;8;9;2;3;5;2;0;0;1;1;0;0;0;0;399712,774299999698997;5705420,829900000244379;7,555453687000067;51,491028946000029;1