OID_;UIDENTSTLAE;ULAND;UREGBEZ;UKREIS;UGEMEINDE;UJAHR;UMONAT;USTUNDE;UWOCHENTAG;UKATEGORIE;UART;UTYP1;ULICHTVERH;IstStrassenzustand;IstRad;IstPKW;IstFuss;IstKrad;IstGkfz;IstSonstige;LINREFX;LINREFY;XGCSWGS84;YGCSWGS84;PLST
46528;5230809601600081834;5;3;15;0;2023;8;16;4;3;0;2;0;0;1;1;0;0;0;0;363084,686099999584258;5645307,355399999767542;7,051099421000060;50,943112904000031;1
46530;5230809601300693552;5;3;15;0;2023;8;7;4;3;0;1;0;1;1;0;0;0;0;0;353935,830000000074506;5646736,873999999836087;6,920386833000066;50,953714376000050;1
46534;5230809600380095283;5;3;14;0;2023;8;20;4;3;5;3;0;0;1;1;0;0;0;0;367550,134300000034273;5619708,888100000098348;7,123872947000052;50,714079218000052;1
46535;5230813410120187135;5;7;70;32;2023;8;13;1;3;0;3;0;0;1;1;0;0;0;0;493366,889000000432134;5789449,203999999910593;8,902824619000057;52,255396490000066;1
46537;5230809600120095400;5;3;82;24;2023;8;5;4;3;5;2;1;1;1;1;0;0;0;0;374851,334999999962747;5620584,033999999985099;7,226941826000029;50,723563562000038;1
46538;5230809518301396233;5;1;70;4;2023;8;18;4;3;0;3;0;0;1;1;0;0;0;0;329793,108000000007451;5719280,892000000923872;6,542411545000050;51,598820425000042;1
46539;5230809518100576204;5;1;70;48;2023;8;17;4;1;5;3;0;0;1;1;0;0;0;0;339266,773000000044703;5723158,812000000849366;6,677296946000070;51,636443279000048;1
46540;5230809515210595066;5;1;54;28;2023;8;15;4;2;5;3;0;0;1;1;0;0;0;0;320464,742999999783933;5699657,347300000488758;6,417855154000051;51,419655463000026;1
46541;5230809515210328736;5;1;54;20;2023;8;13;4;3;5;3;0;0;1;1;0;0;0;0;324259,350800000131130;5714385,305500000715256;6,465042622000055;51,553145208000046;1
46544;5230809515110091522;5;1;54;36;2023;8;18;4;3;3;2;0;0;1;1;0;0;0;0;303684,304600000381470;5742184,536199999973178;6,153008564000061;51,796011339000074;1
46546;5230812503400985760;5;1;22;0;2023;8;8;7;3;5;2;0;1;1;1;0;0;0;0;362229,495299999602139;5667919,775699999183416;7,030331404000037;51,146130079000045;1
46551;5230809508000789498;5;1;19;0;2023;8;23;4;3;1;5;2;0;1;1;0;0;0;0;349320,222099999897182;5702525,385900000110269;6,831295298000043;51,453831045000072;1
46557;5230811513320651131;5;1;62;4;2023;8;14;6;3;7;7;0;0;1;0;0;0;0;0;348569,101700000464916;5663169,332299999892712;6,837170095000033;51,099992489000044;1
46563;5230809501314985895;5;1;12;0;2023;8;7;4;3;5;3;0;0;1;1;0;0;0;0;345739,508999999612570;5700235,378000000491738;6,780797866000057;51,432290960000046;1
46567;5230813701300573451;5;5;62;14;2023;8;18;1;3;5;2;0;0;1;1;0;0;0;0;360964,802099999971688;5715190,394899999722838;6,993783802000053;51,570620768000026;1
46572;5230809500200001792;5;1;11;0;2023;8;17;4;3;3;6;0;0;1;0;0;0;0;0;352929,844299999997020;5680934,676100000739098;6,892136292000032;51,260769705000030;1
46579;5230809410110054335;5;7;70;24;2023;8;15;4;3;5;3;0;0;1;1;0;0;0;0;495406,155000000260770;5793222,993000000715256;8,932648531000041;52,289345679000064;1
46581;5230809406230878143;5;7;58;20;2023;8;7;4;3;0;1;0;1;1;0;0;0;0;0;474735,191200000233948;5782537,065799999982119;8,630389606000051;52,192713253000079;1
46585;5230809405220882086;5;7;54;20;2023;8;17;4;3;4;2;0;0;1;0;0;0;0;0;449473,449000000022352;5751040,312999999150634;8,265506573000039;51,907816879000052;1
46590;5230809400200985888;5;7;11;0;2023;8;12;4;3;1;5;0;0;1;1;0;0;0;1;470707,217000000178814;5764134,117000000551343;8,573047440000039;52,027061534000040;1
46591;5230809400100470867;5;7;11;0;2023;8;5;4;3;5;3;1;1;1;1;0;0;0;0;469348,827999999746680;5767480,172000000253320;8,552949054000067;52,057071238000049;1
46592;5230809400100072243;5;7;11;0;2023;8;16;4;3;0;1;0;0;1;0;0;0;0;0;465475,748900000005960;5767731,927300000563264;8,496436518000053;52,059106845000031;1
46600;5230809316200941388;5;9;74;12;2023;8;7;4;3;0;6;0;1;1;1;0;0;0;0;427314,727400000207126;5707129,586899999529123;7,952597623000031;51,510613642000067;1
46601;5230809316100594251;5;9;74;40;2023;8;7;4;3;0;3;0;0;1;1;0;0;0;0;438591,560800000093877;5712778,500299999490380;8,114089703000047;51,562739026000031;1
46602;5230809315130093797;5;9;70;8;2023;8;19;4;2;0;1;0;0;1;0;0;0;0;0;439170,379200000315905;5619661,986199999228120;8,138173288000075;50,725568770000052;1
46615;5230808709110979198;5;5;66;8;2023;8;16;3;3;5;2;0;0;1;1;0;0;0;0;399226,057000000029802;5780805,833000000566244;7,526494121000042;52,168524574000060;1
46620;5230808705000608065;5;5;54;60;2023;8;16;3;3;0;7;0;0;1;0;0;0;0;1;350197,669999999925494;5756569,892000000923872;6,820703735000052;51,939652918000036;1
46621;5230808705000497147;5;5;54;48;2023;8;13;3;3;0;1;0;0;1;0;0;0;0;0;340900,180399999953806;5746367,616499999538064;6,690267365000068;51,845417327000064;1
46622;5230808705000096652;5;5;54;32;2023;8;20;3;3;4;6;1;0;1;0;0;1;0;0;324861,661700000055134;5746149,391799999400973;6,457774638000046;51,838657311000077;1
46624;5230808702100985910;5;5;15;0;2023;8;7;3;3;0;6;0;0;1;0;0;0;0;0;410236,496500000357628;5751324,486700000241399;7,695178392000059;51,905430693000028;1
46626;5230808702100874643;5;5;15;0;2023;8;15;3;3;5;3;0;0;1;1;0;0;0;0;407152,430999999865890;5760549,553999999538064;7,647869370000024;51,987845110000080;1
46627;5230808702100591735;5;5;15;0;2023;8;13;3;3;0;3;0;1;1;1;0;0;0;0;403052,452300000004470;5758111,209499999880791;7,588869779000049;51,965228167000078;1
46630;5230810513330480711;5;1;62;12;2023;8;11;5;3;5;3;0;0;1;1;0;0;0;0;327739,454599999822676;5664849,417099999263883;6,539142411000057;51,109207538000078;1
46631;5230808701610789700;5;5;62;12;2023;8;16;3;3;5;3;0;0;1;1;0;0;0;0;359099,474499999545515;5726751,336899999529123;6,962236205000067;51,674042733000078;1
46633;5230808701110985922;5;5;62;32;2023;8;13;3;3;5;3;0;0;1;1;0;0;0;0;374658,580500000156462;5719345,910199999809265;7,189782868000066;51,611177467000061;1
46638;5230808608328089795;5;3;34;28;2023;8;7;3;3;5;3;0;0;1;1;0;0;0;0;308916,557000000029802;5609410,067999999970198;6,299488970000027;50,605251914000064;1
46639;5230808608100353860;5;3;34;2;2023;8;12;3;3;3;2;0;0;1;1;0;0;0;0;294490,753499999642372;5627201,745799999684095;6,085996503000047;50,760144597000078;1
46645;5230808605112776494;5;3;74;12;2023;8;7;3;3;0;7;0;1;1;1;0;0;0;0;392157,077800000086427;5653814,394799999892712;7,462220538000054;51,025756967000063;1
46647;5230808602700985931;5;3;62;28;2023;8;7;3;3;0;1;0;0;1;0;0;0;0;0;350440,949000000022352;5639937,668299999088049;6,873452543000042;50,891717602000028;1
46664;5230811702100472400;5;5;15;0;2023;8;15;6;3;5;3;0;0;1;1;0;0;0;0;406982,966000000014901;5751287,912599999457598;7,647908221000023;51,904568209000047;1
46671;5230808506100985920;5;1;16;0;2023;8;15;3;3;0;3;0;0;1;0;0;0;0;1;321123,216099999845028;5671381,260700000450015;6,441480798000043;51,165858816000082;1
46675;5230808502407175338;5;1;17;0;2023;8;16;3;3;5;3;0;0;1;1;0;0;0;0;351475,139000000432134;5694768,032999999821186;6,865537837000034;51,384695981000050;1
46676;5230808502226417084;5;1;13;0;2023;8;17;3;3;0;7;0;0;1;0;0;0;0;0;360179,895200000144541;5697598,030600000172853;6,989434221000067;51,412338507000072;1
46677;5230808502209489670;5;1;13;0;2023;8;21;3;3;0;5;2;1;1;1;0;0;0;0;360740,118800000287592;5700769,896199999377131;6,996237990000054;51,440979839000079;1
46682;5230808506100095960;5;1;16;0;2023;8;18;3;3;0;1;0;1;1;0;0;0;0;0;324564,331500000320375;5669935,706100000068545;6,491353715000059;51,153938162000031;1
46685;5230808501131872055;5;1;12;0;2023;8;16;3;3;3;2;0;0;1;1;0;0;0;0;342806,348899999633431;5712737,351299999281764;6,733069984000053;51,543811593000044;1
46690;5230808500100552274;5;1;11;0;2023;8;17;3;3;1;5;0;0;1;0;0;0;0;1;345097,980700000189245;5676598,061000000685453;6,781850904000066;51,219729439000048;1
46692;5230808410220357686;5;7;70;8;2023;8;16;3;3;5;3;0;1;1;1;0;0;0;0;475151,520499999634922;5802654,470699999481440;8,634997042000066;52,373594533000073;1
46697;5230808405140039150;5;7;54;40;2023;8;9;3;3;5;2;0;0;1;0;0;0;0;1;461335,868999999947846;5762414,116000000387430;8,436657323000077;52,011023773000034;1
46703;5230808307000780431;5;9;62;24;2023;8;15;3;3;5;3;0;0;1;1;0;0;0;0;409024,260900000110269;5694595,428600000217557;7,692320323000047;51,395289401000070;1
46711;5230808301202482391;5;9;13;0;2023;8;18;3;3;5;3;0;0;1;1;0;0;0;0;394296,316300000064075;5710903,792799999937415;7,475819116000025;51,539326012000060;1
46712;5230807711400103030;5;5;70;28;2023;8;9;2;3;5;3;0;1;1;1;0;0;0;0;438548,898000000044703;5741728,627000000327826;8,108374503000050;51,823006069000030;1
46719;5230807705000985944;5;5;54;12;2023;8;16;2;3;5;3;0;0;1;1;0;0;0;0;352299,093299999833107;5745692,328900000080466;6,855909636000035;51,842481812000074;1
46722;5230807705000891843;5;5;54;12;2023;8;16;2;3;0;7;0;1;1;0;0;0;0;1;352884,043700000271201;5746646,862199999392033;6,863988551000034;51,851212654000051;1
46723;5230807705000391585;5;5;54;48;2023;8;14;2;3;4;6;0;1;1;0;0;0;0;0;342335,369699999690056;5744902,859400000423193;6,711752245000071;51,832665012000064;1
46728;5230807701120085384;5;5;62;32;2023;8;19;2;3;5;3;0;0;1;1;0;0;0;0;377208,492999999783933;5714974,001199999824166;7,228120061000027;51,572447823000061;1
46752;5230807602800574807;5;3;62;12;2023;8;13;2;3;5;3;0;0;1;1;0;0;0;0;353482,412999999709427;5633605,062999999150634;6,919203355000036;50,835587475000068;1
46759;5230807601500869874;5;3;15;0;2023;8;19;2;3;5;3;0;1;1;1;0;0;0;0;363580,764399999752641;5648806,416200000792742;7,056844757000022;50,974677925000037;1
46768;5230807601200579327;5;3;15;0;2023;8;14;2;3;5;3;0;0;1;1;0;0;0;0;359236,770499999634922;5637450,352099999785423;6,999392216000047;50,871574233000047;1
46769;5230807601200393623;5;3;15;0;2023;8;13;2;2;5;2;0;0;1;0;0;0;0;1;352086,019999999552965;5643626,416899999603629;6,895331551000027;50,925290427000050;1
46772;5230807600350687430;5;3;82;32;2023;8;6;2;3;5;2;0;1;1;0;0;0;0;1;362517,592199999839067;5610822,242599999532104;7,055934086000036;50,633039117000067;1
46774;5230807600330096148;5;3;82;48;2023;8;17;2;3;6;7;0;0;1;1;1;0;0;0;355497,540099999867380;5610148,722899999469519;6,956995335000045;50,625288023000053;1
46789;5230807506100985952;5;1;16;0;2023;8;15;2;3;5;3;0;0;1;1;0;0;0;0;324023,797600000165403;5672755,019799999892712;6,482252867000057;51,179099678000057;1
46793;5230807502409981455;5;1;17;0;2023;8;15;2;3;5;2;0;0;1;1;0;0;0;0;349248,447999999858439;5700086,586999999359250;6,831301717000031;51,431898439000065;1
46795;5230807502401073428;5;1;17;0;2023;8;16;2;3;6;7;0;0;1;0;1;0;0;0;353379,491999999620020;5700665,293999999761581;6,890447039000037;51,438182553000047;1
46812;5230807500200045454;5;1;11;0;2023;8;11;2;3;5;2;0;1;1;1;0;0;0;0;347234,420099999755621;5681267,920099999755621;6,810427799000024;51,262266397000076;1
46815;5230807410230887106;5;7;70;4;2023;8;18;2;2;4;3;0;0;1;1;0;0;0;0;486515,142099999822676;5784544,964700000360608;8,802642330000026;52,211179410000057;1
46820;5230807400100203551;5;7;11;0;2023;8;13;2;3;5;2;0;0;1;1;0;0;0;0;469113,082899999804795;5766606,577500000596046;8,549589784000034;52,049204009000050;1
46822;5230810610122694917;5;3;70;28;2023;8;14;5;3;4;6;0;0;1;0;0;0;0;1;293558,994599999859929;5645581,944800000637770;6,062447484000074;50,924885707000044;1
46828;5230807307000580396;5;9;62;24;2023;8;16;2;3;5;2;0;0;1;1;0;0;0;0;411394,777099999599159;5692168,704900000244379;7,726990309000030;51,373849118000066;1
46844;5230806706000695563;5;5;58;40;2023;8;18;1;3;4;7;0;1;1;0;0;0;0;0;372309,898699999786913;5761102,828700000420213;7,140504258000021;51,985901091000073;1
46846;5230806705000985980;5;5;54;8;2023;8;15;1;3;5;3;0;1;1;1;0;0;0;0;336027,755800000391901;5747521,234500000253320;6,619049745000041;51,854371202000038;1
46853;5230806701110686117;5;5;62;32;2023;8;13;1;3;5;3;0;1;1;1;0;0;0;0;374124,167799999937415;5717788,629000000655651;7,182627890000049;51,597062891000064;1
46859;5230806608200277511;5;3;34;2;2023;8;10;1;2;0;1;1;1;1;0;0;0;0;0;296854,676500000059605;5628157,515499999746680;6,118942535000031;50,769561053000075;1
46863;5230809301202077833;5;9;13;0;2023;8;5;4;3;5;3;1;1;1;1;0;0;0;0;395072,156700000166893;5709186,239600000903010;7,487513836000062;51,524032478000038;1
46876;5230806518401391994;5;1;70;36;2023;8;20;1;3;0;3;0;0;1;1;0;0;0;0;353383,024899999611080;5729267,923599999397993;6,878565273000049;51,695192135000070;1
46879;5230806515111039762;5;1;54;44;2023;8;2;1;3;1;5;2;1;1;1;0;0;0;0;320521,934200000017881;5742904,089999999850988;6,396532537000041;51,808130574000074;1
46882;5230806506100491467;5;1;16;0;2023;8;10;1;3;0;1;0;1;1;0;0;0;0;0;324796,654699999839067;5669853,048599999397993;6,494712656000047;51,153266765000069;1
46890;5230810501311176240;5;1;12;0;2023;8;18;5;3;5;3;0;0;1;1;0;0;0;0;344671,344999999739230;5700148,112999999895692;6,765481971000042;51,431215084000030;1
46905;5230811303100072320;5;9;15;0;2023;8;20;6;3;5;3;0;0;1;0;0;0;0;0;420348,639700000174344;5723561,186899999156594;7,848508180000067;51,657391103000066;1
46909;5230806400300990730;5;7;11;0;2023;8;12;1;2;0;3;0;0;1;1;0;0;0;0;466285,808000000193715;5758525,957000000402331;8,509158064000076;51,976389534000077;1
46910;5230806400200985983;5;7;11;0;2023;8;11;1;3;5;3;0;0;1;1;0;0;0;0;469624,155000000260770;5761050,303099999204278;8,557535502000064;51,999277723000034;1
46911;5230813505200091471;5;1;14;0;2023;8;12;1;3;2;7;0;0;1;1;0;0;0;0;334161,136099999770522;5691184,738900000229478;6,618607236000059;51,347708863000037;1
46931;5230805709800596660;5;5;66;88;2023;8;15;7;3;0;1;0;0;1;1;0;0;0;0;415018,938400000333786;5788898,212400000542402;7,755320468000036;52,243921070000056;1
46933;5230805709800087357;5;5;66;40;2023;8;12;7;3;5;1;0;0;1;1;0;0;0;0;423214,174800000153482;5781357,299900000914931;7,877036649000047;52,177340932000050;1
46943;5230805701400989553;5;5;12;0;2023;8;11;7;2;5;2;0;0;1;1;0;0;0;0;353996,102500000037253;5709769,254899999126792;6,895549229000039;51,520147267000027;1
46953;5230805608312785784;5;3;34;12;2023;8;12;7;3;0;1;0;0;1;0;0;0;0;0;307348,837000000290573;5635794,871999999508262;6,263580072000025;50,841743659000031;1
46954;5230814301101795216;5;9;13;0;2023;8;15;2;3;5;2;0;0;1;1;0;0;0;0;395694,066499999724329;5706878,080399999395013;7,497158053000021;51,503400546000080;1
46960;5230805606100078640;5;3;78;4;2023;8;10;7;2;5;3;0;0;1;1;0;0;0;0;366017,389899999834597;5650259,426000000908971;7,090995609000061;50,988308944000039;1
46963;5230805602400025244;5;3;62;32;2023;8;11;7;3;8;1;0;0;1;0;0;0;0;0;332239,966400000266731;5635688,996400000527501;6,616831638000065;50,848544716000049;1
46968;5230805601200281847;5;3;15;0;2023;8;16;7;3;6;6;0;1;1;0;1;0;0;0;354039,224999999627471;5642118,961999999359250;6,923707285000035;50,912240833000055;1
46970;5230805600130286348;5;3;82;8;2023;8;10;7;3;2;6;0;0;1;1;0;0;0;0;378223,973299999721348;5613245,627699999138713;7,277119194000022;50,658316002000049;1
46972;5230805518200538514;5;1;70;24;2023;8;19;7;2;4;6;0;1;1;0;0;0;0;0;336045,451999999582767;5701599,540500000119209;6,640830149000067;51,441825014000074;1
46988;5230805502323180440;5;1;13;0;2023;8;16;7;3;0;7;0;1;1;0;0;0;0;0;357938,733799999579787;5704794,023000000044703;6,954340630000047;51,476445247000072;1
46989;5230805501316396081;5;1;12;0;2023;8;18;7;2;0;7;0;1;1;0;0;0;0;0;345738,983900000341237;5699200,126299999654293;6,781241084000044;51,422988987000053;1
46990;5230805501000182300;5;1;12;0;2023;8;1;7;2;0;1;2;0;1;0;0;0;0;0;343033,121000000275671;5702804,645999999716878;6,740756470000065;51,454632143000026;1
46996;5230805410240290703;5;7;70;40;2023;8;9;7;3;5;3;0;0;1;1;0;0;0;0;475964,209999999962747;5816861,978000000119209;8,645912150000072;52,501357945000052;1
47001;5230805406210586237;5;7;58;4;2023;8;13;7;3;5;3;0;0;1;0;0;0;0;1;469788,305999999865890;5782541,951400000602007;8,558021075000056;52,192508306000036;1
47003;5230805405236590716;5;7;54;36;2023;8;0;7;3;7;1;2;0;1;0;0;0;0;0;473410,893600000068545;5750505,984400000423193;8,613508805000038;51,904669847000036;1
47006;5230805404103570934;5;7;66;16;2023;8;14;7;3;5;3;0;0;1;1;0;0;0;0;503579,793700000271201;5755467,883099999278784;9,052087042000039;51,949905664000028;1
47014;5230805307000580396;5;9;62;24;2023;8;16;7;3;5;3;0;0;1;1;0;0;0;0;409074,582899999804795;5694318,016599999740720;7,693114514000058;51,392803660000027;1
47023;5230805301201294314;5;9;13;0;2023;8;18;7;2;0;1;1;1;1;0;0;0;0;0;390972,329800000414252;5707880,635399999096990;7,428844112000036;51,511520672000074;1
47024;5230805301103580882;5;9;13;0;2023;8;9;7;3;5;3;0;0;1;1;0;0;0;0;394389,830299999564886;5702221,330600000917912;7,479766345000030;51,461300739000080;1
47027;5230804711400097002;5;5;70;28;2023;8;10;6;1;5;2;0;0;1;1;0;0;0;0;441127,677000000141561;5741754,675000000745058;8,145782312000051;51,823517930000037;1
47037;5230804702100579224;5;5;15;0;2023;8;16;6;3;3;2;0;0;1;1;0;0;0;0;406100,303600000217557;5757381,706399999558926;7,633418684000048;51,959194243000070;1
47038;5230804702100268135;5;5;15;0;2023;8;18;6;3;5;2;0;0;1;1;0;0;0;0;404686,834200000390410;5758526,453700000420213;7,612536323000029;51,969243164000034;1
47041;5230804701500986034;5;5;62;24;2023;8;9;6;3;5;3;0;0;1;1;0;0;0;0;370377,984500000253320;5726773,790599999949336;7,125244336000037;51,676960328000064;1
47045;5230804609108165738;5;3;58;8;2023;8;1;6;3;0;1;2;1;1;0;0;0;0;0;320511,551199999637902;5630449,621200000867248;6,452954040000066;50,797955204000061;1
47062;5230804601400072520;5;3;15;0;2023;8;13;6;3;5;3;0;1;1;1;0;0;0;0;357357,686999999918044;5646886,483999999240041;6,969014345000062;50,955915985000047;1
47063;5230804601300984967;5;3;15;0;2023;8;16;6;3;5;2;0;0;1;1;0;0;0;0;352078,117899999953806;5642447,482599999755621;6,895697320000068;50,914693846000034;1
47064;5230804601300381891;5;3;15;0;2023;8;16;6;2;4;2;0;0;1;1;0;0;0;0;348871,356800000183284;5649741,901499999687076;6,847085615000026;50,979412431000071;1
47067;5230804600330986018;5;3;82;48;2023;8;14;6;3;5;3;0;1;1;1;0;0;0;0;357509,735899999737740;5610395,345599999651313;6,985330533000024;50,627999760000080;1
47074;5230804516600586694;5;1;58;4;2023;8;6;6;3;0;7;0;0;1;0;0;0;0;0;353929,376799999736249;5673795,464999999850988;6,909361791000038;51,196872691000067;1
47080;5230804513310786720;5;1;62;8;2023;8;16;6;3;5;3;0;0;1;1;0;0;0;0;334001,026700000278652;5660131,844499999657273;6,630677458000036;51,068669368000030;1
47081;5230804513310781454;5;1;62;12;2023;8;21;6;2;0;5;2;1;1;0;0;0;0;0;329570,076899999752641;5668397,125000000000000;6,563591414000030;51,141627987000049;1
47086;5230804505100085966;5;1;14;0;2023;8;11;6;3;5;2;0;0;1;0;0;0;0;1;333812,430999999865890;5688954,819099999964237;6,614645176000067;51,327573019000056;1
47087;5230810601700676511;5;3;16;0;2023;8;8;5;3;4;3;0;0;1;1;0;0;0;0;363933,166000000201166;5655944,584400000050664;7,059185046000039;51,038914388000080;1
47089;5230804503200971956;5;1;24;0;2023;8;18;6;3;7;1;0;1;1;0;0;0;0;0;375209,156200000084937;5677423,970899999141693;7,212493889000029;51,234529252000073;1
47115;5230804500200172114;5;1;11;0;2023;8;9;6;3;5;2;0;0;1;0;0;0;1;0;346992,750300000421703;5676660,720899999141693;6,808935271000053;51,220803412000066;1
47121;5230804405232470376;5;7;54;32;2023;8;12;6;3;4;6;0;0;1;0;0;0;0;0;461293,160899999551475;5742009,585699999704957;8,438329100000033;51,827570840000078;1
47123;5230804405108986023;5;7;54;8;2023;8;14;6;3;5;3;0;1;1;1;0;0;0;0;456067,973000000230968;5749374,206000000238419;8,361575182000024;51,893396813000038;1
47125;5230804316400619038;5;9;74;44;2023;8;11;6;3;0;1;0;0;1;0;0;0;0;0;453777,399299999698997;5703823,020099999383092;8,334325077000074;51,483668814000055;1
47130;5230828404301985055;5;7;66;44;2023;8;15;2;3;0;1;0;0;1;0;0;0;0;0;492672,752700000070035;5764959,653400000184774;8,893183619000069;52,035208992000037;1
47131;5230828404102834051;5;7;66;40;2023;8;15;2;3;8;5;0;0;1;1;0;0;0;0;489370,008200000040233;5758443,348799999803305;8,845238685000027;51,976567959000079;1
47132;5230828404102596910;5;7;66;40;2023;8;19;2;2;3;1;0;0;1;0;0;0;0;0;484697,284500000067055;5762927,350500000640750;8,777009093000061;52,016774108000050;1
47135;5230828400100053282;5;7;11;0;2023;8;15;2;3;5;3;0;0;1;1;0;0;0;0;468743,452499999664724;5770013,897299999371171;8,543887848000054;52,079817048000052;1
47136;5230828317210875401;5;9;78;20;2023;8;8;2;3;0;1;0;0;1;0;0;0;0;0;406752,198200000450015;5716528,925100000575185;7,653875703000040;51,592086502000029;1
47140;5230828315220596610;5;9;70;4;2023;8;15;2;3;0;1;0;0;1;0;0;0;0;0;457511,266999999992549;5656545,619000000879169;8,393715343000054;51,058863526000039;1
47149;5230828301301909283;5;9;78;24;2023;8;17;2;2;4;1;0;0;1;0;0;0;0;0;394387,969600000418723;5721751,865000000223517;7,473875986000053;51,636850049000032;1
47150;5230828301301689343;5;9;13;0;2023;8;7;2;3;5;3;0;0;1;1;0;0;0;0;399919,958999999798834;5712987,800000000745058;7,556287139000062;51,559083913000052;1
47151;5230828301101894304;5;9;13;0;2023;8;15;2;3;5;3;0;0;1;1;0;0;0;0;394635,210099999792874;5706598,864600000903010;7,481991164000021;51,500694378000048;1
47152;5230828301101094364;5;9;13;0;2023;8;21;2;3;0;1;2;0;1;0;0;0;0;0;393026,310700000263751;5705525,069599999114871;7,459145952000029;51,490740375000030;1
47155;5230827706300376764;5;5;58;24;2023;8;12;1;3;0;7;0;0;1;0;0;0;0;1;390191,623999999836087;5740217,957000000402331;7,407441011000060;51,802018360000034;1
47177;5230827601200977108;5;3;15;0;2023;8;9;1;3;0;1;0;1;1;0;0;0;0;0;351798,166600000113249;5643571,317800000309944;6,891261042000053;50,924721404000081;1
47178;5230827601100679341;5;3;15;0;2023;8;12;1;3;0;1;0;0;1;0;0;0;0;0;356414,603199999779463;5646260,787599999457598;6,955842319000055;50,950058748000060;1
47185;5230827513120990232;5;1;62;20;2023;8;15;1;3;0;1;0;1;1;0;0;0;0;0;326037,089999999850988;5675717,182000000029802;6,509593423000069;51,206326949000072;1
47186;5230827508000377781;5;1;19;0;2023;8;5;1;2;0;1;2;0;1;0;0;0;0;0;347998,742200000211596;5711428,202600000426173;6,808456147000072;51,533471112000029;1
47196;5230827500300269683;5;1;11;0;2023;8;18;1;3;6;7;0;0;1;0;1;0;0;0;345107,164699999615550;5676432,735300000756979;6,782053729000040;51,218246411000052;1
47198;5230827411224096985;5;7;74;24;2023;8;4;1;2;0;1;2;0;1;0;0;0;0;0;479263,756000000052154;5740861,919999999925494;8,699161705000051;51,818208224000045;1
47199;5230827411104837850;5;7;74;4;2023;8;20;1;2;0;1;2;0;1;0;0;0;0;0;495977,582499999552965;5734192,314999999478459;8,941720292000070;51,758610223000062;1
47200;5230827410110904150;5;7;70;24;2023;8;11;1;3;5;3;0;0;1;1;0;0;0;0;491851,808299999684095;5796069,669800000265241;8,880468599000039;52,314897445000042;1
47201;5230827406220985100;5;7;58;24;2023;8;10;1;3;5;3;0;0;1;0;0;0;0;0;479923,321999999694526;5784713,124700000509620;8,706158906000041;52,212490499000069;1
47203;5230827405108006275;5;7;54;8;2023;8;21;1;3;0;2;1;0;1;1;0;0;0;0;457279,207999999634922;5750230,849999999627471;8,379069684000058;51,901192711000078;1
47207;5230827316200985073;5;9;74;52;2023;8;22;1;2;0;7;2;0;1;0;0;0;0;0;428796,699199999682605;5711291,285000000149012;7,973107806000030;51,548217014000045;1
47209;5230827316100575362;5;9;74;40;2023;8;17;1;3;5;3;0;1;1;1;0;0;0;0;434801,717500000260770;5711965,540599999949336;8,059573904000047;51,555004745000076;1
47219;5230826709110696547;5;5;66;8;2023;8;20;7;3;2;2;1;0;1;0;0;0;0;0;398393,240000000223517;5777182,844900000840425;7,515404914000044;52,135809535000078;1
47226;5230826702100079168;5;5;15;0;2023;8;17;7;3;3;6;0;0;1;0;0;0;0;0;407767,256699999794364;5758840,302999999374151;7,657279850000066;51,972583911000072;1
47231;5230826609108194863;5;3;58;8;2023;8;22;7;3;0;1;2;0;1;0;0;0;0;0;323731,930599999614060;5631305,691700000315905;6,498195253000063;50,806634725000038;1
47232;5230826608416579491;5;3;34;16;2023;8;3;7;3;8;1;2;0;1;0;0;0;0;0;294169,555300000123680;5635690,330000000074506;6,076691991000075;50,836267746000033;1
47233;5230826608416477566;5;3;34;16;2023;8;10;7;2;5;3;0;0;1;1;0;0;0;0;294089,154000000096858;5636068,747999999672174;6,075339077000024;50,839637732000028;1
47237;5230826608200386645;5;3;34;2;2023;8;10;7;3;5;2;0;0;1;1;0;0;0;0;300090,088499999605119;5625710,354100000113249;6,166096400000072;50,748704813000074;1
47240;5230826607400290943;5;3;82;68;2023;8;11;7;3;8;1;0;0;1;0;0;0;0;0;368693,872700000181794;5629525,479199999943376;7,136562866000077;50,802571452000052;1
47261;5230826601200457520;5;3;15;0;2023;8;11;7;3;5;2;0;0;1;1;0;0;0;0;354052,023000000044703;5642137,149000000208616;6,923881935000054;50,912407511000026;1
47265;5230826518320144812;5;1;70;52;2023;8;12;7;3;5;2;0;0;1;1;0;0;0;0;323972,753999999724329;5727245,371999999508262;6,454455925000048;51,668573965000064;1
47266;5230826518100495870;5;1;70;48;2023;8;12;7;2;3;6;0;0;1;0;0;1;0;0;334523,381400000303984;5727748,063200000673532;6,606643282000050;51,676296209000043;1
47268;5230826515210054147;5;1;54;52;2023;8;12;7;3;5;3;0;0;1;1;0;0;0;0;309877,061900000087917;5696578,808900000527501;6,267409712000074;51,388553649000073;1
47269;5230826515000985114;5;1;54;64;2023;8;16;7;3;5;2;0;0;1;1;0;0;0;0;304199,877899999730289;5720013,556600000709295;6,172919010000044;51,597087265000027;1
47284;5230826502409578800;5;1;17;0;2023;8;15;7;3;0;7;0;0;1;0;0;0;0;0;350169,224000000394881;5699440,207000000402331;6,844811202000074;51,426334633000067;1