OID_;UIDENTSTLAE;ULAND;UREGBEZ;UKREIS;UGEMEINDE;UJAHR;UMONAT;USTUNDE;UWOCHENTAG;UKATEGORIE;UART;UTYP1;ULICHTVERH;IstStrassenzustand;IstRad;IstPKW;IstFuss;IstKrad;IstGkfz;IstSonstige;LINREFX;LINREFY;XGCSWGS84;YGCSWGS84;PLST
47285;5230826502403878800;5;1;17;0;2023;8;14;7;3;0;7;0;0;1;0;0;0;0;0;351564,162999999709427;5701452,777000000700355;6,864017554000043;51,444785796000076;1
47294;5230826500100878976;5;1;11;0;2023;8;18;7;3;0;7;0;0;1;0;1;0;0;0;344971,562500000000000;5678039,481699999421835;6,779418612000029;51,232646858000066;1
47297;5230826410110490671;5;7;70;24;2023;8;18;7;3;0;2;0;0;1;1;0;0;0;0;494250,865799999795854;5796069,687300000339746;8,915661965000027;52,314927969000053;1
47298;5230826406210886237;5;7;58;4;2023;8;17;7;3;2;6;0;0;1;1;0;0;0;0;470603,167999999597669;5783728,017000000923872;8,569838719000074;52,203215560000046;1
47307;5230826315150570125;5;9;70;44;2023;8;17;7;3;2;1;0;0;1;1;0;0;0;0;439502,526600000448525;5631225,462099999189377;8,140975768000033;50,829580325000052;1
47311;5230826314130175711;5;9;66;28;2023;8;20;7;2;0;7;0;0;1;0;0;0;0;0;421117,468799999915063;5646935,412499999627471;7,876573316000076;50,968613885000082;1
47313;5230826313211519414;5;9;58;12;2023;8;11;7;3;0;6;0;0;1;0;0;0;0;0;476315,742999999783933;5689248,881999999284744;8,659876002000033;51,354015768000068;1
47316;5230826310110977116;5;9;54;16;2023;8;13;7;3;5;3;0;0;1;1;0;0;0;0;372936,197399999946356;5694777,203700000420213;7,173770559000047;51,389989139000079;1
47318;5230826307000453883;5;9;62;36;2023;8;10;7;2;4;3;0;0;1;1;0;0;0;0;404654,617300000041723;5662470,055400000885129;7,638089236000042;51,105779057000063;1
47319;5230826307000007153;5;9;62;40;2023;8;13;7;3;5;3;0;0;1;1;0;0;0;0;419325,036100000143051;5695404,915999999269843;7,840164299000037;51,404125124000075;1
47320;5230826303100064131;5;9;15;0;2023;8;10;7;2;3;2;0;0;1;1;0;0;0;0;419971,876699999906123;5727043,398299999535084;7,842264727000043;51,688641357000051;1
47322;5230826301301977115;5;9;78;24;2023;8;14;7;3;5;3;0;0;1;1;0;0;0;0;398087,288099999539554;5718582,041999999433756;7,528235104000032;51,609040334000042;1
47323;5230826301201587613;5;9;13;0;2023;8;2;7;3;1;1;2;0;1;1;0;0;0;0;386867,007699999958277;5707407,985899999737740;7,369860837000033;51,506465344000048;1
47329;5230825709110880992;5;5;66;12;2023;8;11;6;3;5;3;0;1;1;1;0;0;0;0;411752,524000000208616;5766867,085999999195337;7,713212963000046;52,045381193000026;1
47335;5230825702100574736;5;5;15;0;2023;8;19;6;3;0;6;0;0;1;1;0;0;0;0;406680,683100000023842;5757107,066700000315905;7,641937344000041;51,956823356000029;1
47340;5230825701110873586;5;5;62;32;2023;8;19;6;3;0;7;0;0;1;0;0;0;0;0;376014,224799999967217;5716827,038599999621511;7,210241507000035;51,588840091000066;1
47343;5230825610111894870;5;3;70;16;2023;8;16;6;3;0;1;0;0;1;0;0;0;0;0;296456,895899999886751;5660263,356000000610948;6,095401020000054;51,057768698000075;1
47346;5230827315260064480;5;9;70;32;2023;8;12;1;3;8;1;0;1;1;0;0;0;0;0;433074,724499999545515;5640568,379699999466538;8,048008202000062;50,912879257000043;1
47348;5230825608100985167;5;3;34;2;2023;8;7;6;3;5;3;0;0;1;0;0;0;0;0;293964,841000000014901;5628148,325999999418855;6,078019797000024;50,768459534000044;1
47355;5230825606700985141;5;3;78;32;2023;8;19;6;3;0;1;1;0;1;0;0;0;0;0;373629,185600000433624;5662304,412799999117851;7,195187444000055;51,098290496000061;1
47356;5230825606700193608;5;3;78;16;2023;8;13;6;3;0;3;0;1;1;1;0;0;0;0;360979,446000000461936;5663477,535000000149012;7,014184501000045;51,105905896000081;1
47357;5230825606100795288;5;3;78;4;2023;8;11;6;3;8;1;0;1;1;0;0;0;0;0;368198,025999999605119;5646071,835000000894070;7,123565257000052;50,951175516000035;1
47370;5230825601500469945;5;3;15;0;2023;8;13;6;3;0;7;0;1;1;0;0;0;0;0;360785,480999999679625;5647684,936000000685453;7,017483257000038;50,963930079000079;1
47374;5230825601100067763;5;3;15;0;2023;8;13;6;3;0;6;0;1;1;0;0;0;0;0;356871,515100000426173;5644319,365399999544024;6,963105540000072;50,932725017000053;1
47382;5230825515110985184;5;1;54;36;2023;8;7;6;3;5;3;0;1;1;1;0;0;0;0;304117,498700000345707;5741369,189799999818206;6,159742803000029;51,788841204000050;1
47389;5230825508000288400;5;1;19;0;2023;8;18;6;3;5;3;0;1;1;1;0;0;0;0;349416,176199999637902;5709887,532600000500679;6,829535360000023;51,520007669000051;1
47390;5230825508000160347;5;1;19;0;2023;8;8;6;2;5;3;0;0;1;1;0;0;0;0;350706,998200000263751;5710045,973699999973178;6,848059530000057;51,521773957000050;1
47399;5230825503100764278;5;1;24;0;2023;8;7;6;3;1;1;0;0;1;0;0;0;0;1;370552,163800000213087;5675380,804199999198318;7,146561745000042;51,215128933000074;1
47402;5230825502321089555;5;1;13;0;2023;8;14;6;3;1;5;0;0;1;1;0;0;0;0;357636,172199999913573;5705701,628599999472499;6,949620957000036;51,484524930000077;1
47416;5230825411232994300;5;7;74;32;2023;8;15;6;3;5;2;0;1;1;1;0;0;0;0;480341,286000000312924;5733135,904999999329448;8,715231827000025;51,748781181000027;1
47420;5230825410110985132;5;7;70;24;2023;8;22;6;3;0;1;2;1;1;0;0;0;0;0;491813,678000000305474;5793586,318499999120831;8,879969628000026;52,292570374000036;1
47423;5230825407101687068;5;7;62;20;2023;8;11;6;3;5;3;0;1;1;1;0;0;0;0;524683,093000000342727;5735947,710999999195337;9,357747669000048;51,773863695000045;1
47433;5230825400200985176;5;7;11;0;2023;8;10;6;3;3;6;0;0;1;0;0;0;0;0;467452,276399999856949;5763174,827299999073148;8,525698447000025;52,018255472000078;1
47434;5230825400100985138;5;7;11;0;2023;8;18;6;3;5;3;0;0;1;1;0;0;0;0;467658,548000000417233;5772007,723999999463558;8,527867765000053;52,097680263000029;1
47435;5230825400100977122;5;7;11;0;2023;8;12;6;3;5;3;0;1;1;1;0;0;0;0;469535,969600000418723;5767909,690799999982119;8,555640131000075;52,060943191000035;1
47436;5230825400100490816;5;7;11;0;2023;8;19;6;3;5;3;0;0;1;1;0;0;0;0;472722,055200000293553;5768955,876099999994040;8,602028698000026;52,070515115000035;1
47439;5230825400100090723;5;7;11;0;2023;8;16;6;1;3;2;0;0;1;1;0;0;0;0;468742,981200000271201;5765937,984799999743700;8,544254088000059;52,043172207000055;1
47442;5230825316300985183;5;9;74;28;2023;8;7;6;3;5;2;0;0;1;1;0;0;0;0;456993,765999999828637;5727006,180900000035763;8,377801690000069;51,692363842000077;1
47444;5230825315250985143;5;9;70;12;2023;8;14;6;3;3;6;0;1;1;1;0;0;0;0;447462,609000000171363;5653807,996999999508262;8,250737105000042;51,033416142000078;1
47449;5230825310220977130;5;9;54;8;2023;8;14;6;3;0;6;0;0;1;0;0;0;0;0;387484,601999999955297;5685033,222999999299645;7,385853706000034;51,305477896000070;1
47450;5230825310130977132;5;9;54;20;2023;8;8;6;3;5;3;0;0;1;1;0;0;0;0;390757,240000000223517;5697927,984999999403954;7,428821897000034;51,422020836000058;1
47463;5230825301306094381;5;9;13;0;2023;8;13;6;3;5;2;0;1;1;1;0;0;0;0;402687,872499999590218;5712943,091900000348687;7,596215196000060;51,559166387000062;1
47470;5230824711300587403;5;5;70;48;2023;8;23;5;2;0;1;2;0;1;0;0;0;0;0;449777,402900000102818;5727558,312400000169873;8,273326916000030;51,696728616000030;1
47471;5230824709500985230;5;5;66;76;2023;8;10;5;3;0;2;0;0;1;0;0;0;0;1;393660,209400000050664;5792978,456299999728799;7,441316098000073;52,276879175000033;1
47472;5230824709500560910;5;5;66;16;2023;8;15;5;3;0;1;0;0;1;0;0;0;0;0;404024,980899999849498;5794657,646900000050664;7,592708024000046;52,293878681000081;1
47473;5230824709500406920;5;5;66;76;2023;8;14;5;3;5;2;0;0;1;1;0;0;0;0;393373,209999999962747;5792880,173000000417233;7,437142153000025;52,275940295000055;1
47474;5230824706200985221;5;5;58;20;2023;8;11;5;3;2;2;0;0;1;1;0;0;0;0;392121,898799999617040;5759742,330499999225140;7,429317689000072;51,977874458000031;1
47477;5230824705000091208;5;5;54;56;2023;8;6;5;3;8;6;2;0;1;1;0;0;0;0;359987,601499999873340;5760333,211100000888109;6,961491417000047;51,976017056000046;1
47479;5230824701930855844;5;5;62;36;2023;8;9;5;3;5;2;0;0;1;1;0;0;0;0;389189,675999999977648;5720452,844000000506639;7,399201121000033;51,624174370000048;1
47483;5230824701110095010;5;5;62;32;2023;8;18;5;3;1;5;0;0;1;1;0;0;0;0;376494,993599999696016;5718372,934900000691414;7,216633674000036;51,602838991000056;1
47488;5230824609108677600;5;3;58;8;2023;8;15;5;3;0;2;0;1;1;1;0;0;0;0;321859,891999999992549;5630660,966000000014901;6,471965320000038;50,800269938000042;1
47490;5230826314310385204;5;9;66;20;2023;8;20;7;2;8;1;2;0;1;0;0;0;0;0;437065,034500000067055;5662537,775800000876188;8,100950142000045;51,110863368000082;1
47491;5230824608416071735;5;3;34;16;2023;8;8;5;3;3;2;0;0;1;1;0;0;0;0;295932,716000000014901;5639447,803999999538064;6,099604906000025;50,870638671000052;1
47502;5230824601600676835;5;3;15;0;2023;8;9;5;3;5;3;0;0;1;1;0;0;0;0;365099,404799999669194;5638444,222899999469519;7,082297696000069;50,881904839000072;1
47503;5230824601600578532;5;3;15;0;2023;8;16;5;3;0;1;0;1;1;0;0;0;0;0;360203,131000000052154;5644821,034499999135733;7,010295151000037;50,938050765000071;1
47505;5230824601500293361;5;3;15;0;2023;8;8;5;3;5;3;0;0;1;1;0;0;0;0;358194,437099999748170;5644822,748099999502301;6,981723920000036;50,937575705000029;1
47507;5230824601200977145;5;3;15;0;2023;8;16;5;3;1;5;0;1;1;1;0;0;0;1;353462,291500000283122;5643072,257099999114871;6,915123276000031;50,920661598000038;1
47509;5230824601200977143;5;3;15;0;2023;8;7;5;3;0;1;0;0;1;0;0;0;0;0;351797,418100000359118;5643571,278300000354648;6,891250415000059;50,924720857000068;1
47510;5230824601100063452;5;3;15;0;2023;8;20;5;3;3;7;1;0;1;1;0;0;0;1;355303,673399999737740;5645423,524499999359250;6,940370074000043;50,942256654000062;1
47513;5230824600370822850;5;3;82;4;2023;8;22;5;3;0;1;2;0;1;0;0;0;0;0;360464,774400000460446;5623475,260399999096990;7,022146903000021;50,746271992000061;1
47515;5230824600330091000;5;3;82;48;2023;8;7;5;2;5;3;0;1;1;1;0;0;0;0;357509,834900000132620;5610396,652799999341369;6,985331430000031;50,628011533000063;1
47519;5230824516400678611;5;1;58;24;2023;8;21;5;3;4;6;2;0;1;0;0;0;0;1;356896,700699999928474;5679072,613500000908971;6,949695771000052;51,245046146000050;1
47520;5230824516300778875;5;1;58;28;2023;8;15;5;3;0;7;0;0;1;0;0;0;0;0;350384,826799999922514;5685664,755499999970198;6,853706515000056;51,302610822000076;1
47527;5230824513210985084;5;1;62;24;2023;8;7;5;3;4;6;0;0;1;0;0;0;0;0;337881,500000000000000;5670292,332000000402331;6,681448252000052;51,161070102000053;1
47530;5230824508000077781;5;1;19;0;2023;8;7;5;3;5;2;0;1;1;1;0;0;0;0;349183,093600000254810;5713170,400000000372529;6,824772223000025;51,549442681000073;1
47531;5230824506100985225;5;1;16;0;2023;8;12;5;3;0;1;0;0;1;0;0;0;0;0;322342,568199999630451;5676213,771999999880791;6,456513051000059;51,209650933000034;1
47540;5230824501319490787;5;1;12;0;2023;8;18;5;3;3;3;0;1;1;1;0;0;0;0;344216,540000000037253;5696390,719000000506639;6,760595529000057;51,397330121000039;1
47541;5230824501213985228;5;1;12;0;2023;8;9;5;3;5;3;0;0;1;1;0;0;0;0;339905,002399999648333;5696907,980699999257922;6,698436344000072;51,400777295000069;1
47545;5230824501128096137;5;1;12;0;2023;8;8;5;3;5;2;0;0;1;0;0;0;1;0;343288,536999999545515;5701746,018999999389052;6,744898503000059;51,445191308000062;1
47549;5230824500300041002;5;1;11;0;2023;8;10;5;3;5;3;0;0;1;1;0;0;0;0;353574,484000000171363;5666618,783999999985099;6,907207716000073;51,132290526000077;1
47550;5230824500200872007;5;1;11;0;2023;8;10;5;3;5;2;0;0;1;0;0;0;0;1;345512,153900000266731;5680394,662299999967217;6,786139506000040;51,253955718000043;1
47554;5230824411112551320;5;7;74;12;2023;8;18;5;3;5;3;0;0;1;1;0;0;0;0;480898,303600000217557;5724530,486099999397993;8,723772147000034;51,671426554000050;1
47556;5230824410120064081;5;7;70;32;2023;8;14;5;2;0;1;0;0;1;0;0;0;0;0;493142,205000000074506;5788905,305999999865890;8,899544040000023;52,250503789000049;1
47558;5230824406210985203;5;7;58;4;2023;8;17;5;3;5;3;0;0;1;1;0;0;0;0;469482,196999999694526;5781501,025299999862909;8,553636755000070;52,183133109000039;1
47559;5230824406150878030;5;7;58;36;2023;8;17;5;3;5;3;0;0;1;1;0;0;0;0;489312,421400000341237;5778525,871200000867248;8,843771487000026;52,157125251000082;1
47560;5230824406130131826;5;7;58;8;2023;8;9;5;3;0;6;0;0;1;1;0;0;0;0;467263,508799999952316;5778108,258899999782443;8,521513994000031;52,152503602000081;1
47562;5230824405236985220;5;7;54;36;2023;8;13;5;3;0;1;0;0;1;0;0;0;0;0;473568,499800000339746;5750142,029500000178814;8,615827580000030;51,901405063000027;1
47563;5230824405140985231;5;7;54;40;2023;8;7;5;2;4;6;0;1;1;1;0;0;0;0;460300,383799999952316;5763820,794500000774860;8,421407826000063;52,023597370000061;1
47567;5230824400100074620;5;7;11;0;2023;8;13;5;3;5;3;0;0;1;1;0;0;0;0;467303,152599999681115;5765491,787100000306964;8,523303977000069;52,039077570000075;1
47573;5230824302100985216;5;9;14;0;2023;8;15;5;3;0;2;0;0;1;1;0;0;0;0;392100,580099999904633;5693547,509800000116229;7,449467061000064;51,382903911000028;1
47577;5230824301302856217;5;9;13;0;2023;8;16;5;3;3;6;0;0;1;0;0;0;0;1;395754,694500000216067;5708095,293899999931455;7,497671385000046;51,514352804000055;1
47580;5230824301103994228;5;9;13;0;2023;8;7;5;2;0;1;0;1;1;0;0;0;0;0;389548,035500000230968;5704544,455800000578165;7,409371928000041;51,481257567000057;1
47583;5230823711400094426;5;5;70;28;2023;8;14;4;3;5;2;0;0;1;1;0;0;0;0;441101,768099999986589;5742741,392899999395013;8,145238523000046;51,832386011000040;1
47584;5230823709700576748;5;5;66;20;2023;8;16;4;3;0;1;0;0;1;0;0;0;0;0;404317,716000000014901;5802366,081000000238419;7,594805123000071;52,363211241000045;1
47587;5230823709500711962;5;5;66;60;2023;8;14;4;3;0;7;0;0;1;1;0;0;0;0;389375,251000000163913;5789442,189999999478459;7,379694682000036;52,244253359000027;1
47588;5230823709110642525;5;5;66;12;2023;8;16;4;3;0;7;0;0;1;0;0;0;0;1;401290,956299999728799;5775314,250900000333786;7,558271490000038;52,119540056000062;1
47590;5230823705000728448;5;5;54;28;2023;8;7;4;3;0;7;0;1;1;0;1;0;0;0;357268,115500000305474;5744377,272600000724196;6,928532846000053;51,831957863000071;1
47594;5230823702100870611;5;5;15;0;2023;8;10;4;3;5;2;0;0;1;1;0;0;0;0;405897,095800000242889;5755924,271900000050664;7,630861289000052;51,946059796000043;1
47600;5230823701110089476;5;5;62;32;2023;8;19;4;3;5;2;0;0;1;1;0;0;0;0;378532,576999999582767;5721152,516000000759959;7,245077195000022;51,628263173000050;1
47606;5230823608324333477;5;3;34;24;2023;8;17;4;3;5;2;0;0;1;1;0;0;0;0;301462,470700000412762;5613705,947799999266863;6,191976436000061;50,641350475000081;1
47607;5230823608312094912;5;3;34;12;2023;8;18;4;3;5;7;0;0;1;1;0;0;0;0;309077,548100000247359;5633254,916999999433756;6,289427858000067;50,819500960000028;1
47608;5230823608100977575;5;3;34;2;2023;8;12;4;3;5;2;0;0;1;1;0;0;0;0;292202,169200000353158;5628283,005799999460578;6,052980756000068;50,769040509000035;1
47609;5230823608100085867;5;3;34;2;2023;8;18;4;3;5;3;0;0;1;1;0;0;0;0;295091,375000000000000;5627027,582100000232458;6,094598209000026;50,758792739000057;1
47610;5230823607400581285;5;3;82;60;2023;8;9;4;3;5;3;0;0;1;1;0;0;0;0;372315,800900000147521;5630391,529600000008941;7,187634542000069;50,811165264000067;1
47614;5230823607100495332;5;3;82;28;2023;8;17;4;3;5;2;0;0;1;1;0;0;0;0;375476,639999999664724;5635318,945000000298023;7,230802687000050;50,856143342000053;1
47616;5230823606100448960;5;3;78;4;2023;8;12;4;3;6;4;0;0;1;0;1;0;0;0;369136,128700000233948;5649694,011199999600649;7,135610041000064;50,983944628000074;1
47619;5230823603116294937;5;3;66;16;2023;8;9;4;3;3;7;0;0;1;1;0;0;0;0;344910,445799999870360;5614446,516400000080466;6,805626947000064;50,661190236000039;1
47621;5230823602700985253;5;3;62;28;2023;8;17;4;3;4;2;0;0;1;1;0;0;0;0;350394,878899999894202;5636937,132999999448657;6,874025772000039;50,864741395000067;1
47634;5230823601700985283;5;3;16;0;2023;8;7;4;3;3;3;0;0;1;1;0;0;0;0;363923,010999999940395;5658943,543999999761581;7,057912902000055;51,065864387000033;1
47635;5230826601100977114;5;3;15;0;2023;8;14;7;3;6;4;0;0;1;0;1;0;0;0;356867,224899999797344;5645433,311200000345707;6,962606935000053;50,942734879000056;1
47639;5230823601400977152;5;3;15;0;2023;8;16;4;3;5;2;0;0;1;1;0;0;0;0;356013,242800000123680;5646878,664899999275804;6,949887867000029;50,955511375000071;1
47642;5230823601200985267;5;3;15;0;2023;8;13;4;3;0;1;0;0;1;0;0;0;0;0;359089,923100000247359;5636194,547700000926852;6,997790173000055;50,860252274000061;1
47644;5230823601100686926;5;3;15;0;2023;8;19;4;3;0;2;0;0;1;1;0;0;0;0;355309,688000000081956;5644160,689699999988079;6,940957071000071;50,930909339000038;1
47645;5230823601100586374;5;3;15;0;2023;8;17;4;3;0;7;0;0;1;0;0;0;0;0;354845,310300000011921;5644417,089199999347329;6,934251130000064;50,933096863000060;1
47646;5230823601100292112;5;3;15;0;2023;8;16;4;2;3;6;0;0;1;0;0;0;0;0;355376,023199999704957;5645619,077800000086427;6,941321558000027;50,944032200000038;1
47651;5230823600110977158;5;3;14;0;2023;8;11;4;3;0;7;0;0;1;0;0;0;0;0;366013,231599999591708;5622416,848500000312924;7,101131807000058;50,738066067000034;1
47652;5230823518320445138;5;1;70;52;2023;8;7;4;3;5;3;0;0;1;1;0;0;0;0;319100,427000000141561;5729985,125000000000000;6,382655571000043;51,691635240000039;1
47653;5230823516800196234;5;1;58;20;2023;8;14;4;3;5;3;0;0;1;1;0;0;0;0;357660,584999999962747;5664786,571599999442697;6,966291926000054;51,116855268000052;1
47654;5230823516500791141;5;1;58;16;2023;8;16;4;3;5;7;0;0;1;0;0;0;0;1;355834,117399999871850;5669626,873600000515580;6,938276585000040;51,159895857000038;1
47657;5230823516300887000;5;1;58;28;2023;8;15;4;3;0;1;0;0;1;0;0;0;0;0;347227,569699999876320;5683797,432399999350309;6,809248538000077;51,284993497000073;1
47661;5230823513110985260;5;1;62;16;2023;8;16;4;3;0;3;0;0;1;0;0;0;0;0;332194,260999999940395;5677476,829800000414252;6,596829887000069;51,223978050000028;1
47665;5230823503200081074;5;1;24;0;2023;8;14;4;3;0;7;0;0;1;0;0;0;0;0;376609,751199999824166;5681270,826700000092387;7,231219309000039;51,269408714000065;1
47669;5230823502407078844;5;1;17;0;2023;8;9;4;2;6;7;0;0;1;0;1;0;0;0;352215,067800000309944;5696256,491299999877810;6,875543929000060;51,398263977000056;1
47671;5230823502350890761;5;1;13;0;2023;8;16;4;2;0;7;0;0;1;0;0;0;0;0;360775,095999999903142;5706436,223799999803305;6,994509142000027;51,491907601000037;1
47673;5230823501114491396;5;1;12;0;2023;8;7;4;3;0;1;0;0;1;0;0;0;0;0;345005,730999999679625;5708186,206000000238419;6,766763825000055;51,503528529000050;1
47683;5230823500200985276;5;1;11;0;2023;8;9;4;3;0;1;0;0;1;0;0;0;0;0;346756,440999999642372;5679789,053999999538064;6,804215748000047;51,248849767000081;1
47686;5230823410230396865;5;7;70;4;2023;8;17;4;3;0;1;0;0;1;0;0;0;0;0;488533,362700000405312;5784975,737999999895692;8,832165258000032;52,215098014000034;1
47688;5230823410110400470;5;7;70;24;2023;8;7;4;3;5;3;0;0;1;1;0;0;0;0;493374,764899999834597;5793943,132799999788404;8,902851707000025;52,295799355000042;1
47689;5230823407140587150;5;7;62;16;2023;8;18;4;2;4;2;0;0;1;1;0;0;0;0;512944,026600000448525;5729846,013100000098348;9,187380268000027;51,719396114000062;1
47693;5230823405108087100;5;7;54;8;2023;8;7;4;2;5;3;0;0;1;0;0;0;1;0;460953,460599999874830;5750901,477600000798702;8,432394580000050;51,907491719000063;1
47696;5230823404103977071;5;7;66;32;2023;8;5;4;2;4;6;1;0;1;0;0;0;0;0;494998,332499999552965;5750283,068800000473857;8,927299650000066;51,903277697000078;1
47702;5230823316500953253;5;9;74;20;2023;8;14;4;3;5;3;0;0;1;1;0;0;0;0;466205,250000000000000;5720486,567999999970198;8,511694640000030;51,634375220000038;1
47703;5230823316200495367;5;9;74;56;2023;8;20;4;2;0;6;2;0;1;0;1;0;0;0;420826,343100000172853;5704605,597899999469519;7,859684884000046;51,487051129000065;1
47705;5230823310220180860;5;9;54;8;2023;8;14;4;3;0;7;0;0;1;0;0;0;0;0;387378,834999999962747;5684979,020999999716878;7,384354130000077;51,304969785000026;1
47716;5230823300300089952;5;9;11;0;2023;8;20;4;3;0;2;1;0;1;1;0;0;0;0;380877,508600000292063;5706869,802100000903010;7,283780197000056;51,500397496000062;1
47718;5230822711200096600;5;5;70;40;2023;8;16;3;3;4;6;0;0;1;0;0;0;0;0;418013,390899999998510;5744275,044199999421835;7,809871654000062;51,843260637000071;1
47719;5230822709700248421;5;5;66;28;2023;8;14;3;3;7;2;0;0;1;0;0;0;0;0;412678,125000000000000;5791956,801999999210238;7,720253608000064;52,271046247000072;1
47720;5230822709500079092;5;5;66;76;2023;8;16;3;3;0;7;0;0;1;0;0;0;0;0;394175,429700000211596;5793551,283999999985099;7,448685177000073;52,282126730000073;1
47721;5230822709500036406;5;5;66;76;2023;8;16;3;3;3;6;0;0;1;0;0;0;0;0;394200,427400000393391;5793569,145500000566244;7,449045874000035;52,282292068000061;1
47722;5230822709300985340;5;5;66;84;2023;8;8;3;3;6;7;0;0;1;0;1;0;0;0;386481,943699999712408;5778943,885399999096990;7,340853429000049;52,149317269000051;1
47723;5230822709110396664;5;5;66;12;2023;8;17;3;3;5;7;0;0;1;0;0;0;0;0;400448,685999999754131;5776922,051999999210238;7,545503184000040;52,133839731000080;1
47724;5230822706300011020;5;5;58;44;2023;8;7;3;3;0;7;0;0;1;0;0;0;0;0;395492,354399999603629;5746254,099799999967217;7,482465478000051;51,857287461000055;1
47725;5230822706200079104;5;5;58;12;2023;8;18;3;3;5;3;0;0;1;1;0;0;0;0;371558,502000000327826;5755853,894999999552965;7,131531110000026;51,938559764000047;1
47726;5230822705000791841;5;5;54;64;2023;8;11;3;3;1;6;0;0;1;1;0;0;0;0;361531,927699999883771;5751221,628299999982119;6,987628363000056;51,894531890000053;1
47729;5230822702100576766;5;5;15;0;2023;8;16;3;3;2;7;0;0;1;0;0;0;0;0;405136,165400000289083;5757038,123700000345707;7,619486229000074;51,955942324000034;1
47730;5230822702100174470;5;5;15;0;2023;8;9;3;3;0;1;0;0;1;0;0;0;0;0;405607,333499999716878;5757053,853099999949336;7,626336485000024;51,956163885000080;1
47731;5230822701920908066;5;5;62;28;2023;8;8;3;3;5;3;0;0;1;1;0;0;0;0;379569,726400000043213;5721405,457599999383092;7,259967131000053;51,630759402000081;1
47733;5230822701700280936;5;5;62;16;2023;8;18;3;2;5;3;0;0;1;1;0;0;0;0;372906,467400000430644;5732460,089199999347329;7,159721245000071;51,728639650000048;1
47735;5230822701500985288;5;5;62;24;2023;8;12;3;3;6;6;0;0;1;0;1;0;0;0;373030,876199999824166;5725518,294099999591708;7,164048678000029;51,666283336000049;1
47736;5230822701400977162;5;5;12;0;2023;8;7;3;3;5;2;0;0;1;1;0;0;0;0;360168,494300000369549;5712216,223500000312924;6,983483781000075;51,543697755000039;1
47747;5230822608312594800;5;3;34;12;2023;8;18;3;2;0;1;0;0;1;0;0;0;0;0;305587,169200000353158;5631507,469100000336766;6,240860467000061;50,802643650000050;1
47749;5230822606000086582;5;3;78;20;2023;8;16;3;2;5;3;0;0;1;0;0;0;0;0;371788,001699999906123;5656599,316800000146031;7,170929221000051;51,046605499000066;1
47752;5230822603116833834;5;3;66;16;2023;8;7;3;3;5;3;0;0;1;1;0;0;0;0;345535,085599999874830;5610904,777899999171495;6,815934795000032;50,629528402000062;1
47758;5230822601600985300;5;3;15;0;2023;8;21;3;3;0;1;2;0;1;0;0;0;0;0;365294,622800000011921;5635739,006500000134110;7,086067466000031;50,857636774000071;1
47761;5230822601500078215;5;3;15;0;2023;8;10;3;3;0;3;0;0;1;1;0;0;0;0;358376,927000000141561;5644757,199999999254942;6,984345002000055;50,937031469000033;1
47762;5230822601400081663;5;3;15;0;2023;8;13;3;3;5;3;0;0;1;1;0;0;0;0;348430,012000000104308;5656512,005999999120831;6,837975361000076;51,040133166000032;1
47763;5230822601300086635;5;3;15;0;2023;8;18;3;3;5;3;0;0;1;0;0;0;0;1;354503,143600000068545;5644826,644099999219179;6,929221513000073;50,936691203000066;1
47764;5230822601100977163;5;3;15;0;2023;8;6;3;3;4;6;0;0;1;0;0;0;0;0;357311,491000000387430;5642546,971300000324845;6,970056308000039;50,916905588000077;1
47766;5230822600370390850;5;3;82;4;2023;8;15;3;3;5;3;0;0;1;1;0;0;0;0;360993,066100000403821;5619941,314099999144673;7,030962900000077;50,714637030000063;1
47768;5230822600140985332;5;3;14;0;2023;8;9;3;1;5;2;0;0;1;0;0;0;1;0;368366,670800000429153;5622839,961500000208616;7,134314696000047;50,742407279000076;1
47770;5230822600110086346;5;3;14;0;2023;8;11;3;2;0;1;0;0;1;0;0;0;0;0;365442,571899999864399;5622954,667899999767542;7,092852756000070;50,742768002000048;1
47772;5230822516900078697;5;1;58;26;2023;8;12;3;2;5;3;0;0;1;0;0;1;0;0;352812,748499999754131;5666261,105399999767542;6,896474511000065;51,128881080000042;1
47776;5230822513310681647;5;1;62;8;2023;8;17;3;3;5;3;0;0;1;1;0;0;0;0;333601,759300000034273;5664051,768100000917912;6,623178602000053;51,103772825000078;1
47777;5230822513310274167;5;1;62;8;2023;8;14;3;3;5;3;0;0;1;1;0;0;0;0;330523,974000000394881;5664550,794099999591708;6,579023040000038;51,107354679000082;1
47791;5230822501317728036;5;1;12;0;2023;8;9;3;3;0;7;0;0;1;1;0;0;0;0;344825,044999999925494;5698780,199999999254942;6,768290307000029;51,418966476000037;1
47801;5230822411232985326;5;7;74;32;2023;8;13;3;3;6;1;0;0;1;0;1;0;0;0;480281,768899999558926;5732899,483400000259280;8,714383104000035;51,746653367000079;1
47803;5230822410220985343;5;7;70;8;2023;8;8;3;3;5;3;0;0;1;1;0;0;0;0;474515,856499999761581;5802641,827500000596046;8,625660855000035;52,373451665000061;1
47804;5230822410210440351;5;7;70;20;2023;8;7;3;3;5;3;0;0;1;1;0;0;0;0;479856,653500000014901;5794192,699899999424815;8,704617569000050;52,297713694000038;1
47808;5230822405228796974;5;7;54;28;2023;8;16;3;3;5;3;0;0;1;1;0;0;0;0;451878,616000000387430;5742189,515000000596046;8,301700487000062;51,828456835000054;1