OID_;UIDENTSTLAE;ULAND;UREGBEZ;UKREIS;UGEMEINDE;UJAHR;UMONAT;USTUNDE;UWOCHENTAG;UKATEGORIE;UART;UTYP1;ULICHTVERH;IstStrassenzustand;IstRad;IstPKW;IstFuss;IstKrad;IstGkfz;IstSonstige;LINREFX;LINREFY;XGCSWGS84;YGCSWGS84;PLST
47809;5230822404103096917;5;7;66;52;2023;8;12;3;3;3;7;0;0;1;1;0;0;0;0;519444,990500000305474;5747680,533999999985099;9,282488777000026;51,879561363000050;1
47812;5230822317220576757;5;9;78;4;2023;8;5;3;2;0;1;2;0;1;0;0;0;0;0;406387,682599999941885;5722142,988800000399351;7,647115233000022;51,642491097000061;1
47813;5230822317140593765;5;9;78;28;2023;8;15;3;3;5;3;0;0;1;1;0;0;0;0;400883,471199999563396;5700099,656999999657273;7,573803107000060;51,443403436000040;1
47814;5230822317110626000;5;9;78;36;2023;8;17;3;3;6;4;0;0;1;0;1;0;0;0;408591,012699999846518;5711588,707499999552965;7,681698462000043;51,547979092000048;1
47819;5230822307000580532;5;9;62;24;2023;8;11;3;3;5;3;0;0;1;1;0;0;0;0;409074,498700000345707;5694318,179999999701977;7,693113262000054;51,392805115000044;1
47825;5230822301202676077;5;9;13;0;2023;8;9;3;3;2;6;0;0;1;1;0;0;0;0;393500,305300000123680;5709311,788699999451637;7,464827057000036;51,524866733000067;1
47826;5230822301202563323;5;9;13;0;2023;8;17;3;3;3;6;0;0;1;1;0;0;0;0;394207,105800000019372;5710507,157199999317527;7,474652451000054;51,535744147000059;1
47831;5230822300300985296;5;9;11;0;2023;8;16;3;3;0;6;0;0;1;1;0;0;0;0;375587,245900000445545;5704770,917799999937415;7,208341418000032;51,480394435000051;1
47834;5230827303100163421;5;9;15;0;2023;8;2;1;3;0;1;2;0;1;0;0;0;0;0;418470,406999999657273;5725951,366000000387430;7,820803550000051;51,678608451000059;1
47835;5230822300000985316;5;9;11;0;2023;8;14;3;2;5;3;0;0;1;1;0;0;0;0;374286,159300000406802;5706553,426300000399351;7,188979823000068;51,496126614000048;1
47838;5230821709500196542;5;5;66;76;2023;8;17;2;3;0;1;0;0;1;0;0;0;0;0;393807,931099999696016;5793066,914799999445677;7,443452616000059;52,277702725000040;1
47843;5230824600310722858;5;3;14;0;2023;8;8;5;2;0;1;0;1;1;0;0;0;0;0;363180,369400000199676;5620631,368699999526143;7,061671151000041;50,721358101000078;1
47851;5230821700000779550;5;5;13;0;2023;8;15;2;3;5;3;0;0;1;1;0;0;0;0;364416,542299999855459;5716488,997400000691414;7,043057928000053;51,583131091000041;1
47855;5230821608408479491;5;3;34;8;2023;8;9;2;3;5;3;0;0;1;0;0;0;0;1;303081,690000000409782;5645088,487999999895692;6,198039727000037;50,923782130000063;1
47856;5230821608404894766;5;3;34;4;2023;8;17;2;3;4;6;0;0;1;0;0;0;0;0;301286,251500000245869;5639685,740900000557303;6,175464988000044;50,874640730000067;1
47857;5230827316100294241;5;9;74;8;2023;8;13;1;3;0;6;0;0;1;1;0;0;0;0;441698,935200000181794;5714751,772299999371171;8,158585486000050;51,580809838000050;1
47858;5230821608404180816;5;3;34;8;2023;8;12;2;2;4;6;0;0;1;0;0;0;0;0;299081,742499999701977;5641783,926699999719858;6,143018044000030;50,892723539000031;1
47861;5230821608200264213;5;3;34;2;2023;8;16;2;2;5;3;0;0;1;1;0;0;0;0;295315,078599999658763;5631572,591399999335408;6,095235940000066;50,799691696000082;1
47865;5230821607100084950;5;3;82;60;2023;8;7;2;2;3;6;0;0;1;1;0;0;0;0;373230,244900000281632;5628043,392999999225140;7,201418061000027;50,790260196000077;1
47867;5230821605120985378;5;3;74;20;2023;8;13;2;2;2;6;0;0;1;1;0;0;0;0;386358,523199999704957;5656032,410000000149012;7,378875237000045;51,044577271000037;1
47868;5230821605116091586;5;3;74;16;2023;8;15;2;2;4;6;0;0;1;0;0;0;0;0;385092,670900000259280;5669012,705900000408292;7,356692848000023;51,161000773000069;1
47870;5230821602250985356;5;3;62;16;2023;8;18;2;3;0;1;0;0;1;0;0;0;0;0;330166,739000000059605;5645697,039000000804663;6,582754844000021;50,937858785000060;1
47871;5230821602100985400;5;3;62;8;2023;8;7;2;3;5;3;0;0;1;0;0;0;0;1;337365,777999999932945;5645665,994000000879169;6,685141585000054;50,939655070000072;1
47882;5230821601500393512;5;3;15;0;2023;8;7;2;3;3;3;0;0;1;1;0;0;0;0;356994,112300000153482;5644710,473699999973178;6,964695597000059;50,936270287000070;1
47886;5230821601100977165;5;3;15;0;2023;8;18;2;3;0;7;0;0;1;0;0;0;0;0;355602,810600000433624;5644697,870200000703335;6,944912705000036;50,935810335000042;1
47888;5230821600140995314;5;3;14;0;2023;8;16;2;3;2;6;0;0;1;0;0;0;0;0;368784,912200000137091;5622834,033199999481440;7,140241352000032;50,742448660000036;1
47898;5230821514217485947;5;1;66;36;2023;8;15;2;2;5;3;0;0;1;1;0;0;0;0;330547,914400000125170;5681092,082399999722838;6,571564376000026;51,255971356000032;1
47899;5230821514215896115;5;1;66;28;2023;8;15;2;3;5;2;0;0;1;1;0;0;0;0;325168,628999999724329;5687493,911000000312924;6,491418280000062;51,311857978000035;1
47901;5230821514123486874;5;1;66;20;2023;8;17;2;3;5;3;0;0;1;0;0;0;0;1;305099,066999999806285;5678666,849999999627471;6,208608196000057;51,226060264000068;1
47902;5230821514118090932;5;1;66;16;2023;8;19;2;3;1;7;0;0;1;1;0;0;0;0;310320,423499999567866;5688340,664400000125170;6,278165233000038;51,314708743000040;1
47907;5230824606100732420;5;3;78;4;2023;8;9;5;2;0;6;0;0;1;0;0;0;0;0;368862,542899999767542;5650392,513199999928474;7,131462424000063;50,990160324000044;1
47912;5230821505100972115;5;1;14;0;2023;8;17;2;3;5;3;0;0;1;1;0;0;0;0;335385,603500000201166;5689890,059399999678135;6,636772662000055;51,336433021000062;1
47914;5230821503200681010;5;1;24;0;2023;8;13;2;3;6;6;0;0;1;0;1;0;0;0;378049,594100000336766;5681940,316600000485778;7,251620449000029;51,275735948000033;1
47915;5230821502249075300;5;1;13;0;2023;8;17;2;3;5;3;0;0;1;1;0;0;0;0;356097,951999999582767;5691743,892000000923872;6,933149863000040;51,358711741000036;1
47916;5230821502212789591;5;1;13;0;2023;8;11;2;3;2;7;0;0;1;0;0;0;0;0;365699,554999999701977;5698558,975500000640750;7,068391528000063;51,422308524000073;1
47917;5230821501323573945;5;1;12;0;2023;8;14;2;2;4;2;0;0;1;1;0;0;0;0;344071,904799999669194;5695341,460599999874830;6,758978959000046;51,387862793000068;1
47924;5230821501111091310;5;1;12;0;2023;8;12;2;3;5;3;0;0;1;1;0;0;0;0;346323,433000000193715;5708727,887000000104308;6,785498599000050;51,508755348000079;1
47925;5230821500300986934;5;1;11;0;2023;8;19;2;3;5;3;0;0;1;1;0;0;0;0;343679,081500000320375;5674508,011499999091029;6,762459985000021;51,200562973000046;1
47931;5230821500100178821;5;1;11;0;2023;8;19;2;3;6;4;0;0;1;0;1;0;0;0;344276,524199999868870;5677165,509600000455976;6,769850940000026;51,224604696000029;1
47932;5230821411132985377;5;7;74;32;2023;8;13;2;3;5;3;0;0;1;1;0;0;0;0;479040,018000000156462;5726422,142999999225140;8,696786463000024;51,688368790000027;1
47933;5230821405108357428;5;7;54;8;2023;8;11;2;3;5;3;0;0;1;1;0;0;0;0;457596,688900000415742;5749132,004100000485778;8,383819013000050;51,891337684000064;1
47937;5230821317250377740;5;9;78;32;2023;8;8;2;3;4;6;0;0;1;0;0;0;0;0;394019,449000000022352;5727861,131999999284744;7,466699964000043;51,691692389000082;1
47939;5230828307000094000;5;9;62;56;2023;8;11;2;3;0;1;0;0;1;0;0;0;0;0;396992,748300000093877;5678135,364600000903010;7,524195031000033;51,245272804000081;1
47941;5230821317110985370;5;9;78;36;2023;8;15;2;3;5;2;0;0;1;0;0;0;0;1;408271,366999999620020;5710101,608999999240041;7,677477455000030;51,534559294000076;1
47948;5230821313110985346;5;9;58;4;2023;8;21;2;3;0;1;2;0;1;0;0;0;0;0;430505,768799999728799;5703040,261800000444055;7,999378406000062;51,474250641000026;1
47956;5230821301301773374;5;9;78;24;2023;8;14;2;3;5;3;0;0;1;1;0;0;0;0;399448,807000000029802;5718777,528999999165535;7,547834457000022;51,611042306000058;1
47957;5230821301103192716;5;9;13;0;2023;8;7;2;3;3;3;0;0;1;1;0;0;0;0;393045,920599999837577;5703111,015499999746680;7,460159349000037;51,469045343000062;1
47958;5230821301102908945;5;9;13;0;2023;8;7;2;3;5;3;0;0;1;1;0;0;0;0;396210,099499999545515;5704354,259600000455976;7,505332538000062;51,480809745000045;1
47962;5230820711200187238;5;5;70;4;2023;8;13;1;3;0;3;0;0;1;1;0;0;0;0;419656,321000000461936;5734111,089999999850988;7,836070375000077;51,752131541000040;1
47968;5230820701120673592;5;5;62;32;2023;8;12;1;2;1;5;0;0;1;1;0;0;0;0;379015,975200000219047;5716451,852499999105930;7,253679731000034;51,586120681000068;1
47970;5230820610221578500;5;3;70;20;2023;8;12;1;2;3;6;0;0;1;1;0;0;0;0;305100,598100000061095;5658010,976500000804663;6,219801698000026;51,040536833000033;1
47972;5230820609128944412;5;3;58;28;2023;8;16;1;3;1;6;0;0;1;0;0;0;0;0;325830,486600000411272;5625751,775699999183416;6,530581878000021;50,757370391000052;1
47978;5230820605152186082;5;3;74;52;2023;8;15;1;2;0;1;0;0;1;0;0;0;0;0;389995,988400000147521;5670595,601199999451637;7,426302688000021;51,176193060000060;1
47981;5230820605140141850;5;3;74;40;2023;8;11;1;3;0;1;0;0;1;1;0;0;0;0;408950,573200000450015;5647407,724500000476837;7,703221261000067;50,971065295000074;1
47982;5230820603236294847;5;3;66;36;2023;8;13;1;3;3;6;0;0;1;0;0;0;0;0;323724,684000000357628;5604978,618000000715256;6,510648780000054;50,570098385000051;1
47984;5230820602800314858;5;3;62;12;2023;8;15;1;3;0;1;0;1;1;0;0;0;0;0;349753,348299999721348;5628973,989900000393391;6,868179259000044;50,793014051000057;1
47988;5230820601200325500;5;3;15;0;2023;8;11;1;3;1;5;0;0;1;1;0;0;0;1;354065,124200000427663;5644432,465099999681115;6,923149641000066;50,933038162000059;1
47989;5230820601200093436;5;3;15;0;2023;8;21;1;3;5;3;2;0;1;1;0;0;0;0;358996,114000000059605;5637967,121999999508262;6,995774845000028;50,876159885000050;1
47992;5230820600140095350;5;3;14;0;2023;8;11;1;3;5;3;0;0;1;1;0;0;0;0;366825,620199999772012;5625187,947300000116229;7,111636216000022;50,763159568000049;1
47993;5230820600120045324;5;3;82;24;2023;8;23;1;3;0;1;2;0;1;0;0;0;0;0;372361,908800000324845;5614855,939899999648333;7,193670511000050;50,671535112000072;1
47997;5230820516800489215;5;1;58;20;2023;8;10;1;3;3;6;0;0;1;1;0;0;0;0;356426,254999999888241;5662501,856899999082088;6,949577182000041;51,096015576000070;1
47999;5230820515212095760;5;1;54;64;2023;8;1;1;2;9;1;2;0;1;0;0;0;0;0;304203,706000000238419;5721838,435000000521541;6,171955420000074;51,613477113000044;1
48001;5230820515210096225;5;1;54;20;2023;8;19;1;3;9;7;0;0;1;0;0;0;0;0;323743,423000000417233;5707558,723999999463558;6,461023147000049;51,491662150000082;1
48004;5230820515110985437;5;1;54;40;2023;8;10;1;3;5;5;0;0;1;1;0;0;0;0;293140,091599999926984;5742126,640399999916553;6,000350089000051;51,791692117000082;1
48005;5230820515110985415;5;1;54;36;2023;8;15;1;3;0;1;0;0;1;0;0;0;0;0;302155,400999999605119;5739779,100999999791384;6,132237214000043;51,773871872000029;1
48008;5230820513310985423;5;1;62;28;2023;8;15;1;3;7;1;0;0;1;0;0;0;0;0;336511,719700000248849;5657216,311799999326468;6,667797815000029;51,043194023000069;1
48009;5230820513130291465;5;1;62;22;2023;8;12;1;2;8;1;0;0;1;0;0;0;0;0;337122,378499999642372;5681986,763399999588728;6,665290723000055;51,265925632000062;1
48013;5230820503300586867;5;1;20;0;2023;8;14;1;3;0;7;0;0;1;0;0;0;0;0;372886,940000000409782;5672695,120999999344349;7,180924220000065;51,191515501000026;1
48015;5230820503200985420;5;1;24;0;2023;8;16;1;3;0;1;0;0;1;0;0;0;0;0;376793,394999999552965;5683411,524000000208616;7,233112298000037;51,288688586000035;1
48019;5230820502210977753;5;1;13;0;2023;8;16;1;3;0;7;0;0;1;0;1;0;0;0;361064,193199999630451;5699704,425100000575185;7,001315988000044;51,431484725000075;1
48026;5230820411132985407;5;7;74;32;2023;8;19;1;3;8;1;0;0;1;0;0;0;0;0;484929,432900000363588;5729372,244799999520183;8,781856235000021;51,715083189000040;1
48033;5230820317250580623;5;9;78;32;2023;8;18;1;3;5;3;0;0;1;1;0;0;0;0;392726,406999999657273;5728190,783999999985099;7,447898544000054;51,694409743000051;1
48034;5230820317220175440;5;9;78;4;2023;8;15;1;3;5;2;0;0;1;1;0;0;0;0;402360,110100000165403;5718444,849500000476837;7,589958397000032;51,608564359000070;1
48037;5230820316100080574;5;9;74;40;2023;8;20;1;3;0;7;1;0;1;0;0;0;0;0;437969,569199999794364;5712476,557299999520183;8,105170982000061;51,559956322000062;1
48040;5230820315120485526;5;9;70;16;2023;8;0;1;2;0;1;2;0;1;0;0;0;0;0;421359,747100000269711;5639423,448999999091029;7,881644309000023;50,901107825000054;1
48052;5230820301203464597;5;9;13;0;2023;8;18;1;3;5;2;0;0;1;1;0;0;0;0;392162,725399999879301;5712784,420700000599027;7,444489694000026;51,555826133000039;1
48056;5230819709110155930;5;5;66;8;2023;8;18;7;2;8;1;0;0;1;0;0;0;0;0;399597,294400000013411;5781922,206299999728799;7,531589984000050;52,178625907000026;1
48058;5230823701610051417;5;5;62;12;2023;8;14;4;3;5;3;0;0;1;0;0;1;0;0;360693,802000000141561;5727164,620999999344349;6,985113744000046;51,678154088000042;1
48059;5230819705000091695;5;5;54;4;2023;8;17;7;3;0;3;0;1;1;1;0;0;0;0;358100,258200000040233;5776304,750600000843406;6,927400892000037;52,119042919000037;1
48061;5230821709700391071;5;5;66;72;2023;8;15;2;3;5;3;0;0;1;1;0;0;0;0;412764,493999999947846;5803010,105200000107288;7,718652146000068;52,370409496000036;1
48065;5230824600370022858;5;3;82;4;2023;8;8;5;2;8;1;0;1;1;0;0;0;0;0;360250,397900000214577;5618916,450699999928474;7,020837680000056;50,705247900000074;1
48067;5230819700000289563;5;5;13;0;2023;8;20;7;2;0;1;0;0;1;0;0;0;0;0;367121,487700000405312;5714953,957299999892712;7,082656676000056;51,569980611000062;1
48070;5230819700000075415;5;5;13;0;2023;8;19;7;3;5;2;0;0;1;1;0;0;0;0;368693,235000000335276;5707407,247999999672174;7,108137207000027;51,502528382000037;1
48071;5230819610221674094;5;3;70;20;2023;8;12;7;3;5;3;0;0;1;0;0;0;0;1;305317,752999999560416;5658341,536000000312924;6,222717818000035;51,043579483000030;1
48073;5230819609152081256;5;3;58;52;2023;8;18;7;2;2;1;0;0;1;1;0;0;0;0;327359,769600000232458;5627821,270099999383092;6,551272223000069;50,776420964000067;1
48076;5230819608100080751;5;3;34;2;2023;8;23;7;3;7;1;2;0;1;0;0;0;0;0;294396,899699999950826;5626854,527400000020862;6,084861452000041;50,756992911000054;1
48077;5230819607100281297;5;3;82;60;2023;8;16;7;3;5;2;0;0;1;1;0;0;0;0;374390,071000000461936;5627804,470000000670552;7,217946563000055;50,788365135000049;1
48078;5230819603224326200;5;3;66;24;2023;8;2;7;2;9;1;2;0;1;0;0;0;0;0;325407,282899999991059;5595873,367200000211596;6,538649409000072;50,488793768000050;1
48082;5230819601400595816;5;3;15;0;2023;8;11;7;3;0;5;0;0;1;1;0;0;0;0;356350,575799999758601;5647407,334100000560284;6,954478938000022;50,960346618000074;1
48085;5230819600330795282;5;3;82;48;2023;8;13;7;2;0;3;0;0;1;0;0;0;0;0;353703,964900000020862;5611611,223200000822544;6,931077850000065;50,637984559000074;1
48087;5230819600320091000;5;3;82;72;2023;8;15;7;3;5;1;0;1;1;1;0;0;0;0;365627,834800000302494;5612034,477199999615550;7,099448771000027;50,644660099000077;1
48095;5230819515212985465;5;1;54;32;2023;8;3;7;3;0;1;2;0;1;0;0;0;0;0;305374,149000000208616;5717416,998999999836087;6,191291153000066;51,574175045000061;1
48098;5230819515110017808;5;1;54;24;2023;8;15;7;2;0;1;0;1;1;0;0;0;0;0;314723,545699999667704;5740314,926200000569224;6,313903647000075;51,782985094000026;1
48099;5230819514217090113;5;1;66;36;2023;8;11;7;3;5;3;0;0;1;1;0;0;0;0;328649,031499999575317;5682328,947200000286102;6,543785466000031;51,266515696000056;1
48124;5230819500200178731;5;1;11;0;2023;8;10;7;3;5;2;0;0;1;1;0;0;0;0;347099,230899999849498;5676863,006799999624491;6,810372604000065;51,222649596000053;1
48125;5230819411132985451;5;7;74;32;2023;8;15;7;3;0;1;0;0;1;0;0;0;0;0;480556,129300000146031;5735078,573499999940395;8,718235230000062;51,766255644000069;1
48126;5230819410230696845;5;7;70;4;2023;8;3;7;1;0;1;2;0;1;0;0;0;0;0;485590,714700000360608;5780828,629000000655651;8,789271020000058;52,177743925000073;1
48127;5230819407340803415;5;7;62;40;2023;8;12;7;3;3;6;0;0;1;1;0;0;0;0;502403,896999999880791;5719451,017000000923872;9,034727830000065;51,626074163000055;1
48129;5230819405140985452;5;7;54;40;2023;8;14;7;3;0;1;0;0;1;0;0;0;0;0;459614,817400000058115;5758930,959000000730157;8,411993106000068;51,979585905000079;1
48130;5230819400200074534;5;7;11;0;2023;8;14;7;3;3;6;0;0;1;1;0;0;0;0;473481,231300000101328;5760179,357200000435114;8,613784840000051;51,991644889000042;1
48131;5230819400100250984;5;7;11;0;2023;8;23;7;3;4;6;2;0;1;0;0;0;0;0;473605,648599999956787;5769113,441800000146031;8,614907367000058;52,071974552000029;1
48144;5230819307000593782;5;9;62;52;2023;8;23;7;2;0;1;2;0;1;0;0;0;0;0;420358,150000000372529;5676500,594599999487400;7,859237660000076;51,234317213000054;1
48146;5230819303100094324;5;9;15;0;2023;8;19;7;3;0;1;0;0;1;0;0;0;0;0;422895,148500000126660;5726867,654100000858307;7,884584579000034;51,687470567000048;1
48152;5230818711100039522;5;5;70;32;2023;8;17;6;3;4;6;0;0;1;0;0;0;0;0;420581,093600000254810;5766906,911100000143051;7,841908115000024;52,047074449000036;1
48161;5230818706100074648;5;5;58;16;2023;8;15;6;3;5;3;0;0;1;1;0;0;0;0;380667,793999999761581;5742760,481000000610948;7,268505810000022;51,822917088000054;1
48167;5230818705000985480;5;5;54;4;2023;8;16;6;3;5;3;0;0;1;1;0;0;0;0;363212,979000000283122;5772368,104000000283122;7,003608243000031;52,084959380000043;1
48168;5230818702100972722;5;5;15;0;2023;8;15;6;3;1;2;0;0;1;1;0;0;0;0;407045,209099999628961;5757867,413399999961257;7,647034873000052;51,963718796000080;1
48169;5230818702100056497;5;5;15;0;2023;8;16;6;3;0;1;0;0;1;0;0;0;0;0;406964,021999999880791;5748789,357999999076128;7,648307055000032;51,882106496000063;1
48174;5230818701200995195;5;5;62;20;2023;8;18;6;3;0;7;0;0;1;0;0;0;0;0;367745,239799999631941;5718813,391599999740720;7,090197446000047;51,604810447000034;1
48176;5230818701200377987;5;5;62;20;2023;8;11;6;2;5;2;0;0;1;1;0;0;0;0;371536,769899999722838;5719715,702999999746680;7,144586389000040;51,613797081000030;1
48181;5230822502105191861;5;1;13;0;2023;8;14;3;3;5;2;0;0;1;1;0;0;0;0;362455,489599999971688;5701361,990199999883771;7,020673842000065;51,446719790000031;1
48186;5230818610121685740;5;3;70;12;2023;8;7;6;3;0;7;1;0;1;0;0;0;0;1;297624,587100000120699;5650584,956700000911951;6,117439862000026;50,971259018000069;1
48191;5230818609108324257;5;3;58;8;2023;8;10;6;3;0;5;0;0;1;1;0;0;0;0;322829,187199999578297;5630391,074599999934435;6,485836865000067;50,798142336000069;1
48192;5230818608416580797;5;3;34;16;2023;8;18;6;3;0;1;0;0;1;0;0;0;0;0;297191,605700000189245;5639945,355299999937415;6,117197276000070;50,875550324000073;1
48197;5230818606700893608;5;3;78;8;2023;8;11;6;3;0;3;0;0;1;1;0;0;0;0;369453,912999999709427;5661068,491299999877810;7,136036724000064;51,086247114000059;1
48204;5230818602800985472;5;3;62;12;2023;8;17;6;2;4;6;0;0;1;0;0;0;0;0;349748,676900000311434;5628966,449699999764562;6,868116110000074;50,792945079000049;1
48218;5230818601600875826;5;3;15;0;2023;8;18;6;3;0;1;0;0;1;0;0;0;0;0;365273,262500000186265;5635785,751700000837445;7,085746948000065;50,858051929000055;1
48219;5230818601500290216;5;3;15;0;2023;8;15;6;3;0;7;0;0;1;0;0;0;0;1;359330,477699999697506;5647713,944499999284744;6,996765203000052;50,963837356000056;1
48224;5230818601000086607;5;3;15;0;2023;8;16;6;2;6;4;0;0;1;0;1;0;0;0;355286,199699999764562;5644185,512800000607967;6,940613192000058;50,931126526000071;1
48226;5230818600380078400;5;3;14;0;2023;8;8;6;3;7;1;0;0;1;0;0;0;0;0;368985,711199999786913;5617398,432499999180436;7,145015991000037;50,693637657000068;1
48229;5230818600330091343;5;3;82;48;2023;8;19;6;3;3;6;0;0;1;1;0;0;0;0;351045,845099999569356;5607521,646700000390410;6,895155263000049;50,600558205000027;1
48231;5230818600120478306;5;3;82;24;2023;8;18;6;3;5;3;0;0;1;0;0;1;0;0;371498,723699999973178;5617436,005300000309944;7,180564439000023;50,694536002000063;1
48237;5230818516800074047;5;1;58;20;2023;8;16;6;3;5;3;0;0;1;0;0;1;0;0;357496,025100000202656;5665650,235500000417233;6,963600993000057;51,124575794000066;1
48240;5230818515212095592;5;1;54;64;2023;8;15;6;3;0;3;0;0;1;1;0;0;0;0;301995,888100000098348;5721776,597699999809265;6,140143579000039;51,612149739000074;1
48242;5230818515211017808;5;1;54;16;2023;8;14;6;3;0;2;0;0;1;1;0;0;0;0;303196,057000000029802;5728546,394999999552965;6,153647926000076;51,673366102000045;1
48244;5230819316100985463;5;9;74;8;2023;8;8;7;3;0;7;0;0;1;0;0;0;0;0;444046,987999999895692;5718857,491000000387430;8,191814434000037;51,617961062000063;1
48245;5230818514219595998;5;1;66;36;2023;8;12;6;3;1;1;0;0;1;1;0;0;0;0;327743,497299999929965;5678737,854499999433756;6,532546287000059;51,233981244000063;1
48246;5230818514211977176;5;1;66;12;2023;8;17;6;3;5;3;0;0;1;1;0;0;0;0;323695,634999999776483;5695656,380000000819564;6,466261781000071;51,384728462000055;1
48249;5230818506100791622;5;1;16;0;2023;8;15;6;3;0;1;0;0;1;0;0;0;0;0;319841,783999999985099;5674858,731200000271201;6,421428601000059;51,196695206000072;1
48250;5230818506100476428;5;1;16;0;2023;8;16;6;3;3;6;0;0;1;0;0;0;0;0;322218,524600000120699;5677732,823599999770522;6,453985996000029;51,223258407000060;1
48257;5230818502324080941;5;1;13;0;2023;8;14;6;3;0;7;0;0;1;0;1;0;0;0;361705,703700000420213;5708427,257099999114871;7,007124987000054;51,510027975000071;1
48258;5230818502322485062;5;1;13;0;2023;8;19;6;3;0;7;0;0;1;1;0;0;0;0;359622,006500000134110;5704743,811400000005960;6,978583119000064;51,476414226000031;1
48263;5230818501314191500;5;1;12;0;2023;8;16;6;3;3;2;0;0;1;1;0;0;0;0;346512,372000000439584;5701989,152000000700355;6,791147078000051;51,448258731000067;1
48272;5230821705000587245;5;5;54;12;2023;8;16;2;3;0;2;0;0;1;1;0;0;0;0;352219,673600000329316;5745994,068099999800324;6,854628688000048;51,845171893000042;1
48274;5230818500200481410;5;1;11;0;2023;8;10;6;3;3;6;0;0;1;0;0;0;0;0;347874,189699999988079;5678399,041500000283122;6,820809734000022;51,236658884000065;1
48277;5230818407126887068;5;7;62;8;2023;8;11;6;3;2;6;0;0;1;0;0;0;0;0;530700,778800000436604;5721549,439300000667572;9,443694880000066;51,644109140000069;1
48278;5230818407101076350;5;7;62;20;2023;8;15;6;3;5;3;0;0;1;1;0;0;0;0;526402,906200000084937;5735894,297900000587106;9,382669367000062;51,773304962000054;1
48279;5230818406150931834;5;7;58;36;2023;8;15;6;2;3;6;0;0;1;1;0;0;0;0;484485,268000000156462;5774185,257899999618530;8,773407904000067;52,117985644000044;1
48281;5230818405228506582;5;7;54;28;2023;8;8;6;3;5;2;0;0;1;1;0;0;0;0;452157,413999999873340;5742729,096000000834465;8,305671265000058;51,833331917000066;1
48283;5230818405108706530;5;7;54;8;2023;8;19;6;3;1;1;0;0;1;1;0;0;0;0;457224,728000000119209;5750180,571000000461936;8,378284128000075;51,900736494000057;1
48285;5230818404301972238;5;7;66;44;2023;8;13;6;3;0;3;0;0;1;1;0;0;0;0;493526,892900000326335;5764541,109699999913573;8,905643151000049;52,031456539000033;1
48287;5230818400200966297;5;7;11;0;2023;8;13;6;3;5;2;0;0;1;1;0;0;0;0;470592,424300000071526;5765170,360999999567866;8,571285254000031;52,036371975000066;1
48291;5230818314110090346;5;9;66;24;2023;8;23;6;3;0;7;2;0;1;0;0;0;0;0;419575,192099999636412;5653401,864099999889731;7,853180857000041;51,026538541000036;1
48293;5230818310120389431;5;9;54;32;2023;8;10;6;3;0;7;0;1;1;0;0;0;0;0;384723,691200000233948;5695695,290799999609590;7,342808557000069;51,400758174000032;1
48299;5230825405108287127;5;7;54;8;2023;8;10;6;3;5;3;0;0;1;1;0;0;0;0;457186,136400000192225;5750124,709499999880791;8,377730195000026;51,900231302000066;1
48310;5230818301101485417;5;9;13;0;2023;8;7;6;3;5;3;0;0;1;1;0;0;0;0;393297,844999999739230;5707671,326999999582767;7,462406444000067;51,510083292000047;1
48311;5230818300800593891;5;9;54;36;2023;8;23;6;3;5;3;2;0;1;1;0;0;0;0;384697,923299999907613;5700315,609099999070168;7,340935002000037;51,442280723000067;1
48318;5230817711100081966;5;5;70;44;2023;8;16;5;3;5;2;0;0;1;1;0;0;0;0;415963,929899999871850;5759564,800000000745058;7,776398385000050;51,980396277000068;1
48319;5230817709700372668;5;5;66;28;2023;8;16;5;3;5;2;0;0;1;0;0;0;0;1;413594,594999999739230;5793918,307000000029802;7,733178650000070;52,288821685000073;1
48322;5230817709300985538;5;5;66;84;2023;8;12;5;3;3;2;0;0;1;1;0;0;1;0;390379,531100000254810;5774911,800499999895692;7,399094566000031;52,113867349000031;1
48323;5230817709110985528;5;5;66;12;2023;8;15;5;3;3;2;0;0;1;0;0;0;0;1;405152,824099999852479;5771402,144500000402331;7,615748336000024;52,085053413000026;1
48328;5230824505200985227;5;1;14;0;2023;8;12;5;3;1;5;0;0;1;1;0;0;0;0;335940,473399999551475;5691486,070399999618530;6,643995719000031;51,350932535000027;1
48329;5230817702100770567;5;5;15;0;2023;8;18;5;3;5;2;0;0;1;1;0;0;0;0;406325,302799999713898;5751028,769999999552965;7,638421800000060;51,902128695000044;1
48330;5230817702100745124;5;5;15;0;2023;8;17;5;3;5;2;0;0;1;0;0;1;0;0;406341,214999999850988;5750995,005200000479817;7,638662192000027;51,901827873000059;1
48331;5230817702100276646;5;5;15;0;2023;8;15;5;3;5;2;0;0;1;1;0;0;0;0;405381,995799999684095;5755568,572599999606609;7,623467126000037;51,942775237000035;1
48333;5230820608416777502;5;3;34;16;2023;8;16;1;3;0;1;0;0;1;0;0;0;0;0;295127,296099999919534;5633668,359500000253320;6,091405122000026;50,818447869000067;1
48336;5230817701110975698;5;5;62;32;2023;8;5;5;3;0;1;0;1;1;0;0;0;0;0;379508,874400000087917;5719347,532600000500679;7,259796169000026;51,612251003000040;1
48341;5230817610111180766;5;3;70;16;2023;8;19;5;2;0;7;0;0;1;0;0;0;0;0;298665,466900000348687;5659019,167199999094009;6,127567022000051;51,047373023000034;1
48342;5230817609256081117;5;3;58;56;2023;8;14;5;2;4;1;0;0;1;1;0;0;0;0;320087,802000000141561;5651279,728900000452995;6,436689918000070;50,984955195000055;1