OID_;UIDENTSTLAE;ULAND;UREGBEZ;UKREIS;UGEMEINDE;UJAHR;UMONAT;USTUNDE;UWOCHENTAG;UKATEGORIE;UART;UTYP1;ULICHTVERH;IstStrassenzustand;IstRad;IstPKW;IstFuss;IstKrad;IstGkfz;IstSonstige;LINREFX;LINREFY;XGCSWGS84;YGCSWGS84;PLST
48891;5230911702100984438;5;5;15;0;2023;9;9;2;3;3;2;0;0;1;1;0;0;0;0;407069,622700000181794;5757448,421099999919534;7,647503476000054;51,959956761000058;1
48892;5230911702100570584;5;5;15;0;2023;9;7;2;3;5;3;0;0;1;0;0;1;0;0;405373,525999999605119;5761218,922000000253320;7,621786638000060;51,993561436000050;1
48894;5230911701910575477;5;5;62;8;2023;9;19;2;3;5;3;1;0;1;0;0;0;0;1;385083,737700000405312;5723194,861800000071526;7,339011629000026;51,647995417000061;1
48896;5230911701120075230;5;5;62;32;2023;9;5;2;3;5;3;2;0;1;1;0;0;0;0;376061,615000000223517;5714558,064999999478459;7,211725981000029;51,568458750000048;1
48898;5230911610221075540;5;3;70;20;2023;9;18;2;3;5;2;0;0;1;1;0;0;0;0;304536,014999999664724;5657951,631999999284744;6,211790251000025;51,039812050000080;1
48902;5230911609108399698;5;3;58;8;2023;9;15;2;3;0;2;0;0;1;1;0;0;0;0;321943,142900000326335;5630739,374600000679493;6,473107514000048;50,800999949000072;1
48907;5230911607500399985;5;3;82;56;2023;9;13;2;3;0;1;0;0;1;0;0;0;0;0;370774,631000000052154;5628774,116000000387430;7,166340164000076;50,796285858000033;1
48909;5230911607100584950;5;3;82;68;2023;9;14;2;3;0;1;0;0;1;0;0;0;0;0;368334,574799999594688;5629893,141899999231100;7,131334910000021;50,805794475000027;1
48910;5230911606700586365;5;3;78;32;2023;9;13;2;3;5;3;0;0;1;1;0;0;0;0;376384,536799999885261;5667896,899000000208616;7,232601077000027;51,149156607000066;1
48912;5230911603228515326;5;3;66;28;2023;9;7;2;3;3;6;0;0;1;1;0;0;0;0;337954,284799999557436;5612674,764900000765920;6,708061125000029;50,643375561000028;1
48919;5230911601300899808;5;3;15;0;2023;9;11;2;3;0;3;0;0;1;1;0;0;0;0;354792,144000000320375;5646143,463999999687076;6,932806905000064;50,948597953000046;1
48922;5230911601200581730;5;3;15;0;2023;9;7;2;3;5;3;0;0;1;1;0;0;0;0;356864,314000000245869;5638551,005999999120831;6,965265166000052;50,880883201000074;1
48923;5230911600330984411;5;3;82;48;2023;9;17;2;3;0;1;0;0;1;0;0;0;0;0;356005,803000000305474;5611969,075999999418855;6,963469366000027;50,641773975000035;1
48924;5230911600130999966;5;3;82;8;2023;9;18;2;3;5;2;0;0;1;1;0;0;0;0;379897,176300000399351;5613872,192700000479817;7,300577087000022;50,664295711000079;1
48925;5230911600110595817;5;3;14;0;2023;9;18;2;3;0;1;0;0;1;0;0;0;0;0;364821,293700000271201;5622213,199899999424815;7,084324320000064;50,735959476000062;1
48926;5230911600110034434;5;3;14;0;2023;9;17;2;3;5;3;0;0;1;0;0;0;0;0;366521,668999999761581;5621474,652000000700355;7,108674395000037;50,729714681000075;1
48927;5230911518401508387;5;1;70;36;2023;9;13;2;3;5;3;0;0;1;0;0;0;1;0;352219,370299999602139;5727912,778899999335408;6,862314532000028;51,682710790000044;1
48928;5230911518300191562;5;1;70;20;2023;9;15;2;3;0;5;0;0;1;0;0;0;0;0;328954,928799999877810;5708500,520899999886751;6,535562617000039;51,501723148000053;1
48930;5230911518120096015;5;1;70;44;2023;9;14;2;3;0;7;0;0;1;1;0;0;0;0;337099,675999999977648;5721472,548599999397993;6,646793571000046;51,620670632000042;1
48932;5230911518100524450;5;1;70;48;2023;9;14;2;3;5;7;0;0;1;0;0;0;0;0;334695,445899999700487;5727176,786000000312924;6,609399942000039;51,671214727000063;1
48935;5230911515210095066;5;1;54;60;2023;9;7;2;3;5;3;0;0;1;1;0;0;0;0;316793,448800000362098;5697113,092100000008941;6,366426611000065;51,395627568000066;1
48937;5230911514113978963;5;1;66;32;2023;9;7;2;2;0;6;0;0;1;0;0;0;0;0;315735,707000000402331;5684594,275699999183416;6,357716564000043;51,282836265000071;1
48939;5230911514111371875;5;1;66;32;2023;9;13;2;3;5;7;0;0;1;0;0;0;1;0;318878,641999999992549;5681797,287000000476837;6,404152009000029;51,258719267000060;1
48942;5230911506100511777;5;1;16;0;2023;9;15;2;3;1;5;0;0;1;1;0;0;0;0;319709,675900000147521;5671061,333499999716878;6,421444789000020;51,162541132000058;1
48945;5230911505200984407;5;1;14;0;2023;9;13;2;3;5;3;0;0;1;1;0;0;0;0;327424,838999999687076;5693783,380000000819564;6,520710773000076;51,369048449000047;1
48949;5230911502407495746;5;1;17;0;2023;9;18;2;3;5;3;0;0;1;1;0;0;0;0;350381,910500000230968;5697043,298599999397993;6,848879749000048;51,404853371000058;1
48950;5230911502407098877;5;1;17;0;2023;9;12;2;3;5;1;0;0;1;1;0;0;0;0;351930,307699999772012;5697063,693600000813603;6,871116576000077;51,405442977000064;1
48953;5230911501128374033;5;1;12;0;2023;9;14;2;3;5;2;0;0;1;1;0;0;0;0;343037,132100000046194;5702773,379699999466538;6,740828027000020;51,454352333000031;1
48960;5230911500100778077;5;1;11;0;2023;9;8;2;2;5;3;0;0;1;0;0;0;0;0;346383,935999999754131;5676535,074999999254942;6,800277758000050;51,219510927000044;1
48961;5230911411232864042;5;7;74;32;2023;9;7;2;3;5;2;0;0;1;0;0;0;0;1;479175,509100000374019;5737801,157999999821186;8,698065355000040;51,790685221000047;1
48968;5230911405116804617;5;7;54;16;2023;9;8;2;3;5;2;0;0;1;1;0;0;0;0;447897,982499999925494;5756328,769400000572205;8,241805616000022;51,955216428000028;1
48971;5230911317120980685;5;9;78;16;2023;9;18;2;2;5;2;0;0;1;1;0;0;0;0;404525,989000000059605;5708306,501000000163913;7,623980445000029;51,517801889000054;1
48974;5230911315210090041;5;9;70;24;2023;9;18;2;2;7;1;0;0;1;0;0;0;0;0;429850,196999999694526;5646024,538000000640750;8,001096989000075;50,961553885000058;1
48976;5230911313130591851;5;9;58;44;2023;9;7;2;2;5;3;0;0;1;1;0;0;0;0;430586,354399999603629;5686565,291500000283122;8,003761841000028;51,326142038000057;1
48980;5230911307000593927;5;9;62;4;2023;9;6;2;3;0;6;1;0;1;0;0;0;1;0;408357,447999999858439;5677700,844000000506639;7,687081829000022;51,243305915000064;1
48994;5230911300700985368;5;9;16;0;2023;9;17;2;2;1;5;0;0;1;1;0;0;0;0;372643,439600000157952;5707759,889799999073148;7,164892380000026;51,506601545000080;1
48996;5230911300200078233;5;9;11;0;2023;9;10;2;2;5;2;0;0;1;1;0;0;0;0;370200,650799999944866;5703147,007699999958277;7,131409448000056;51,464589961000058;1
48999;5230910709110984463;5;5;66;8;2023;9;17;1;3;0;1;0;0;1;0;0;0;0;0;400332,120900000445545;5782448,689799999818206;7,542178447000026;52,183491064000066;1
49001;5230910702100676700;5;5;15;0;2023;9;13;1;3;0;6;0;0;1;0;0;0;0;0;405479,730700000189245;5756364,160800000652671;7,624669812000036;51,949942954000051;1
49004;5230910701400984500;5;5;12;0;2023;9;0;1;2;0;1;2;0;1;0;0;0;0;0;357505,404199999757111;5713586,613800000399351;6,944550505000052;51,555345804000069;1
49005;5230910608328041301;5;3;34;28;2023;9;17;1;3;0;1;0;0;1;0;0;0;0;0;309005,476200000382960;5609546,317999999970198;6,300674070000071;50,606504973000028;1
49006;5230910607500090872;5;3;82;56;2023;9;20;1;3;0;1;2;0;1;0;0;0;0;0;374854,360999999567866;5627275,748999999836087;7,224710198000025;50,783713138000053;1
49007;5230910606700984480;5;3;78;32;2023;9;13;1;2;5;3;0;0;1;1;0;0;0;0;373858,350999999791384;5662028,057000000029802;7,198555174000035;51,095857101000036;1
49008;5230910606700599860;5;3;78;8;2023;9;20;1;3;5;3;2;0;1;1;0;0;0;0;370472,550699999555945;5662260,714400000870228;7,150145307000059;51,097193343000072;1
49012;5230910605144693530;5;3;74;40;2023;9;10;1;3;5;3;0;0;1;1;0;0;0;0;404671,246199999935925;5649623,984500000253320;7,641709188000050;50,990297056000031;1
49019;5230910601700465985;5;3;16;0;2023;9;18;1;3;0;1;0;0;1;0;0;0;0;0;360774,722299999557436;5659672,702500000596046;7,012728508000066;51,071662389000039;1
49020;5230910601600984455;5;3;15;0;2023;9;16;1;3;0;3;0;0;1;1;0;0;0;0;363452,194000000134110;5638667,065999999642372;7,058812514000067;50,883520716000078;1
49024;5230910600140075603;5;3;14;0;2023;9;19;1;2;0;1;1;0;1;0;0;0;0;0;369496,158999999985099;5623435,335000000894070;7,150103462000061;50,748013576000062;1
49029;5230910516500086694;5;1;58;16;2023;9;17;1;3;1;5;0;0;1;1;0;0;0;0;355524,623700000345707;5670819,361199999228120;6,933374555000057;51,170533948000070;1
49034;5230910514118590280;5;1;66;16;2023;9;11;1;3;4;6;0;0;1;0;0;0;0;0;304929,479799999855459;5687042,635600000619888;6,201614502000041;51,301228421000076;1
49035;5230910513320984493;5;1;62;4;2023;9;0;1;3;4;6;2;0;1;0;0;0;0;0;343673,356399999931455;5663672,214500000700355;6,767084228000044;51,103197263000027;1
49036;5230910513210880711;5;1;62;20;2023;9;12;1;3;2;6;0;0;1;0;0;0;0;0;328397,232800000347197;5671261,100199999287724;6,545475713000030;51,167007642000044;1
49037;5230910513130984481;5;1;62;22;2023;9;11;1;3;2;6;0;0;1;0;0;1;0;0;339492,923100000247359;5680616,613800000399351;6,699855606000028;51,254287504000047;1
49038;5230912316300094383;5;9;74;28;2023;9;8;3;3;4;3;0;1;1;1;0;0;0;0;453545,948599999770522;5725355,560599999502301;8,328143207000039;51,677248655000028;1
49041;5230910506100171715;5;1;16;0;2023;9;8;1;3;0;1;0;0;1;0;0;0;0;0;321990,940999999642372;5669730,606000000610948;6,454695521000076;51,151301041000067;1
49042;5230910505100996022;5;1;14;0;2023;9;19;1;2;1;5;0;0;1;1;0;0;0;0;332843,983099999837577;5689510,440700000151992;6,600497044000065;51,332280987000047;1
49054;5230910410210486992;5;7;70;20;2023;9;18;1;2;0;1;0;0;1;0;0;0;0;0;474219,246799999848008;5793250,153999999165535;8,622024400000043;52,289004251000051;1
49055;5230910410110096891;5;7;70;24;2023;9;19;1;3;5;3;0;0;1;0;0;0;0;0;493363,035000000149012;5793815,968699999153614;8,902682213000048;52,294655945000045;1
49056;5230910606700984457;5;3;78;32;2023;9;20;1;3;0;3;2;0;1;1;0;0;0;0;375006,608099999837577;5667341,972999999299645;7,213102935000052;51,143869718000076;1
49062;5230910317110094348;5;9;78;36;2023;9;14;1;2;0;3;0;0;1;1;0;0;0;0;415935,981999999843538;5710702,778999999165535;7,787812732000020;51,541157051000027;1
49072;5230910303200984480;5;9;15;0;2023;9;13;1;3;5;3;0;0;1;1;0;0;0;0;413363,233000000007451;5727763,098699999973178;7,746505085000024;51,694130015000042;1
49079;5230910300300379530;5;9;11;0;2023;9;17;1;3;5;3;0;0;1;1;0;0;0;0;381097,584499999880791;5706887,705700000748038;7,286943311000073;51,500604748000057;1
49081;5230909711100984500;5;5;70;36;2023;9;22;7;3;4;6;2;0;1;0;0;0;0;0;432103,882799999788404;5758574,599500000476837;8,011556722000023;51,973701634000065;1
49083;5230909709700984495;5;5;66;72;2023;9;23;7;2;8;1;2;0;1;0;0;0;0;0;408649,100800000131130;5799221,829399999231100;7,659252134000042;52,335689954000031;1
49084;5230909709700196644;5;5;66;28;2023;9;10;7;2;2;6;0;0;1;1;0;0;0;0;408281,220900000073016;5796719,895999999716878;7,654536830000040;52,313141246000043;1
49087;5230909705000980994;5;5;54;8;2023;9;1;7;3;4;6;2;0;1;0;0;0;0;0;336438,992399999871850;5748603,103700000792742;6,624503467000068;51,864210763000074;1
49088;5230909705000838825;5;5;54;64;2023;9;9;7;3;0;1;0;0;1;0;0;0;0;0;355848,562699999660254;5750922,605299999937415;6,905214830000034;51,890404245000070;1
49089;5230909705000791737;5;5;54;16;2023;9;19;7;2;5;3;0;0;1;1;0;0;0;0;364924,246000000275671;5751268,746999999508262;7,036879192000072;51,895787761000065;1
49093;5230909702100041597;5;5;15;0;2023;9;9;7;3;6;6;0;0;1;0;1;0;0;0;401043,002600000239909;5756784,572699999436736;7,560013073000050;51,952950051000073;1
49098;5230909700000479362;5;5;13;0;2023;9;12;7;3;5;3;0;0;1;1;0;0;0;0;364417,899299999698997;5716489,027699999511242;7,043077491000076;51,583131689000027;1
49116;5230909601700769938;5;3;16;0;2023;9;10;7;3;3;2;0;0;1;1;0;0;0;0;356629,719800000078976;5658056,197000000625849;6,954244108000069;51,056114937000075;1
49117;5230909601600984507;5;3;15;0;2023;9;18;7;3;1;6;0;0;1;1;0;0;0;0;359728,319000000134110;5644833,029400000348687;7,003536995000047;50,938043261000075;1
49121;5230909601300025013;5;3;15;0;2023;9;18;7;3;5;3;0;0;1;1;0;0;0;0;351198,742999999783933;5645042,486999999731779;6,882137583000031;50,937787717000049;1
49122;5230909601200984526;5;3;15;0;2023;9;11;7;3;3;2;0;0;1;1;0;0;0;0;354260,131599999964237;5640287,745300000533462;6,927578532000041;50,895839953000063;1
49123;5230909601100074356;5;3;15;0;2023;9;23;7;3;0;1;2;0;1;0;0;0;0;0;355299,478799999691546;5644202,874199999496341;6,940795141000024;50,931285881000065;1
49124;5230909601000984510;5;3;15;0;2023;9;19;7;3;0;1;0;0;1;0;0;0;0;0;356884,583599999547005;5644046,990800000727177;6,963398341000072;50,930280451000044;1
49133;5230909515210984505;5;1;54;12;2023;9;21;7;3;0;1;2;0;1;0;0;0;0;0;314341,721699999645352;5709697,424699999392033;6,324620992000064;51,507863363000070;1
49136;5230909513130086706;5;1;62;22;2023;9;17;7;3;5;3;0;0;1;1;0;0;0;0;335415,981700000353158;5682186,689099999144673;6,640761121000025;51,267231714000047;1
49137;5230909513110984523;5;1;62;16;2023;9;17;7;2;0;1;0;0;1;0;0;0;0;0;333620,331100000068545;5674239,288200000301003;6,618735289000028;51,195308102000070;1
49152;5230909500100870375;5;1;11;0;2023;9;23;7;3;5;3;2;0;1;1;0;0;0;0;344436,081699999980628;5678054,463800000026822;6,771748249000041;51,232635758000072;1
49159;5230909405228182086;5;7;54;28;2023;9;10;7;3;5;3;0;0;1;0;0;1;0;0;451411,562500000000000;5745046,380799999460578;8,294522170000050;51,854101116000038;1
49160;5230909405148046332;5;7;54;48;2023;9;19;7;3;0;3;0;0;1;0;0;0;0;0;441188,714200000278652;5765762,519600000232458;8,142563950000067;52,039356344000055;1
49162;5230913300400063868;5;9;11;0;2023;9;17;4;2;0;1;0;0;1;0;0;0;0;0;373465,427199999801815;5699827,148499999195337;7,179570617000024;51,435492887000066;1
49169;5230909317130875377;5;9;78;12;2023;9;17;7;3;0;1;0;0;1;0;0;0;0;1;409733,582999999634922;5703656,889000000432134;7,700203099000021;51,476860836000071;1
49170;5230910706200687453;5;5;58;12;2023;9;11;1;3;3;6;0;0;1;1;0;0;0;0;375926,085300000384450;5754552,287499999627471;7,195502124000029;51,927853731000027;1
49177;5230912711100176705;5;5;70;52;2023;9;18;3;3;0;7;0;0;1;0;0;0;0;1;430930,053000000305474;5755883,300200000405312;7,995011958000021;51,949363187000074;1
49182;5230910516300689328;5;1;58;28;2023;9;2;1;2;0;1;2;0;1;0;0;0;0;0;349337,577200000174344;5685377,518999999389052;6,838815971000031;51,299753611000028;1
49184;5230909310110816860;5;9;54;16;2023;9;13;7;3;6;7;0;0;1;0;1;0;0;0;374354,203099999576807;5696925,755200000479817;7,193379149000066;51,409614800000043;1
49191;5230909302130984521;5;9;14;0;2023;9;17;7;3;5;3;0;0;1;1;0;0;0;0;399352,201000000350177;5691312,197699999436736;7,554270273000043;51,364142854000079;1
49198;5230909300800505561;5;9;54;36;2023;9;8;7;2;0;1;0;0;1;0;0;0;0;0;383880,203499999828637;5696632,992499999701977;7,330381277000072;51,409014240000033;1
49201;5230909300600794483;5;9;16;0;2023;9;22;7;3;0;1;2;0;1;0;0;0;0;0;374107,699799999594688;5710937,630899999290705;7,184844407000071;51,535488584000063;1
49208;5230908709700481737;5;5;66;72;2023;9;13;6;3;5;3;0;0;1;1;0;0;0;0;411963,550999999977648;5801298,546000000089407;7,707339934000061;52,354897699000048;1
49211;5230908709500455928;5;5;66;76;2023;9;7;6;3;5;3;0;0;1;1;0;0;0;0;392800,178000000305474;5791053,707000000402331;7,429326803000038;52,259414105000076;1
49220;5230908702100984607;5;5;15;0;2023;9;10;6;3;5;2;0;0;1;1;0;0;0;0;404650,257799999788404;5760137,679800000041723;7,611556370000073;51,983719160000078;1
49221;5230908701700879216;5;5;62;16;2023;9;19;6;2;8;1;0;0;1;0;0;0;0;0;378406,854000000283122;5735573,471799999475479;7,238235533000022;51,757839860000047;1
49222;5230908701500182385;5;5;62;24;2023;9;21;6;3;2;6;2;0;1;1;0;0;0;0;366531,799800000153482;5724690,754200000315905;7,070445208000024;51,657340660000045;1
49224;5230908610221894876;5;3;70;20;2023;9;13;6;3;3;3;0;0;1;1;0;0;0;0;303064,047600000165403;5660798,823699999600649;6,189271435000023;51,064881823000064;1
49227;5230908608312181724;5;3;34;12;2023;9;17;6;2;3;2;0;0;1;0;0;0;0;1;306424,773400000296533;5633703,205399999395013;6,251575174000038;50,822647113000073;1
49231;5230908606100079335;5;3;78;4;2023;9;15;6;3;0;2;0;1;1;1;0;0;0;0;367829,871000000275671;5649743,017000000923872;7,116992937000020;50,984086667000042;1
49239;5230908603224984594;5;3;66;24;2023;9;13;6;2;0;7;0;0;1;0;0;0;0;0;326687,555499999783933;5599156,714600000530481;6,555157147000045;50,518674993000047;1
49241;5230908603104079305;5;3;66;4;2023;9;11;6;2;0;1;0;0;1;0;0;0;0;0;349492,281299999915063;5594646,201600000262260;6,878418304000036;50,484447688000046;1
49242;5230908602700315152;5;3;62;28;2023;9;8;6;3;0;2;0;0;1;1;0;0;0;0;351430,625500000081956;5637909,381799999624491;6,888338722000071;50,873745680000070;1
49244;5230908602300324170;5;3;62;36;2023;9;12;6;3;0;1;0;0;1;0;0;0;0;0;346608,305999999865890;5654724,764000000432134;6,812766772000032;51,023589770000058;1
49252;5230908601400663932;5;3;15;0;2023;9;7;6;3;0;1;0;0;1;0;0;0;0;0;355975,305900000035763;5649591,825300000607967;6,948273798000059;50,979884477000041;1
49253;5230908601300984920;5;3;15;0;2023;9;6;6;3;4;6;0;0;1;1;0;0;0;0;353004,214200000278652;5649341,949500000104308;6,906079620000071;50,976888151000026;1
49255;5230908601100984568;5;3;15;0;2023;9;16;6;3;2;6;0;0;1;0;0;0;0;0;352963,733900000341237;5644900,091000000014901;6,907297829000072;50,936960798000030;1
49256;5230908601100899803;5;3;15;0;2023;9;17;6;3;1;5;0;0;1;1;0;0;0;0;354748,832700000144541;5644805,251900000497699;6,932724365000070;50,936560892000045;1
49257;5230908600380590862;5;3;14;0;2023;9;9;6;3;5;2;0;0;1;1;0;0;0;0;368737,941399999894202;5617786,023000000044703;7,141372155000056;50,697065550000048;1
49259;5230908600140181191;5;3;14;0;2023;9;20;6;3;0;1;2;0;1;0;0;0;0;0;372433,615000000223517;5621223,194399999454618;7,192485406000060;50,728782839000075;1
49261;5230908516100491126;5;1;58;32;2023;9;6;6;2;0;3;0;0;1;1;0;0;0;0;370042,729000000283122;5692927,255999999120831;7,132884359000059;51,372708148000072;1
49262;5230913300300984336;5;9;11;0;2023;9;7;4;3;5;2;1;1;1;1;0;0;0;0;381753,428199999965727;5703137,621300000697374;7,297643509000068;51,467037412000082;1
49263;5230908515110685928;5;1;54;4;2023;9;15;6;3;0;1;0;0;1;0;0;0;0;0;303839,637299999594688;5737033,351600000634789;6,158167442000035;51,749807018000070;1
49269;5230908508000076340;5;1;19;0;2023;9;20;6;3;5;3;1;0;1;1;0;0;0;0;350241,894600000232458;5713205,003299999982119;6,840016829000035;51,550035601000047;1
49271;5230908506100984554;5;1;16;0;2023;9;22;6;3;0;1;2;0;1;0;0;0;0;0;321529,082899999804795;5671452,445000000298023;6,447244507000050;51,166625052000029;1
49273;5230908505200078950;5;1;14;0;2023;9;20;6;3;5;2;1;0;1;1;0;0;0;0;332719,720399999991059;5692898,263000000268221;6,597122756000033;51,362680826000030;1
49279;5230908502408695882;5;1;17;0;2023;9;21;6;3;5;2;2;0;1;1;0;0;0;0;350272,570000000298023;5698778,162000000476837;6,846576346000063;51,420413147000033;1
49281;5230908502403070226;5;1;17;0;2023;9;12;6;2;0;7;0;0;1;0;0;0;0;0;349289,469999999739230;5701621,051000000908971;6,831238223000071;51,445697089000078;1
49285;5230908500200978782;5;1;11;0;2023;9;18;6;3;5;2;0;0;1;1;0;0;0;0;347095,048000000417233;5677685,960100000724196;6,809961656000041;51,230043186000046;1
49286;5230908500200972245;5;1;11;0;2023;9;13;6;3;5;2;0;0;1;1;0;0;0;0;347132,797299999743700;5676886,336400000378489;6,810842970000067;51,222868216000052;1
49289;5230908411232984595;5;7;74;32;2023;9;12;6;3;0;2;0;0;1;0;0;0;0;0;480309,524199999868870;5733006,974199999123812;8,714779046000046;51,747620818000030;1
49294;5230908410230984581;5;7;70;4;2023;9;16;6;3;5;3;0;0;1;1;0;0;0;0;486450,334999999962747;5781713,362999999895692;8,801807120000035;52,185720021000066;1
49295;5230908410210984603;5;7;70;20;2023;9;13;6;2;0;1;0;0;1;0;0;0;0;0;474260,064299999736249;5795076,791400000452995;8,622483209000052;52,305428196000037;1
49301;5230911301301109283;5;9;78;24;2023;9;14;2;3;5;7;0;0;1;1;0;0;0;0;391881,689799999818206;5717271,024399999529123;7,439056391000065;51,596099160000051;1
49304;5230908404101984593;5;7;66;20;2023;9;13;6;3;5;3;0;0;1;1;0;0;0;0;489517,527999999932945;5755397,221999999135733;8,847479389000057;51,949183085000072;1
49306;5230908400200674491;5;7;11;0;2023;9;16;6;3;3;2;0;0;1;1;0;0;0;0;468999,134700000286102;5763942,980200000107288;8,548169675000054;52,025250251000045;1
49307;5230908400100984557;5;7;11;0;2023;9;9;6;3;5;2;0;0;1;1;0;0;0;0;467473,917399999685585;5764783,120200000703335;8,525860916000056;52,032716278000066;1
49309;5230908400100070382;5;7;11;0;2023;9;20;6;3;3;2;1;0;1;1;0;0;0;0;467314,888799999840558;5765214,428500000387430;8,523501589000034;52,036584645000062;1
49310;5230908317240292215;5;9;78;40;2023;9;10;6;3;0;3;0;0;1;1;0;0;0;0;404299,358699999749660;5725323,490599999204278;7,616073504000042;51,670728678000046;1
49313;5230908316100389220;5;9;74;40;2023;9;8;6;3;7;3;0;0;1;1;0;0;0;0;439522,196000000461936;5714433,997999999672174;8,127228864000074;51,577723478000053;1
49314;5230908315240371484;5;9;70;20;2023;9;5;6;3;0;1;2;0;1;0;0;0;0;0;434329,573900000192225;5647543,560799999162555;8,064597690000028;50,975739980000071;1
49315;5230908315120093802;5;9;70;16;2023;9;6;6;3;5;3;1;0;1;1;0;0;0;0;423516,642699999734759;5640363,140000000596046;7,912114965000058;50,909846375000029;1
49323;5230908303100095205;5;9;15;0;2023;9;17;6;3;5;3;0;0;1;1;0;0;0;0;417994,582000000402331;5728677,396800000220537;7,813282345000061;51,703044840000075;1
49324;5230908303100085000;5;9;15;0;2023;9;22;6;3;0;1;2;0;1;0;0;0;0;0;417796,423299999907613;5725845,663699999451637;7,811082582000040;51,677559991000066;1
49336;5230908301103984567;5;9;13;0;2023;9;18;6;3;3;6;0;0;1;1;0;0;0;0;388990,167600000277162;5704673,630999999120831;7,401300775000038;51,482309409000038;1
49341;5230908300300090164;5;9;11;0;2023;9;9;6;3;5;2;0;0;1;1;0;0;0;0;382166,987999999895692;5703309,107000000774860;7,303537409000057;51,468664962000048;1
49342;5230908300100863825;5;9;11;0;2023;9;10;6;3;5;2;0;0;1;0;0;0;0;1;376785,671199999749660;5704047,219499999657273;7,225843337000072;51,474152566000043;1
49345;5230907711100080982;5;5;70;52;2023;9;15;5;2;0;6;0;0;1;0;0;0;0;0;430413,832000000402331;5755857,558000000193715;7,987507265000033;51,949067430000071;1
49346;5230907709700081056;5;5;66;28;2023;9;14;5;3;4;6;0;0;1;0;0;0;0;0;415430,395899999886751;5792047,446299999952316;7,760556409000060;52,272291205000045;1
49347;5230907709300984641;5;5;66;96;2023;9;17;5;3;0;2;0;0;1;1;0;0;0;0;385072,692499999888241;5785566,354900000616908;7,318021639000051;52,208540694000078;1
49349;5230907709110896848;5;5;66;8;2023;9;21;5;2;0;1;2;0;1;0;0;0;0;0;398497,357599999755621;5781199,887299999594688;7,515725138000050;52,171932665000043;1
49352;5230907705000984630;5;5;54;4;2023;9;21;5;3;5;3;2;0;1;1;0;0;0;0;360325,580400000326335;5771086,928899999707937;6,962020060000043;52,072726848000059;1
49358;5230907702100972722;5;5;15;0;2023;9;18;5;3;5;2;0;0;1;1;0;0;0;0;406972,826200000010431;5751286,113199999555945;7,647761359000071;51,904550342000050;1
49360;5230907702100776732;5;5;15;0;2023;9;14;5;3;0;1;0;0;1;0;0;0;0;0;403933,150999999605119;5758084,023600000888109;7,601692342000035;51,965136704000031;1
49361;5230907702100127600;5;5;15;0;2023;9;19;5;2;2;6;0;0;1;1;0;0;0;0;405467,160899999551475;5756995,352399999275804;7,624313334000021;51,955614244000060;1
49362;5230907701930984637;5;5;62;36;2023;9;18;5;3;5;2;0;0;1;1;0;0;0;0;389289,488900000229478;5720237,357300000265241;7,400710550000042;51,622257215000047;1
49363;5230907701910589511;5;5;62;8;2023;9;16;5;3;5;2;0;0;1;1;0;0;0;0;385074,152800000272691;5723622,061799999326468;7,338732773000061;51,651833010000075;1
49364;5230907701800355646;5;5;62;4;2023;9;17;5;3;5;3;0;0;1;0;0;0;0;1;381742,139299999922514;5712392,653699999675155;7,294377087000044;51,550216822000039;1
49365;5230907701700795098;5;5;62;16;2023;9;11;5;3;5;3;0;0;1;1;0;0;0;0;378562,517900000326335;5730904,111300000920892;7,242119270000046;51,715909516000067;1
49368;5230907701110451238;5;5;62;32;2023;9;21;5;3;5;2;2;0;1;1;0;0;0;0;372880,722599999979138;5718594,306500000879169;7,164393131000054;51,604024239000069;1
49369;5230907700000573493;5;5;13;0;2023;9;13;5;3;5;2;0;0;1;1;0;0;0;0;368606,827999999746680;5709626,828999999910593;7,106065736000062;51,522455218000061;1
49371;5230907610211180718;5;3;70;4;2023;9;7;5;3;0;7;0;0;1;0;0;0;0;0;309954,528500000014901;5664913,311899999156594;6,285330317000046;51,104161516000033;1
49372;5230907609108185747;5;3;58;8;2023;9;16;5;3;5;3;0;0;1;1;0;0;0;0;321929,553100000135601;5630084,195399999618530;6,473232484000050;50,795109605000050;1
49375;5230907608324275553;5;3;34;24;2023;9;17;5;3;5;3;0;0;1;1;0;0;0;0;302125,594999999739230;5613280,685699999332428;6,201570444000026;50,637756146000072;1
49376;5230907608100433516;5;3;34;2;2023;9;8;5;3;5;3;0;0;1;1;0;0;0;0;295544,183400000445545;5625984,577899999916553;6,101588883000034;50,749584820000052;1
49377;5230907607300037130;5;3;82;76;2023;9;9;5;3;0;7;0;0;1;0;0;0;0;1;395703,834599999710917;5625418,555099999532104;7,520887533000064;50,771143039000037;1
49379;5230907605132078648;5;3;74;32;2023;9;16;5;2;4;2;0;0;1;1;0;0;0;0;397943,594299999997020;5641860,023000000044703;7,548059126000055;50,919347924000078;1
49381;5230907605116095396;5;3;74;16;2023;9;11;5;3;4;6;0;0;1;1;0;0;0;0;384074,555399999953806;5668202,021700000390410;7,342400326000075;51,153508543000044;1
49383;5230907602800314870;5;3;62;12;2023;9;7;5;3;5;2;0;0;1;1;0;0;0;0;352353,280000000260770;5633237,703999999910593;6,903327167000043;50,831999168000038;1