OID_;UIDENTSTLAE;ULAND;UREGBEZ;UKREIS;UGEMEINDE;UJAHR;UMONAT;USTUNDE;UWOCHENTAG;UKATEGORIE;UART;UTYP1;ULICHTVERH;IstStrassenzustand;IstRad;IstPKW;IstFuss;IstKrad;IstGkfz;IstSonstige;LINREFX;LINREFY;XGCSWGS84;YGCSWGS84;PLST
49861;5230904608200925401;5;3;34;2;2023;9;7;2;3;5;2;0;0;1;1;0;0;0;0;299646,634999999776483;5626046,935000000521541;6,159635199000036;50,751575074000073;1
49862;5230911316300278067;5;9;74;28;2023;9;16;2;3;2;6;0;0;1;1;0;0;0;0;456136,931300000287592;5728964,261499999091029;8,365159808000044;51,709902380000074;1
49863;5230904608100089800;5;3;34;2;2023;9;18;2;3;5;2;0;0;1;1;0;0;0;0;294292,092799999751151;5628165,828099999576807;6,082644655000024;50,768732837000073;1
49868;5230904605140393448;5;3;74;40;2023;9;10;2;3;3;6;0;0;1;1;0;0;0;0;412367,626400000415742;5644156,986600000411272;7,752659092000044;50,942369838000047;1
49880;5230904601500984800;5;3;15;0;2023;9;17;2;3;5;3;0;0;1;0;0;0;0;0;360493,798399999737740;5646501,723799999803305;7,013785718000065;50,953225812000028;1
49884;5230904601500481891;5;3;15;0;2023;9;14;2;3;5;2;0;0;1;1;0;0;0;0;358006,751000000163913;5645041,331000000238419;6,978969229000029;50,939493925000079;1
49885;5230904601300890622;5;3;15;0;2023;9;1;2;2;7;1;2;0;1;0;0;0;0;0;353180,050900000147521;5644881,983799999579787;6,910381679000068;50,936853190000079;1
49886;5230904601200990375;5;3;15;0;2023;9;14;2;3;5;5;0;0;1;1;0;0;0;0;353009,206899999640882;5644158,222500000149012;6,908243776000063;50,930305513000064;1
49887;5230904601200725586;5;3;15;0;2023;9;13;2;3;5;3;0;0;1;0;0;0;0;1;358996,114000000059605;5637967,121999999508262;6,995774845000028;50,876159885000050;1
49889;5230904600340978305;5;3;82;64;2023;9;7;2;3;5;3;0;0;1;1;0;0;0;0;355984,207700000144541;5614889,150399999693036;6,962028411000063;50,668012351000073;1
49891;5230906514210096080;5;1;66;12;2023;9;17;4;3;5;3;0;0;1;1;0;0;0;0;323833,940100000239909;5693160,529600000008941;6,469484453000064;51,362350826000068;1
49893;5230904518400984816;5;1;70;8;2023;9;13;2;3;3;6;0;0;1;0;0;0;0;0;341847,814000000245869;5715581,120999999344349;6,717979558000025;51,569093682000073;1
49896;5230904518300600380;5;1;70;20;2023;9;13;2;3;4;1;0;0;1;0;0;0;0;0;331235,100899999961257;5711359,275000000372529;6,567014945000039;51,528090415000065;1
49898;5230904518210592094;5;1;70;28;2023;9;7;2;3;5;3;0;0;1;1;0;0;0;0;331893,017099999822676;5702706,068299999460578;6,580611015000045;51,450548770000069;1
49902;5230904516700895441;5;1;58;8;2023;9;7;2;3;5;2;0;0;1;1;0;0;0;0;360733,974000000394881;5675213,701999999582767;7,006137538000075;51,211317101000077;1
49904;5230904516100089212;5;1;58;32;2023;9;16;2;3;5;3;0;0;1;1;0;0;0;0;368472,779299999587238;5685837,704800000414252;7,112960715000042;51,308632253000042;1
49909;5230904514113886218;5;1;66;32;2023;9;10;2;3;7;1;0;0;1;0;0;0;0;0;318070,159900000318885;5685444,186200000345707;6,390721397000050;51,291221060000055;1
49910;5230904513330889870;5;1;62;12;2023;9;18;2;3;0;1;0;0;1;0;0;0;0;0;328844,680999999865890;5666270,788000000640750;6,554241405000027;51,122308390000057;1
49911;5230907501214585944;5;1;12;0;2023;9;7;5;3;4;6;0;0;1;0;0;0;0;1;341897,236999999731779;5695811,446000000461936;6,727541271000064;51,391483888000039;1
49916;5230904505100085966;5;1;14;0;2023;9;0;2;3;2;2;2;0;1;0;0;0;0;0;333761,150999999605119;5689058,072000000625849;6,613861649000057;51,328485677000060;1
49918;5230904502406298923;5;1;17;0;2023;9;15;2;3;0;7;0;0;1;0;0;0;0;0;353849,466900000348687;5696838,483100000768900;6,898782150000045;51,403917065000030;1
49919;5230904502404087260;5;1;17;0;2023;9;10;2;3;0;7;0;0;1;1;0;0;0;0;353750,944899999536574;5703717,828299999237061;6,894525681000061;51,465707815000030;1
49921;5230911307000590014;5;9;62;24;2023;9;16;2;3;5;3;0;0;1;1;0;0;0;0;412026,684000000357628;5692229,968000000342727;7,736051498000052;51,374498125000059;1
49922;5230904502307296577;5;1;13;0;2023;9;15;2;3;5;3;0;0;1;1;0;0;0;0;358478,111399999819696;5703196,191600000485778;6,962742113000047;51,462222187000066;1
49923;5230904502229589624;5;1;13;0;2023;9;17;2;2;5;3;0;0;1;1;0;0;0;0;360318,463000000454485;5693893,075999999418855;6,992883565000056;51,379078595000067;1
49925;5230904501313984813;5;1;12;0;2023;9;16;2;3;5;3;0;0;1;1;0;0;0;0;343507,358699999749660;5701455,195800000801682;6,748173345000055;51,442638805000058;1
49935;5230904500300372581;5;1;11;0;2023;9;20;2;3;5;2;1;0;1;1;0;0;0;0;347743,730999999679625;5672528,960000000894070;6,821433788000036;51,183877522000046;1
49936;5230907405224087020;5;7;54;24;2023;9;19;5;3;0;7;0;0;1;0;0;0;0;0;453014,250500000081956;5736336,276599999517202;8,318972034000069;51,775929236000081;1
49937;5230904500200550581;5;1;11;0;2023;9;8;2;3;5;3;0;0;1;1;0;0;0;0;344439,811400000005960;5679168,099899999797344;6,771317961000022;51,242643158000078;1
49938;5230904500200495567;5;1;11;0;2023;9;11;2;2;0;1;0;0;1;0;0;0;0;0;346256,862399999983609;5679753,920399999246001;6,797078182000064;51,248399627000026;1
49942;5230904500100300320;5;1;11;0;2023;9;8;2;3;5;2;0;0;1;0;0;0;0;1;339302,850800000131130;5677447,580099999904633;6,698556114000041;51,225760636000075;1
49949;5230904407120984796;5;7;62;8;2023;9;19;2;3;4;6;0;0;1;0;0;0;0;1;526888,984699999913573;5730625,400200000032783;9,389306676000047;51,725908448000041;1
49951;5230904405220984818;5;7;54;32;2023;9;12;2;3;5;3;0;0;1;0;0;0;0;0;460830,358000000007451;5741461,561000000685453;8,431675779000045;51,822611408000057;1
49952;5230907600110393630;5;3;14;0;2023;9;15;5;3;5;2;0;0;1;1;0;0;0;0;363340,475899999961257;5620946,524900000542402;7,063821236000024;50,724228335000078;1
49955;5230904400200984817;5;7;11;0;2023;9;14;2;3;4;2;0;0;1;1;0;0;0;0;473048,326999999582767;5760070,900000000372529;8,607488774000046;51,990648936000071;1
49957;5230910518400576380;5;1;70;8;2023;9;18;1;3;0;1;0;0;1;0;0;0;0;0;342613,667000000365078;5716328,971699999645352;6,728685881000047;51,576027057000033;1
49958;5230904400100872243;5;7;11;0;2023;9;17;2;3;0;7;0;0;1;0;0;0;0;0;468719,218999999575317;5767592,263000000268221;8,543756178000024;52,058043813000040;1
49962;5230904316100984810;5;9;74;24;2023;9;16;2;2;5;3;0;0;1;0;0;0;0;1;442479,732800000347197;5722118,566899999976158;8,168643682000038;51,647122021000030;1
49965;5230904316100094368;5;9;74;24;2023;9;11;2;3;4;6;0;0;1;0;0;0;0;0;432642,032599999569356;5724661,429800000041723;8,025987189000034;51,668890310000052;1
49967;5230904315110890496;5;9;70;40;2023;9;10;2;3;5;3;0;0;1;1;0;0;0;0;431852,644000000320375;5636024,796000000089407;8,031474817000060;50,871883153000056;1
49970;5230904313212984808;5;9;58;36;2023;9;16;2;3;5;3;0;0;1;1;0;0;0;0;462587,156999999657273;5689750,848999999463558;8,462677837000058;51,357791026000029;1
49980;5230904301301473415;5;9;78;24;2023;9;11;2;2;0;1;0;0;1;0;0;0;0;0;391895,467400000430644;5717203,454700000584126;7,439276044000053;51,595494471000052;1
49981;5230904301301453467;5;9;78;24;2023;9;8;2;3;5;3;0;0;1;1;0;0;0;0;398033,452499999664724;5720816,702999999746680;7,526807548000022;51,629116995000061;1
49982;5230910301301573352;5;9;78;24;2023;9;14;1;3;5;2;0;0;1;1;0;0;0;0;398323,049499999731779;5717562,214700000360608;7,531934346000071;51,599916129000064;1
49984;5230904301301194960;5;9;78;24;2023;9;17;2;3;0;1;0;0;1;0;0;0;0;0;392075,650999999605119;5716323,351199999451637;7,442147026000043;51,587618424000027;1
49986;5230904301103080882;5;9;13;0;2023;9;7;2;3;5;3;0;0;1;1;0;0;0;0;393042,496500000357628;5703194,077600000426173;7,460084932000029;51,469791301000043;1
49987;5230904301103056591;5;9;13;0;2023;9;14;2;3;5;2;0;0;1;0;0;0;0;1;389657,005499999970198;5704536,130499999970198;7,410943166000038;51,481204006000041;1
49989;5230903711100687270;5;5;70;44;2023;9;10;1;3;5;2;0;0;1;1;0;0;0;0;418385,313000000081956;5762058,206000000238419;7,811052905000054;52,003170560000058;1
49991;5230903711100480982;5;5;70;52;2023;9;18;1;2;0;1;0;0;1;0;0;0;0;0;430444,947999999858439;5755934,976999999955297;7,987944265000067;51,949767290000068;1
49993;5230903709700984880;5;5;66;56;2023;9;1;1;3;0;1;2;0;1;0;0;0;0;0;417007,576000000350177;5796267,221000000834465;7,782626226000048;52,310460904000081;1
49996;5230903706100174647;5;5;58;16;2023;9;12;1;3;0;1;0;0;1;0;0;0;0;0;383307,449900000356138;5748968,941099999472499;7,304692810000063;51,879271598000059;1
49997;5230903705000984850;5;5;54;56;2023;9;16;1;3;0;1;0;0;1;0;0;0;0;0;363798,853299999609590;5763001,586799999698997;7,015885105000052;52,000941123000075;1
50000;5230906411232687063;5;7;74;32;2023;9;14;4;3;5;3;0;0;1;1;0;0;0;0;476343,166199999861419;5734635,916899999603629;8,657215610000037;51,762113472000067;1
50001;5230903702100372447;5;5;15;0;2023;9;1;1;2;3;6;2;0;1;0;0;0;0;0;405973,759999999776483;5756410,433000000193715;7,631843373000038;51,950442605000035;1
50003;5230903701700681148;5;5;62;16;2023;9;21;1;3;2;6;2;0;1;0;0;0;0;0;377698,606700000353158;5737953,613600000739098;7,227140974000065;51,779076002000068;1
50008;5230903610212080775;5;3;70;40;2023;9;15;1;3;6;7;0;0;1;0;1;0;0;0;310038,134700000286102;5671091,955299999564886;6,283266338000033;51,159686978000082;1
50014;5230903608200980734;5;3;34;2;2023;9;0;1;2;0;1;2;0;1;0;0;0;0;0;299398,500699999742210;5626233,887399999424815;6,156020245000036;50,753168559000073;1
50016;5230903608200069678;5;3;34;2;2023;9;18;1;3;5;3;0;0;1;1;0;0;0;0;297780,712100000120699;5626929,784199999645352;6,132732778000047;50,758857565000028;1
50018;5230903607400299994;5;3;82;68;2023;9;12;1;3;0;1;0;0;1;0;0;0;0;0;365452,991299999877810;5626101,643899999558926;7,091850163000061;50,771055084000068;1
50019;5230903607300595346;5;3;82;16;2023;9;18;1;3;0;7;0;0;1;0;0;0;0;0;390423,536600000225008;5621840,479599999263883;7,447096759000033;50,738004192000062;1
50020;5230903606700199104;5;3;78;32;2023;9;19;1;3;4;2;0;0;1;1;0;0;0;0;374835,711900000460446;5666624,793600000441074;7,210910336000040;51,137386444000072;1
50023;5230903605108793347;5;3;74;8;2023;9;16;1;3;0;6;0;0;1;0;0;0;0;0;394024,409699999727309;5649704,851500000804663;7,490037780000023;50,989162105000048;1
50027;5230903601600899064;5;3;15;0;2023;9;17;1;3;0;7;0;0;1;0;0;0;0;0;365335,487800000235438;5645266,620300000533462;7,083133849000035;50,943276922000052;1
50030;5230903601100984848;5;3;15;0;2023;9;18;1;3;6;4;0;0;1;0;1;0;0;0;355219,722000000067055;5644982,933000000193715;6,939351018000025;50,938276084000051;1
50032;5230903600360493494;5;3;82;12;2023;9;15;1;3;3;6;0;0;1;0;0;0;0;0;352635,917100000195205;5629964,697899999096990;6,908652603000064;50,802657398000065;1
50034;5230903600110086268;5;3;14;0;2023;9;18;1;3;4;6;0;0;1;0;0;0;0;1;364884,558299999684095;5621931,599999999627471;7,085323562000042;50,733443210000075;1
50036;5230903518300065223;5;1;70;20;2023;9;17;1;3;5;3;0;0;1;1;0;0;0;0;329848,941800000146031;5709007,125499999150634;6,548186573000066;51,506544039000062;1
50040;5230903515212072360;5;1;54;52;2023;9;10;1;3;0;7;0;0;1;0;0;0;0;0;308411,875900000333786;5704623,183199999853969;6,242028095000023;51,460310993000064;1
50041;5230903515210095066;5;1;54;48;2023;9;18;1;2;4;2;0;0;1;1;0;0;0;0;324343,951200000010431;5705787,539699999615550;6,470545634000075;51,475938502000076;1
50042;5230903515210091516;5;1;54;12;2023;9;9;1;2;5;3;0;0;1;1;0;0;0;0;319152,771999999880791;5711424,413000000640750;6,392985130000056;51,524935866000078;1
50043;5230903515110722186;5;1;54;40;2023;9;15;1;3;4;6;0;0;1;0;0;1;0;0;291053,374400000087917;5743531,085000000894070;5,969290232000048;51,803526817000034;1
50044;5230903513130099180;5;1;62;22;2023;9;16;1;3;8;7;0;0;1;0;0;0;0;0;339509,205199999734759;5680622,279100000858307;6,700086193000061;51,254342989000065;1
50045;5230903513120984837;5;1;62;20;2023;9;20;1;3;0;7;2;0;1;0;0;0;0;0;327954,076500000432134;5669010,327800000086427;6,540219363000062;51,146653680000043;1
50049;5230903505100086057;5;1;14;0;2023;9;11;1;2;0;1;0;0;1;0;0;0;0;0;328255,278699999675155;5689249,575500000268221;6,534817121000060;51,328570190000050;1
50052;5230903502409085336;5;1;17;0;2023;9;22;1;2;0;1;2;0;1;0;0;0;0;0;349613,093000000342727;5699581,357499999925494;6,836757931000022;51,427455634000069;1
50053;5230903502407195170;5;1;17;0;2023;9;4;1;3;0;1;2;0;1;0;0;0;0;0;349120,509999999776483;5695218,447000000625849;6,831533748000027;51,388122131000046;1
50054;5230903502401100000;5;1;17;0;2023;9;9;1;3;0;7;0;0;1;0;0;0;0;0;352647,626299999654293;5699422,013399999588728;6,880442050000056;51,426820951000082;1
50055;5230903502136080548;5;1;13;0;2023;9;0;1;3;0;7;2;0;1;0;0;0;0;0;364332,354899999685585;5702719,562300000339746;7,047145136000040;51,459372445000042;1
50056;5230903501133984856;5;1;12;0;2023;9;15;1;3;5;2;0;0;1;0;0;0;0;1;342810,187199999578297;5712731,708300000056624;6,733127811000031;51,543761962000076;1
50062;5230903500100774630;5;1;11;0;2023;9;11;1;3;5;3;0;0;1;1;0;0;0;0;345135,880300000309944;5677768,853399999439716;6,781887329000028;51,230259770000032;1
50063;5230903411232037560;5;7;74;32;2023;9;4;1;2;0;1;2;0;1;0;0;0;0;0;483438,786799999885261;5734775,862900000065565;8,760022361000040;51,763626598000030;1
50066;5230903407100866206;5;7;62;20;2023;9;16;1;3;0;1;0;0;1;0;0;0;0;0;526681,803999999538064;5736294,043999999761581;9,386742183000024;51,776885893000042;1
50072;5230903405228081503;5;7;54;28;2023;9;1;1;3;8;1;2;0;1;0;0;0;0;0;454485,371199999935925;5746214,397900000214577;8,338995021000073;51,864861412000039;1
50073;5230906601100881720;5;3;15;0;2023;9;10;4;3;2;6;0;0;1;0;0;0;0;0;356828,599899999797344;5643851,680299999192357;6,962678913000047;50,928511318000062;1
50075;5230907313110984631;5;9;58;4;2023;9;17;5;3;9;2;0;0;1;1;0;0;0;0;430439,495099999941885;5695330,489000000059605;7,999939335000022;51,404928186000063;1
50080;5230903404101970346;5;7;66;20;2023;9;11;1;3;9;1;0;0;1;0;0;0;0;0;496130,562800000421703;5754854,786299999803305;8,943705464000061;51,944391349000057;1
50090;5230903310120984874;5;9;54;32;2023;9;2;1;2;0;1;2;0;1;0;0;0;0;0;386391,364900000393391;5692146,099799999967217;7,367907636000041;51,369193625000037;1
50100;5230903300500984855;5;9;11;0;2023;9;15;1;3;5;3;0;0;1;1;0;0;0;0;376884,272300000302494;5702756,171599999070168;7,227712091000058;51,462570778000043;1
50101;5230903300300090164;5;9;11;0;2023;9;21;1;3;0;5;2;0;1;1;0;0;0;0;380202,250099999830127;5708785,861999999731779;7,273405370000035;51,517475616000070;1
50102;5230902709500991847;5;5;66;76;2023;9;19;7;3;5;3;0;0;1;1;0;0;0;0;398812,781000000424683;5794641,233999999240041;7,516312984000024;52,292795952000063;1
50103;5230902709500838807;5;5;66;76;2023;9;18;7;3;9;1;0;0;1;1;0;0;0;0;392269,970499999821186;5794469,112500000745058;7,420470494000028;52,290005186000030;1
50114;5230902701910885484;5;5;62;8;2023;9;13;7;3;0;7;0;0;1;0;0;0;0;0;385085,679200000129640;5723153,278500000014901;7,339053340000021;51,647622075000072;1
50115;5230902701620699258;5;5;62;12;2023;9;12;7;3;5;3;0;0;1;1;0;0;0;0;363097,817400000058115;5731891,687300000339746;7,018006536000030;51,721222799000032;1
50117;5230902701200078095;5;5;62;20;2023;9;17;7;2;1;5;0;0;1;1;0;0;0;0;366845,337100000120699;5719270,145400000736117;7,077036948000057;51,608703000000048;1
50118;5230902610221275578;5;3;70;20;2023;9;13;7;3;5;3;0;0;1;1;0;0;0;0;306964,788200000301003;5658923,564300000667572;6,245874552000032;51,049362982000048;1
50123;5230904400100984812;5;7;11;0;2023;9;16;2;3;1;5;0;0;1;1;0;0;0;0;468677,316399999894202;5765124,316500000655651;8,543371235000052;52,035853124000027;1
50124;5230902608200194780;5;3;34;2;2023;9;0;7;2;4;6;2;0;1;1;0;0;0;0;292769,859299999661744;5627499,047900000587106;6,061461945000076;50,762202797000043;1
50126;5230902608200051460;5;3;34;2;2023;9;18;7;3;0;1;0;0;1;0;0;0;0;0;301155,429999999701977;5621091,233999999240041;6,183669555000051;50,707581525000080;1
50127;5230902608100063895;5;3;34;2;2023;9;18;7;3;0;1;0;0;1;0;0;0;0;0;295341,515399999916553;5626324,132899999618530;6,098531071000025;50,752563079000026;1
50132;5230902603228590881;5;3;66;28;2023;9;15;7;3;0;1;0;0;1;0;0;0;0;0;333934,161899999715388;5600083,091399999335408;6,656876514000032;50,529100096000036;1
50141;5230902601500486587;5;3;15;0;2023;9;14;7;3;5;3;0;0;1;1;0;0;0;0;357492,360999999567866;5644945,250000000000000;6,971690246000037;50,938503551000053;1
50145;5230908315110785197;5;9;70;40;2023;9;12;6;3;0;1;0;0;1;1;0;0;0;0;430599,633899999782443;5640832,029999999329448;8,012756119000073;50,914957474000062;1
50148;5230902600370595366;5;3;82;4;2023;9;22;7;3;8;1;2;0;1;1;0;0;0;0;360160,157999999821186;5619206,951300000771880;7,019450464000045;50,707837099000074;1
50150;5230902600310390850;5;3;14;0;2023;9;16;7;3;5;3;0;0;1;0;0;0;0;0;363780,962600000202656;5617549,691400000825524;7,071311740000056;50,693801550000046;1
50153;5230908702100984388;5;5;15;0;2023;9;14;6;3;0;7;0;0;1;0;0;0;0;0;406799,985000000335276;5757033,161000000312924;7,643693050000024;51,956179063000036;1
50159;5230902508000389683;5;1;19;0;2023;9;18;7;3;6;4;0;0;1;0;1;0;0;0;349003,476900000125170;5712922,798299999907613;6,822289895000040;51,547169907000068;1
50160;5230902506100991424;5;1;16;0;2023;9;23;7;3;0;1;2;0;1;0;0;0;0;0;322065,169499999843538;5670415,451300000771880;6,455417195000052;51,157476352000060;1
50168;5230902500200984893;5;1;11;0;2023;9;15;7;3;4;6;0;0;1;0;0;0;0;0;344829,150000000372529;5681386,491000000387430;6,775929536000035;51,262682172000041;1
50171;5230910410230984475;5;7;70;4;2023;9;14;1;3;0;7;0;0;1;0;0;0;0;0;484610,532999999821186;5790932,495999999344349;8,774476731000050;52,268556740000065;1
50173;5230902405244668215;5;7;54;44;2023;9;11;7;3;5;2;0;0;1;1;0;0;0;0;465786,563199999742210;5748973,993599999696016;8,502839902000062;51,890479976000051;1
50174;5230902405108984883;5;7;54;8;2023;9;17;7;3;0;3;0;0;1;1;0;0;0;0;463057,854199999943376;5754047,702099999412894;8,462646257000074;51,935921968000059;1
50177;5230902605104886578;5;3;74;4;2023;9;18;7;3;0;3;0;0;1;0;0;0;0;1;406588,786799999885261;5653192,789100000634789;7,668104654000047;51,022695243000044;1
50183;5230908405148990757;5;7;54;48;2023;9;13;6;3;5;3;0;0;1;1;0;0;0;0;441563,719999999739230;5766988,903000000864267;8,147820993000039;52,050421055000072;1
50184;5230906400100872246;5;7;11;0;2023;9;19;4;3;5;2;0;0;1;1;0;0;0;0;466607,379700000397861;5764398,437699999660254;8,513267266000071;52,029206253000041;1
50197;5230902301201460805;5;9;13;0;2023;9;15;7;2;0;3;0;0;1;0;0;0;1;0;390817,937699999660254;5707984,136199999600649;7,426588074000051;51,512421155000027;1
50203;5230901711400554395;5;5;70;28;2023;9;10;6;3;5;3;0;0;1;1;0;0;0;0;445290,069000000134110;5743179,437000000849366;8,205945495000037;51,836750152000036;1
50204;5230912601500899071;5;3;15;0;2023;9;7;3;3;0;7;0;0;1;0;0;0;0;0;360979,971099999733269;5649257,807399999350309;7,019649904000062;50,978112706000047;1
50205;5230901711200391707;5;5;70;16;2023;9;6;6;3;5;3;0;0;1;0;0;0;0;1;408578,095399999991059;5744590,445199999958277;7,672861903000069;51,844630506000044;1
50206;5230901711100081092;5;5;70;52;2023;9;7;6;3;5;3;0;0;1;0;0;0;1;0;430183,493800000287592;5757241,341900000348687;7,983875176000026;51,961478246000070;1
50208;5230901709500142414;5;5;66;76;2023;9;13;6;3;5;2;0;0;1;1;0;0;0;0;394539,254999999888241;5792910,528999999165535;7,454216916000064;52,276438030000065;1
50212;5230901705000247430;5;5;54;60;2023;9;16;6;3;5;3;0;1;1;1;0;0;0;0;353172,858500000089407;5757034,299599999561906;6,863755102000027;51,944618504000061;1
50221;5230901700000966387;5;5;13;0;2023;9;12;6;3;0;7;0;1;1;0;0;0;0;0;364270,112499999813735;5716492,861999999731779;7,040944271000058;51,583130573000062;1
50226;5230901610211394933;5;3;70;4;2023;9;15;6;3;5;3;0;1;1;1;0;0;0;0;305388,186999999918044;5664155,017000000923872;6,220593221000058;51,095818954000038;1
50230;5230901608436656744;5;3;34;36;2023;9;13;6;3;3;3;0;1;1;1;0;0;0;0;301854,437500000000000;5635827,626099999994040;6,185618995000027;50,840182751000043;1
50233;5230901607100981171;5;3;82;40;2023;9;15;6;2;0;1;0;1;1;1;0;0;0;0;381902,690000000409782;5637142,105000000447035;7,321470933000057;50,873879472000056;1
50234;5230901606100293803;5;3;78;4;2023;9;8;6;3;0;1;0;1;1;0;0;0;0;0;366163,363599999807775;5654149,382600000128150;7,091639790000045;51,023303896000073;1
50237;5230901602800586145;5;3;62;12;2023;9;12;6;3;5;3;0;1;1;1;0;0;0;0;352793,157999999821186;5630904,258999999612570;6,910505765000039;50,811141028000065;1
50238;5230901602800490965;5;3;62;12;2023;9;16;6;3;4;6;0;0;1;0;0;0;0;0;353262,626099999994040;5634795,315799999982119;6,915607515000033;50,846228346000032;1
50249;5230901601500154776;5;3;15;0;2023;9;6;6;3;4;2;1;0;1;0;0;1;0;0;360561,563099999912083;5647618,300100000575185;7,014322087000039;50,963277061000042;1
50251;5230901601300993350;5;3;15;0;2023;9;12;6;3;5;3;0;1;1;1;0;0;0;0;351301,878499999642372;5645035,891699999570847;6,883607113000039;50,937755052000057;1
50253;5230901601300381891;5;3;15;0;2023;9;15;6;3;0;1;0;1;1;0;0;0;0;0;354485,900799999944866;5645765,559200000017881;6,928601241000024;50,945124611000040;1
50256;5230901601100786926;5;3;15;0;2023;9;17;6;3;0;7;0;1;1;0;0;0;0;0;355286,284199999645352;5644185,167400000616908;6,940614531000051;50,931123443000047;1
50262;5230901516200386936;5;1;58;12;2023;9;8;6;3;5;3;0;0;1;1;0;0;0;0;360463,003100000321865;5688345,650900000706315;6,997134882000069;51,329262494000034;1
50263;5230901515210091857;5;1;54;12;2023;9;18;6;3;4;2;0;0;1;1;0;0;0;0;314194,548700000159442;5711002,761399999260902;6,321814754000059;51,519539372000054;1
50264;5230901514218089368;5;1;66;36;2023;9;15;6;3;5;7;0;1;1;1;0;0;0;0;322169,370000000111759;5682182,754000000655651;6,451072871000065;51,263217828000052;1
50266;5230901513320581393;5;1;62;4;2023;9;14;6;3;5;2;0;1;1;1;0;0;0;0;346248,956799999810755;5659720,435100000351667;6,805525723000073;51,068384052000056;1
50270;5230905701110185388;5;5;62;32;2023;9;15;3;2;1;5;0;0;1;1;0;0;0;0;374597,398099999874830;5719316,863199999555945;7,188910121000049;51,610902796000062;1
50271;5230901506100491300;5;1;16;0;2023;9;10;6;3;0;1;0;1;1;0;0;0;0;0;318725,917999999597669;5674920,634999999776483;6,405443664000074;51,196898401000055;1
50282;5230901501313391533;5;1;12;0;2023;9;5;6;3;5;2;2;0;1;1;0;0;0;0;344502,860000000335276;5701078,413000000640750;6,762651679000044;51,439527590000068;1
50283;5230901501126373770;5;1;12;0;2023;9;14;6;3;0;2;0;1;1;0;0;0;0;1;343553,923999999649823;5703171,069399999454618;6,748084143000028;51,458068545000060;1
50288;5230901500300987170;5;1;11;0;2023;9;13;6;2;5;2;0;1;1;1;0;0;0;0;343350,327999999746680;5675297,539999999105930;6,757413508000070;51,207567071000028;1
50291;5230911601100071996;5;3;15;0;2023;9;8;2;1;6;4;0;0;1;0;1;0;0;0;355580,170199999585748;5643710,955199999734759;6,944981737000035;50,926935443000048;1
50295;5230901410220590703;5;7;70;8;2023;9;15;6;2;4;2;0;0;1;1;0;0;0;0;475176,441200000233948;5802579,591800000518560;8,635368641000071;52,372922486000050;1
50306;5230901514119585713;5;1;66;16;2023;9;15;6;3;5;3;0;1;1;1;0;0;0;0;308812,781999999657273;5686073,635999999940395;6,257772224000064;51,293842420000033;1
50308;5230901400100387031;5;7;11;0;2023;9;16;6;3;5;3;0;1;1;1;0;0;0;0;465542,528099999763072;5767625,114900000393391;8,497421282000062;52,058150704000070;1
50310;5230901316300087174;5;9;74;16;2023;9;14;6;3;5;3;0;1;1;1;0;0;0;0;454030,810999999754131;5718791,430999999865890;8,336017926000068;51,618271152000034;1
50311;5230910601100181672;5;3;15;0;2023;9;4;1;3;3;6;2;0;1;0;0;0;0;0;355286,156200000084937;5644185,690600000321865;6,940612503000068;50,931128113000057;1
50316;5230901315210490410;5;9;70;24;2023;9;13;6;2;5;3;0;1;1;0;0;0;1;0;429055,759899999946356;5645812,895600000396371;7,989827684000034;50,959553690000064;1
50330;5230901301204751018;5;9;13;0;2023;9;7;6;3;5;3;0;1;1;1;0;0;0;0;383603,750500000081956;5708498,903500000014901;7,322501600000066;51,515607628000055;1
50331;5230901301201765145;5;9;13;0;2023;9;10;6;3;5;3;0;0;1;1;0;0;0;0;387972,468100000172853;5707731,572100000455976;7,385679834000030;51,509594019000076;1
50332;5230901301102308952;5;9;13;0;2023;9;7;6;3;5;3;0;0;1;1;0;0;0;0;396515,439000000245869;5705090,037900000810623;7,509512457000028;51,487479390000033;1
50334;5230901301101366995;5;9;13;0;2023;9;12;6;3;5;2;0;1;1;1;0;0;0;0;393254,963399999774992;5708458,523700000718236;7,461550371000044;51,517150880000031;1
50337;5230905607100914804;5;3;82;60;2023;9;12;3;3;4;2;0;0;1;0;0;0;0;1;373250,173000000417233;5628058,388000000268221;7,201695476000054;50,790399335000075;1
50340;5230831711200694320;5;5;70;40;2023;8;19;5;3;0;1;0;0;1;0;0;0;0;0;416427,705000000074506;5743778,841299999505281;7,786979041000052;51,838565077000055;1
50344;5230831709110984940;5;5;66;12;2023;8;15;5;3;4;1;0;0;1;0;0;0;0;1;400951,237099999561906;5775942,549499999731779;7,553128422000043;52,125126383000065;1
50346;5230831706000977078;5;5;58;12;2023;8;12;5;3;5;3;0;0;1;1;0;0;0;0;374080,345900000073016;5755525,795399999246001;7,168316622000020;51,936187685000050;1
50347;5230831701930074177;5;5;62;36;2023;8;17;5;3;0;1;0;1;1;0;0;0;0;0;389216,279600000008941;5720345,204399999231100;7,399619327000039;51,623212141000067;1
50348;5230831701920485484;5;5;62;28;2023;8;16;5;3;0;3;0;0;1;1;0;0;0;0;379639,313299999572337;5722403,747400000691414;7,260628796000049;51,639746297000045;1
50349;5230831701700885013;5;5;62;16;2023;8;8;5;3;0;7;0;0;1;0;0;0;0;0;377676,741200000047684;5737893,710300000384450;7,226845288000050;51,778532873000074;1