OID_;UIDENTSTLAE;ULAND;UREGBEZ;UKREIS;UGEMEINDE;UJAHR;UMONAT;USTUNDE;UWOCHENTAG;UKATEGORIE;UART;UTYP1;ULICHTVERH;IstStrassenzustand;IstRad;IstPKW;IstFuss;IstKrad;IstGkfz;IstSonstige;LINREFX;LINREFY;XGCSWGS84;YGCSWGS84;PLST
50351;5230831701300089501;5;5;62;14;2023;8;12;5;3;2;6;0;0;1;0;0;0;0;1;361553,074000000022352;5713141,551999999210238;7,003073620000066;51,552354284000046;1
50352;5230831701200570568;5;5;62;20;2023;8;19;5;3;0;3;1;0;1;1;0;0;0;0;372107,526600000448525;5718281,427100000903010;7,153348476000076;51,601037361000067;1
50359;5230831608312973682;5;3;34;12;2023;8;11;5;2;6;4;0;0;1;0;1;0;0;0;306509,434100000187755;5632445,138699999079108;6,253439139000022;50,811374898000054;1
50363;5230831608100063910;5;3;34;2;2023;8;14;5;3;3;2;0;0;1;1;0;0;0;0;293872,320399999618530;5629527,409700000658631;6,075936676000026;50,780812406000052;1
50364;5230831607400878225;5;3;82;68;2023;8;13;5;3;5;3;0;0;1;1;0;0;0;0;370597,733000000007451;5629044,153000000864267;7,163736281000070;50,798673531000077;1
50367;5230831607300724724;5;3;82;52;2023;8;18;5;3;5;3;0;0;1;1;0;0;0;0;394452,354799999855459;5633948,175400000065565;7,500692664000042;50,847595546000036;1
50371;5230831606100686389;5;3;78;20;2023;8;16;5;3;4;6;0;0;1;0;0;0;0;0;367980,713499999605119;5655132,258799999952316;7,117180112000028;51,032557802000042;1
50375;5230831602400089870;5;3;62;32;2023;8;16;5;3;5;3;0;0;1;1;0;0;0;0;337153,107200000435114;5640856,133600000292063;6,684264350000035;50,896377162000078;1
50377;5230831602100375896;5;3;62;8;2023;8;10;5;3;3;2;0;0;1;1;0;0;0;0;338163,101999999955297;5645197,334000000730157;6,696688639000058;50,935668330000055;1
50385;5230831601700967751;5;3;16;0;2023;8;13;5;3;5;2;0;0;1;1;0;0;0;0;363942,525200000032783;5655501,296800000593066;7,059484932000032;51,034932654000045;1
50387;5230831601600086462;5;3;15;0;2023;8;16;5;2;0;2;0;0;1;1;0;0;0;0;362639,637699999846518;5643839,118000000715256;7,045321857000033;50,929811467000036;1
50390;5230831601500086566;5;3;15;0;2023;8;15;5;3;5;3;0;0;1;1;0;0;0;0;360834,188000000081956;5646056,861999999731779;7,018798944000025;50,949310045000061;1
50395;5230831600350605703;5;3;82;32;2023;8;9;5;3;0;6;0;0;1;1;0;0;0;0;359138,050800000317395;5613298,580099999904633;7,007234741000048;50,654488604000051;1
50397;5230908600360399992;5;3;82;12;2023;9;16;6;3;5;3;0;0;1;1;0;0;0;0;358801,943500000052154;5625080,746300000697374;6,997976577000031;50,760299099000065;1
50398;5230831516700281364;5;1;58;8;2023;8;8;5;3;5;2;0;0;1;0;0;0;0;1;359548,409799999557436;5672502,584300000220537;6,990235846000076;51,186662885000032;1
50401;5230831515210984935;5;1;54;12;2023;8;16;5;2;5;3;0;1;1;1;0;0;0;0;314884,308000000193715;5709830,756999999284744;6,332360672000050;51,509238930000038;1
50404;5230908608100585754;5;3;34;2;2023;9;19;6;2;0;7;0;0;1;0;0;0;0;0;295125,726599999703467;5629232,180500000715256;6,093857105000041;50,778604993000044;1
50406;5230831514215089370;5;1;66;28;2023;8;7;5;3;5;3;0;0;1;0;0;0;0;1;326135,429999999701977;5688282,221000000834465;6,504891986000075;51,319235934000062;1
50407;5230908601600972594;5;3;15;0;2023;9;19;6;3;0;1;1;0;1;0;0;0;0;0;361369,008999999612570;5643811,645999999716878;7,027262293000035;50,929260589000080;1
50409;5230910317110152013;5;9;78;36;2023;9;20;1;3;1;5;2;0;1;1;0;0;0;0;408604,020200000144541;5711676,082499999552965;7,681863302000068;51,548766637000028;1
50410;5230831514110596023;5;1;66;32;2023;8;16;5;3;3;2;0;0;1;1;0;0;0;0;317510,190899999812245;5681463,216399999335408;6,384731464000026;51,255282071000067;1
50411;5230831513340981531;5;1;62;28;2023;8;16;5;2;5;3;0;0;1;1;0;0;0;0;339503,086199999786913;5655233,535800000652671;6,711311835000060;51,026221703000033;1
50413;5230831513210476020;5;1;62;24;2023;8;16;5;3;3;6;0;1;1;1;0;0;0;0;337758,716000000014901;5674540,315999999642372;6,677775963000045;51,199202734000039;1
50414;5230831513120776241;5;1;62;20;2023;8;16;5;3;5;3;0;0;1;1;0;0;0;0;327289,247000000439584;5674380,915999999269843;6,528143958000044;51,194702146000054;1
50423;5230909610211763495;5;3;70;4;2023;9;23;7;3;0;7;2;0;1;0;0;0;0;0;305422,807300000451505;5664011,114399999380112;6,221164569000052;51,094538201000034;1
50424;5230831502407095727;5;1;17;0;2023;8;16;5;3;6;4;0;0;1;0;1;0;0;0;351768,591400000266731;5697905,247899999842048;6,868441479000069;51,412962640000046;1
50425;5230831502401195146;5;1;17;0;2023;8;14;5;3;0;1;0;0;1;0;0;0;0;0;352717,628800000064075;5699359,470599999651313;6,881474244000060;51,426277158000062;1
50429;5230831502101491616;5;1;13;0;2023;8;13;5;3;0;3;0;0;1;1;0;0;0;0;361688,327300000004470;5702894,076799999922514;7,009042144000034;51,460300842000038;1
50430;5230901303100984917;5;9;15;0;2023;9;13;6;3;5;3;0;1;1;1;0;0;0;0;417700,360500000417233;5727332,058199999853969;7,809343053000021;51,690907868000068;1
50431;5230831501327382187;5;1;12;0;2023;8;9;5;3;5;3;0;0;1;1;0;0;0;0;343531,070000000298023;5693231,325999999418855;6,752141711000036;51,368754413000033;1
50432;5230831501323790787;5;1;12;0;2023;8;17;5;3;5;3;0;0;1;1;0;0;0;0;344051,296500000171363;5694466,344699999317527;6,759067256000037;51,379994195000052;1
50435;5230908518110796070;5;1;70;12;2023;9;16;6;3;5;7;0;0;1;1;0;0;0;0;329252,054999999701977;5740882,639000000432134;6,524034198000038;51,792706470000041;1
50441;5230906502409198983;5;1;17;0;2023;9;16;4;3;0;1;0;0;1;0;0;0;0;0;349936,673999999649823;5699710,887000000104308;6,841354065000075;51,428705289000050;1
50443;5230831406220237956;5;7;58;24;2023;8;16;5;2;5;3;0;1;1;0;0;0;0;1;480707,949000000022352;5781484,733899999409914;8,717826372000047;52,183493537000061;1
50446;5230831405108396894;5;7;54;8;2023;8;23;5;3;0;7;2;1;1;0;0;0;0;0;458619,953999999910593;5752396,732000000774860;8,398295542000028;51,920766481000044;1
50455;5230831317140984940;5;9;78;28;2023;8;15;5;3;5;3;0;0;1;1;0;0;0;0;402691,649299999698997;5695870,509400000795722;7,600974246000021;51,405700522000075;1
50457;5230910502405381455;5;1;17;0;2023;9;13;1;3;5;2;0;0;1;0;0;0;0;0;356109,270999999716878;5699689,857000000774860;6,930091187000073;51,430117262000067;1
50460;5230831314310493758;5;9;66;20;2023;8;17;5;2;0;3;0;0;1;1;0;0;0;0;431814,989799999631941;5666485,142599999904633;8,025215561000039;51,145753522000064;1
50462;5230831313240196636;5;9;58;40;2023;8;22;5;2;0;7;2;0;1;0;0;0;0;0;448811,784599999897182;5667326,404899999499321;8,268060192000064;51,155090323000081;1
50463;5230904303100394470;5;9;15;0;2023;9;16;2;2;4;2;0;0;1;1;0;0;0;0;423196,106999999843538;5727197,914000000804663;7,888864731000069;51,690480771000068;1
50472;5230908606100394452;5;3;78;4;2023;9;18;6;3;0;3;0;0;1;1;0;0;0;0;370057,625400000251830;5648208,946100000292063;7,149261889000059;50,970805835000078;1
50473;5230831301301071421;5;9;78;24;2023;8;13;5;3;5;3;0;0;1;1;0;0;0;0;395274,393000000156462;5720905,083599999547005;7,486933543000021;51,629404595000040;1
50477;5230831300400143598;5;9;11;0;2023;8;16;5;3;0;5;0;1;1;1;0;0;0;0;374812,259899999946356;5702384,318600000813603;7,198032234000038;51,458774309000034;1
50481;5230830709110880102;5;5;66;32;2023;8;10;4;2;5;3;0;0;1;1;0;0;0;0;412591,485000000335276;5775806,619999999180436;7,723151483000038;52,125867987000049;1
50482;5230830706000986168;5;5;58;16;2023;8;16;4;3;5;2;0;1;1;1;0;0;0;0;380908,724000000394881;5744999,163000000640750;7,271229530000028;51,843087796000077;1
50483;5230830706000895025;5;5;58;16;2023;8;11;4;3;5;3;0;0;1;0;0;0;0;0;382003,737999999895692;5744599,350999999791384;7,287253826000040;51,839727094000068;1
50488;5230830701700165816;5;5;62;16;2023;8;9;4;3;5;3;0;0;1;1;0;0;0;0;375265,887500000186265;5734990,614000000059605;7,192959277000057;51,751911078000035;1
50490;5230830701400984980;5;5;12;0;2023;8;15;4;3;5;3;0;1;1;1;0;0;0;0;357432,185499999672174;5709703,060699999332428;6,945067866000045;51,520430176000048;1
50494;5230904300500061175;5;9;11;0;2023;9;12;2;3;0;7;0;0;1;0;0;0;1;0;375100,476999999955297;5702735,448000000789762;7,202054638000050;51,461993701000040;1
50496;5230830701110063560;5;5;62;32;2023;8;14;4;2;6;6;0;1;1;0;1;0;0;0;375373,665000000037253;5719446,021999999880791;7,200069228000075;51,612235929000065;1
50503;5230830610221677515;5;3;70;20;2023;8;7;4;3;4;6;0;0;1;0;0;0;0;0;302959,888299999758601;5660936,325400000438094;6,187711867000075;51,066081066000038;1
50521;5230830608332094930;5;3;34;32;2023;8;1;4;2;5;3;2;0;1;0;0;0;0;1;304036,679999999701977;5628829,517000000923872;6,220311223000067;50,778067450000037;1
50526;5230830608100089832;5;3;34;2;2023;8;19;4;3;3;5;0;0;1;1;0;0;0;0;295256,758100000210106;5627871,880100000649691;6,096470327000020;50,766434005000065;1
50533;5230830603116386468;5;3;66;16;2023;8;7;4;3;5;3;0;0;1;1;0;0;0;0;344150,742600000463426;5616647,462099999189377;6,793959129000029;50,680765868000037;1
50534;5230830602300392585;5;3;62;36;2023;8;8;4;3;5;3;0;0;1;1;0;0;0;0;345611,565000000409782;5651727,343299999833107;6,799840573000040;50,996388615000058;1
50543;5230907606100799165;5;3;78;12;2023;9;13;5;2;4;6;0;0;1;0;0;0;0;0;376483,060700000263751;5653108,457499999552965;7,239064137000071;51,016257755000026;1
50551;5230830518110078913;5;1;70;12;2023;8;17;4;2;5;3;0;1;1;1;0;0;0;0;334296,853500000201166;5734281,843599999323487;6,600264734000064;51,734925835000070;1
50556;5230830515111539762;5;1;54;44;2023;8;6;4;3;5;3;0;0;1;1;0;0;0;0;321233,892500000074506;5738418,567999999970198;6,409159416000023;51,768069355000080;1
50558;5230830515110984984;5;1;54;36;2023;8;14;4;3;0;1;0;1;1;0;0;0;0;0;302171,092000000178814;5740396,811000000685453;6,132112445000075;51,779424471000027;1
50560;5230830513210191164;5;1;62;24;2023;8;7;4;3;5;5;0;0;1;1;0;0;0;0;339312,864000000059605;5668396,854000000283122;6,702747536000061;51,144442981000054;1
50561;5230904505100696000;5;1;14;0;2023;9;18;2;3;4;2;0;0;1;1;0;0;0;0;332943,826399999670684;5689939,504100000485778;6,601727707000066;51,336165075000054;1
50566;5230903701610898895;5;5;62;12;2023;9;17;1;3;0;7;0;0;1;0;0;0;0;0;359298,525999999605119;5725853,991000000387430;6,965474423000046;51,666029261000062;1
50571;5230830503400195596;5;1;22;0;2023;8;14;4;3;0;7;0;1;1;0;0;0;0;0;359970,298999999649823;5666485,678999999538064;6,998610756000062;51,132693939000035;1
50577;5230906407321196881;5;7;62;12;2023;9;8;4;3;5;3;0;0;1;1;0;0;0;0;518194,134499999694526;5717516,064099999144673;9,262739106000026;51,608387086000050;1
50590;5230830501134195945;5;1;12;0;2023;8;12;4;3;0;6;0;1;1;1;0;0;0;0;342910,207000000402331;5710861,446000000461936;6,735403443000052;51,526986174000058;1
50596;5230908300100477607;5;9;11;0;2023;9;15;6;2;1;5;0;0;1;1;0;0;0;0;376529,496100000105798;5705851,091800000518560;7,221525907000057;51,490308876000029;1
50606;5230830500100781628;5;1;11;0;2023;8;8;4;3;3;6;0;0;1;0;0;0;0;0;343652,418200000189245;5677970,963899999856949;6,760568894000073;51,231671328000061;1
50615;5230830405104984982;5;7;54;4;2023;8;14;4;3;5;3;0;1;1;1;0;0;0;0;452685,908999999985099;5773254,146999999880791;8,309133102000033;52,107807938000064;1
50623;5230904600140686268;5;3;14;0;2023;9;15;2;3;5;3;0;0;1;1;0;0;0;0;367037,832299999892712;5624864,873400000855327;7,114760288000070;50,760304450000035;1
50624;5230830316300487000;5;9;74;28;2023;8;14;4;3;5;2;0;0;1;1;0;0;0;0;454456,127799999900162;5723723,537200000137091;8,341518814000040;51,662649891000058;1
50625;5230830316200089252;5;9;74;52;2023;8;13;4;3;6;7;0;0;1;0;1;0;0;0;422489,903800000436604;5711051,745300000533462;7,882222009000031;51,545232426000041;1
50629;5230830315210635764;5;9;70;24;2023;8;7;4;3;3;6;0;0;1;1;0;0;0;0;430405,992600000463426;5642447,274399999529123;8,009693664000054;50,929457262000028;1
50640;5230830303100589291;5;9;15;0;2023;8;13;4;3;1;5;0;1;1;1;0;0;0;0;417503,620199999772012;5724285,959899999201298;7,807217093000077;51,663496079000026;1
50641;5230911300600090131;5;9;16;0;2023;9;18;2;3;0;1;0;0;1;0;0;0;0;0;376164,183199999853969;5712844,396099999547005;7,213808785000026;51,553080099000056;1
50642;5230830303100223225;5;9;15;0;2023;8;15;4;3;0;3;0;1;1;1;0;0;0;0;419398,621399999596179;5724090,348899999633431;7,834655114000043;51,662012629000060;1
50654;5230830301301067125;5;9;78;24;2023;8;12;4;3;5;2;0;1;1;1;0;0;0;0;398123,964300000108778;5719595,523199999704957;7,528469967000035;51,618156734000081;1
50655;5230907701700984644;5;5;62;16;2023;9;14;5;3;5;2;0;0;1;1;0;0;0;0;376062,260400000028312;5735271,564300000667572;7,204390158000024;51,754612715000064;1
50657;5230830301102073325;5;9;13;0;2023;8;7;4;3;5;3;0;0;1;0;0;0;0;1;396037,286600000225008;5705631,673000000417233;7,502468627000042;51,492260261000069;1
50667;5230829705000977095;5;5;54;20;2023;8;7;3;3;5;2;0;0;1;0;0;0;1;0;365251,969999999739230;5785996,908999999985099;7,027943529000027;52,207919972000070;1
50668;5230829705000820726;5;5;54;48;2023;8;10;3;3;3;6;0;0;1;1;0;0;0;0;340987,700500000268221;5746907,103599999099970;6,691288738000026;51,850288950000049;1
50673;5230829702100074710;5;5;15;0;2023;8;7;3;3;5;3;0;0;1;0;0;0;0;1;406425,525399999693036;5761345,972799999639392;7,637069380000071;51,994881680000049;1
50674;5230829702100070634;5;5;15;0;2023;8;19;3;3;5;2;0;0;1;1;0;0;0;0;405501,583999999798834;5756467,505999999120831;7,624959277000073;51,950875580000059;1
50678;5230829701500372384;5;5;62;24;2023;8;17;3;3;5;2;0;0;1;1;0;0;0;0;369543,555700000375509;5725042,001000000163913;7,113829481000039;51,661204264000048;1
50682;5230829610221379470;5;3;70;20;2023;8;16;3;2;5;3;0;0;1;1;0;0;0;0;305857,743800000287592;5658789,813300000503659;6,230171230000053;51,047788580000031;1
50687;5230829608436371710;5;3;34;36;2023;8;15;3;3;5;3;0;0;1;1;0;0;0;0;298033,806300000287592;5634961,368000000715256;6,131901500000026;50,831081827000048;1
50688;5230829608312789896;5;3;34;12;2023;8;23;3;3;0;1;2;0;1;0;0;0;0;0;307167,956299999728799;5632770,038499999791384;6,262604618000069;50,814512885000056;1
50689;5230829608312069672;5;3;34;12;2023;8;12;3;3;3;6;0;0;1;1;0;0;0;0;306972,638399999588728;5632879,473300000652671;6,259777755000073;50,815430829000036;1
50691;5230829606700172757;5;3;78;16;2023;8;7;3;3;5;3;0;0;1;1;0;0;0;0;368438,857900000177324;5664638,699200000613928;7,120250576000046;51,118102455000042;1
50693;5230829602800148445;5;3;62;12;2023;8;7;3;3;1;5;0;0;1;1;0;0;0;0;351682,639499999582767;5631353,327500000596046;6,894572581000034;50,814893399000027;1
50700;5230829601200977096;5;3;15;0;2023;8;5;3;3;5;2;1;0;1;1;0;0;0;0;353665,021999999880791;5642537,978000000119209;6,918219940000029;50,915911650000055;1
50701;5230829601200293576;5;3;15;0;2023;8;17;3;3;0;7;0;0;1;0;0;0;0;0;354464,634100000374019;5643699,491000000387430;6,929123863000029;50,926552071000060;1
50702;5230829600110269536;5;3;14;0;2023;8;16;3;3;5;2;0;0;1;1;0;0;0;0;364967,088999999687076;5620426,777000000700355;7,087043416000029;50,719937197000036;1
50707;5230906607300434407;5;3;82;16;2023;9;13;4;3;6;4;0;0;1;0;1;0;0;0;390375,421099999919534;5624612,889000000432134;7,445589810000058;50,762917896000033;1
50709;5230907404102096975;5;7;66;48;2023;9;5;5;3;3;6;2;0;1;1;0;0;0;0;481045,570799999870360;5763890,460100000724196;8,723743650000074;52,025320523000062;1
50717;5230829506100985034;5;1;16;0;2023;8;7;3;3;3;2;0;0;1;1;0;0;0;0;321004,240699999965727;5672668,687999999150634;6,439139972000021;51,177386880000029;1
50720;5230829506100089865;5;1;16;0;2023;8;7;3;3;3;2;0;0;1;1;0;0;0;0;320341,447900000028312;5675093,958699999377131;6,428454754000029;51,198965596000050;1
50732;5230829502232186683;5;1;13;0;2023;8;17;3;3;1;5;0;0;1;1;0;0;0;0;366449,936300000175834;5695726,567199999466538;7,080244184000037;51,397031502000061;1
50736;5230829501111985024;5;1;12;0;2023;8;14;3;3;7;7;0;0;1;0;0;0;0;0;346389,211299999617040;5709748,590900000184774;6,786000963000049;51,517944246000070;1
50739;5230901709110687268;5;5;66;8;2023;9;20;6;3;5;3;2;0;1;0;0;0;0;0;398524,031700000166893;5781206,372999999672174;7,516113112000028;52,171995863000063;1
50743;5230829500200070420;5;1;11;0;2023;8;13;3;3;0;3;0;0;1;0;0;0;0;1;347247,889800000004470;5681258,390499999746680;6,810624777000044;51,262184378000029;1
50744;5230829500100787395;5;1;11;0;2023;8;9;3;3;3;6;0;0;1;0;0;0;0;0;346298,048000000417233;5675875,511800000444055;6,799331542000061;51,213561290000030;1
50745;5230829500100696794;5;1;11;0;2023;8;17;3;3;6;7;0;0;1;0;1;0;0;0;345705,112999999895692;5675782,505999999120831;6,790888800000062;51,212565691000066;1
50748;5230829410270977093;5;7;70;16;2023;8;11;3;3;3;3;0;0;1;0;0;0;1;0;479824,605999999679625;5790571,867000000551343;8,704364343000066;52,265159756000060;1
50749;5230829410110764047;5;7;70;24;2023;8;6;3;3;0;1;1;0;1;0;0;0;0;0;492933,965499999932945;5795353,156199999153614;8,896358519000046;52,308470650000061;1
50751;5230829406150095700;5;7;58;36;2023;8;7;3;3;0;3;0;0;1;1;0;0;0;0;488358,929600000381470;5775752,150299999862909;8,829928657000039;52,132168285000034;1
50753;5230829406110682116;5;7;58;12;2023;8;7;3;3;3;2;0;0;1;1;0;0;0;0;477030,573900000192225;5775795,244100000709295;8,664425354000059;52,132200939000029;1
50754;5230829405108678040;5;7;54;8;2023;8;16;3;3;5;3;0;0;1;1;0;0;0;0;456977,974999999627471;5753229,058000000193715;8,374317107000024;51,928125081000076;1
50755;5230911702100365913;5;5;15;0;2023;9;17;2;3;5;2;0;0;1;1;0;0;0;0;407013,517599999904633;5757123,696200000122190;7,646775073000072;51,957028587000082;1
50756;5230829404301376140;5;7;66;44;2023;8;13;3;3;5;3;0;1;1;0;0;0;0;1;498953,159099999815226;5762660,366000000387430;8,984746207000057;52,014583709000078;1
50759;5230911702100974772;5;5;15;0;2023;9;9;2;3;2;7;0;0;1;1;0;0;0;0;406095,577100000344217;5757376,135800000280142;7,633351441000059;51,959143374000064;1
50761;5230830302100085271;5;9;14;0;2023;8;13;4;3;0;3;0;0;1;1;0;0;0;0;389583,285500000230968;5693273,614600000903010;7,413392986000076;51,379957887000046;1
50763;5230829400300472207;5;7;11;0;2023;8;16;3;3;5;3;0;0;1;1;0;0;0;0;465484,349000000394881;5755613,092000000178814;8,497782942000072;51,950151722000044;1
50764;5230910602900780886;5;3;62;40;2023;9;14;1;3;5;3;0;0;1;1;0;0;0;0;354873,210900000296533;5633129,522299999371171;6,939129603000026;50,831664248000038;1
50766;5230829400100570382;5;7;11;0;2023;8;8;3;3;5;3;0;0;1;1;0;0;0;0;468337,273900000378489;5770868,953500000759959;8,537881489000029;52,087481380000042;1
50767;5230829316400985013;5;9;74;44;2023;8;15;3;3;5;7;0;0;1;1;0;0;0;0;456780,128999999724329;5700654,029999999329448;8,377953656000045;51,455413116000045;1
50768;5230911301101685391;5;9;13;0;2023;9;6;2;3;4;2;0;0;1;1;0;0;0;0;394031,375500000081956;5708211,246999999508262;7,472810370000047;51,515074420000076;1
50771;5230904410110984820;5;7;70;24;2023;9;13;2;3;0;6;0;0;1;0;0;0;0;0;493265,820899999700487;5792763,821200000122190;8,901277795000055;52,285195429000055;1
50776;5230829315110985014;5;9;70;40;2023;8;17;3;3;5;3;0;0;1;1;0;0;0;0;428740,567099999636412;5632028,577299999073148;7,988030424000044;50,835576525000079;1
50779;5230906515210984736;5;1;54;12;2023;9;8;4;3;5;3;0;0;1;1;0;0;0;0;308854,063000000081956;5713073,938999999314547;6,243808044000048;51,536359536000077;1
50782;5230829310210489295;5;9;54;24;2023;8;21;3;3;5;2;2;0;1;1;0;0;0;0;381116,516300000250340;5683988,665100000798702;7,294887371000073;51,294794852000052;1
50785;5230904513110645573;5;1;62;16;2023;9;14;2;3;5;2;0;0;1;1;0;0;0;0;331731,879900000058115;5675672,705299999564886;6,591060806000030;51,207633316000056;1
50790;5230909516300984524;5;1;58;28;2023;9;16;7;2;8;1;0;0;1;0;0;0;0;0;350748,765700000338256;5684392,292899999767542;6,859455509000043;51,291272318000040;1
50794;5230829301304966105;5;9;13;0;2023;8;16;3;3;0;7;0;0;1;0;0;0;0;0;402443,910699999891222;5709628,095200000330806;7,593616128000065;51,529325914000026;1
50795;5230829301301485575;5;9;78;24;2023;8;16;3;1;9;1;0;0;1;1;0;0;0;0;398993,985399999655783;5715956,508999999612570;7,542080501000044;51,585603697000067;1
50802;5230829300600173238;5;9;16;0;2023;8;12;3;3;5;3;0;0;1;1;0;0;0;0;377179,484899999573827;5710962,509600000455976;7,229102664000038;51,536388859000056;1
50805;5230828711300753522;5;5;70;8;2023;8;14;2;3;1;5;0;0;1;1;0;0;0;0;432531,613800000399351;5734583,620799999684095;8,022469471000022;51,758078467000075;1
50806;5230828711200626207;5;5;70;40;2023;8;14;2;3;0;6;0;0;1;0;0;0;0;0;411493,719999999739230;5749167,691500000655651;7,714002319000031;51,886244742000031;1
50815;5230828702100079224;5;5;15;0;2023;8;14;2;3;6;7;0;0;1;0;1;0;0;0;406396,240500000305474;5757668,941999999806285;7,637646047000032;51,961825952000027;1
50816;5230828702100070632;5;5;15;0;2023;8;18;2;3;2;6;0;0;1;1;0;0;0;1;405586,827300000004470;5756860,978900000452995;7,626091158000065;51,954426765000051;1
50819;5230828700000082310;5;5;13;0;2023;8;13;2;2;4;2;0;0;1;1;0;0;0;0;361833,035000000149012;5717349,369999999180436;7,005454363000069;51,590235078000035;1
50822;5230828608404032811;5;3;34;4;2023;8;14;2;2;5;3;0;0;1;1;0;0;0;0;303095,307300000451505;5637708,437599999830127;6,202210192000052;50,857499726000071;1
50825;5230828608100894894;5;3;34;2;2023;8;20;2;2;0;1;1;0;1;0;0;0;0;0;294611,799300000071526;5623063,013699999079108;6,090017138000064;50,723016321000046;1
50826;5230828608100085695;5;3;34;2;2023;8;7;2;2;5;3;0;0;1;1;0;0;0;0;295045,637699999846518;5627181,890399999916553;6,093864683000049;50,760162479000030;1
50829;5230828605132181677;5;3;74;32;2023;8;15;2;3;2;2;0;0;1;1;0;0;0;0;400126,639999999664724;5643549,528999999165535;7,578643797000041;50,934918324000080;1
50834;5230828602400090348;5;3;62;32;2023;8;17;2;3;0;3;0;0;1;1;0;0;0;0;343310,127000000327826;5635216,695000000298023;6,774163138000063;50,847405080000044;1
50835;5230909405228587287;5;7;54;28;2023;9;22;7;3;0;1;2;0;1;0;0;0;0;0;452654,121799999848008;5741579,262599999085069;8,313036600000032;51,823036582000043;1
50844;5230828601200857520;5;3;15;0;2023;8;11;2;3;3;6;0;0;1;0;0;0;0;1;353077,100899999961257;5643806,529699999839067;6,909350995000068;50,927162281000051;1
50846;5230828600110093540;5;3;14;0;2023;8;7;2;3;0;1;0;0;1;0;0;0;0;0;366346,833399999886751;5622365,680099999532104;7,105875428000047;50,737683038000057;1
50851;5230828518100774210;5;1;70;48;2023;8;12;2;3;5;3;0;0;1;1;0;0;0;0;335783,235000000335276;5725801,824799999594688;6,625762817000066;51,659181419000049;1
50852;5230828516300485464;5;1;58;28;2023;8;15;2;3;5;3;0;0;1;1;0;0;0;0;348642,435100000351667;5684111,699699999764562;6,829388784000059;51,288195097000028;1
50853;5230828515111055230;5;1;54;8;2023;8;16;2;3;4;6;0;0;1;0;0;0;0;0;309568,490899999625981;5746175,853299999609590;6,236039231000063;51,833890588000031;1
50864;5230911702100078892;5;5;15;0;2023;9;15;2;3;5;3;0;0;1;1;0;0;0;0;404765,481599999591708;5759088,253499999642372;7,613524956000049;51,974306308000052;1
50866;5230905500100400326;5;1;11;0;2023;9;12;3;3;6;7;0;0;1;0;1;0;0;0;346661,171099999919534;5676223,336899999529123;6,804377838000050;51,216784313000062;1
50867;5230828506100985050;5;1;16;0;2023;8;15;2;2;0;1;0;0;1;0;0;0;0;0;324525,014299999922514;5671700,704800000414252;6,489931173000059;51,169782179000038;1
50868;5230828503400665960;5;1;22;0;2023;8;15;2;2;8;1;0;0;1;0;0;0;0;0;362410,765999999828637;5672552,131999999284744;7,031148991000066;51,187804354000036;1
50872;5230828502350081591;5;1;13;0;2023;8;20;2;3;0;7;1;0;1;0;0;0;0;0;360897,041799999773502;5706479,992100000381470;6,996247328000038;51,492330927000069;1
50874;5230828502249677753;5;1;13;0;2023;8;17;2;3;3;6;0;0;1;1;0;0;0;0;356097,951999999582767;5691743,892000000923872;6,933149863000040;51,358711741000036;1
50876;5230828502200196604;5;1;13;0;2023;8;18;2;3;5;3;0;0;1;1;0;0;0;0;362122,196700000204146;5699525,338500000536442;7,016595944000073;51,430133805000025;1
50878;5230828501318796024;5;1;12;0;2023;8;20;2;3;6;4;0;0;1;0;1;0;0;0;343838,881900000385940;5698799,388199999928474;6,754110633000039;51,418868090000046;1
50879;5230828709110756196;5;5;66;12;2023;8;1;2;2;0;1;2;0;1;0;0;0;0;0;404398,036999999545515;5772425,982000000774860;7,604448968000042;52,094125973000075;1
50880;5230828501113078955;5;1;12;0;2023;8;8;2;3;5;2;0;0;1;1;0;0;0;0;345719,270999999716878;5706869,663000000640750;6,777612170000054;51,491894666000064;1
50881;5230828501112228103;5;1;12;0;2023;8;23;2;3;5;2;2;0;1;1;0;0;0;0;343449,209999999962747;5709152,024000000208616;6,743926541000064;51,511777174000031;1
50895;5230828405232187175;5;7;54;32;2023;8;16;2;3;5;3;0;0;1;1;0;0;0;0;464289,777999999932945;5740628,941999999806285;8,481953091000037;51,815357262000077;1
50896;5230908410230386992;5;7;70;4;2023;9;7;6;3;5;2;0;0;1;1;0;0;0;0;488103,013199999928474;5786911,561699999496341;8,825798263000024;52,232493055000077;1
50904;5230922702100356497;5;5;15;0;2023;9;9;6;3;3;6;0;0;1;0;0;0;0;0;405539,882399999536574;5754514,288699999451637;7,626052951000077;51,933325672000080;1
50905;5230922702100342371;5;5;15;0;2023;9;14;6;3;5;3;0;0;1;1;0;0;0;0;403932,297500000335276;5759354,321399999782443;7,601324426000076;51,976554403000080;1
50907;5230922702100051184;5;5;15;0;2023;9;13;6;3;3;6;0;0;1;0;0;0;0;0;404193,800300000235438;5756376,028899999335408;7,605961341000068;51,949829616000045;1
50909;5230922701400871200;5;5;12;0;2023;9;14;6;3;5;2;0;0;1;1;0;0;0;0;356547,516499999910593;5709468,813300000503659;6,932420755000066;51,518101284000068;1
50912;5230922701110248525;5;5;62;32;2023;9;11;6;3;6;4;0;0;1;0;1;0;0;0;374659,259300000034273;5719346,235300000756979;7,189792550000050;51,611180540000078;1