OID_;UIDENTSTLAE;ULAND;UREGBEZ;UKREIS;UGEMEINDE;UJAHR;UMONAT;USTUNDE;UWOCHENTAG;UKATEGORIE;UART;UTYP1;ULICHTVERH;IstStrassenzustand;IstRad;IstPKW;IstFuss;IstKrad;IstGkfz;IstSonstige;LINREFX;LINREFY;XGCSWGS84;YGCSWGS84;PLST
50913;5230922700000099244;5;5;13;0;2023;9;10;6;3;0;7;0;0;1;0;0;0;0;0;363915,036600000225008;5710215,645899999886751;7,038251534000040;51,526635613000053;1
50919;5230922608200663895;5;3;34;2;2023;9;15;6;3;5;3;0;0;1;1;0;0;0;0;297209,792999999597669;5630889,468000000342727;6,122465301000034;50,794222292000029;1
50921;5230922607300090856;5;3;82;76;2023;9;16;6;3;5;3;0;0;1;1;0;0;0;0;398914,567200000397861;5628772,635500000789762;7,565483571000073;50,801864710000075;1
50927;5230922602800882254;5;3;62;12;2023;9;17;6;3;0;1;0;1;1;0;0;0;0;0;350307,381699999794364;5629940,364299999549985;6,875640702000055;50,801841844000080;1
50933;5230922601600867830;5;3;15;0;2023;9;8;6;3;5;3;0;0;1;1;0;0;0;0;365142,877999999560416;5636353,317999999970198;7,083686349000061;50,863122643000054;1
50936;5230922601300826691;5;3;15;0;2023;9;17;6;2;5;3;0;1;1;1;0;0;0;0;350268,975300000049174;5648788,607999999076128;6,867373251000060;50,971210972000051;1
50938;5230922600140086243;5;3;14;0;2023;9;11;6;3;5;3;0;0;1;1;0;0;0;0;366965,381299999542534;5624987,343800000846386;7,113689347000047;50,761388607000072;1
50939;5230922518400983830;5;1;70;8;2023;9;10;6;3;0;6;0;0;1;0;0;0;0;0;344956,622600000351667;5714908,551599999889731;6,763096925000070;51,563914167000064;1
50947;5230922514113096067;5;1;66;32;2023;9;21;6;3;5;3;2;1;1;1;0;0;0;0;316723,401999999769032;5684771,519999999552965;6,371772793000048;51,284746983000048;1
50951;5230922513310081531;5;1;62;8;2023;9;17;6;3;5;3;0;1;1;1;0;0;0;0;330629,662399999797344;5664701,311699999496341;6,580460718000040;51,108738212000048;1
50952;5230922513210371835;5;1;62;24;2023;9;7;6;3;5;3;0;0;1;0;0;1;0;0;337402,268099999986589;5675723,069499999284744;6,672142597000061;51,209728161000044;1
50953;5230922513110195447;5;1;62;16;2023;9;12;6;3;6;6;0;0;1;0;1;0;0;0;334662,253700000233948;5678179,429500000551343;6,631817617000024;51,231010668000067;1
50970;5230922501320785941;5;1;12;0;2023;9;17;6;3;0;7;0;0;1;0;0;0;0;0;337037,243999999947846;5691370,669999999925494;6,659784766000030;51,350211294000076;1
50977;5230922500300500911;5;1;11;0;2023;9;9;6;3;0;1;0;0;1;0;0;0;0;0;348701,602900000289083;5674546,318299999460578;6,834279022000032;51,202259368000057;1
50978;5230922500300041000;5;1;11;0;2023;9;17;6;3;0;1;0;1;1;0;0;0;0;0;353743,075000000186265;5666729,369000000879169;6,909570703000043;51,133327356000052;1
50980;5230922500200501718;5;1;11;0;2023;9;17;6;3;0;7;0;0;1;0;0;0;0;1;346453,437900000251830;5677755,142500000074506;6,800749556000028;51,230492569000035;1
50984;5230922410110572275;5;7;70;24;2023;9;20;6;3;0;1;2;0;1;0;0;0;0;0;493736,547500000335276;5794305,066999999806285;8,908149921000074;52,299057565000055;1
50985;5230922406110983828;5;7;58;12;2023;9;13;6;3;0;3;0;0;1;1;0;0;0;0;477508,893199999816716;5774715,602700000628829;8,671484682000028;52,122513975000061;1
50990;5230922317250018551;5;9;78;32;2023;9;7;6;3;4;6;0;1;1;0;0;0;0;0;391677,344899999909103;5729841,841199999675155;7,432213238000031;51,709048059000054;1
50993;5230922316400774238;5;9;74;36;2023;9;11;6;2;8;1;0;0;1;0;0;0;0;0;456947,378999999724329;5712423,934000000357628;8,378923461000056;51,561251273000039;1
51013;5230921709500479180;5;5;66;76;2023;9;7;5;3;0;7;0;0;1;0;0;0;0;0;397089,282999999821186;5787446,627000000327826;7,493244651000055;52,227814715000079;1
51014;5230921709500074705;5;5;66;76;2023;9;16;5;2;0;7;0;1;1;0;1;0;0;0;392697,358699999749660;5790870,092100000008941;7,427879292000057;52,257743879000031;1
51016;5230921706300674761;5;5;58;24;2023;9;15;5;3;5;3;0;0;1;1;0;0;0;0;392065,672299999743700;5736160,684800000861287;7,435871345000066;51,765916750000031;1
51017;5230921706000983662;5;5;58;36;2023;9;22;5;3;0;6;2;0;1;1;0;0;0;0;391190,520800000056624;5731507,477099999785423;7,424649937000027;51,723924577000048;1
51018;5230921705000686830;5;5;54;8;2023;9;14;5;3;5;3;0;0;1;1;0;0;0;0;335201,000000000000000;5742181,865000000223517;6,609598204000065;51,806162143000051;1
51019;5230921705000570526;5;5;54;12;2023;9;11;5;3;0;3;0;0;1;1;0;0;0;0;346969,718000000342727;5744488,489000000059605;6,779140183000038;51,830230942000071;1
51023;5230921702100179127;5;5;15;0;2023;9;9;5;3;5;2;0;0;1;1;0;0;0;0;409886,818699999712408;5761074,069399999454618;7,687540695000052;51,993010120000065;1
51027;5230921701930901202;5;5;62;36;2023;9;16;5;3;0;7;0;0;1;0;0;0;0;0;384293,275700000114739;5719877,062899999320507;7,328688166000063;51,618013950000034;1
51029;5230921610111999636;5;3;70;16;2023;9;14;5;3;5;2;0;1;1;1;0;0;0;0;299377,859400000423193;5659596,267500000074506;6,137397348000036;51,052805283000055;1
51037;5230921606100069817;5;3;78;4;2023;9;16;5;3;5;3;0;0;1;1;0;0;0;0;366794,511900000274181;5645819,190300000831485;7,103687817000036;50,948582178000038;1
51047;5230921601600199110;5;3;15;0;2023;9;11;5;3;0;1;0;0;1;0;0;0;0;0;360481,548100000247359;5645014,591800000518560;7,014181146000055;50,939857731000075;1
51051;5230921518200983860;5;1;70;24;2023;9;17;5;3;5;2;0;1;1;1;0;0;0;0;336963,877000000327826;5703588,422000000253320;6,653117115000043;51,459958719000042;1
51061;5230921513210295734;5;1;62;24;2023;9;21;5;3;0;1;2;1;1;0;0;0;0;0;341294,597400000318885;5666306,740299999713898;6,731976007000071;51,126215645000059;1
51064;5230921506100491535;5;1;16;0;2023;9;16;5;2;0;1;0;1;1;0;0;0;0;0;319753,569600000046194;5674653,145700000226498;6,420270579000032;51,194820598000035;1
51070;5230921503100983860;5;1;24;0;2023;9;17;5;3;0;3;0;1;1;1;0;0;0;0;370285,231999999843538;5679452,265000000596046;7,141267732000074;51,251660230000027;1
51071;5230921502409591264;5;1;17;0;2023;9;11;5;3;1;7;0;0;1;1;0;0;0;0;350454,184000000357628;5699605,887000000104308;6,848837069000069;51,427898613000082;1
51081;5230921500200381618;5;1;11;0;2023;9;16;5;3;0;7;1;1;1;0;0;0;0;1;347657,401600000448525;5680888,305500000715256;6,816647292000027;51,258968539000080;1
51082;5230921411224983893;5;7;74;24;2023;9;8;5;3;5;2;0;0;1;1;0;0;0;0;476482,509800000116229;5741035,792799999937415;8,658800724000059;51,819661397000061;1
51084;5230921410110087125;5;7;70;24;2023;9;19;5;3;0;1;2;0;1;0;0;0;0;0;489341,706600000150502;5795347,631200000643730;8,843669200000022;52,308362998000064;1
51085;5230921407113983865;5;7;62;20;2023;9;18;5;3;0;3;1;0;1;1;0;0;0;0;529996,435600000433624;5742801,831000000238419;9,435348328000032;51,835229535000053;1
51092;5230921400100050984;5;7;11;0;2023;9;15;5;3;5;3;0;0;1;1;0;0;0;0;470277,735000000335276;5767204,099999999627471;8,566520869000044;52,054639792000046;1
51095;5230921315120547893;5;9;70;16;2023;9;6;5;3;0;1;2;0;1;0;0;0;0;0;424715,815000000409782;5642774,926599999889731;7,928670659000034;50,931688533000056;1
51096;5230921314120199888;5;9;66;8;2023;9;14;5;3;0;6;0;0;1;1;0;0;0;0;414266,366999999620020;5652866,342499999329448;7,777624070000059;51,020956652000052;1
51106;5230921301301983878;5;9;78;24;2023;9;15;5;3;5;3;0;0;1;1;0;0;0;0;398036,235000000335276;5720817,752000000327826;7,526847429000043;51,629126929000051;1
51113;5230920709500579092;5;5;66;16;2023;9;15;4;3;5;2;0;0;1;1;0;0;0;0;404004,087500000372529;5794570,404200000688434;7,592426622000062;52,293090912000082;1
51114;5230920709110180992;5;5;66;12;2023;9;18;4;3;0;3;0;0;1;1;0;0;0;0;403995,792999999597669;5772307,733999999240041;7,598612409000054;52,092993503000059;1
51115;5230920706300495025;5;5;58;44;2023;9;20;4;2;5;3;2;0;1;1;0;0;0;0;395318,989000000059605;5746226,217000000178814;7,479957476000038;51,857004357000051;1
51117;5230920705000368648;5;5;54;4;2023;9;11;4;3;5;3;0;0;1;1;0;0;0;0;360589,548000000417233;5772763,689200000837445;6,965183711000066;52,087859322000043;1
51121;5230920702100983912;5;5;15;0;2023;9;16;4;3;0;7;0;0;1;0;0;0;0;0;404140,093700000084937;5754029,603499999269843;7,605834159000040;51,928729785000030;1
51122;5230920702100874736;5;5;15;0;2023;9;8;4;3;3;2;0;0;1;1;0;0;0;0;406952,549999999813735;5758304,254000000655651;7,645568246000039;51,967629835000082;1
51123;5230920702100676693;5;5;15;0;2023;9;16;4;3;3;6;0;0;1;0;0;0;0;0;405555,718000000342727;5754440,066099999472499;7,626303588000042;51,932661211000038;1
51125;5230920702100391836;5;5;15;0;2023;9;12;4;3;5;3;0;0;1;1;0;0;0;0;403025,999599999748170;5758697,304800000041723;7,588319332000026;51,970491540000069;1
51128;5230920701110589476;5;5;62;32;2023;9;16;4;3;5;3;0;0;1;1;0;0;0;0;375957,473100000061095;5717036,993200000375509;7,209348511000030;51,590714503000072;1
51131;5230920609236977066;5;3;58;36;2023;9;14;4;3;5;3;0;0;1;1;0;0;0;0;308871,779500000178814;5653240,566899999976158;6,276044810000030;50,998954357000059;1
51135;5230920608200980781;5;3;34;2;2023;9;20;4;3;5;2;1;0;1;1;0;0;0;0;296440,488199999555945;5623971,957900000736117;6,115389532000052;50,731823425000073;1
51136;5230920608100499600;5;3;34;2;2023;9;17;4;2;3;2;0;0;1;1;0;0;0;0;289166,043600000441074;5631746,432199999690056;6,007997958000033;50,799048800000037;1
51137;5230920607100390880;5;3;82;40;2023;9;15;4;3;5;3;0;0;1;1;0;0;0;0;382519,127299999818206;5633074,374299999326468;7,331533936000028;50,837440668000056;1
51138;5230920606700983932;5;3;78;16;2023;9;12;4;3;0;3;0;0;1;1;0;0;0;0;360984,719299999997020;5663497,426799999549985;7,014252115000033;51,106085941000060;1
51139;5230920606700086370;5;3;78;8;2023;9;11;4;3;5;3;0;0;1;1;0;0;0;0;365751,200100000016391;5661194,309900000691414;7,083153138000057;51,086523271000033;1
51140;5230920606400999137;5;3;78;24;2023;9;13;4;2;5;2;0;0;1;0;0;0;0;1;379100,560800000093877;5643873,618300000205636;7,279433559000040;50,933806944000025;1
51144;5230920605108490310;5;3;74;8;2023;9;14;4;3;4;7;0;0;1;0;0;0;0;0;386666,741700000129640;5649421,980699999257922;7,385335530000020;50,985217686000055;1
51147;5230920602500983902;5;3;62;24;2023;9;18;4;3;0;1;0;0;1;0;0;0;0;0;346233,806499999947846;5641420,976999999955297;6,813053492000051;50,903942129000029;1
51150;5230920601600786532;5;3;15;0;2023;9;16;4;3;1;5;0;0;1;1;0;0;0;0;362004,087299999780953;5643997,045900000259280;7,036223667000058;50,931079119000060;1
51153;5230920601100983901;5;3;15;0;2023;9;16;4;3;0;5;0;0;1;1;1;0;0;0;355023,744500000029802;5644790,975099999457598;6,936639990000060;50,936501767000038;1
51154;5230920601100790320;5;3;15;0;2023;9;19;4;3;5;3;1;0;1;1;0;0;0;0;357087,496500000357628;5643101,771500000730157;6,966654437000045;50,921836127000063;1
51156;5230920601300983936;5;3;15;0;2023;9;9;4;3;6;6;0;0;1;0;1;0;0;0;353993,453800000250340;5644849,448899999260902;6,921963327000071;50,936767324000073;1
51157;5230920600340590908;5;3;82;64;2023;9;16;4;3;0;7;0;0;1;0;0;0;0;0;354105,656999999657273;5617660,731000000610948;6,934369672000059;50,692453242000056;1
51158;5230920600110983867;5;3;14;0;2023;9;18;4;3;5;3;0;0;1;1;0;0;0;0;364737,848199999891222;5623486,348999999463558;7,082675095000070;50,747382936000065;1
51161;5230920518110473370;5;1;70;12;2023;9;8;4;3;5;2;0;0;1;0;0;0;0;1;334169,814199999906123;5734615,433900000527501;6,598267728000053;51,737885063000078;1
51163;5230920516700986840;5;1;58;8;2023;9;14;4;3;5;3;0;0;1;1;0;0;0;0;359839,411999999545515;5672641,028000000864267;6,994343125000057;51,187978468000040;1
51175;5230920505100983943;5;1;14;0;2023;9;6;4;3;5;3;0;0;1;1;0;0;0;0;330251,481399999931455;5688539,561300000175834;6,563780354000073;51,322790810000072;1
51178;5230920503100983938;5;1;24;0;2023;9;7;4;3;3;6;0;0;1;1;0;0;0;1;370406,372999999672174;5678805,248999999836087;7,143236894000040;51,245872789000032;1
51180;5230920503100381060;5;1;24;0;2023;9;11;4;3;0;7;0;0;1;0;0;0;0;0;370013,616299999877810;5679367,581599999219179;7,137408610000023;51,250837302000036;1
51181;5230920502321075755;5;1;13;0;2023;9;12;4;3;0;7;0;0;1;0;0;0;0;0;357166,503999999724329;5703304,812000000849366;6,943830189000039;51,462868788000037;1
51182;5230920502208860600;5;1;13;0;2023;9;15;4;3;0;1;0;0;1;0;0;0;0;0;358117,237999999895692;5701635,595000000670552;6,958176748000028;51,448108196000078;1
51184;5230920501211148473;5;1;12;0;2023;9;7;4;3;5;3;2;0;1;1;0;0;0;0;340849,283999999985099;5697464,714999999850988;6,711750151000047;51,406045091000067;1
51186;5230920500200570420;5;1;11;0;2023;9;8;4;3;5;3;0;0;1;1;0;0;0;0;346642,291000000201166;5677791,635999999940395;6,803436750000060;51,230871260000072;1
51193;5230920405232983920;5;7;54;32;2023;9;16;4;3;5;3;0;0;1;1;0;0;0;0;461935,453399999998510;5745562,170600000768900;8,447257817000036;51,859555486000033;1
51195;5230920400100983925;5;7;11;0;2023;9;8;4;3;5;3;0;0;1;1;0;0;0;0;467322,127000000327826;5763807,350999999791384;8,523741524000059;52,023934599000029;1
51199;5230920317120918703;5;9;78;16;2023;9;19;4;3;0;1;0;0;1;0;0;0;0;0;403921,455199999734759;5706275,686000000685453;7,615823707000061;51,499444211000082;1
51200;5230920316100084905;5;9;74;40;2023;9;19;4;3;4;2;1;0;1;1;0;0;0;0;438883,616000000387430;5713012,866000000387430;8,118261751000034;51,564877834000072;1
51209;5230920300700983918;5;9;16;0;2023;9;16;4;3;2;3;0;0;1;1;0;0;0;0;373779,059600000269711;5709470,019700000062585;7,180634494000060;51,522225565000042;1
51211;5230920300200872452;5;9;11;0;2023;9;18;4;3;0;1;0;0;1;0;0;0;0;0;371134,779000000096858;5701249,947000000625849;7,145540751000055;51,447754394000071;1
51215;5230919711200983988;5;5;70;40;2023;9;9;3;3;5;3;0;0;1;1;0;0;0;0;413032,492800000123680;5745101,798100000247359;7,737378744000068;51,849938711000050;1
51217;5230919709500261952;5;5;66;76;2023;9;12;3;3;0;1;0;0;1;0;0;0;0;0;396215,274000000208616;5792606,461999999359250;7,478867152000021;52,274024229000077;1
51218;5230919709110983984;5;5;66;8;2023;9;10;3;3;0;7;0;0;1;0;0;0;0;0;400952,258999999612570;5779509,896999999880791;7,552103784000053;52,157189424000080;1
51219;5230919709110983977;5;5;66;12;2023;9;13;3;3;0;2;0;0;1;0;0;0;1;0;403990,188900000415742;5772306,240900000557303;7,598531053000045;52,092979111000034;1
51230;5230919702100329632;5;5;15;0;2023;9;9;3;3;3;7;0;0;1;1;0;0;0;0;405750,737399999983609;5755697,669399999082088;7,628794645000028;51,943998209000029;1
51231;5230919702100062000;5;5;15;0;2023;9;13;3;1;5;3;0;0;1;1;0;0;0;0;404454,271999999880791;5759075,742699999362230;7,608999124000036;51,974140437000074;1
51236;5230919610111871704;5;3;70;16;2023;9;7;3;3;4;1;0;0;1;0;0;0;0;0;299818,932500000111759;5659672,177799999713898;6,143640501000050;51,053640936000079;1
51240;5230919608312589916;5;3;34;12;2023;9;17;3;3;5;3;0;0;1;1;0;0;0;0;306034,159799999557436;5633731,603800000622869;6,246020972000053;50,822771496000030;1
51246;5230919607400195348;5;3;82;68;2023;9;16;3;3;0;1;0;0;1;0;0;0;0;0;370399,104600000195205;5630357,599300000816584;7,160455560000059;50,810434614000030;1
51247;5230919607100393380;5;3;82;60;2023;9;13;3;3;5;3;0;0;1;1;0;0;0;0;373061,778400000184774;5629808,132200000807643;7,198419197000021;50,806085447000044;1
51249;5230919606700095812;5;3;78;16;2023;9;6;3;3;4;6;1;0;1;0;0;1;0;0;366598,325199999846518;5663808,064699999988079;7,094275671000048;51,110211694000043;1
51250;5230919606400581300;5;3;78;28;2023;9;14;3;3;3;7;0;0;1;0;0;0;1;0;371892,237999999895692;5639717,537000000476837;7,178362394000033;50,894895634000079;1
51251;5230919606100899178;5;3;78;4;2023;9;11;3;3;0;1;0;0;1;0;0;0;0;0;369893,769899999722838;5647148,544600000604987;7,147308708000025;50,961238119000029;1
51257;5230919601700181836;5;3;16;0;2023;9;15;3;3;5;2;0;0;1;1;0;0;0;0;360286,656700000166893;5655093,863800000399351;7,007533617000036;51,030393880000076;1
51260;5230919601500983967;5;3;15;0;2023;9;14;3;3;5;2;0;0;1;0;0;0;0;1;361595,474999999627471;5649975,071200000122190;7,028139096000075;50,984707169000046;1
51263;5230919601200979467;5;3;15;0;2023;9;12;3;3;0;1;0;0;1;0;0;0;0;0;353530,577499999664724;5644164,653200000524521;6,915655311000023;50,930495929000074;1
51271;5230919514219385984;5;1;66;36;2023;9;16;3;3;4;3;0;0;1;0;0;0;0;1;327052,576600000262260;5679943,167500000447035;6,522077216000071;51,244600463000040;1
51272;5230919514113596067;5;1;66;32;2023;9;6;3;3;5;3;1;0;1;1;0;0;0;0;317265,280799999833107;5684974,959799999371171;6,379430650000074;51,286748492000072;1
51278;5230919505200979068;5;1;14;0;2023;9;14;3;3;5;3;0;0;1;1;0;0;0;0;333747,888899999670684;5692540,916400000452995;6,612044983000033;51,359772222000061;1
51280;5230919503100983986;5;1;24;0;2023;9;9;3;3;3;2;0;0;1;1;0;0;0;0;371736,481399999931455;5680117,221799999475479;7,161813319000032;51,257964781000055;1
51282;5230919502210185377;5;1;13;0;2023;9;17;3;3;3;6;0;0;1;1;0;0;0;0;366659,738199999555945;5696800,508199999108911;7,082854614000041;51,406732190000071;1
51287;5230919501134791416;5;1;12;0;2023;9;16;3;3;5;3;0;0;1;1;0;0;0;0;343416,883999999612570;5710513,021999999880791;6,742856422000045;51,523996401000034;1
51292;5230919500100576166;5;1;11;0;2023;9;15;3;3;2;6;0;0;1;1;0;0;0;0;346129,015700000338256;5676998,965600000694394;6,796431188000042;51,223610572000041;1
51293;5230919411232983948;5;7;74;32;2023;9;21;3;3;0;1;2;0;1;0;0;0;0;0;480129,029900000430644;5732056,245300000533462;8,712218896000024;51,739066214000047;1
51294;5230919410110695827;5;7;70;24;2023;9;11;3;3;5;6;0;0;1;0;0;0;0;0;492554,842799999751151;5794064,049200000241399;8,890826233000041;52,296875951000061;1
51298;5230919606000086582;5;3;78;12;2023;9;15;3;3;4;6;0;0;1;0;0;0;0;0;373528,651300000026822;5652428,770300000905991;7,197203199000057;51,009506522000038;1
51299;5230919405108983962;5;7;54;8;2023;9;17;3;3;5;3;0;0;1;1;0;0;0;0;458343,594800000078976;5747776,422800000756979;8,394835659000023;51,879206476000036;1
51303;5230919400300076156;5;7;11;0;2023;9;14;3;3;3;2;0;0;1;1;0;0;0;0;467035,228299999609590;5756918,158999999985099;8,520222780000040;51,961979286000030;1
51307;5230919315110986667;5;9;70;40;2023;9;13;3;3;0;3;0;0;1;1;0;0;0;0;430555,553999999538064;5636551,402000000700355;8,012943168000049;50,876463654000077;1
51311;5230919313240213630;5;9;58;40;2023;9;12;3;3;5;3;0;0;1;1;0;0;0;0;451658,138000000268221;5668366,006999999284744;8,308617190000064;51,164685582000061;1
51314;5230919313110684924;5;9;58;4;2023;9;7;3;3;5;3;0;0;1;1;0;0;0;0;429853,404500000178814;5695900,548399999737740;7,991401842000073;51,409981099000049;1
51315;5230919310230573220;5;9;54;12;2023;9;13;3;3;5;3;0;0;1;1;0;0;0;0;382778,181900000199676;5686254,146999999880791;7,317964700000061;51,315501878000077;1
51317;5230919307000999523;5;9;62;28;2023;9;13;3;3;5;3;0;0;1;1;0;0;0;0;402073,198400000110269;5664751,645099999383092;7,600608412000042;51,125854508000032;1
51323;5230919307000983964;5;9;62;24;2023;9;15;3;3;0;1;0;0;1;0;0;0;0;0;409024,019799999892712;5694572,306700000539422;7,692322785000044;51,395081507000043;1
51326;5230919300700193137;5;9;16;0;2023;9;18;3;3;5;2;0;0;1;1;0;0;0;0;373700,341599999926984;5711298,935900000855327;7,178844547000040;51,538644687000044;1
51331;5230919300000599363;5;9;54;36;2023;9;14;3;3;5;3;0;0;1;1;0;0;0;0;381472,234500000253320;5696372,294800000265241;7,295861912000021;51,406172917000049;1
51336;5230918709500984037;5;5;66;76;2023;9;7;2;3;4;6;0;1;1;0;0;0;0;0;394025,586000000126660;5791835,425000000745058;7,447028608000039;52,266677039000058;1
51337;5230918709300481015;5;5;66;84;2023;9;10;2;2;5;2;0;0;1;1;0;0;0;0;390991,744500000029802;5775947,902400000020862;7,407699778000051;52,123300136000069;1
51339;5230918705000984011;5;5;54;4;2023;9;15;2;3;0;7;0;0;1;0;0;0;0;0;359856,509200000204146;5775280,188799999654293;6,953456768000024;52,110285135000026;1
51343;5230918701400984038;5;5;12;0;2023;9;8;2;3;0;7;0;0;1;0;0;0;0;0;357063,338999999687076;5710636,381799999624491;6,939376441000036;51,528723661000072;1
51347;5230918610222938446;5;3;70;36;2023;9;6;2;3;5;3;1;1;1;0;0;0;0;1;300551,247299999929965;5664047,188599999994040;6,151662876000046;51,093188866000048;1
51353;5230918608436271804;5;3;34;36;2023;9;16;2;3;5;3;0;0;1;1;0;0;0;0;298830,696499999612570;5632493,164200000464916;6,144556406000049;50,809190871000055;1
51358;5230918608100999655;5;3;34;2;2023;9;7;2;3;0;1;0;0;1;1;0;0;0;0;295149,707499999552965;5627949,691400000825524;6,094910975000062;50,767095070000039;1
51360;5230918606000281774;5;3;78;4;2023;9;8;2;3;4;6;0;0;1;0;0;0;0;0;368114,143000000156462;5649956,517999999225140;7,120963093000057;50,986070740000059;1
51366;5230918602500592585;5;3;62;24;2023;9;16;2;3;5;2;0;0;1;1;0;0;0;0;344227,441599999554455;5645235,305199999362230;6,782911479000063;50,937679438000032;1
51367;5230918602300199857;5;3;62;36;2023;9;15;2;1;3;2;0;0;1;0;0;0;1;0;345472,258100000210106;5652079,425599999725819;6,797707077000041;50,999514986000065;1
51370;5230918601600984040;5;3;15;0;2023;9;8;2;3;5;3;0;0;1;1;0;0;0;0;365148,024000000208616;5637065,695499999448657;7,083496843000034;50,869526459000042;1
51381;5230918600380743196;5;3;14;0;2023;9;20;2;3;5;3;2;1;1;1;0;0;0;0;368555,230000000447035;5615269,822000000625849;7,139681293000024;50,674408066000069;1
51383;5230918600360433847;5;3;82;12;2023;9;9;2;3;7;7;0;0;1;0;0;0;0;0;353861,436200000345707;5627374,893500000238419;6,927062671000044;50,779693395000038;1
51386;5230918600110876514;5;3;14;0;2023;9;16;2;3;0;1;0;0;1;0;0;0;0;0;365480,624800000339746;5622935,472200000658631;7,093398789000048;50,742604289000042;1
51388;5230918600110781260;5;3;14;0;2023;9;13;2;3;5;3;0;0;1;0;0;1;0;0;366332,085799999535084;5621966,861700000241399;7,105811186000039;50,734095068000045;1
51390;5230918516500499756;5;1;58;16;2023;9;9;2;3;5;3;0;1;1;1;0;0;0;0;354761,024299999698997;5670324,286100000143051;6,922659401000033;51,165891637000072;1
51391;5230918516300189328;5;1;58;28;2023;9;18;2;3;0;1;1;0;1;0;0;0;0;0;354992,486399999819696;5688888,324500000104308;6,918446698000025;51,332770456000048;1
51397;5230918513320984002;5;1;62;4;2023;9;19;2;3;8;1;1;0;1;0;0;0;0;0;348802,152400000020862;5662767,222100000828505;6,840664531000073;51,096440648000055;1
51398;5230918508000489725;5;1;19;0;2023;9;17;2;3;0;2;0;0;1;1;0;0;0;0;349808,894799999892712;5708360,720300000160933;6,835841989000073;51,506393380000077;1
51399;5230918506100984050;5;1;16;0;2023;9;6;2;3;0;1;1;1;1;0;0;0;0;0;321958,864400000311434;5672890,801899999380112;6,452673066000045;51,179680225000027;1
51400;5230918506100984047;5;1;16;0;2023;9;8;2;3;0;1;1;1;1;0;0;0;0;0;321516,613800000399351;5671704,165699999779463;6,446941419000041;51,168882446000055;1
51403;5230918505200981643;5;1;14;0;2023;9;16;2;3;4;6;0;0;1;0;0;0;0;1;330826,952300000004470;5690731,485200000926852;6,570990576000042;51,342654267000057;1
51405;5230918503200983998;5;1;24;0;2023;9;16;2;2;4;2;0;0;1;1;0;0;0;0;373156,420800000429153;5682802,570499999448657;7,181199052000068;51,282417170000031;1
51408;5230920516600983916;5;1;58;4;2023;9;14;4;3;4;6;0;0;1;0;0;0;0;0;355500,843000000342727;5676195,095000000670552;6,930871160000038;51,218836091000071;1
51409;5230918502405067263;5;1;17;0;2023;9;16;2;3;0;7;0;0;1;0;0;0;0;0;356602,752999999560416;5700993,111999999731779;6,936657345000071;51,441953393000063;1
51418;5230918500300981123;5;1;11;0;2023;9;19;2;2;0;7;2;1;1;0;0;0;0;0;343708,410500000230968;5674524,065799999982119;6,762872459000050;51,200715250000030;1
51420;5230918500200765527;5;1;11;0;2023;9;19;2;2;0;7;1;0;1;0;0;0;0;0;346612,026700000278652;5679815,173100000247359;6,802136915000062;51,249045640000077;1
51421;5230918500200001792;5;1;11;0;2023;9;15;2;3;5;2;0;0;1;0;0;0;0;1;346736,032999999821186;5680513,888000000268221;6,803613140000039;51,255357278000076;1
51424;5230918410110396988;5;7;70;24;2023;9;13;2;3;0;1;0;1;1;0;0;0;0;0;492223,910000000149012;5791171,088999999687076;8,886040279000042;52,270862192000038;1
51425;5230918407311096797;5;7;62;36;2023;9;18;2;3;5;3;0;0;1;1;0;0;0;0;508589,649899999611080;5708231,772500000894070;9,123815595000053;51,525134880000053;1
51428;5230918407101296873;5;7;62;20;2023;9;7;2;3;5;3;0;0;1;1;0;0;0;0;526375,544499999843538;5735929,857799999415874;9,382275512000035;51,773625975000073;1
51430;5230918406110984030;5;7;58;12;2023;9;12;2;3;4;3;0;0;1;0;0;0;0;1;476405,312099999748170;5774383,619899999350309;8,655388604000052;52,119483241000069;1
51431;5230918406110190711;5;7;58;12;2023;9;8;2;3;0;1;0;1;1;0;0;0;0;0;477233,009800000116229;5775480,020500000566244;8,667403915000023;52,129375266000068;1
51436;5230918400300374611;5;7;11;0;2023;9;16;2;3;5;3;0;1;1;1;0;0;0;0;465976,685300000011921;5757383,213999999687076;8,504771025000025;51,966096670000070;1
51441;5230918315110984003;5;9;70;40;2023;9;7;2;3;5;3;0;0;1;1;0;0;0;0;432271,214499999769032;5637002,348600000143051;8,037241634000054;50,880721945000062;1
51447;5230918303200569763;5;9;15;0;2023;9;7;2;3;5;2;0;0;1;1;0;0;0;0;412293,880300000309944;5724992,776399999856949;7,731733364000036;51,669060845000047;1
51452;5230918301204585665;5;9;13;0;2023;9;7;2;3;0;2;0;0;1;1;0;0;0;0;386466,821999999694526;5706311,268500000238419;7,364450046000059;51,496527725000078;1
51454;5230918300600085354;5;9;11;0;2023;9;19;2;3;1;6;1;0;1;1;0;0;0;0;379173,304700000211596;5708508,700999999418855;7,258677964000071;51,514765467000075;1
51455;5230917711200994320;5;5;70;40;2023;9;13;1;3;3;3;0;0;1;0;0;0;0;0;418781,444099999964237;5744277,369899999350309;7,821017708000056;51,843393800000058;1