OID_;UIDENTSTLAE;ULAND;UREGBEZ;UKREIS;UGEMEINDE;UJAHR;UMONAT;USTUNDE;UWOCHENTAG;UKATEGORIE;UART;UTYP1;ULICHTVERH;IstStrassenzustand;IstRad;IstPKW;IstFuss;IstKrad;IstGkfz;IstSonstige;LINREFX;LINREFY;XGCSWGS84;YGCSWGS84;PLST
51456;5230917711200886958;5;5;70;40;2023;9;12;1;3;4;2;0;0;1;1;0;0;0;0;419164,214900000020862;5745277,441999999806285;7,826338985000064;51,852439303000040;1
51460;5230917705000756697;5;5;54;48;2023;9;0;1;2;3;6;2;0;1;0;0;0;0;0;339578,864599999971688;5745555,504599999636412;6,671478810000053;51,837743445000058;1
51461;5230917705000068276;5;5;54;8;2023;9;13;1;3;3;2;0;0;1;0;0;0;0;0;339054,622000000439584;5750981,283999999985099;6,661348745000055;51,886336103000076;1
51463;5230917702100984101;5;5;15;0;2023;9;2;1;3;2;7;2;0;1;0;0;0;0;0;405881,622999999672174;5755883,031999999657273;7,630647529000044;51,945686494000029;1
51464;5230917702100691788;5;5;15;0;2023;9;10;1;2;0;3;0;1;1;0;0;0;0;0;404902,631000000052154;5762243,722999999299645;7,614645972000062;52,002692250000052;1
51467;5230917610221499667;5;3;70;20;2023;9;12;1;3;0;2;0;0;1;1;0;0;0;0;305560,268899999558926;5658954,907800000160933;6,225843826000073;51,049170835000041;1
51468;5230917610221099588;5;3;70;20;2023;9;16;1;3;8;1;0;0;1;0;0;0;0;0;304301,185899999924004;5657837,262000000104308;6,208506543000055;51,038704884000026;1
51472;5230917608324569725;5;3;34;24;2023;9;13;1;3;5;3;0;0;1;1;0;0;0;0;302924,273599999956787;5612801,229000000283122;6,213106320000065;50,633720043000039;1
51486;5230917601300063917;5;3;15;0;2023;9;11;1;3;2;6;0;0;1;0;0;0;0;0;353211,186800000257790;5645208,642599999904633;6,910692904000030;50,939796672000057;1
51491;5230917600110093630;5;3;14;0;2023;9;16;1;3;2;6;0;0;1;1;0;0;0;0;365189,427000000141561;5620898,135999999940395;7,090019047000055;50,724225360000048;1
51492;5230917518320984070;5;1;70;52;2023;9;14;1;3;5;3;0;0;1;1;0;0;0;0;324530,332000000402331;5725787,533999999985099;6,463242406000063;51,655653100000052;1
51493;5230917518300149961;5;1;70;20;2023;9;14;1;3;3;7;0;0;1;1;0;0;0;0;327912,316399999894202;5708865,040999999269843;6,520377796000048;51,504681293000033;1
51497;5230917515212496030;5;1;54;32;2023;9;0;1;3;4;1;2;1;1;0;0;0;0;0;312440,427299999631941;5714311,297399999573827;6,294798977000028;51,548675844000059;1
51498;5230917515210362167;5;1;54;28;2023;9;16;1;2;9;1;0;1;1;0;0;0;0;0;321949,714599999599159;5700863,620100000873208;6,438583448000031;51,430959553000037;1
51501;5230917506100281530;5;1;16;0;2023;9;14;1;3;5;2;0;0;1;1;0;0;0;0;323194,900200000032783;5673882,169600000604987;6,469851281000047;51,188969661000044;1
51503;5230917503100977860;5;1;24;0;2023;9;0;1;1;8;1;2;0;1;1;0;0;0;0;370447,157800000160933;5678689,616499999538064;7,143862758000068;51,244842819000041;1
51504;5230917502407689695;5;1;17;0;2023;9;14;1;3;0;3;0;0;1;1;0;0;0;0;351256,016999999992549;5694086,843000000342727;6,862676411000052;51,378517667000040;1
51505;5230917502325780345;5;1;13;0;2023;9;12;1;3;0;7;0;0;1;0;0;0;0;0;362699,792999999597669;5705663,583799999207258;7,022516409000048;51,485435017000043;1
51507;5230917501213767280;5;1;12;0;2023;9;15;1;3;0;7;0;1;1;0;0;0;0;0;339921,690100000239909;5698496,487600000575185;6,697959122000043;51,415054116000078;1
51510;5230917500300570356;5;1;11;0;2023;9;17;1;3;5;3;0;0;1;1;0;0;0;0;342067,940999999642372;5674329,442999999970198;6,739496218000056;51,198515409000038;1
51514;5230917410210984077;5;7;70;20;2023;9;13;1;3;0;3;0;0;1;0;0;0;0;0;473422,965200000442564;5795318,435000000521541;8,610187053000061;52,307560765000062;1
51515;5230917410110984100;5;7;70;24;2023;9;10;1;3;4;7;0;1;1;0;0;0;0;0;493084,148000000044703;5798284,614000000059605;8,898501042000021;52,334827690000054;1
51518;5230917407237374510;5;7;62;28;2023;9;16;1;3;9;1;0;0;1;0;0;0;0;0;504983,665300000458956;5738942,915899999439716;9,072275167000043;51,801316522000036;1
51519;5230917406220095250;5;7;58;28;2023;9;19;1;2;0;1;1;0;1;0;0;0;0;0;464957,757000000216067;5789240,274000000208616;8,486661984000023;52,252442102000032;1
51525;5230917405148006676;5;7;54;48;2023;9;20;1;3;5;3;2;0;1;1;0;0;0;0;440371,516200000420213;5764164,528000000864267;8,130929707000064;52,024903311000060;1
51526;5230917405108984082;5;7;54;8;2023;9;12;1;3;0;1;0;0;1;1;0;0;0;0;457439,278900000266731;5751163,062799999490380;8,381280960000026;51,909586095000066;1
51527;5230917405108882102;5;7;54;8;2023;9;23;1;2;1;1;2;0;1;0;0;0;1;0;460055,830000000074506;5748683,417600000277162;8,419603777000020;51,887486263000028;1
51531;5230917400200984062;5;7;11;0;2023;9;14;1;3;5;2;0;0;1;1;0;0;0;0;469406,730100000277162;5764834,000299999490380;8,554030402000024;52,033283724000057;1
51533;5230917316300385038;5;9;74;28;2023;9;0;1;3;0;7;2;0;1;0;0;0;0;0;455607,987900000065565;5724439,311699999496341;8,358080522000023;51,669177533000038;1
51536;5230917316100984057;5;9;74;32;2023;9;1;1;3;8;7;2;0;1;0;0;0;0;0;436179,763700000010431;5704896,158199999481440;8,080728901000043;51,491604835000032;1
51538;5230917315120889983;5;9;70;16;2023;9;13;1;2;3;6;0;0;1;0;0;0;0;0;426239,650799999944866;5638303,828099999576807;7,951255513000035;50,891685226000050;1
51543;5230917307000539740;5;9;62;40;2023;9;13;1;3;5;2;0;0;1;1;0;0;0;0;415132,111999999731779;5699963,304999999701977;7,778806550000070;51,444492195000066;1
51547;5230921600360593494;5;3;82;12;2023;9;0;5;3;8;1;2;0;1;0;0;0;0;0;357158,777599999681115;5625283,134099999442697;6,974615303000064;50,761715867000078;1
51552;5230917300800095427;5;9;54;36;2023;9;17;1;3;1;5;0;0;1;1;0;0;0;0;384966,193799999542534;5700053,181199999526143;7,344878657000038;51,439976554000054;1
51556;5230916711400896650;5;5;70;28;2023;9;22;7;3;4;6;2;0;1;0;0;0;0;0;441810,201399999670684;5740765,682399999350309;8,155850528000030;51,814698133000036;1
51559;5230916709300179108;5;5;66;68;2023;9;14;7;3;0;1;0;0;1;0;0;0;0;0;378572,599000000394881;5784981,131999999284744;7,223149888000023;52,201887879000026;1
51562;5230916705000819861;5;5;54;44;2023;9;20;7;3;0;7;2;0;1;0;0;0;0;0;365666,196000000461936;5741809,373999999836087;7,051331797000046;51,810965456000076;1
51563;5230916705000596010;5;5;54;8;2023;9;21;7;3;0;1;2;0;1;0;0;0;0;0;334416,853299999609590;5747080,065400000661612;6,595892150000054;51,849932531000036;1
51564;5230916702100496643;5;5;15;0;2023;9;11;7;3;5;3;0;0;1;1;0;0;0;0;407027,309299999848008;5760008,479499999433756;7,646194452000032;51,982960750000075;1
51565;5230916702000984125;5;5;15;0;2023;9;17;7;3;0;6;0;0;1;0;0;0;0;0;404814,642400000244379;5758369,584499999880791;7,614439716000049;51,967855067000073;1
51570;5230916608404299615;5;3;34;4;2023;9;11;7;3;0;2;0;0;1;1;0;0;0;0;302889,434399999678135;5637196,384800000116229;6,199564369000029;50,852830358000062;1
51571;5230916608332594930;5;3;34;32;2023;9;12;7;3;4;2;0;0;1;1;0;0;0;0;311552,328399999998510;5627203,910299999639392;6,327625243000057;50,765955208000037;1
51572;5230916608324385784;5;3;34;24;2023;9;17;7;3;5;3;0;0;1;1;0;0;0;0;301127,643400000408292;5614096,704800000414252;6,187037171000043;50,644746183000052;1
51574;5230916607500984130;5;3;82;56;2023;9;17;7;3;5;3;0;0;1;1;0;0;0;0;373091,353600000031292;5627829,213899999856949;7,199522513000034;50,788304680000067;1
51575;5230916607300234407;5;3;82;76;2023;9;13;7;3;0;1;0;0;1;0;0;0;0;0;398972,577100000344217;5628730,629699999466538;7,566318080000030;50,801497196000071;1
51576;5230916606700076580;5;3;78;16;2023;9;19;7;3;0;1;0;0;1;0;0;0;0;0;360579,713700000196695;5663476,509400000795722;7,008478678000074;51,105799595000065;1
51589;5230916601400984110;5;3;15;0;2023;9;22;7;3;0;1;2;0;1;1;0;0;0;0;355962,009399999864399;5649691,570499999448657;6,948044984000035;50,980777537000051;1
51590;5230916601400890557;5;3;15;0;2023;9;17;7;3;0;1;0;0;1;0;0;0;0;0;355239,108300000429153;5651584,156799999997020;6,936999577000051;50,997604319000061;1
51595;5230916601200090368;5;3;15;0;2023;9;23;7;3;0;1;2;0;1;0;0;0;0;0;354037,105999999679625;5642120,882999999448657;6,923676395000030;50,912257561000047;1
51596;5230916601100984122;5;3;15;0;2023;9;18;7;2;3;6;0;0;1;0;0;0;0;0;354946,671699999831617;5644671,744599999859929;6,935591281000029;50,935410891000060;1
51607;5230916515000644792;5;1;54;64;2023;9;13;7;3;5;3;0;0;1;1;0;0;0;0;306159,257600000128150;5723884,906700000166893;6,199032262000060;51,632532674000061;1
51608;5230916514123085956;5;1;66;20;2023;9;11;7;1;5;3;0;0;1;1;0;0;0;0;301695,782999999821186;5677504,121999999508262;6,160572672000058;51,214445654000031;1
51609;5230916514120085821;5;1;66;16;2023;9;22;7;2;0;1;2;0;1;0;0;0;0;1;310659,092100000008941;5690364,826099999248981;6,281943899000055;51,333002298000054;1
51611;5230916513320586930;5;1;62;4;2023;9;15;7;3;0;2;0;0;1;1;0;0;0;0;344097,203200000338256;5664526,593399999663234;6,772764290000055;51,110989731000075;1
51612;5230916508000695905;5;1;19;0;2023;9;13;7;3;5;2;0;0;1;1;0;0;0;0;350838,121899999678135;5705104,579900000244379;6,852037257000063;51,477408209000032;1
51614;5230916508000255168;5;1;19;0;2023;9;9;7;3;5;2;0;0;1;1;0;0;0;0;349548,343000000342727;5711024,276000000536442;6,830953440000030;51,530256801000064;1
51618;5230916506100389847;5;1;16;0;2023;9;12;7;3;5;3;0;0;1;1;0;0;0;0;324522,313000000081956;5669801,257600000128150;6,490819036000062;51,152717444000075;1
51619;5230916505100085966;5;1;14;0;2023;9;9;7;2;3;6;0;0;1;0;0;0;0;0;330497,961000000126660;5687640,883999999612570;6,567741647000048;51,314790681000034;1
51621;5230916503100984141;5;1;24;0;2023;9;12;7;3;3;7;0;0;1;1;0;0;0;0;370824,112800000235438;5681237,641300000250340;7,148340473000076;51,267828445000077;1
51623;5230916501319984136;5;1;12;0;2023;9;13;7;3;0;1;0;0;1;1;0;0;0;0;344341,989099999889731;5696760,495999999344349;6,762235198000042;51,400687007000045;1
51626;5230916501114391397;5;1;12;0;2023;9;10;7;3;0;7;0;0;1;0;1;0;0;0;347177,899000000208616;5706943,035000000149012;6,798574933000054;51,492950033000056;1
51640;5230918709700984040;5;5;66;28;2023;9;9;2;3;5;3;0;1;1;0;0;0;0;1;408751,532999999821186;5794674,347400000318885;7,661988413000074;52,294834146000028;1
51641;5230916411104984148;5;7;74;4;2023;9;10;7;2;0;1;0;0;1;0;0;0;0;0;495583,343299999833107;5734629,146400000900030;8,936002719000044;51,762534944000038;1
51644;5230916406210695250;5;7;58;4;2023;9;15;7;3;0;2;0;0;1;1;0;0;0;0;471479,654400000348687;5783725,218900000676513;8,582664129000023;52,203236456000070;1
51649;5230916405228487020;5;7;54;28;2023;9;16;7;3;5;3;0;0;1;1;0;0;0;0;451824,456699999980628;5743081,500399999320507;8,300790447000054;51,836471603000064;1
51651;5230916404302306645;5;7;66;8;2023;9;12;7;3;1;6;0;0;1;0;0;0;0;1;484318,884999999776483;5768176,017000000923872;8,771254358000022;52,063953384000058;1
51657;5230916316300984145;5;9;74;16;2023;9;11;7;3;5;3;0;0;1;1;0;0;0;0;454467,005099999718368;5718154,794700000435114;8,342400621000024;51,612582641000074;1
51658;5230916316300185038;5;9;74;28;2023;9;14;7;3;0;6;0;0;1;0;0;0;0;0;455294,863400000147521;5726817,084799999371171;8,353248482000026;51,690530970000054;1
51660;5230916316200675324;5;9;74;48;2023;9;18;7;3;2;6;0;0;1;0;0;0;0;1;427959,010999999940395;5719544,298000000417233;7,959335050000050;51,622306208000055;1
51662;5230918406110882067;5;7;58;12;2023;9;6;2;3;0;1;1;0;1;0;0;0;0;0;477456,347500000149012;5774730,911800000816584;8,670716175000052;52,122649473000081;1
51663;5230916315130984123;5;9;70;8;2023;9;17;7;3;0;1;0;0;1;0;0;0;0;0;439345,362700000405312;5620455,349400000646710;8,140521608000029;50,732720915000073;1
51665;5230920607400193611;5;3;82;44;2023;9;17;4;3;0;7;0;0;1;1;0;0;0;0;360576,603000000119209;5632826,369000000879169;7,020183123000038;50,830341609000072;1
51670;5230916303100389291;5;9;15;0;2023;9;15;7;3;5;2;0;0;1;1;0;0;0;0;416590,051199999637902;5724820,575799999758601;7,793883667000046;51,668167131000075;1
51678;5230916301301980615;5;9;78;24;2023;9;14;7;3;5;3;0;0;1;1;0;0;0;0;399500,517099999822676;5716763,969499999657273;7,549158021000039;51,592952290000028;1
51680;5230916301101794304;5;9;13;0;2023;9;10;7;2;2;6;0;0;1;1;0;0;0;0;393107,652999999932945;5705817,369999999180436;7,460228628000038;51,493383098000038;1
51682;5230915711200002910;5;5;70;4;2023;9;14;6;3;8;1;0;0;1;0;0;0;0;1;423925,188299999572337;5734257,012299999594688;7,897868346000052;51,754039383000077;1
51684;5230915709500079214;5;5;66;76;2023;9;10;6;3;5;2;0;0;1;1;0;0;0;0;392818,529000000096858;5793221,107000000774860;7,428906980000022;52,278896461000045;1
51687;5230915709110580898;5;5;66;8;2023;9;13;6;3;4;2;0;0;1;1;0;0;0;0;398591,024299999698997;5781265,442700000479817;7,517074736000041;52,172539078000057;1
51688;5230915709110196551;5;5;66;84;2023;9;12;6;3;0;3;0;0;1;1;0;0;0;0;390029,183000000193715;5775786,565999999642372;7,393697594000059;52,121659515000033;1
51689;5230915709110091794;5;5;66;12;2023;9;7;6;3;5;3;0;0;1;1;0;0;0;0;405382,076399999670684;5773118,335999999195337;7,618616711000072;52,100518123000029;1
51694;5230915705000984163;5;5;54;68;2023;9;23;6;3;0;6;2;0;1;0;0;0;0;0;349257,480000000447035;5767317,244999999180436;6,802313276000064;52,035957245000077;1
51695;5230915705000895950;5;5;54;8;2023;9;19;6;3;0;5;0;0;1;0;0;0;0;1;332987,894100000150502;5745374,068199999630451;6,575988687000063;51,834181665000074;1
51702;5230915702100996698;5;5;15;0;2023;9;19;6;3;6;6;0;0;1;0;1;0;0;0;406152,370699999853969;5750925,591000000014901;7,635937065000064;51,901172163000069;1
51703;5230915702100984172;5;5;15;0;2023;9;17;6;3;0;7;0;0;1;0;0;0;0;0;406081,218399999663234;5758929,393200000748038;7,632717689000060;51,973102324000081;1
51714;5230915608312069725;5;3;34;12;2023;9;9;6;3;5;3;0;0;1;1;0;0;0;0;310725,991700000129640;5632833,290500000119209;6,313021110000022;50,816254619000063;1
51719;5230915607400093613;5;3;82;68;2023;9;15;6;2;5;2;0;0;1;1;0;0;0;0;369950,155000000260770;5630672,142999999225140;7,153975263000063;50,813161149000052;1
51722;5230915607000086630;5;3;82;68;2023;9;13;6;3;8;1;0;0;1;0;0;0;0;0;370352,127600000239909;5630446,124700000509620;7,159757866000064;50,811219781000034;1
51734;5230915601500090216;5;3;15;0;2023;9;15;6;3;0;3;0;0;1;1;0;0;0;0;357482,800999999977648;5644873,532999999821186;6,971582322000074;50,937856671000077;1
51742;5230915601200984192;5;3;15;0;2023;9;15;6;3;6;6;0;0;1;0;1;0;0;0;358749,072200000286102;5640639,156999999657273;6,991232769000021;50,900113521000037;1
51744;5230915601200176827;5;3;15;0;2023;9;19;6;3;0;6;0;0;1;0;0;0;0;0;354273,857800000347197;5644761,164799999445677;6,925986682000030;50,936044866000032;1
51748;5230915600340195293;5;3;82;64;2023;9;16;6;3;5;3;0;0;1;1;0;0;0;0;355846,309100000187755;5614715,673900000751019;6,960145906000037;50,666419136000059;1
51750;5230915600110134435;5;3;14;0;2023;9;10;6;3;5;2;0;0;1;1;0;0;0;0;364342,446000000461936;5622969,983999999240041;7,077263833000075;50,742649678000078;1
51753;5230915518120984208;5;1;70;44;2023;9;11;6;3;5;2;0;0;1;0;0;0;0;1;340134,866200000047684;5720714,851600000634789;6,690945919000058;51,614733564000062;1
51755;5230915516100984210;5;1;58;36;2023;9;10;6;3;5;3;0;0;1;1;0;0;0;0;363294,672399999573827;5682470,599899999797344;7,040004758000066;51,277152575000059;1
51761;5230915508000984182;5;1;19;0;2023;9;16;6;3;5;2;0;0;1;1;0;0;0;0;353115,823800000362098;5711562,446399999782443;6,882122708000054;51,536031840000078;1
51769;5230915506100871644;5;1;16;0;2023;9;13;6;3;5;3;0;0;1;0;0;0;0;1;322612,086500000208616;5672862,641400000080466;6,462023107000050;51,179630275000079;1
51770;5230915506100563911;5;1;16;0;2023;9;10;6;3;5;3;0;0;1;1;0;0;0;0;321484,091300000436604;5668123,147700000554323;6,448252729000046;51,136702824000054;1
51771;5230915505200984220;5;1;14;0;2023;9;7;6;3;5;3;0;0;1;1;0;0;0;0;334506,069400000385940;5692705,862199999392033;6,622848235000049;51,361475494000047;1
51776;5230915502317096136;5;1;13;0;2023;9;19;6;3;0;6;1;0;1;0;0;0;0;1;353973,600700000301003;5704622,846100000664592;6,897354883000048;51,473897540000053;1
51781;5230915501213984203;5;1;12;0;2023;9;13;6;3;0;3;0;0;1;1;0;0;0;0;339008,316999999806285;5697835,543999999761581;6,685135716000048;51,408857251000029;1
51787;5230918601400586403;5;3;15;0;2023;9;16;2;3;0;2;0;0;1;1;0;0;0;0;356290,082399999722838;5648102,584200000390410;6,953343500000074;50,966579618000026;1
51790;5230915500200171876;5;1;11;0;2023;9;21;6;3;0;1;2;0;1;0;0;0;0;0;346118,014499999582767;5679665,221499999985099;6,795128398000031;51,247565183000063;1
51794;5230915406220094487;5;7;58;24;2023;9;17;6;3;5;2;0;0;1;1;0;0;0;0;485014,930999999865890;5784034,475999999791384;8,780708750000031;52,206551066000031;1
51797;5230915406140676401;5;7;58;32;2023;9;19;6;3;5;3;0;0;1;1;0;0;0;0;461733,018299999646842;5777037,978299999609590;8,440803168000059;52,142525866000028;1
51799;5230915405140984216;5;7;54;40;2023;9;7;6;3;5;2;0;0;1;1;0;0;0;0;459215,633000000379980;5764444,563300000503659;8,405524951000075;52,029126628000029;1
51807;5230915400200666150;5;7;11;0;2023;9;14;6;3;1;1;0;0;1;1;0;0;0;0;469339,058000000193715;5763584,551200000569224;8,553155928000024;52,022046636000027;1
51809;5230915400100064132;5;7;11;0;2023;9;12;6;3;5;3;0;0;1;0;0;0;0;0;469391,804100000299513;5769296,086300000548363;8,553413027000033;52,073399746000064;1
51810;5230915317250984174;5;9;78;32;2023;9;18;6;3;5;2;0;0;1;1;0;0;0;0;393922,134899999946356;5727670,501299999654293;7,465350550000039;51,689960581000037;1
51811;5230916609152199643;5;3;58;40;2023;9;14;7;3;3;7;0;0;1;0;0;0;0;0;328419,198800000362098;5631720,615199999883771;6,564463505000049;50,811769757000036;1
51814;5230915314210890141;5;9;66;4;2023;9;11;6;3;5;1;0;0;1;1;0;0;0;0;423452,242100000381470;5664093,215900000184774;7,906190637000066;51,123191198000029;1
51815;5230915313231984197;5;9;58;48;2023;9;13;6;3;0;1;0;0;1;0;0;0;0;0;467934,152200000360608;5674126,399299999698997;8,540871438000067;51,217626649000067;1
51816;5230915313220596921;5;9;58;24;2023;9;13;6;3;5;3;0;0;1;1;0;0;0;0;488677,133500000461936;5700126,764599999412894;8,837046576000034;51,452208816000052;1
51822;5230915303100480651;5;9;15;0;2023;9;13;6;3;1;5;0;0;1;1;0;0;0;0;419718,280700000002980;5727743,599300000816584;7,838435738000044;51,694899665000037;1
51823;5230915303100389418;5;9;15;0;2023;9;13;6;3;9;7;0;0;1;0;0;0;0;0;418209,222799999639392;5725241,415500000119209;7,817193085000042;51,672188346000041;1
51824;5230915303100094401;5;9;15;0;2023;9;7;6;3;0;1;0;0;1;0;0;0;0;0;417755,517300000414252;5725261,618200000375509;7,810628642000040;51,672303714000066;1
51832;5230915301301194960;5;9;78;24;2023;9;7;6;3;5;3;0;0;1;1;0;0;0;0;396345,542999999597669;5719273,156999999657273;7,502886604000025;51,614934444000028;1
51834;5230915301201499403;5;9;13;0;2023;9;18;6;2;5;3;0;0;1;1;0;0;0;0;387805,879999999888241;5709422,765799999237061;7,382741938000038;51,524761612000077;1
51835;5230915301201169200;5;9;13;0;2023;9;19;6;3;5;7;0;0;1;1;0;0;0;0;389558,439000000245869;5707313,871999999508262;7,408654999000021;51,506151854000052;1
51836;5230915300400507323;5;9;11;0;2023;9;12;6;3;5;3;0;0;1;1;0;0;0;0;374426,951999999582767;5701916,787499999627471;7,192655027000058;51,454487115000063;1
51837;5230914711100890660;5;5;70;52;2023;9;12;5;3;0;3;0;0;1;1;0;0;0;0;430847,595200000330806;5757494,214299999177456;7,993488117000027;51,963834475000056;1
51841;5230914709700048421;5;5;66;28;2023;9;19;5;2;8;1;0;0;1;0;0;0;0;0;409556,192699999548495;5791512,488199999555945;7,674632268000039;52,266548039000043;1
51842;5230914709500479214;5;5;66;60;2023;9;7;5;3;5;2;1;0;1;1;0;0;0;0;390311,127199999988079;5789499,780600000172853;7,393377766000071;52,244958236000059;1
51847;5230914705000381394;5;5;54;20;2023;9;16;5;3;5;3;0;0;1;1;0;0;0;0;365598,981700000353158;5786790,011099999770522;7,032703965000053;52,215130989000045;1
51848;5230914705000364192;5;5;54;56;2023;9;17;5;3;0;3;0;0;1;1;0;0;0;0;356437,372000000439584;5761612,792999999597669;6,909303223000052;51,986608332000060;1
51850;5230914705000095213;5;5;54;48;2023;9;17;5;3;5;2;0;0;1;1;0;0;0;0;341476,033999999985099;5745017,290999999269843;6,699238781000076;51,833449861000076;1
51851;5230914701930589485;5;5;62;36;2023;9;7;5;3;6;4;0;0;1;0;1;0;0;0;389214,595999999903142;5720354,289999999105930;7,399592143000064;51,623293471000068;1
51852;5230914701400189547;5;5;12;0;2023;9;20;5;3;1;5;2;0;1;1;0;0;0;0;357731,783599999733269;5710975,978900000452995;6,948869123000065;51,531944059000068;1
51853;5230914701400045422;5;5;12;0;2023;9;20;5;3;0;1;2;0;1;0;0;0;0;0;356677,090900000184774;5711903,148900000378489;6,933296411000072;51,540008702000080;1
51855;5230914701110989736;5;5;62;32;2023;9;13;5;3;0;7;0;0;1;0;0;0;0;0;373494,684000000357628;5719991,913000000640750;7,172749522000061;51,616722759000027;1
51856;5230914700000489437;5;5;13;0;2023;9;17;5;3;5;3;0;0;1;1;0;0;0;0;364496,116100000217557;5716515,917899999767542;7,044195346000038;51,583392146000051;1
51868;5230914606700399074;5;3;78;32;2023;9;5;5;2;5;2;2;0;1;0;0;0;0;1;374839,068900000303984;5666617,799399999901652;7,210960726000053;51,137324315000058;1
51871;5230914602700598992;5;3;62;28;2023;9;14;5;3;5;3;0;0;1;1;0;0;0;0;353614,176199999637902;5637541,792799999937415;6,919499291000022;50,870999411000071;1
51872;5230914602700569582;5;3;62;28;2023;9;16;5;2;0;1;0;0;1;0;0;0;0;0;352075,838000000454485;5636776,013000000268221;6,897961025000029;50,863725991000081;1
51874;5230914602400094882;5;3;62;32;2023;9;1;5;3;0;1;2;0;1;0;0;0;0;0;339817,225499999709427;5638907,548299999907613;6,722970913000040;50,879613095000082;1
51878;5230914601400983370;5;3;15;0;2023;9;18;5;3;5;2;0;0;1;1;0;0;0;0;355877,166799999773502;5646806,086699999868870;6,947980455000049;50,954825115000062;1
51880;5230914601200984255;5;3;15;0;2023;9;15;5;3;0;7;0;0;1;1;0;0;0;0;356330,213000000454485;5641106,024000000208616;6,956672996000066;50,903712458000030;1
51882;5230914601200790380;5;3;15;0;2023;9;17;5;3;5;2;0;0;1;1;0;0;0;0;352086,087000000290573;5643626,435799999162555;6,895332496000037;50,925290614000062;1
51883;5230914601200069702;5;3;15;0;2023;9;11;5;3;5;2;0;0;1;0;0;0;1;0;352917,075000000186265;5640506,665999999269843;6,908405636000055;50,897466834000056;1
51884;5230914601100095410;5;3;15;0;2023;9;16;5;2;3;6;0;0;1;0;0;0;0;0;355253,819699999876320;5645148,096000000834465;6,939770376000070;50,939768927000046;1
51885;5230914600370984273;5;3;82;4;2023;9;7;5;3;5;2;0;0;1;1;0;0;0;0;359917,462600000202656;5622365,383700000122190;7,014815903000056;50,736165181000047;1
51886;5230914600310984250;5;3;14;0;2023;9;15;5;3;2;6;0;0;1;1;0;0;0;0;363047,274000000208616;5620535,734300000593066;7,059822241000063;50,720467208000059;1
51887;5230914600110099942;5;3;14;0;2023;9;7;5;3;0;6;0;0;1;0;0;1;0;0;364603,766300000250340;5623616,593299999833107;7,080727758000023;50,748522296000033;1
51888;5230914600110097768;5;3;14;0;2023;9;19;5;3;5;2;0;0;1;1;0;0;0;0;365890,050200000405312;5623441,256400000303984;7,099014206000049;50,747244956000031;1
51890;5230914516800091366;5;1;58;20;2023;9;17;5;3;5;7;0;0;1;0;0;0;0;0;356148,217899999581277;5664493,477900000289083;6,944815332000076;51,113843696000060;1
51893;5230914516300391112;5;1;58;28;2023;9;17;5;3;5;3;0;0;1;1;0;0;0;0;350554,213800000026822;5684919,300499999895692;6,856446760000040;51,295956853000064;1
51895;5230914515110853113;5;1;54;36;2023;9;7;5;3;5;3;0;0;1;1;0;0;0;0;300262,284199999645352;5746139,168099999427795;6,101170500000023;51,830311562000077;1
51897;5230914514123596031;5;1;66;20;2023;9;5;5;3;0;1;2;0;1;0;0;0;0;0;302950,485799999907613;5677940,275299999862909;6,178275121000070;51,218797145000053;1
51899;5230914513210786674;5;1;62;24;2023;9;20;5;3;1;1;2;0;1;1;0;0;0;0;337184,574599999934435;5670444,057099999859929;6,671421247000069;51,162235423000027;1
51900;5230914505200984266;5;1;14;0;2023;9;12;5;3;4;2;0;0;1;1;0;0;0;0;330159,561300000175834;5690112,082499999552965;6,561712812000053;51,336890659000062;1
51901;5230914505200265270;5;1;14;0;2023;9;15;5;3;5;3;0;0;1;1;0;0;0;0;327427,312099999748170;5693785,218100000172853;6,520745375000047;51,369065713000055;1
51902;5230914505200086036;5;1;14;0;2023;9;16;5;3;0;3;0;0;1;1;0;0;0;0;335684,567300000227988;5693643,542899999767542;6,639327335000075;51,370241996000061;1
51906;5230918410230984013;5;7;70;4;2023;9;15;2;3;5;3;0;0;1;1;0;0;0;0;486116,928100000135601;5785902,242699999362230;8,796758617000023;52,223372221000034;1
51907;5230914503200596824;5;1;24;0;2023;9;16;5;2;0;6;0;0;1;0;0;0;0;0;376510,086400000378489;5678363,884199999272823;7,230794751000076;51,243260078000048;1
51913;5230914501323984254;5;1;12;0;2023;9;12;5;3;0;2;0;0;1;1;0;0;0;0;344068,179999999701977;5695310,914000000804663;6,758938884000031;51,387587308000036;1
51914;5230917705000295046;5;5;54;44;2023;9;10;1;3;0;1;0;1;1;0;0;0;0;0;368798,533900000154972;5744489,940899999812245;7,095726899000056;51,835797681000031;1
51915;5230914501115608600;5;1;12;0;2023;9;14;5;3;5;3;0;0;1;1;0;0;0;0;345377,575799999758601;5707143,082299999892712;6,772574323000072;51,494257986000036;1
51920;5230914410230896540;5;7;70;4;2023;9;16;5;3;5;3;0;0;1;1;0;0;0;0;486505,941100000403821;5784602,397099999710917;8,802505380000071;52,211695535000047;1
51921;5230914410220597000;5;7;70;8;2023;9;18;5;2;3;6;0;0;1;1;0;0;0;0;477672,111700000241399;5801269,370699999853969;8,672113888000069;52,361250677000044;1
51923;5230914410130648371;5;7;70;28;2023;9;11;5;3;0;1;0;0;1;0;0;0;0;0;490688,851700000464916;5799325,321699999272823;8,863318260000028;52,344148654000037;1