OID_;UIDENTSTLAE;ULAND;UREGBEZ;UKREIS;UGEMEINDE;UJAHR;UMONAT;USTUNDE;UWOCHENTAG;UKATEGORIE;UART;UTYP1;ULICHTVERH;IstStrassenzustand;IstRad;IstPKW;IstFuss;IstKrad;IstGkfz;IstSonstige;LINREFX;LINREFY;XGCSWGS84;YGCSWGS84;PLST
51932;5230914404302576355;5;7;66;8;2023;9;16;5;3;0;3;0;0;1;1;0;0;0;0;482355,001000000163913;5770561,794999999925494;8,742483440000058;52,085344246000034;1
51937;5230914400300890662;5;7;11;0;2023;9;15;5;2;3;2;0;0;1;0;0;0;1;0;462693,969499999657273;5757304,150000000372529;8,457000011000048;51,965175212000076;1
51939;5230914400100804092;5;7;11;0;2023;9;20;5;3;5;2;2;0;1;1;0;0;0;0;469097,536600000225008;5767531,689500000327826;8,549279400000046;52,057520452000063;1
51944;5230918702100872424;5;5;15;0;2023;9;18;2;3;5;3;0;0;1;1;0;0;0;0;403770,628999999724329;5754711,130000000819564;7,600271859000031;51,934791853000036;1
51950;5230914302000479582;5;9;14;0;2023;9;13;5;2;0;3;0;0;1;0;0;0;1;0;391108,442800000309944;5689969,321399999782443;7,436311600000067;51,350551604000032;1
51952;5230918407317796810;5;7;62;36;2023;9;7;2;3;5;3;0;0;1;1;0;0;0;0;508856,601999999955297;5702518,574999999254942;9,127520126000036;51,473759362000067;1
51954;5230914301203669273;5;9;13;0;2023;9;8;5;3;5;3;0;0;1;0;0;0;1;0;392712,612399999983609;5711178,970100000500679;7,452908106000052;51,541500601000052;1
51957;5230914300600895591;5;9;16;0;2023;9;10;5;3;5;2;0;0;1;1;0;0;0;0;374500,728299999609590;5709836,361400000751019;7,190900627000076;51,525678773000038;1
51961;5230914300100984223;5;9;11;0;2023;9;21;5;2;5;3;2;0;1;1;0;0;0;0;376096,461000000126660;5704581,555999999865890;7,215737183000044;51,478804341000057;1
51965;5230913709500902282;5;5;66;76;2023;9;7;4;2;6;4;0;1;1;0;1;0;0;0;393146,917000000365078;5793505,212999999523163;7,433628577000036;52,281513699000072;1
51966;5230915518200984175;5;1;70;24;2023;9;16;6;3;5;2;0;0;1;1;0;0;0;0;336883,203999999910593;5703888,349999999627471;6,651818531000060;51,462630102000048;1
51969;5230913706100965896;5;5;58;32;2023;9;15;4;3;5;3;0;0;1;1;0;0;0;0;389440,390999999828637;5752564,098999999463558;7,392600327000025;51,912833071000080;1
51970;5230913706000676750;5;5;58;24;2023;9;8;4;3;5;3;0;1;1;1;0;0;0;0;393776,493200000375509;5736265,371500000357628;7,460621939000021;51,767184880000059;1
51974;5230913705000791708;5;5;54;4;2023;9;12;4;2;3;3;0;0;1;1;0;0;0;0;359664,600100000388920;5775423,060900000855327;6,950597340000058;52,111520185000074;1
51979;5230913702100070584;5;5;15;0;2023;9;18;4;3;1;6;0;0;1;0;0;0;0;0;405704,325100000016391;5760504,546800000593066;7,626799610000035;51,987196622000056;1
51982;5230913610112569713;5;3;70;8;2023;9;21;4;1;0;3;2;0;1;1;0;0;0;0;288432,889000000432134;5653396,878000000491738;5,985069759000055;50,993208131000074;1
51988;5230913608416569696;5;3;34;16;2023;9;22;4;3;5;2;2;1;1;1;0;0;0;0;295077,234899999573827;5638905,191700000315905;6,087766663000025;50,865462832000048;1
51991;5230913608100265652;5;3;34;2;2023;9;13;4;3;5;3;0;0;1;1;0;0;0;0;294387,148299999535084;5628136,460300000384450;6,084007282000073;50,768502771000044;1
51998;5230915404102421458;5;7;66;40;2023;9;12;6;3;5;3;0;0;1;1;0;0;0;0;486919,856300000101328;5760672,633099999278784;8,809482259000049;51,996559021000053;1
52001;5230913606100299165;5;3;78;20;2023;9;8;4;3;4;6;0;1;1;0;0;0;0;0;368402,513000000268221;5654224,120799999684095;7,123521939000057;51,024492534000046;1
52005;5230913603116994845;5;3;66;16;2023;9;7;4;3;5;2;0;0;1;1;0;0;0;0;344495,876299999654293;5614813,848099999129772;6,799611447000075;50,664380666000056;1
52014;5230913601300370446;5;3;15;0;2023;9;13;4;3;0;1;0;0;1;0;0;0;0;0;353925,402099999599159;5646747,254599999636412;6,920234303000029;50,953805019000072;1
52016;5230913601200893623;5;3;15;0;2023;9;15;4;3;0;1;0;1;1;0;0;0;0;0;353228,527300000190735;5643520,059399999678135;6,911619512000073;50,924626423000063;1
52017;5230913601200781756;5;3;15;0;2023;9;10;4;2;3;2;0;0;1;1;0;0;0;0;354997,481800000183284;5643441,779500000178814;6,936803171000065;50,924370253000063;1
52020;5230913601100977070;5;3;15;0;2023;9;15;4;3;0;4;0;1;1;0;1;0;0;0;355285,992499999701977;5644186,359699999913573;6,940609909000045;50,931134085000053;1
52023;5230913600110486317;5;3;14;0;2023;9;3;4;3;0;3;2;1;1;1;0;0;0;0;362192,476800000295043;5622716,655300000682473;7,046904834000031;50,739866568000082;1
52026;5230913518100095974;5;1;70;48;2023;9;19;4;3;5;1;0;0;1;1;0;0;0;0;334668,785000000149012;5726154,219200000166893;6,609498546000054;51,662020514000062;1
52028;5230913515110984313;5;1;54;36;2023;9;15;4;3;0;3;0;0;1;1;0;0;0;0;303945,099000000394881;5740491,478000000119209;6,157742138000060;51,780898785000034;1
52030;5230913513320699204;5;1;62;4;2023;9;14;4;2;5;2;0;1;1;1;0;0;0;0;347222,748300000093877;5658922,892799999564886;6,819750589000023;51,061477441000079;1
52031;5230913513310984320;5;1;62;8;2023;9;11;4;3;5;3;0;0;1;1;0;0;0;0;330754,616000000387430;5662728,803600000217557;6,583168732000047;51,091053445000057;1
52034;5230913513110091200;5;1;62;16;2023;9;17;4;3;5;3;0;0;1;1;0;0;0;0;334022,919999999925494;5679357,883999999612570;6,622122657000034;51,241412787000058;1
52037;5230913505000091563;5;1;14;0;2023;9;14;4;3;5;2;0;0;1;1;0;0;0;0;335283,220099999569356;5692313,731200000271201;6,634182567000039;51,358178352000039;1
52040;5230913503300599181;5;1;20;0;2023;9;15;4;3;5;3;0;0;1;1;0;0;0;0;374028,448200000450015;5673569,195100000128150;7,196944585000040;51,199624221000079;1
52046;5230917307000984060;5;9;62;24;2023;9;18;1;2;0;1;0;0;1;0;0;0;0;0;407332,832499999552965;5697506,283700000494719;7,667254222000054;51,421182585000054;1
52054;5230913500200167524;5;1;11;0;2023;9;21;4;3;0;5;2;0;1;1;0;0;0;1;344339,355999999679625;5680253,872400000691414;6,769407788000024;51,252371746000051;1
52055;5230913500200089220;5;1;11;0;2023;9;11;4;3;5;5;0;0;1;1;0;0;0;0;347182,501199999824166;5677107,358899999409914;6,811459978000073;51,224867540000048;1
52057;5230913500100552274;5;1;11;0;2023;9;17;4;3;5;3;0;0;1;1;0;0;0;0;346567,344600000418723;5676120,694199999794364;6,803079333000028;51,215836808000063;1
52062;5230913411132474572;5;7;74;32;2023;9;8;4;3;5;2;0;1;1;1;0;0;0;0;478979,705000000074506;5725810,628000000491738;8,695950803000073;51,682868211000027;1
52063;5230913410220596867;5;7;70;8;2023;9;6;4;3;5;3;1;1;1;1;0;0;0;0;474287,713499999605119;5802741,338300000876188;8,622302086000047;52,374335625000072;1
52069;5230913407315138017;5;7;62;36;2023;9;8;4;2;0;1;0;1;1;0;0;0;0;0;501985,588000000454485;5708792,597999999299645;9,028624474000026;51,530239488000063;1
52070;5230913406210695250;5;7;58;4;2023;9;10;4;3;5;3;0;0;1;1;0;0;0;0;472856,343000000342727;5781764,866000000387430;8,602965615000073;52,185681532000046;1
52073;5230913405108984297;5;7;54;8;2023;9;20;4;3;4;6;1;0;1;0;0;0;0;0;457484,024500000290573;5749362,976099999621511;8,382153462000076;51,893405678000079;1
52083;5230913400200004092;5;7;11;0;2023;9;17;4;3;5;3;0;0;1;1;0;0;0;0;467728,157100000418723;5762967,747999999672174;8,529738092000059;52,016409815000031;1
52086;5230913303200984301;5;9;15;0;2023;9;18;4;3;2;3;0;0;1;1;0;0;0;0;416315,282800000160933;5724654,716299999505281;7,789951170000052;51,666635283000062;1
52091;5230919701500985350;5;5;62;24;2023;9;13;3;3;5;3;0;0;1;1;0;0;0;0;372750,275100000202656;5725512,360999999567866;7,159995648000063;51,666166540000063;1
52100;5231009500300981077;5;1;11;0;2023;10;17;2;3;5;2;0;0;1;1;0;0;0;0;345138,347000000067055;5674734,887599999085069;6,783232828000052;51,202998967000042;1
52101;5231009500200983066;5;1;11;0;2023;10;10;2;3;5;2;0;0;1;1;0;0;0;0;346993,757699999958277;5680886,600199999287724;6,807144228000027;51,258775502000049;1
52107;5231009410120296822;5;7;70;32;2023;10;6;2;3;5;3;2;1;1;1;0;0;0;0;494031,472799999639392;5787186,363800000399351;8,912600771000029;52,235059874000058;1
52108;5231009410110839345;5;7;70;24;2023;10;5;2;3;2;1;2;1;1;1;0;0;0;0;498945,382000000216067;5795455,750000000000000;8,984530993000021;52,309437471000081;1
52114;5231009405108196894;5;7;54;8;2023;10;8;2;3;5;3;0;1;1;1;0;0;0;0;457619,693099999800324;5749127,468800000846386;8,384153833000028;51,891298658000039;1
52132;5231009301201983034;5;9;13;0;2023;10;17;2;3;0;7;0;0;1;0;0;0;0;0;391494,717000000178814;5707959,291999999433756;7,436344801000075;51,512328232000073;1
52133;5231009300600983043;5;9;16;0;2023;10;15;2;2;0;1;0;0;1;0;0;0;0;0;375851,200699999928474;5711673,336100000888109;7,209709982000049;51,542486692000068;1
52134;5231008711200196700;5;5;70;40;2023;10;9;1;3;7;3;0;1;1;1;0;0;0;0;420341,390100000426173;5743966,625299999490380;7,843728695000038;51,840825150000057;1
52136;5231008709110860908;5;5;66;12;2023;10;16;1;3;0;1;0;0;1;0;0;0;0;0;405075,059500000439584;5772975,655300000682473;7,614175558000056;52,099183089000064;1
52138;5231008706000983081;5;5;58;12;2023;10;21;1;3;4;6;2;0;1;0;0;1;0;0;370305,038999999873340;5752352,088600000366569;7,114626548000047;51,906801096000038;1
52141;5231008701800699542;5;5;62;4;2023;10;12;1;2;5;3;0;0;1;1;0;0;0;0;385205,557300000451505;5717328,307099999859929;7,342694031000065;51,595293052000045;1
52142;5231008609236894752;5;3;58;36;2023;10;11;1;3;3;3;0;0;1;1;0;0;0;0;305006,149000000208616;5648806,019400000572205;6,223398867000071;50,957826654000030;1
52143;5231008609224589800;5;3;58;24;2023;10;14;1;3;4;7;0;0;1;0;0;0;0;0;313974,232200000435114;5644252,917099999263883;6,353274445000068;50,919890872000053;1
52144;5231008608200299591;5;3;34;2;2023;10;10;1;3;5;2;0;0;1;1;0;0;0;0;296700,866100000217557;5628273,497400000691414;6,116700018000074;50,770548866000070;1
52145;5231008606400786538;5;3;78;24;2023;10;14;1;2;0;1;0;0;1;0;0;0;0;0;379448,605000000447035;5643653,145999999716878;7,284457260000067;50,931898071000035;1
52151;5231008601600983104;5;3;15;0;2023;10;10;1;3;5;2;0;0;1;1;0;0;0;0;362961,867300000041723;5642582,281500000506639;7,050376779000032;50,918592413000056;1
52152;5231008601400169775;5;3;15;0;2023;10;13;1;3;0;1;0;0;1;0;0;0;0;0;349357,130099999718368;5661182,613399999216199;6,849245299000074;51,082347388000073;1
52153;5231008600120983091;5;3;82;24;2023;10;15;1;3;0;1;0;0;1;0;0;0;0;0;372352,998700000345707;5614873,694900000467896;7,193538356000033;50,671692749000044;1
52154;5231008518120189228;5;1;70;44;2023;10;5;1;3;0;1;2;1;1;0;0;0;0;0;338060,300499999895692;5722324,901499999687076;6,660263905000022;51,628605399000037;1
52156;5231008505200078950;5;1;14;0;2023;10;14;1;2;5;3;0;0;1;1;0;0;0;0;331215,213899999856949;5693728,601199999451637;6,575137976000065;51,369695452000030;1
52157;5231008502111085965;5;1;13;0;2023;10;15;1;3;2;1;0;0;1;0;0;0;0;0;367076,910799999721348;5700592,470499999821186;7,087426603000040;51,440907859000049;1
52158;5231008501319081910;5;1;12;0;2023;10;11;1;3;3;2;0;0;1;1;0;0;0;0;343591,358799999579787;5696336,230900000780821;6,751639912000030;51,396668540000064;1
52165;5231008404102983110;5;7;66;56;2023;10;3;1;3;0;7;2;1;1;0;0;0;0;0;477071,015599999576807;5756554,808700000867248;8,666307037000024;51,959216959000059;1
52166;5231008400300983094;5;7;11;0;2023;10;16;1;3;5;3;0;0;1;1;0;0;0;0;466988,915500000119209;5757380,393799999728799;8,519504323000035;51,966132351000056;1
52170;5231008314310099405;5;9;66;20;2023;10;16;1;2;3;6;0;0;1;1;0;0;0;0;434416,632600000128150;5661212,958499999716878;8,063362802000029;51,098654780000061;1
52172;5231008307000983093;5;9;62;40;2023;10;17;1;3;0;1;0;0;1;0;0;0;0;0;414630,330000000074506;5702466,323999999091029;7,770983821000073;51,466918232000069;1
52173;5231008307000983087;5;9;62;12;2023;10;18;1;3;8;1;1;1;1;0;0;0;0;0;392526,615699999965727;5672351,828800000250340;7,461965820000046;51,192461026000046;1
52185;5231007610221594780;5;3;70;36;2023;10;12;7;3;5;3;0;0;1;1;0;0;0;0;301631,707999999634922;5662610,186000000685453;6,167861658000049;51,080657308000070;1
52188;5231007608416094816;5;3;34;16;2023;10;18;7;3;3;6;1;0;1;1;0;0;0;0;296305,325100000016391;5639683,141899999231100;6,104762497000024;50,872883693000063;1
52195;5231007602800585398;5;3;62;12;2023;10;14;7;3;0;1;0;0;1;0;0;0;0;0;352545,594499999657273;5633291,292300000786781;6,906034644000044;50,832529776000058;1
52203;5231007601500490278;5;3;15;0;2023;10;16;7;3;0;1;0;0;1;0;0;0;0;0;360573,345999999903142;5648913,817999999970198;7,013993141000071;50,974922916000025;1
52205;5231007601500093441;5;3;15;0;2023;10;14;7;2;5;2;0;0;1;1;0;0;0;0;362584,453999999910593;5651852,653000000864267;7,041509960000042;51,001818389000050;1
52206;5231007601300873867;5;3;15;0;2023;10;16;7;3;0;1;0;0;1;0;0;0;0;0;368668,620500000193715;5638627,882099999114871;7,132941316000029;50,884377869000048;1
52207;5231007600140595302;5;3;14;0;2023;10;8;7;3;5;3;0;0;1;1;0;0;0;0;367964,356700000353158;5625287,229000000283122;7,127738218000047;50,764312168000060;1
52208;5231007600140350200;5;3;14;0;2023;10;10;7;3;0;7;0;0;1;0;0;0;0;0;367363,498399999924004;5623337,986999999731779;7,119925206000062;50,746655272000055;1
52211;5231007600110595333;5;3;14;0;2023;10;15;7;3;5;3;0;0;1;1;0;0;0;0;364543,223000000230968;5623677,046000000089407;7,079847824000069;50,749051511000062;1
52214;5231007516100983030;5;1;58;32;2023;10;12;7;3;6;4;0;0;1;0;1;0;0;0;370255,614900000393391;5692257,807099999859929;7,136185544000057;51,366740384000082;1
52215;5231007516000286002;5;1;58;32;2023;10;14;7;2;5;3;0;0;1;1;0;0;0;0;369568,516699999570847;5689986,870400000363588;7,127153522000071;51,346173776000057;1
52217;5231007515210067265;5;1;54;52;2023;10;17;7;2;8;1;0;0;1;0;0;0;0;0;310859,325100000016391;5703029,352499999105930;6,278068962000020;51,446818760000042;1
52218;5231007515110082327;5;1;54;36;2023;10;11;7;1;0;3;0;0;1;1;0;0;0;0;298477,963000000454485;5748631,527000000700355;6,073858813000072;51,852050926000061;1
52220;5231007514119591638;5;1;66;16;2023;10;15;7;3;0;3;0;0;1;1;0;0;0;0;308804,232300000265241;5686091,491499999538064;6,257640184000024;51,293999923000058;1
52227;5231007502407095871;5;1;17;0;2023;10;16;7;3;0;6;0;0;1;1;0;0;0;0;353306,032899999991059;5695947,868599999696016;6,891343015000075;51,395773906000045;1
52233;5231007500100872245;5;1;11;0;2023;10;17;7;3;5;2;0;0;1;1;0;0;0;0;341062,017300000414252;5678101,325200000777841;6,723438839000039;51,232127097000046;1
52234;5231007411224983121;5;7;74;24;2023;10;18;7;3;5;2;1;0;1;1;0;0;0;0;476554,115899999625981;5740921,317700000479817;8,659847339000066;51,818635152000070;1
52243;5231007404302983120;5;7;66;48;2023;10;20;7;3;6;6;2;0;1;0;1;0;0;0;477541,023000000044703;5764650,491399999707937;8,672616625000046;52,032022958000027;1
52247;5231007404101387358;5;7;66;20;2023;10;19;7;2;0;7;2;0;1;0;0;0;0;0;492137,220599999651313;5753194,685599999502301;8,885646341000040;51,929423210000039;1
52255;5231007314120499874;5;9;66;8;2023;10;16;7;3;0;3;0;0;1;1;0;0;0;0;416277,709999999962747;5652192,492000000551343;7,806450291000033;51,015194818000055;1
52261;5231007405244087133;5;7;54;44;2023;10;15;7;2;5;3;0;0;1;0;0;1;0;0;469516,005800000391901;5743774,802899999544024;8,557490045000065;51,843951062000031;1
52273;5231006705000691843;5;5;54;44;2023;10;9;6;3;0;7;0;0;1;0;1;0;0;0;369057,625000000000000;5743607,662000000476837;7,099818956000036;51,827930090000052;1
52277;5231006702000581010;5;5;15;0;2023;10;14;6;3;0;6;0;0;1;1;0;0;0;0;405379,827800000086427;5755585,830800000578165;7,623430846000076;51,942929993000064;1
52279;5231006701800983195;5;5;62;4;2023;10;8;6;2;5;3;0;0;1;1;0;0;0;0;381991,490299999713898;5718221,726900000125170;7,296013248000065;51,602658609000059;1
52282;5231006700000081500;5;5;13;0;2023;10;23;6;2;0;7;2;0;1;0;0;0;0;0;365702,201799999922514;5717580,808199999853969;7,061185248000072;51,593250418000082;1
52292;5231006605112893347;5;3;74;12;2023;10;15;6;3;0;7;0;0;1;0;0;0;1;1;398092,428600000217557;5649350,843900000676513;7,548078754000073;50,986714364000079;1
52293;5231006605112786620;5;3;74;12;2023;10;14;6;3;0;3;0;0;1;1;0;0;0;0;403422,998999999836087;5652181,933700000867248;7,623248462000049;51,013084657000036;1
52304;5231006600360983188;5;3;82;12;2023;10;11;6;2;5;3;0;0;1;1;0;0;0;0;354143,198900000192225;5629484,560699999332428;6,930219226000077;50,798723819000031;1
52305;5231006518300391545;5;1;70;20;2023;10;15;6;3;5;2;0;0;1;1;0;0;0;0;328030,667999999597669;5707365,561000000685453;6,522812184000031;51,491247011000041;1
52309;5231006514111596031;5;1;66;32;2023;10;15;6;3;5;3;0;0;1;1;0;0;0;0;313638,821000000461936;5681441,280999999493361;6,329326120000076;51,253833047000057;1
52311;5231006513210686930;5;1;62;24;2023;10;10;6;2;0;6;0;0;1;1;0;0;0;0;342520,808000000193715;5671745,021999999880791;6,747105778000048;51,175418738000076;1
52319;5231006505100191605;5;1;14;0;2023;10;20;6;3;5;2;1;0;1;1;0;0;0;0;331077,734100000001490;5687825,094399999827147;6,575965792000034;51,316618027000061;1
52322;5231006502402499300;5;1;17;0;2023;10;23;6;3;0;2;2;0;1;1;0;0;0;0;352501,838999999687076;5699944,819000000134110;6,878128868000033;51,431480784000030;1
52324;5231006502105991787;5;1;13;0;2023;10;17;6;3;5;7;0;0;1;1;0;0;0;0;361926,424999999813735;5701742,937999999150634;7,012916633000032;51,450014396000029;1
52336;5231006500200478782;5;1;11;0;2023;10;16;6;2;0;3;0;0;1;1;0;0;0;0;345664,917100000195205;5679407,008400000631809;6,788752767000062;51,245122608000031;1
52338;5231006410230790741;5;7;70;4;2023;10;20;6;3;5;2;2;0;1;1;0;0;0;0;486520,169200000353158;5784513,500499999150634;8,802717157000075;52,210896651000041;1
52341;5231006406110983187;5;7;58;12;2023;10;10;6;2;3;6;0;0;1;0;0;0;0;1;478133,898000000044703;5773803,810399999842048;8,680672215000072;52,114341459000059;1
52351;5231009300100591817;5;9;11;0;2023;10;15;2;3;5;3;0;0;1;1;0;0;0;0;374493,594100000336766;5706273,804600000381470;7,192065953000053;51,493659673000082;1
52356;5231006313110085060;5;9;58;4;2023;10;19;6;2;8;1;2;0;1;0;0;0;0;0;428011,499599999748170;5696045,758600000292063;7,964893239000048;51,411055733000069;1
52358;5231006307000096280;5;9;62;48;2023;10;12;6;2;5;2;0;0;1;1;0;0;0;0;415156,146599999628961;5681904,521600000560284;7,783461651000039;51,282149092000054;1
52365;5231005711200691770;5;5;70;16;2023;10;10;5;3;0;3;0;0;1;0;0;0;0;1;409098,737999999895692;5743589,655999999493361;7,680680720000055;51,835719607000044;1
52366;5231005711100983218;5;5;70;44;2023;10;9;5;2;5;3;0;0;1;1;0;0;0;0;416593,681400000117719;5759484,901699999347329;7,785585029000060;51,979772970000056;1
52370;5231005702100474710;5;5;15;0;2023;10;18;5;2;7;7;1;0;1;0;0;0;0;0;405041,180800000205636;5757874,800100000575185;7,617873099000064;51,963446497000064;1
52371;5231005702100168373;5;5;15;0;2023;10;14;5;2;9;1;0;0;1;0;0;0;0;0;406586,504300000146031;5757655,036000000312924;7,640418176000026;51,961732958000027;1
52377;5231005608416094917;5;3;34;16;2023;10;18;5;3;5;3;0;0;1;1;0;0;0;0;294266,698099999688566;5634916,883600000292063;6,078503782000041;50,829355914000075;1
52379;5231005606100086400;5;3;78;4;2023;10;10;5;3;5;3;0;0;1;1;0;0;0;0;367584,455199999734759;5646570,887000000104308;7,114653505000035;50,955520211000078;1
52391;5231005601600469752;5;3;15;0;2023;10;16;5;3;0;5;0;0;1;1;0;0;0;1;359352,421799999661744;5644779,106399999931455;6,998211216000072;50,937467089000052;1
52394;5231005601500099071;5;3;15;0;2023;10;20;5;3;5;3;2;0;1;1;0;0;0;0;357516,840900000184774;5645054,449999999254942;6,971995730000060;50,939490976000059;1
52395;5231005601400983221;5;3;15;0;2023;10;11;5;3;0;1;0;0;1;0;0;0;0;0;351161,422000000253320;5654487,835999999195337;6,877739139000028;51,022657462000041;1
52396;5231005600130375847;5;3;82;8;2023;10;11;5;3;0;3;0;0;1;1;0;0;0;0;379979,099299999885261;5612443,416600000113249;7,302198957000030;50,651469226000074;1
52397;5231005518320085920;5;1;70;52;2023;10;19;5;3;5;3;2;0;1;1;0;0;0;0;324110,446000000461936;5724472,885999999940395;6,457839616000058;51,643712881000056;1
52399;5231005518200495145;5;1;70;24;2023;10;10;5;3;0;6;0;0;1;0;0;0;0;0;334442,529000000096858;5709317,163000000640750;6,614170322000064;51,510693727000046;1
52400;5231005516500291237;5;1;58;16;2023;10;18;5;3;5;3;0;0;1;1;0;0;0;0;355948,037600000388920;5670519,467700000852346;6,939547152000046;51,167945783000050;1
52403;5231005515110091427;5;1;54;36;2023;10;17;5;3;0;1;0;0;1;0;0;0;0;0;301017,942400000058115;5739534,171800000593066;6,115912500000036;51,771269315000040;1
52405;5231005513310799585;5;1;62;28;2023;10;16;5;3;0;2;0;0;1;1;0;0;0;0;338485,973799999803305;5656339,305900000035763;6,696327544000042;51,035872385000062;1
52412;5231005501315927852;5;1;12;0;2023;10;16;5;3;0;2;0;0;1;1;0;0;0;0;346636,087000000290573;5699887,270899999886751;6,793836511000052;51,429406536000045;1
52420;5231005500200070420;5;1;11;0;2023;10;7;5;3;5;6;1;0;1;0;0;0;0;1;344549,116999999620020;5678842,350999999791384;6,773024100000043;51,239745993000042;1
52424;5231005400100983205;5;7;11;0;2023;10;18;5;3;0;7;1;0;1;1;0;0;0;0;468680,285000000149012;5765176,725999999791384;8,543409710000049;52,036324486000069;1
52425;5231005316300983223;5;9;74;28;2023;10;11;5;3;4;3;0;0;1;1;0;0;0;0;454751,429999999701977;5725678,505899999290705;8,345534776000022;51,680250631000035;1
52427;5231005307000649768;5;9;62;12;2023;10;14;5;3;5;3;0;0;1;0;0;0;0;1;395758,565299999900162;5671545,129899999126792;7,508434813000065;51,185808209000072;1
52431;5231005301201983202;5;9;13;0;2023;10;22;5;3;5;3;2;0;1;1;0;0;0;0;390379,947900000028312;5713071,853900000452995;7,418694674000051;51,558066018000034;1
52432;5231005300800899532;5;9;54;36;2023;10;19;5;3;0;7;2;0;1;0;0;0;0;0;384322,298299999907613;5698957,798499999567866;7,335976230000028;51,430000089000032;1
52442;5231004701110199767;5;5;62;32;2023;10;10;4;3;0;7;0;0;1;0;0;0;0;0;372915,993800000287592;5718590,869500000029802;7,164903412000058;51,604001312000037;1
52451;5231004606400693355;5;3;78;4;2023;10;13;4;3;1;6;0;0;1;1;0;0;0;0;370979,880599999800324;5646808,041099999099970;7,162886934000028;50,958421933000068;1
52457;5231004602100894750;5;3;62;8;2023;10;18;4;3;0;1;0;0;1;0;0;0;0;0;342453,583999999798834;5648396,015100000426173;6,756317301000024;50,965598683000053;1
52458;5231004602100185727;5;3;62;8;2023;10;9;4;3;0;6;0;0;1;0;1;0;0;0;338036,913900000043213;5649523,794999999925494;6,692969275000053;50,974507367000058;1
52473;5231004518100991440;5;1;70;48;2023;10;17;4;3;5;3;0;0;1;1;0;0;0;0;334632,723299999721348;5725995,166400000452995;6,609052870000028;51,660581031000049;1
52476;5231004513320983268;5;1;62;4;2023;10;11;4;3;4;3;0;0;1;1;0;0;0;0;346583,408999999985099;5658912,245999999344349;6,810638354000048;51,061211291000063;1
52478;5231004513210071716;5;1;62;24;2023;10;9;4;2;5;2;0;0;1;0;0;0;1;0;336970,008500000461936;5674316,513800000771880;6,666598527000076;51,196967431000076;1
52479;5231004508000277677;5;1;19;0;2023;10;17;4;2;5;3;0;0;1;1;0;0;0;0;350981,133000000379980;5708641,713999999687076;6,852601642000025;51,509228540000038;1
52480;5231004508000182295;5;1;19;0;2023;10;17;4;3;3;6;0;0;1;1;0;0;0;0;351602,925900000147521;5703705,937200000509620;6,863629665000076;51,465041823000035;1
52483;5231004505200983244;5;1;14;0;2023;10;17;4;3;5;3;0;0;1;1;0;0;0;0;335617,704099999740720;5692060,313100000843406;6,639099459000022;51,355998441000054;1
52487;5231004502208189497;5;1;13;0;2023;10;13;4;2;5;3;0;0;1;1;0;0;0;0;359199,927000000141561;5701166,850999999791384;6,973933618000046;51,444166203000066;1
52488;5231004501134983250;5;1;12;0;2023;10;16;4;3;0;7;0;0;1;0;0;0;1;0;343419,921099999919534;5710638,610500000417233;6,742844349000052;51,525125618000061;1
52500;5231004400100904098;5;7;11;0;2023;10;9;4;3;5;2;0;0;1;1;0;0;0;0;466419,602699999697506;5764485,801699999719858;8,510521750000066;52,029980368000054;1
52504;5231004307000985535;5;9;62;32;2023;10;9;4;3;6;6;0;0;1;0;1;0;0;0;404117,990000000223517;5675241,384999999776483;7,627021729000035;51,220499580000080;1
52505;5231004307000475760;5;9;62;32;2023;10;11;4;2;0;7;0;1;1;0;0;0;0;0;404125,143600000068545;5675238,088899999856949;7,627125015000047;51,220471151000027;1
52512;5231004303100077903;5;9;15;0;2023;10;6;4;3;5;3;2;0;1;0;0;0;0;1;421069,783200000412762;5727255,588500000536442;7,858096283000066;51,690704305000054;1
52520;5231004301201369355;5;9;13;0;2023;10;19;4;3;0;7;2;0;1;1;1;0;0;0;392524,160699999891222;5706590,061000000685453;7,451591420000057;51,500217767000038;1
52522;5231004300700971454;5;9;16;0;2023;10;19;4;3;6;6;1;0;1;0;1;0;0;0;372755,941300000064075;5709525,116900000721216;7,165875328000027;51,522491153000033;1
52526;5231003711100091830;5;5;70;36;2023;10;22;3;3;5;3;2;1;1;1;0;0;0;0;431220,482699999585748;5762810,392000000923872;7,997848350000027;52,011671057000058;1
52538;5231006608404983160;5;3;34;4;2023;10;18;6;3;5;3;0;0;1;0;0;0;0;0;300802,673700000159442;5639731,965600000694394;6,168575150000038;50,874889464000034;1
52544;5231003601600299863;5;3;15;0;2023;10;18;3;3;0;7;1;1;1;0;0;0;0;0;362156,678899999707937;5644171,597200000658631;7,038327775000027;50,932684356000038;1
52546;5231003518200095912;5;1;70;24;2023;10;20;3;2;0;2;2;0;1;1;0;0;0;0;337255,258200000040233;5702442,132500000298023;6,657835114000022;51,449743982000030;1
52547;5231003515210983287;5;1;54;12;2023;10;12;3;3;1;3;0;1;1;1;0;0;0;0;308856,337899999693036;5713076,195699999108911;6,243839580000042;51,536380574000077;1
52557;5231003405108983281;5;7;54;8;2023;10;19;3;3;3;2;2;1;1;1;0;0;0;0;457596,688900000415742;5749132,004100000485778;8,383819013000050;51,891337684000064;1