OID_;UIDENTSTLAE;ULAND;UREGBEZ;UKREIS;UGEMEINDE;UJAHR;UMONAT;USTUNDE;UWOCHENTAG;UKATEGORIE;UART;UTYP1;ULICHTVERH;IstStrassenzustand;IstRad;IstPKW;IstFuss;IstKrad;IstGkfz;IstSonstige;LINREFX;LINREFY;XGCSWGS84;YGCSWGS84;PLST
52559;5231003317120077830;5;9;78;16;2023;10;20;3;3;0;1;2;1;1;0;0;0;0;0;403969,586799999698997;5705846,161800000816584;7,616633816000046;51,495591351000030;1
52560;5231003316500253253;5;9;74;20;2023;10;15;3;3;3;6;0;1;1;1;0;0;0;0;465867,317300000227988;5721554,977099999785423;8,506707778000020;51,643961073000071;1
52561;5231003316400584982;5;9;74;44;2023;10;12;3;3;5;3;0;0;1;1;0;0;0;0;453140,643699999898672;5704690,922000000253320;8,325040308000041;51,491419822000069;1
52562;5231003310110893870;5;9;54;16;2023;10;6;3;3;7;7;1;0;1;0;0;0;0;0;374610,820899999700487;5697252,379599999636412;7,196951512000055;51,412607109000078;1
52567;5231002706300696595;5;5;58;24;2023;10;11;2;2;5;3;0;0;1;1;0;0;0;0;393226,574900000356138;5736547,236600000411272;7,452569072000074;51,769613686000071;1
52569;5231002701200177674;5;5;62;20;2023;10;14;2;3;5;3;0;0;1;1;0;0;0;0;367399,087199999950826;5719580,705700000748038;7,084911679000072;51,611624540000037;1
52574;5231002610221085763;5;3;70;20;2023;10;17;2;3;3;3;0;0;1;1;0;0;0;0;302703,561999999918044;5661526,921000000089407;6,183735985000055;51,071297486000049;1
52575;5231002609108085730;5;3;58;8;2023;10;17;2;3;0;1;0;0;1;0;0;0;0;0;322707,313199999742210;5631153,738399999216199;6,483740980000050;50,804956937000043;1
52576;5231002608436180840;5;3;34;36;2023;10;19;2;3;0;1;1;0;1;0;0;0;0;0;299441,013000000268221;5632054,046099999919534;6,153447825000057;50,805458437000027;1
52577;5231002608416156744;5;3;34;16;2023;10;20;2;2;5;3;2;0;1;1;0;0;0;0;297922,709599999710917;5641822,473699999973178;6,126537798000072;50,892665465000050;1
52578;5231002608200469678;5;3;34;2;2023;10;18;2;3;1;5;1;0;1;1;0;0;0;0;295349,458599999547005;5628776,391300000250340;6,097280013000045;50,774590399000033;1
52583;5231002606400899137;5;3;78;28;2023;10;13;2;3;0;6;0;0;1;1;0;0;0;0;372720,940100000239909;5641260,370999999344349;7,189602017000027;50,908946106000030;1
52590;5231002601700778650;5;3;16;0;2023;10;16;2;3;5;3;0;0;1;1;0;0;0;0;360959,913999999873340;5655349,112999999895692;7,017030913000042;51,032851081000047;1
52591;5231002601600064360;5;3;15;0;2023;10;15;2;3;5;3;0;0;1;1;0;0;0;0;362266,274000000208616;5643956,451199999079108;7,039967766000075;50,930776949000062;1
52593;5231002600140090865;5;3;14;0;2023;10;18;2;3;0;7;0;0;1;0;0;0;0;0;368998,884600000455976;5623187,750000000000000;7,143146578000028;50,745676241000069;1
52597;5231002515210595958;5;1;54;12;2023;10;14;2;3;5;3;0;0;1;1;0;0;0;0;313982,857599999755621;5711042,352399999275804;6,318746151000028;51,519825308000065;1
52599;5231002514111086062;5;1;66;32;2023;10;17;2;2;0;2;0;0;1;1;0;0;0;0;314617,616799999959767;5681434,921499999240041;6,343339961000027;51,254094937000048;1
52606;5231002503300793582;5;1;20;0;2023;10;16;2;3;4;6;0;0;1;0;0;0;0;1;377299,906200000084937;5671369,571799999102950;7,244497247000027;51,180566047000070;1
52608;5231002503100190194;5;1;24;0;2023;10;10;2;3;5;3;0;0;1;1;0;0;0;0;370419,308000000193715;5682886,140000000596046;7,141943387000026;51,282552175000035;1
52609;5231002503000391180;5;1;20;0;2023;10;16;2;2;1;5;0;0;1;0;0;0;0;1;376878,078999999910593;5674759,746999999508262;7,237302453000041;51,210946050000075;1
52610;5231002502325574031;5;1;13;0;2023;10;19;2;3;5;3;2;0;1;1;0;0;0;0;361564,891400000080466;5704039,220599999651313;7,006818021000072;51,470561315000054;1
52620;5231002500200001306;5;1;11;0;2023;10;14;2;3;5;2;0;0;1;1;0;0;0;0;344967,346900000236928;5681008,923100000247359;6,778072365000071;51,259327201000076;1
52623;5231002411220682084;5;7;74;20;2023;10;16;2;3;5;3;0;0;1;1;0;0;0;0;470257,672299999743700;5729636,342499999329448;8,569467444000054;51,716871588000060;1
52624;5231002411220087923;5;7;74;20;2023;10;14;2;2;5;3;0;0;1;1;0;0;0;0;469901,982400000095367;5730132,422199999913573;8,564275978000069;51,721312928000032;1
52627;5231002406220983305;5;7;58;24;2023;10;20;2;3;1;5;2;0;1;1;0;0;0;0;479764,416500000283122;5787259,391200000420213;8,703680869000038;52,235376882000025;1
52631;5231002404301696806;5;7;66;44;2023;10;16;2;3;3;3;0;0;1;1;0;0;0;0;493671,602099999785423;5764148,358999999240041;8,907759803000033;52,027927026000043;1
52632;5231002404102872224;5;7;66;40;2023;10;9;2;3;5;3;0;0;1;0;0;0;0;1;486343,560800000093877;5757761,451999999582767;8,801204236000046;51,970370921000040;1
52636;5231002315110085258;5;9;70;40;2023;10;16;2;3;3;3;0;0;1;1;0;0;0;0;428715,825000000186265;5632417,595000000670552;7,987603432000071;50,839071271000080;1
52640;5231002314110599888;5;9;66;24;2023;10;15;2;3;0;7;0;0;1;0;0;0;0;0;418341,351099999621511;5650153,988900000229478;7,836321795000060;50,997164150000060;1
52648;5231006310130085320;5;9;54;20;2023;10;15;6;3;0;1;0;0;1;0;0;0;0;0;386980,001000000163913;5695723,877000000327826;7,375221601000021;51,401469178000070;1
52649;5231002300800799428;5;9;54;36;2023;10;12;2;3;3;2;0;0;1;1;0;0;0;0;384514,994800000451505;5699502,424000000581145;7,338569321000023;51,434934515000066;1
52653;5231002300200598952;5;9;11;0;2023;10;14;2;3;5;2;0;0;1;1;0;0;0;0;371759,312099999748170;5707025,469699999317527;7,152426915000035;51,499801336000075;1
52655;5231001709110983352;5;5;66;8;2023;10;13;1;3;0;7;0;0;1;0;0;0;0;0;400349,242100000381470;5782461,515900000929832;7,542425017000028;52,183609435000051;1
52656;5231001706300064176;5;5;58;24;2023;10;9;1;3;5;2;0;0;1;1;0;0;0;0;388535,535000000149012;5737098,004000000655651;7,384435188000054;51,773649473000035;1
52657;5231001706000799758;5;5;58;8;2023;10;18;1;3;0;1;0;0;1;0;0;0;0;0;378773,029900000430644;5756298,021900000050664;7,236270666000053;51,944169552000062;1
52662;5231001609248194896;5;3;58;48;2023;10;14;1;2;9;7;0;0;1;0;0;0;0;0;320183,690000000409782;5636138,450999999418855;6,445517438000024;50,848961101000043;1
52664;5231001608100799600;5;3;34;16;2023;10;13;1;2;0;7;0;0;1;0;1;0;0;0;294143,023099999874830;5634251,596100000664592;6,077123414000027;50,823336970000071;1
52665;5231001607500078265;5;3;82;56;2023;10;17;1;3;0;1;0;0;1;0;0;0;0;0;370740,674999999813735;5627768,623999999836087;7,166212363000056;50,787240711000038;1
52668;5231001606700086365;5;3;78;8;2023;10;12;1;3;5;2;0;0;1;1;0;0;0;0;368516,667000000365078;5659677,142999999225140;7,123168386000032;51,073528239000041;1
52670;5231001602700064434;5;3;62;28;2023;10;13;1;3;5;2;0;0;1;0;0;1;0;0;348576,205199999734759;5639439,221899999305606;6,847164609000060;50,886752566000041;1
52673;5231001601300991114;5;3;15;0;2023;10;19;1;3;5;3;2;0;1;1;0;0;0;0;354167,508399999700487;5644820,495999999344349;6,924450406000062;50,936551174000044;1
52674;5231001601300072625;5;3;15;0;2023;10;15;1;3;3;5;0;0;1;1;0;0;0;1;353379,420500000007451;5645778,369799999520183;6,912856427000065;50,944959394000080;1
52677;5231001600370983356;5;3;82;4;2023;10;14;1;3;3;6;0;0;1;0;0;0;0;0;360426,560800000093877;5619289,574799999594688;7,023189886000068;50,708643704000053;1
52679;5231001600110983360;5;3;14;0;2023;10;11;1;3;5;2;0;0;1;1;0;0;0;0;366203,806499999947846;5622323,928899999707937;7,103864801000043;50,737274846000048;1
52681;5231001516400191167;5;1;58;24;2023;10;14;1;2;5;3;0;0;1;1;0;0;0;0;356282,500000000000000;5681445,208399999886751;6,939948920000063;51,266212551000081;1
52682;5231001516300983363;5;1;58;28;2023;10;11;1;2;0;1;0;0;1;0;0;0;0;0;350882,463200000114739;5684318,125700000673532;6,861402522000049;51,290640892000056;1
52684;5231009300100171533;5;9;11;0;2023;10;17;2;3;5;2;0;0;1;1;0;0;0;0;375946,591199999675155;5706175,665200000628829;7,213020025000048;51,493098348000046;1
52685;5231001515210785967;5;1;54;12;2023;10;17;1;3;0;1;0;0;1;0;0;0;0;0;314734,311999999918044;5710220,441999999806285;6,329996913000059;51,512689905000059;1
52687;5231001515111093862;5;1;54;44;2023;10;1;1;2;9;1;2;0;1;0;0;0;0;0;321824,508999999612570;5741514,850999999791384;6,416120484000032;51,796068879000075;1
52688;5231001515110082327;5;1;54;24;2023;10;14;1;3;0;2;0;0;1;1;0;0;0;0;312729,483599999919534;5735265,406799999997020;6,287749551000047;51,736970477000057;1
52695;5231001502103390718;5;1;13;0;2023;10;16;1;3;0;7;0;0;1;0;0;0;0;0;362921,542000000365078;5703932,725999999791384;7,026379796000072;51,469934592000072;1
52700;5231001501122469451;5;1;12;0;2023;10;13;1;2;5;2;0;0;1;1;0;0;0;0;342641,178000000305474;5704783,010999999940395;6,734239402000071;51,472298463000072;1
52707;5231001411224837812;5;7;74;24;2023;10;14;1;3;5;3;0;0;1;1;0;0;0;0;475857,524899999611080;5741885,636900000274181;8,649674161000064;51,827275744000076;1
52711;5231001410130339373;5;7;70;28;2023;10;17;1;2;5;3;0;0;1;0;0;0;0;0;497818,469600000418723;5807725,638199999928474;8,967921788000069;52,419745332000048;1
52717;5231001406150987051;5;7;58;36;2023;10;11;1;3;0;1;0;0;1;0;0;0;0;0;485080,648599999956787;5777122,240499999374151;8,781974494000053;52,144407538000053;1
52721;5231001400200983350;5;7;11;0;2023;10;14;1;3;4;7;0;0;1;0;0;0;0;0;468666,830699999816716;5764540,851099999621511;8,543271831000027;52,030606815000056;1
52722;5231008505100091476;5;1;14;0;2023;10;17;1;2;0;5;0;0;1;1;0;0;0;0;329551,286299999803305;5688955,856000000610948;6,553541923000068;51,326321352000036;1
52725;5231001315230596663;5;9;70;28;2023;10;15;1;3;0;1;0;0;1;0;0;0;0;0;458525,065000000409782;5641546,859500000253320;8,409893502000045;50,924068297000076;1
52737;5231001301101180427;5;9;13;0;2023;10;14;1;3;0;1;0;0;1;0;0;0;0;0;394536,052000000141561;5703227,342000000178814;7,481570214000044;51,470370659000082;1
52741;5230930711100695835;5;5;70;44;2023;9;9;7;3;5;3;0;0;1;1;0;0;0;0;417494,604600000195205;5760553,338999999687076;7,798442536000039;51,989511671000059;1
52742;5230930709500974705;5;5;66;76;2023;9;15;7;2;0;1;0;0;1;0;0;0;0;0;394924,389800000004470;5793828,207399999722838;7,459573771000066;52,284759206000047;1
52743;5230930709110596523;5;5;66;8;2023;9;12;7;3;3;2;0;0;1;0;0;0;1;0;397691,854899999685585;5780798,301200000569224;7,504071671000077;52,168174604000058;1
52744;5230930709110396547;5;5;66;8;2023;9;14;7;3;5;3;0;0;1;1;0;0;0;0;400387,788399999961257;5780467,781899999827147;7,543574078000063;52,165697151000074;1
52751;5230930609204089800;5;3;58;4;2023;9;12;7;3;0;7;0;0;1;1;0;0;0;0;305715,298299999907613;5640785,629599999636412;6,237756325000021;50,886025844000073;1
52765;5230930601300499803;5;3;15;0;2023;9;13;7;3;0;6;0;0;1;1;0;0;0;0;354227,050300000235438;5647163,500399999320507;6,924359362000075;50,957622055000058;1
52767;5230930601200983410;5;3;15;0;2023;9;15;7;3;5;3;0;0;1;1;0;0;0;0;354266,492600000463426;5644243,208100000396371;6,926089049000041;50,931388281000068;1
52769;5230930600380286250;5;3;14;0;2023;9;12;7;3;5;2;0;0;1;1;0;0;0;0;369476,570000000298023;5616688,717000000178814;7,152212712000050;50,687368880000065;1
52771;5230930518210983412;5;1;70;28;2023;9;16;7;3;5;3;0;0;1;0;0;0;0;0;330181,075000000186265;5698029,634999999776483;6,558238431000063;51,408026512000049;1
52777;5230930516500178476;5;1;58;16;2023;9;12;7;3;5;3;0;0;1;1;0;0;0;0;355955,410699999891222;5668813,308900000527501;6,940335676000075;51,152615355000080;1
52779;5230930515110895884;5;1;54;40;2023;9;13;7;3;0;2;0;0;1;1;0;0;0;0;290848,882000000216067;5743736,251000000163913;5,966204849000064;51,805292495000060;1
52780;5230930514215983410;5;1;66;28;2023;9;17;7;3;5;3;0;0;1;1;0;0;0;0;325974,098000000230968;5687880,994999999180436;6,502774920000036;51,315582212000038;1
52781;5230930514110983425;5;1;66;32;2023;9;14;7;2;3;3;0;0;1;1;0;0;0;0;318303,919800000265241;5681742,618000000715256;6,395951913000033;51,258045335000077;1
52783;5230930513320495748;5;1;62;4;2023;9;11;7;3;5;7;0;0;1;1;0;0;0;0;342938,965300000272691;5660947,329299999400973;6,757787885000027;51,078512184000033;1
52787;5231004709800983271;5;5;66;32;2023;10;10;4;2;0;7;0;1;1;0;0;0;0;0;413591,951299999840558;5776912,357100000604987;7,737481319000040;52,135964299000079;1
52789;5230930506100691491;5;1;16;0;2023;9;21;7;3;0;1;2;0;1;0;0;0;0;0;321517,509999999776483;5671672,732000000774860;6,446969826000043;51,168600347000051;1
52791;5230930503200691336;5;1;24;0;2023;9;3;7;2;8;7;2;0;1;0;0;0;0;0;374300,958399999886751;5675820,546800000593066;7,200054123000029;51,219918800000073;1
52798;5230930500200978820;5;1;11;0;2023;9;7;7;3;5;3;2;0;1;1;0;0;0;0;348254,936999999918044;5681563,061000000685453;6,824918181000044;51,265190980000057;1
52810;5230930313231983418;5;9;58;48;2023;9;14;7;3;0;7;0;0;1;0;0;0;0;0;462775,618300000205636;5670995,187300000339746;8,467338009000059;51,189158368000051;1
52811;5230930313121983415;5;9;58;32;2023;9;15;7;3;8;1;0;1;1;0;0;0;0;0;444527,839399999938905;5689369,803400000557303;8,203392411000038;51,352888539000048;1
52822;5231006410220983186;5;7;70;8;2023;10;12;6;3;8;2;0;0;1;0;0;0;0;0;474115,148000000044703;5802806,587999999523163;8,619762226000034;52,374914105000073;1
52825;5230929711400090705;5;5;70;28;2023;9;13;6;3;5;3;0;0;1;1;0;0;0;0;441549,799999999813735;5741168,603000000119209;8,152005378000069;51,818293318000030;1
52832;5230929702100664312;5;5;15;0;2023;9;23;6;3;0;7;2;0;1;0;0;0;0;1;399001,958800000138581;5753656,982200000435114;7,531241434000037;51,924472064000042;1
52833;5230929702100481775;5;5;15;0;2023;9;13;6;3;5;2;0;0;1;1;0;0;0;0;406322,628999999724329;5756457,540999999269843;7,636905299000034;51,950924902000054;1
52834;5230929702100068282;5;5;15;0;2023;9;16;6;2;4;3;0;0;1;1;0;0;0;0;409108,075000000186265;5756885,685000000521541;7,677311088000067;51,955235507000054;1
52839;5230929609108289796;5;3;58;8;2023;9;16;6;3;0;3;0;1;1;1;0;0;0;0;322046,536000000312924;5630180,303999999538064;6,474844160000032;50,796008979000078;1
52848;5230929605124983465;5;3;74;24;2023;9;13;6;3;5;3;0;0;1;1;0;0;0;0;398044,712500000372529;5656978,950200000777841;7,545254325000030;51,055279315000064;1
52857;5230929601600983482;5;3;15;0;2023;9;7;6;3;2;1;1;0;1;1;0;0;0;0;363796,264299999922514;5641076,002499999478459;7,062802604000069;50,905252299000040;1
52863;5230929601300983458;5;3;15;0;2023;9;15;6;3;8;2;0;0;1;1;0;0;0;0;352214,764000000432134;5644945,506999999284744;6,896627313000067;50,937177480000059;1
52867;5230929600370800000;5;3;82;4;2023;9;15;6;3;5;3;0;0;1;1;0;0;0;0;360051,222000000067055;5616432,630899999290705;7,018959585000061;50,682876435000026;1
52868;5230929600110373830;5;3;14;0;2023;9;18;6;3;0;1;1;1;1;0;0;0;0;0;365783,040099999867380;5622358,928300000727177;7,097892530000024;50,737492329000077;1
52869;5230929518400565302;5;1;70;16;2023;9;13;6;3;0;1;0;0;1;0;0;0;0;0;344848,917000000365078;5717544,190999999642372;6,760380151000049;51,587565081000037;1
52873;5230929516700199421;5;1;58;8;2023;9;14;6;3;0;7;0;0;1;0;0;0;0;0;359564,298999999649823;5672510,093200000002980;6,990460124000037;51,186734269000056;1
52874;5230929515211595060;5;1;54;56;2023;9;16;6;3;2;6;0;0;1;1;0;0;0;0;316765,914800000376999;5725486,533600000664592;6,351276737000035;51,650472612000044;1
52877;5230929514217983472;5;1;66;36;2023;9;12;6;3;3;7;0;0;1;0;0;0;0;1;328934,854199999943376;5682329,480000000447035;6,547878281000067;51,266606332000038;1
52882;5230929508000089646;5;1;19;0;2023;9;14;6;3;5;2;0;0;1;1;0;0;0;0;351152,535000000149012;5711219,428999999538064;6,853980886000045;51,532435479000071;1
52885;5230929505100085880;5;1;14;0;2023;9;13;6;3;0;5;0;0;1;1;0;0;0;0;333945,711099999956787;5688630,465900000184774;6,616707556000051;51,324697889000049;1
52887;5230929503200075385;5;1;24;0;2023;9;17;6;2;0;1;1;0;1;0;0;0;0;0;373743,531000000424683;5678364,392999999225140;7,191179866000027;51,242659018000040;1
52891;5230929502339196972;5;1;13;0;2023;9;17;6;3;0;1;0;0;1;0;0;0;0;0;364521,781000000424683;5705935,248999999836087;7,048637100000064;51,488315748000048;1
52904;5230929500200301053;5;1;11;0;2023;9;15;6;3;5;2;0;1;1;1;0;0;0;0;346236,728199999779463;5679740,168500000610948;6,796795823000025;51,248270632000072;1
52905;5230929500100599941;5;1;11;0;2023;9;17;6;3;0;3;0;1;1;1;0;0;0;0;343620,292999999597669;5677951,143999999389052;6,760117779000041;51,231484440000031;1
52908;5230929407322983472;5;7;62;12;2023;9;11;6;3;1;5;0;0;1;1;0;0;0;0;521535,062599999830127;5713728,545499999076128;9,310751854000046;51,574213903000043;1
52912;5231007601500672674;5;3;15;0;2023;10;13;7;2;8;1;0;0;1;0;0;0;0;0;360574,832399999722838;5648914,959899999201298;7,014013862000070;50,974933538000073;1
52913;5230929404101076201;5;7;66;20;2023;9;22;6;3;9;1;2;1;1;0;0;0;0;0;487088,941100000403821;5756310,261900000274181;8,812109179000061;51,957341136000082;1
52914;5230929400300903466;5;7;11;0;2023;9;16;6;3;0;7;0;0;1;0;0;0;0;0;463351,501699999906123;5759038,133099999278784;8,466384973000061;51,980808517000071;1
52915;5230929317210780462;5;9;78;20;2023;9;7;6;3;5;2;1;0;1;1;0;0;0;0;404371,718700000084937;5713409,071699999272823;7,620371259000024;51,563643099000046;1
52917;5230929315260095837;5;9;70;32;2023;9;14;6;2;0;1;0;0;1;0;0;0;0;0;444681,290300000458956;5633957,756200000643730;8,214090436000049;50,854666974000054;1
52922;5230929307000180384;5;9;62;24;2023;9;12;6;3;5;2;0;0;1;1;0;0;0;0;408252,793499999679625;5692930,338800000026822;7,681664705000060;51,380196808000051;1
52930;5230929301202094284;5;9;13;0;2023;9;17;6;3;5;7;0;1;1;1;0;0;0;0;393132,182900000363588;5711347,628799999132752;7,458904766000046;51,543096177000052;1
52931;5230929301201869355;5;9;13;0;2023;9;7;6;3;5;3;0;0;1;0;0;1;0;0;388078,672500000335276;5709409,920900000259280;7,386676594000050;51,524700291000045;1
52935;5230928711300696538;5;5;70;8;2023;9;6;5;3;5;3;1;0;1;1;0;0;0;0;431590,160699999891222;5737258,217900000512600;8,008304364000026;51,782008786000063;1
52942;5230928709300396551;5;5;66;36;2023;9;10;5;3;9;6;0;0;1;0;0;0;0;0;386445,632000000216067;5768031,827999999746680;7,343959789000053;52,051242734000027;1
52947;5230928701400983513;5;5;12;0;2023;9;16;5;2;5;2;0;0;1;1;0;0;0;0;355911,981999999843538;5712058,876099999994040;6,922207645000071;51,541213238000068;1
52948;5230928701110983530;5;5;62;32;2023;9;12;5;3;5;3;0;0;1;1;0;0;0;0;378413,521999999880791;5721065,789999999105930;7,243388108000033;51,627458026000056;1
52950;5230928700000998946;5;5;13;0;2023;9;5;5;3;5;3;2;0;1;1;0;0;0;0;365396,940399999730289;5714327,422499999403954;7,058027930000037;51,563941231000058;1
52953;5230928610212065653;5;3;70;4;2023;9;13;5;3;3;6;0;0;1;0;0;0;0;0;312447,220499999821186;5663851,309200000017881;6,321446441000035;51,095442920000039;1
52955;5230928608416099705;5;3;34;16;2023;9;8;5;3;4;6;0;0;1;0;0;0;0;0;296203,562699999660254;5638501,154899999499321;6,103976418000059;50,862232159000030;1
52956;5230928608200799633;5;3;34;2;2023;9;14;5;2;0;1;0;0;1;0;0;0;0;0;295594,174700000323355;5629366,974400000646710;6,100418026000057;50,779980896000041;1
52957;5230928608200675611;5;3;34;2;2023;9;15;5;3;0;1;0;1;1;0;0;0;0;0;297130,975999999791384;5622738,359999999403954;6,125839679000023;50,720985265000081;1
52958;5230928608200233123;5;3;34;2;2023;9;18;5;3;0;7;0;0;1;0;0;0;0;0;297165,326700000092387;5622700,190999999642372;6,126346675000036;50,720654435000029;1
52959;5230928608200186645;5;3;34;2;2023;9;21;5;3;2;2;2;0;1;0;0;0;0;1;296482,713499999605119;5628437,773199999704957;6,113519370000063;50,771947815000033;1
52963;5230928608100785810;5;3;34;2;2023;9;11;5;3;4;2;0;0;1;1;0;0;0;1;294677,661500000394881;5628104,536599999293685;6,088139459000047;50,768318932000057;1
52964;5230928607500595335;5;3;82;56;2023;9;20;5;2;4;6;2;0;1;0;0;0;0;0;374530,673000000417233;5623448,270999999716878;7,221426042000076;50,749239812000042;1
52965;5231006709000168305;5;5;66;76;2023;10;5;6;3;6;1;2;0;1;0;1;0;0;0;391724,115000000223517;5792702,802999999374151;7,413037842000051;52,274023945000067;1
52966;5230928607300983517;5;3;82;16;2023;9;15;5;3;5;3;0;0;1;1;0;0;0;0;389570,669099999591708;5626561,862199999392033;7,433598287000052;50,780285564000053;1
52975;5230928602600983377;5;3;62;20;2023;9;8;5;3;0;7;0;0;1;0;1;0;0;0;342618,800300000235438;5631244,587799999862909;6,766055626000025;50,811524400000053;1
52976;5230928602500099640;5;3;62;24;2023;9;15;5;3;5;2;0;0;1;1;0;0;0;0;343766,202700000256300;5645162,861099999397993;6,776383071000055;50,936903695000069;1
52983;5230928601400381843;5;3;15;0;2023;9;11;5;3;5;3;0;0;1;0;0;0;0;0;357953,592500000260770;5647108,181500000879169;6,977406844000029;50,958055562000027;1
52984;5230928601300983503;5;3;15;0;2023;9;16;5;3;5;3;0;0;1;1;0;0;0;0;352752,530899999663234;5649418,949400000274181;6,902465831000029;50,977515811000046;1
52985;5230928601300977060;5;3;15;0;2023;9;18;5;3;3;3;0;0;1;1;0;0;0;0;354151,562599999830127;5644843,976099999621511;6,924214219000021;50,936758150000060;1
52986;5230928601300578520;5;3;15;0;2023;9;8;5;3;0;1;0;0;1;0;0;0;0;0;350774,860000000335276;5645954,524000000208616;6,875735350000070;50,945874118000063;1
52988;5230928601200983536;5;3;15;0;2023;9;10;5;2;0;1;0;0;1;0;0;0;0;0;353925,072100000455976;5636875,435300000011921;6,924180865000039;50,865089643000033;1
52989;5230928601200781981;5;3;15;0;2023;9;15;5;3;1;5;0;0;1;1;0;0;0;0;357722,358900000341237;5641334,008799999952316;6,976370509000049;50,906106112000032;1
52990;5230928601100983493;5;3;15;0;2023;9;20;5;3;5;2;2;0;1;1;0;0;0;0;355082,914499999955297;5644787,961699999868870;6,937482736000049;50,936489558000062;1
52993;5230928600140795272;5;3;14;0;2023;9;19;5;2;0;1;1;0;1;0;0;0;0;0;367080,249499999918044;5624783,855399999767542;7,115390622000064;50,759585977000029;1
52995;5230928600110665600;5;3;14;0;2023;9;7;5;3;5;2;0;0;1;1;0;0;0;0;364034,081799999810755;5621367,152799999341369;7,073487151000052;50,728171594000059;1
52998;5230928518100745140;5;1;70;48;2023;9;7;5;3;5;3;0;0;1;0;0;0;1;0;334973,793499999679625;5727018,501399999484420;6,613496350000048;51,669874577000030;1
52999;5230928516700295767;5;1;58;8;2023;9;20;5;2;5;3;1;0;1;1;0;0;0;0;361451,429700000211596;5674047,647800000384450;7,016852944000050;51,201012529000081;1
53000;5230928516500291231;5;1;58;16;2023;9;8;5;3;1;5;0;0;1;1;0;0;0;0;358190,025999999605119;5670449,641000000759959;6,971621348000042;51,167878541000050;1
53002;5230928706100589266;5;5;58;16;2023;9;15;5;3;4;2;0;0;1;0;0;1;0;0;382327,203999999910593;5743280,831000000238419;7,292395140000053;51,827945526000065;1
53003;5230928515210024822;5;1;54;28;2023;9;17;5;3;3;2;0;0;1;1;0;0;0;0;320896,227199999615550;5701641,860999999567866;6,423050937000028;51,437618310000062;1
53004;5230928515000983506;5;1;54;24;2023;9;18;5;3;0;3;0;0;1;1;0;0;0;0;312655,368599999696016;5735233,860400000587106;6,286694417000035;51,736662386000035;1
53008;5230928513130655787;5;1;62;22;2023;9;16;5;2;0;2;0;0;1;0;0;0;0;1;334548,947999999858439;5683065,205000000074506;6,627937395000060;51,274873611000032;1
53009;5230928513110693591;5;1;62;16;2023;9;12;5;3;5;3;0;0;1;1;0;0;0;0;333142,211400000378489;5676524,861300000920892;6,610835941000062;51,215703110000049;1
53011;5230928508000082305;5;1;19;0;2023;9;16;5;3;5;3;0;0;1;1;0;0;0;0;351557,837100000120699;5706428,198999999091029;6,861837151000032;51,489490881000052;1
53013;5230928505200185880;5;1;14;0;2023;9;11;5;3;0;7;0;0;1;0;0;0;0;0;329021,106999999843538;5692844,936000000685453;6,544071962000032;51,361100587000067;1
53020;5230928502135095094;5;1;13;0;2023;9;15;5;3;0;7;0;0;1;1;0;0;0;0;366829,853199999779463;5703807,701799999922514;7,082663387000025;51,469744343000059;1
53022;5230928501318983492;5;1;12;0;2023;9;18;5;3;4;6;0;0;1;0;0;0;0;0;342170,591699999757111;5698027,248800000175834;6,730481346000033;51,411468577000051;1
53023;5230928501134291600;5;1;12;0;2023;9;16;5;3;5;3;0;0;1;0;0;1;0;0;343272,104399999603629;5709777,516100000590086;6,741098289000035;51,517347943000061;1
53025;5230928711400354395;5;5;70;28;2023;9;5;5;3;5;3;2;0;1;1;0;0;0;0;444158,750799999572337;5739550,263900000602007;8,190112658000032;51,804010689000052;1
53034;5231008502212489591;5;1;13;0;2023;10;4;1;3;7;1;2;0;1;0;0;0;0;0;364111,437900000251830;5699077,668800000101328;7,045365331000028;51,426591307000081;1
53036;5230928500100741014;5;1;11;0;2023;9;14;5;3;0;2;0;0;1;0;0;0;0;1;346076,811400000005960;5677096,827199999243021;6,795642147000024;51,224475833000042;1
53037;5230928411133983496;5;7;74;32;2023;9;19;5;2;0;3;0;0;1;0;0;0;0;0;489964,956899999640882;5732540,065199999138713;8,854652906000069;51,743678861000035;1
53039;5230928411132578147;5;7;74;32;2023;9;9;5;3;5;3;0;0;1;1;0;0;0;0;482760,764000000432134;5727979,970000000670552;8,750534310000035;51,702502333000041;1
53044;5230928406120031880;5;7;58;16;2023;9;6;5;3;4;6;2;0;1;0;0;0;0;0;477446,611700000241399;5777641,201500000432134;8,670380907000037;52,148814330000050;1
53045;5230928405140796840;5;7;54;40;2023;9;17;5;3;5;3;0;0;1;1;0;0;0;0;459941,672199999913573;5761626,165799999609590;8,416436919000034;52,003840837000041;1
53048;5230928400100491385;5;7;11;0;2023;9;19;5;3;6;4;2;0;1;0;1;0;0;0;468461,029400000348687;5766731,390399999916553;8,540069984000070;52,050289427000052;1
53049;5230928400100274600;5;7;11;0;2023;9;7;5;3;3;3;0;0;1;1;0;0;0;0;467314,582999999634922;5765324,291899999603629;8,523486629000047;52,037572364000027;1
53051;5230928315140490153;5;9;70;36;2023;9;6;5;2;5;3;2;0;1;1;0;0;0;0;430585,798000000417233;5628617,751000000163913;8,014876267000034;50,805132546000038;1