OID_;UIDENTSTLAE;ULAND;UREGBEZ;UKREIS;UGEMEINDE;UJAHR;UMONAT;USTUNDE;UWOCHENTAG;UKATEGORIE;UART;UTYP1;ULICHTVERH;IstStrassenzustand;IstRad;IstPKW;IstFuss;IstKrad;IstGkfz;IstSonstige;LINREFX;LINREFY;XGCSWGS84;YGCSWGS84;PLST
53058;5230928303200758255;5;9;15;0;2023;9;22;5;3;0;1;2;0;1;0;0;0;0;0;413171,443300000391901;5727709,726999999955297;7,743744198000059;51,693620607000071;1
53067;5230927711100983565;5;5;70;44;2023;9;14;4;2;0;1;0;0;1;0;0;0;0;0;415962,946000000461936;5764530,006999999284744;7,775166270000057;52,025027878000060;1
53072;5230927709500796953;5;5;66;76;2023;9;18;4;3;0;2;0;0;1;1;0;0;0;0;392460,406299999915063;5793193,122400000691414;7,423668603000067;52,278575017000037;1
53073;5230927706300309884;5;5;58;44;2023;9;19;4;3;0;1;2;1;1;0;0;0;0;0;403097,042799999937415;5744436,482699999585748;7,593363777000036;51,842322207000052;1
53074;5230927706100582423;5;5;58;16;2023;9;17;4;3;3;2;0;0;1;1;0;0;0;0;382033,678899999707937;5742856,582100000232458;7,288282274000039;51,824070808000045;1
53077;5230927702100179188;5;5;15;0;2023;9;17;4;3;4;2;0;0;1;1;0;0;0;0;412163,122200000099838;5759473,620200000703335;7,721094902000061;51,978988803000050;1
53079;5230927701610050501;5;5;62;12;2023;9;7;4;3;5;3;0;0;1;0;0;0;0;1;359614,037200000137091;5725197,420700000599027;6,970297322000022;51,660208346000047;1
53081;5230927701400598880;5;5;12;0;2023;9;12;4;2;5;3;0;0;1;1;0;0;0;0;356053,827999999746680;5718845,939999999478459;6,921470988000067;51,602235972000074;1
53084;5230927610122980811;5;3;70;28;2023;9;18;4;3;3;2;0;0;1;1;0;0;0;0;298752,844999999739230;5643946,549000000581145;6,137155606000022;50,912032474000057;1
53088;5230927608404789784;5;3;34;4;2023;9;7;4;3;5;3;0;0;1;1;0;0;0;0;298597,412499999627471;5639262,402300000190735;6,137529304000054;50,869907947000058;1
53089;5230927608200575541;5;3;34;2;2023;9;11;4;3;0;1;0;0;1;0;0;0;0;0;300147,314899999648333;5629078,427400000393391;6,165077694000047;50,778976061000037;1
53094;5230927607500599944;5;3;82;56;2023;9;15;4;3;0;1;0;0;1;0;0;0;0;0;372585,614599999971688;5626039,107200000435114;7,192971710000052;50,772103615000049;1
53099;5230927606700190208;5;3;78;8;2023;9;18;4;3;0;2;0;0;1;1;0;0;0;0;370070,480399999767542;5661900,221300000324845;7,144536051000046;51,093862396000077;1
53102;5230927602500983547;5;3;62;24;2023;9;19;4;3;5;2;1;0;1;1;0;0;0;0;345418,791000000201166;5641995,822000000625849;6,801227560000029;50,908890065000037;1
53107;5230927602600590222;5;3;62;20;2023;9;18;4;3;0;3;0;0;1;1;0;0;0;0;342523,307199999690056;5630320,005000000819564;6,765097881000031;50,803190193000034;1
53111;5230927601700481831;5;3;16;0;2023;9;15;4;3;4;6;0;0;1;0;1;0;0;1;363006,997499999590218;5655146,800699999555945;7,046284289000027;51,031524466000064;1
53112;5230927601500983545;5;3;15;0;2023;9;18;4;3;5;2;0;0;1;1;0;0;0;0;364550,415900000371039;5649226,370699999853969;7,070491598000046;50,978681115000029;1
53113;5230927601500199806;5;3;15;0;2023;9;9;4;3;0;3;0;0;1;0;0;0;0;1;357960,876099999994040;5644955,200699999928474;6,978350292000073;50,938708574000032;1
53115;5230927601100983577;5;3;15;0;2023;9;8;4;3;3;6;0;0;1;0;0;0;0;0;354817,145600000396371;5644681,280500000342727;6,933745339000041;50,935463995000077;1
53116;5230927601100799160;5;3;15;0;2023;9;18;4;3;5;3;0;0;1;1;0;0;0;0;357094,461000000126660;5643282,724999999627471;6,966682550000030;50,923464072000058;1
53119;5230927518400476410;5;1;70;8;2023;9;10;4;3;0;1;0;0;1;0;0;0;0;0;343793,713000000454485;5715243,948000000789762;6,746183798000061;51,566606705000027;1
53120;5230927518210795911;5;1;70;28;2023;9;13;4;3;5;3;0;0;1;1;0;0;0;0;329589,553000000305474;5701655,189999999478459;6,547998039000049;51,440419658000053;1
53123;5230927515212983543;5;1;54;32;2023;9;20;4;2;9;1;2;0;1;0;0;0;0;0;309810,599100000225008;5718897,983599999919534;6,254432935000068;51,588990120000062;1
53124;5230927515210086688;5;1;54;48;2023;9;17;4;3;4;6;0;0;1;0;0;0;0;0;324770,927000000141561;5703683,610999999567866;6,477730570000062;51,457171193000079;1
53125;5230927515210025206;5;1;54;12;2023;9;17;4;2;0;1;0;0;1;0;0;0;0;0;309337,564600000157952;5709181,957100000232458;6,252876523000054;51,501567780000073;1
53126;5230930404302983404;5;7;66;8;2023;9;16;7;3;4;6;0;0;1;0;0;0;0;0;483464,604399999603629;5766384,758099999278784;8,758879517000025;52,047823703000063;1
53129;5230927513320786770;5;1;62;4;2023;9;17;4;3;5;3;1;0;1;1;0;0;0;0;340567,483000000007451;5664237,809000000357628;6,722508321000021;51,107423963000031;1
53130;5230927513320195636;5;1;62;4;2023;9;20;4;2;0;1;2;0;1;0;0;0;0;0;348920,710500000044703;5665168,180199999362230;6,841351231000033;51,118046784000057;1
53131;5230927513310983566;5;1;62;8;2023;9;15;4;3;0;2;0;0;1;1;0;0;0;0;330813,582000000402331;5662792,174000000581145;6,583980284000063;51,091640183000038;1
53132;5230927513310983534;5;1;62;8;2023;9;12;4;3;5;3;0;0;1;1;0;0;0;0;329657,666500000283122;5659801,378900000825524;6,568898790000048;51,064427934000037;1
53133;5230927508000089616;5;1;19;0;2023;9;17;4;3;5;2;0;0;1;1;0;0;0;0;353204,172600000165403;5705072,499299999326468;6,886097084000028;51,477738855000041;1
53135;5230927506100481513;5;1;16;0;2023;9;14;4;3;5;3;0;0;1;1;0;0;0;0;324386,538800000213087;5669818,019099999219179;6,488871401000040;51,152826378000043;1
53138;5230927503100365521;5;1;24;0;2023;9;17;4;3;3;3;0;0;1;1;0;0;0;0;369719,053999999538064;5680635,593000000342727;7,132728443000076;51,262166115000070;1
53146;5230927502111287323;5;1;13;0;2023;9;12;4;2;5;2;0;0;1;1;0;0;0;0;360279,774299999698997;5702859,069700000807643;6,988793612000052;51,459640337000053;1
53148;5230927501323781910;5;1;12;0;2023;9;11;4;3;8;7;0;0;1;0;0;0;0;1;345412,548700000159442;5695034,905799999833107;6,778364704000069;51,385475113000041;1
53152;5230927500200793577;5;1;11;0;2023;9;18;4;3;0;1;0;0;1;0;0;0;0;0;343031,377000000327826;5690303,642100000753999;6,746260754000048;51,342311329000040;1
53155;5230927500200070420;5;1;11;0;2023;9;8;4;3;5;3;0;0;1;1;0;0;0;0;346903,845999999903142;5679999,677999999374151;6,806236120000051;51,250781919000076;1
53156;5230927411232983567;5;7;74;32;2023;9;15;4;3;3;2;0;0;1;1;0;0;0;0;480571,805999999865890;5733184,797100000083447;8,718568271000038;51,749228824000056;1
53165;5230927405104787425;5;7;54;4;2023;9;6;4;3;4;6;1;0;1;0;0;0;0;1;452598,868700000457466;5773163,832499999552965;8,307874836000053;52,106988545000036;1
53171;5230927400100983580;5;7;11;0;2023;9;6;4;3;1;5;1;0;1;0;0;0;0;1;472748,596400000154972;5767767,346699999645352;8,602510788000075;52,059830780000027;1
53175;5230927315110293926;5;9;70;40;2023;9;17;4;3;5;3;0;0;1;1;0;0;0;0;430595,150700000114739;5640085,326300000771880;8,012834394000038;50,908243098000071;1
53177;5230927310120299427;5;9;54;32;2023;9;19;4;3;0;1;1;0;1;0;1;0;0;0;387050,721900000236928;5693559,337300000712276;7,376926563000040;51,382027772000072;1
53178;5230927307000983600;5;9;62;12;2023;9;5;4;3;4;6;2;0;1;1;0;0;0;0;396560,656499999575317;5671191,654999999329448;7,520009400000049;51,182776471000068;1
53182;5230927302100983571;5;9;14;0;2023;9;14;4;3;4;2;0;0;1;1;0;0;0;0;395782,062699999660254;5691043,253900000825524;7,503085233000036;51,361081467000076;1
53186;5230927301306983586;5;9;13;0;2023;9;8;4;3;0;3;0;0;1;0;0;0;0;0;395987,350200000219047;5712499,991200000047684;7,499721802000067;51,553987716000051;1
53187;5230927301301983556;5;9;78;24;2023;9;17;4;3;5;3;0;0;1;1;0;0;0;0;398396,742200000211596;5720796,530799999833107;7,532060280000053;51,629001400000050;1
53191;5230926711200983610;5;5;70;16;2023;9;15;3;2;5;3;0;0;1;1;0;0;0;0;412374,955000000074506;5737998,728000000119209;7,729632046000063;51,785986218000062;1
53192;5230926711100983620;5;5;70;12;2023;9;13;3;3;3;2;0;0;1;1;0;0;0;0;439697,336000000126660;5753535,983999999240041;8,122972783000023;51,929280485000049;1
53193;5230926711100787307;5;5;70;52;2023;9;16;3;3;5;2;0;0;1;1;0;0;0;0;430850,644799999892712;5757467,756200000643730;7,993537824000043;51,963597006000043;1
53197;5230926709700091794;5;5;66;28;2023;9;17;3;3;0;1;0;0;1;0;0;0;0;0;412737,692499999888241;5792957,864800000563264;7,720867325000029;52,280053551000037;1
53198;5230926709500257453;5;5;66;76;2023;9;14;3;3;5;3;0;0;1;1;0;0;0;0;397086,716000000014901;5787449,890000000596046;7,493206088000022;52,227843562000032;1
53202;5230926709110542438;5;5;66;8;2023;9;12;3;3;5;3;0;0;1;0;0;0;0;0;397973,788499999791384;5780949,650399999693036;7,508147026000074;52,169587070000034;1
53206;5230926705000295050;5;5;54;32;2023;9;14;3;3;5;3;0;0;1;1;0;0;0;0;322485,002199999988079;5745521,666200000792742;6,423635571000034;51,832268704000057;1
53214;5231005502135586123;5;1;13;0;2023;10;16;5;3;5;5;0;0;1;1;0;0;0;0;366219,889000000432134;5702652,518999999389052;7,074323813000035;51,459219185000052;1
53215;5230926702100260670;5;5;15;0;2023;9;14;3;3;5;2;0;0;1;1;0;0;0;0;407475,765999999828637;5754255,052999999374151;7,654272119000041;51,931320720000031;1
53216;5230926701910674177;5;5;62;8;2023;9;14;3;3;3;6;0;0;1;1;0;0;0;0;383287,603000000119209;5729139,717599999159575;7,311075832000029;51,701055160000067;1
53218;5230926701700907694;5;5;62;16;2023;9;5;3;3;5;3;2;0;1;1;0;0;0;0;374515,339499999769032;5734243,089099999517202;7,182361602000071;51,745025585000064;1
53225;5230926700000036486;5;5;13;0;2023;9;11;3;3;5;2;0;0;1;1;0;0;0;0;364914,112499999813735;5716752,760900000110269;7,050133628000026;51,585620856000048;1
53228;5230926610211894876;5;3;70;4;2023;9;12;3;3;5;3;0;0;1;1;0;0;0;0;311486,555999999865890;5662013,914999999105930;6,308701441000039;51,078623685000082;1
53229;5230926610211186144;5;3;70;4;2023;9;16;3;3;0;1;0;1;1;0;0;0;0;0;310749,527800000272691;5664920,904699999839067;6,296668791000059;51,104492686000071;1
53235;5230926608404871804;5;3;34;4;2023;9;8;3;3;5;2;0;0;1;1;0;0;0;0;298945,662999999709427;5638102,060200000181794;6,143109808000077;50,859607526000048;1
53238;5230926607200095300;5;3;82;20;2023;9;15;3;3;5;3;0;0;1;1;0;0;0;0;381233,193300000391901;5627535,305999999865890;7,315072208000061;50,787388076000070;1
53239;5230926607100934470;5;3;82;52;2023;9;14;3;3;6;4;0;0;1;0;1;0;0;0;393092,253999999724329;5633498,531999999657273;7,481510843000024;50,843303675000072;1
53242;5230926606100099100;5;3;78;4;2023;9;16;3;3;4;6;0;0;1;0;0;0;0;1;367171,446000000461936;5649760,459400000050664;7,107611544000065;50,984091894000073;1
53246;5230926603116094891;5;3;66;16;2023;9;13;3;3;0;1;0;0;1;1;0;0;0;0;346470,501000000163913;5613211,421000000089407;6,828195414000049;50,650504353000031;1
53247;5230926602500581244;5;3;62;24;2023;9;16;3;3;5;3;0;0;1;1;0;0;0;0;346800,775999999605119;5640947,310100000351667;6,821309744000075;50,899836410000034;1
53249;5230926602500076582;5;3;62;24;2023;9;8;3;3;5;3;0;0;1;1;0;0;0;0;342507,251000000163913;5644979,353000000119209;6,758558795000056;50,934912307000047;1
53250;5230926602400085805;5;3;62;32;2023;9;16;3;3;5;3;0;0;1;1;0;0;0;0;337112,827800000086427;5640912,087700000032783;6,683667110000044;50,896868568000059;1
53251;5230926602100376480;5;3;62;8;2023;9;8;3;2;5;2;0;0;1;1;0;0;0;0;333387,003999999724329;5646335,390000000596046;6,628254705000074;50,944533667000030;1
53255;5230926601600099167;5;3;15;0;2023;9;13;3;3;5;3;0;0;1;1;0;0;0;0;363659,844399999827147;5641209,887000000104308;7,060813512000038;50,906423383000060;1
53257;5230926601400381843;5;3;15;0;2023;9;15;3;3;6;4;0;0;1;0;1;0;0;0;355950,244599999859929;5649875,735300000756979;6,947804507000058;50,982429638000042;1
53259;5230926601200763734;5;3;15;0;2023;9;17;3;2;0;1;0;0;1;0;0;0;0;0;353593,230200000107288;5644201,750499999150634;6,916531365000026;50,930845216000080;1
53262;5230926601100983630;5;3;15;0;2023;9;8;3;3;3;2;0;0;1;1;0;0;0;0;356051,728099999949336;5644640,285299999639392;6,951320155000076;50,935405056000036;1
53263;5230926601100124361;5;3;15;0;2023;9;16;3;3;6;7;0;0;1;0;1;0;0;0;355788,772699999623001;5644758,676899999380112;6,947533471000042;50,936403326000061;1
53264;5230926600380983602;5;3;14;0;2023;9;18;3;3;5;2;0;0;1;1;0;0;0;0;367604,336000000126660;5619648,349700000137091;7,124661984000056;50,713547441000060;1
53268;5230926600120675847;5;3;82;24;2023;9;15;3;3;5;2;0;0;1;1;0;0;0;0;371136,340499999932945;5618544,834100000560284;7,175049381000065;50,704422425000075;1
53269;5230926600110493630;5;3;14;0;2023;9;8;3;3;5;2;0;0;1;1;0;0;0;0;366330,137400000356138;5622351,552300000563264;7,105644075000043;50,737552215000051;1
53272;5230928502405595746;5;1;17;0;2023;9;11;5;2;0;7;0;0;1;0;0;0;0;0;357432,358000000007451;5700508,923000000417233;6,948781268000062;51,437811863000036;1
53275;5230926516700874126;5;1;58;8;2023;9;18;3;3;5;2;1;0;1;1;0;0;0;0;360942,948900000192225;5673629,016000000759959;7,009741562000045;51,197126843000035;1
53279;5230926515212095760;5;1;54;64;2023;9;11;3;3;5;3;0;0;1;1;0;0;0;0;306709,473000000230968;5722400,408099999651313;6,207791745000065;51,619389903000069;1
53280;5230926515210983634;5;1;54;20;2023;9;8;3;3;4;2;0;0;1;1;0;0;0;0;322070,592000000178814;5707664,669999999925494;6,436898414000041;51,492089951000082;1
53281;5230926514217091566;5;1;66;36;2023;9;13;3;3;4;6;0;0;1;0;0;0;0;0;329467,212100000120699;5683686,253299999982119;6,554854604000070;51,278954944000077;1
53283;5230926513210983637;5;1;62;24;2023;9;7;3;3;5;3;0;0;1;1;0;0;0;0;337075,895999999716878;5673032,519999999552965;6,668695209000020;51,185461266000061;1
53286;5230926513130495987;5;1;62;22;2023;9;7;3;3;5;3;0;0;1;1;0;0;0;0;332918,422699999995530;5682272,817199999466538;6,604952785000023;51,267278877000081;1
53289;5230926506100082363;5;1;16;0;2023;9;9;3;1;5;2;0;0;1;0;0;0;1;0;321517,461400000378489;5671674,435300000011921;6,446968286000072;51,168615633000059;1
53290;5230926506100073937;5;1;16;0;2023;9;11;3;3;5;3;0;0;1;1;0;0;0;0;320765,135599999688566;5671391,552799999713898;6,436359444000061;51,165839194000057;1
53291;5230926505200991330;5;1;14;0;2023;9;9;3;3;0;2;0;0;1;1;0;0;0;0;329914,849000000394881;5690044,726999999955297;6,558235227000068;51,336212400000079;1
53299;5230926502249316371;5;1;13;0;2023;9;16;3;2;5;2;0;0;1;1;0;0;0;0;356603,331000000238419;5692825,614000000059605;6,939967291000073;51,368560016000060;1
53303;5230927514215983576;5;1;66;28;2023;9;13;4;3;5;3;0;0;1;1;0;0;0;0;323169,959800000302494;5687901,155999999493361;6,462568313000077;51,314898833000029;1
53305;5230927518320983570;5;1;70;52;2023;9;14;4;2;0;1;0;0;1;0;0;0;0;0;320007,511400000192225;5729779,457900000736117;6,395871151000051;51,690079433000051;1
53309;5230926500200983604;5;1;11;0;2023;9;15;3;2;6;4;0;0;1;0;1;0;0;0;346170,546000000089407;5679698,094000000506639;6,795866362000027;51,247874727000067;1
53311;5230926410230096845;5;7;70;4;2023;9;18;3;3;5;3;0;0;1;1;0;0;0;0;486011,984100000001490;5785159,211400000378489;8,795253022000054;52,216689296000027;1
53318;5230926405108983615;5;7;54;8;2023;9;14;3;3;2;3;0;0;1;0;1;0;0;0;456068,004800000227988;5749398,953700000420213;8,361572491000061;51,893619311000066;1
53319;5230926405108306530;5;7;54;8;2023;9;11;3;2;4;2;0;0;1;1;0;0;0;0;457449,605600000359118;5749423,793999999761581;8,381645809000076;51,893949840000062;1
53322;5230926404302096798;5;7;66;48;2023;9;15;3;2;5;3;0;0;1;1;0;0;0;0;479102,038999999873340;5760708,257999999448657;8,695611734000067;51,996640114000058;1
53323;5230926404102366150;5;7;66;56;2023;9;16;3;3;5;7;0;0;1;1;0;0;0;0;477713,466199999675155;5756701,563100000843406;8,675647143000049;51,960562534000076;1
53330;5230926316100294440;5;9;74;40;2023;9;12;3;3;0;1;0;0;1;0;0;0;0;0;436938,306400000117719;5713812,708399999886751;8,090056579000077;51,571854608000081;1
53334;5230926313212694465;5;9;58;36;2023;9;7;3;2;5;3;0;0;1;1;0;0;0;0;463104,002000000327826;5689783,895999999716878;8,470096978000072;51,358121977000053;1
53337;5230927300800599428;5;9;54;36;2023;9;10;4;3;5;2;0;0;1;1;0;0;0;0;384429,401200000196695;5699404,152000000700355;7,337370554000074;51,434033788000079;1
53339;5230926310130590010;5;9;54;20;2023;9;14;3;3;0;1;0;0;1;0;0;0;0;0;390451,674700000323355;5695597,111899999901652;7,425149034000071;51,401010893000034;1
53346;5230926303100051480;5;9;15;0;2023;9;16;3;3;5;3;0;0;1;1;0;0;0;0;417223,768000000156462;5727166,378000000491738;7,802488952000033;51,689348417000076;1
53359;5230926300300377800;5;9;11;0;2023;9;13;3;3;0;1;0;0;1;0;0;0;0;0;380875,178799999877810;5707368,284299999475479;7,283578298000066;51,504877207000050;1
53360;5230926300100993875;5;9;11;0;2023;9;8;3;3;3;2;0;0;1;1;0;0;0;0;375839,855600000359118;5708382,000000000000000;7,210706676000029;51,512903992000076;1
53363;5230925709110157480;5;5;66;12;2023;9;14;2;3;5;3;0;0;1;0;0;0;0;0;400760,372800000011921;5777726,947100000455976;7,549820551000039;52,141130086000032;1
53366;5230925702100472447;5;5;15;0;2023;9;15;2;3;0;1;0;0;1;0;0;0;0;0;406918,884999999776483;5755807,776000000536442;7,645754716000056;51,945184580000046;1
53368;5230926705000791856;5;5;54;8;2023;9;15;3;2;5;5;0;0;1;1;0;0;0;0;335861,212600000202656;5746990,463500000536442;6,616885725000031;51,849554125000054;1
53369;5230925701700272384;5;5;62;16;2023;9;12;2;3;5;2;0;0;1;1;0;0;0;0;374554,414099999703467;5734316,430999999865890;7,182900837000034;51,745693446000075;1
53370;5230925701610983647;5;5;62;12;2023;9;17;2;2;5;2;0;0;1;1;0;0;0;0;365520,781700000166893;5734433,887800000607967;7,052080639000053;51,744653699000082;1
53371;5230925701500699312;5;5;62;24;2023;9;17;2;3;5;2;0;0;1;1;0;0;0;0;370358,642900000326335;5725446,095100000500679;7,125457491000020;51,665024334000066;1
53373;5230925701300598910;5;5;62;14;2023;9;13;2;3;5;3;0;0;1;0;0;0;0;1;360145,463000000454485;5715626,138000000268221;6,981795514000055;51,574333736000028;1
53375;5230925701110781136;5;5;62;32;2023;9;16;2;3;5;2;0;0;1;1;0;0;0;0;375613,989199999719858;5719708,528699999675155;7,203445137000074;51,614648260000081;1
53378;5230925610221063886;5;3;70;20;2023;9;13;2;3;5;3;0;0;1;1;0;0;0;0;309394,958999999798834;5657521,885999999940395;6,281242493000036;51,037584173000027;1
53380;5231004518320295881;5;1;70;52;2023;10;16;4;3;5;3;0;0;1;1;0;0;0;0;326284,416500000283122;5722694,536199999973178;6,490110161000075;51,628413867000063;1
53387;5230925608100894908;5;3;34;2;2023;9;18;2;2;0;7;0;0;1;0;0;0;0;0;295254,848399999551475;5628692,725199999287724;6,095986491000076;50,773805585000048;1
53390;5230925607400025681;5;3;82;44;2023;9;18;2;3;0;3;0;0;1;1;0;0;0;0;363743,793999999761581;5627148,417999999597669;7,067237046000059;50,780064237000033;1
53394;5230925606400290445;5;3;78;24;2023;9;15;2;3;5;3;0;0;1;1;0;0;0;0;376993,151999999769032;5647146,731000000610948;7,248351368000044;50,962781280000058;1
53398;5230925603140326000;5;3;66;40;2023;9;17;2;2;3;7;0;0;1;0;0;0;0;0;350457,310200000181794;5622774,735400000587106;6,880679717000021;50,737485266000078;1
53399;5230925602800983648;5;3;62;12;2023;9;18;2;3;1;6;0;0;1;1;0;0;0;0;351745,982900000177324;5632814,673200000077486;6,894880454000031;50,828042296000035;1
53404;5230925601700999203;5;3;16;0;2023;9;17;2;2;4;2;0;0;1;0;0;0;0;1;363557,083999999798834;5655662,892000000923872;7,053930127000058;51,036293565000051;1
53407;5230925601200881913;5;3;15;0;2023;9;7;2;3;5;2;0;0;1;1;0;0;0;0;355317,733500000089407;5641264,568299999460578;6,942220180000049;50,904884439000057;1
53408;5230925601200693630;5;3;15;0;2023;9;15;2;3;3;6;0;0;1;1;0;0;0;0;355957,409799999557436;5637794,571900000795722;6,952679915000033;50,873859806000041;1
53410;5230925601100999077;5;3;15;0;2023;9;12;2;3;6;4;0;0;1;0;1;0;0;0;355423,563099999912083;5643866,826199999079108;6,942693023000061;50,928296999000054;1
53412;5230925601100983680;5;3;15;0;2023;9;7;2;3;0;1;0;0;1;0;0;0;0;0;356620,175300000235438;5646263,451199999079108;6,958765915000072;50,950133857000026;1
53414;5230925601100983656;5;3;15;0;2023;9;16;2;3;6;4;0;0;1;0;1;0;0;0;356106,298999999649823;5643381,011600000783801;6,952593364000052;50,924101757000074;1
53417;5230925518100191640;5;1;70;48;2023;9;6;2;3;5;3;2;0;1;1;0;0;0;0;335209,788599999621511;5725129,316199999302626;6,617796617000067;51,652971972000046;1
53422;5230925515110096017;5;1;54;4;2023;9;16;2;3;1;6;0;0;1;0;0;0;0;0;311058,394000000320375;5736351,119000000879169;6,262987145000068;51,746160612000040;1
53423;5230925515000983660;5;1;54;36;2023;9;15;2;2;3;2;0;0;1;1;0;0;0;0;302155,498900000005960;5739782,855699999257922;6,132236493000050;51,773905624000065;1
53425;5231007607100091000;5;3;82;60;2023;10;18;7;3;0;1;0;0;1;0;0;0;0;0;373544,892699999734759;5628200,739299999549985;7,205825722000043;50,791743216000043;1
53426;5230925513210983671;5;1;62;24;2023;9;10;2;3;5;3;0;0;1;1;0;0;0;0;338777,044400000013411;5671056,087400000542402;6,693902466000054;51,168185469000036;1
53427;5230925513210685055;5;1;62;24;2023;9;16;2;3;4;6;0;0;1;0;0;0;0;0;339297,027900000102818;5677204,789200000464916;6,698581644000058;51,223577547000048;1
53428;5231001518100895972;5;1;70;48;2023;10;11;1;3;4;2;0;0;1;1;0;0;0;0;335274,697999999858439;5724771,165999999269843;6,618902754000032;51,649773471000060;1
53433;5230925503100565402;5;1;24;0;2023;9;16;2;3;2;6;0;0;1;1;0;0;0;0;369328,191200000233948;5683347,050699999555945;7,126138198000035;51,286445240000035;1
53435;5230925502406095170;5;1;17;0;2023;9;9;2;3;0;7;0;0;1;0;0;0;0;0;354252,205000000074506;5698271,600999999791384;6,903979186000072;51,416898472000071;1
53446;5230925501134768283;5;1;12;0;2023;9;7;2;3;5;3;0;0;1;1;0;0;0;0;343339,387799999676645;5711690,575300000607967;6,741216491000046;51,534554863000039;1
53456;5230925500100897118;5;1;11;0;2023;9;8;2;3;5;3;0;0;1;1;0;0;0;0;345559,672000000253320;5677153,197000000625849;6,788217733000067;51,224842663000061;1
53461;5230925405232570376;5;7;54;32;2023;9;17;2;3;0;1;0;0;1;0;0;0;0;0;461512,695700000040233;5742576,340800000354648;8,441451554000025;51,832681586000035;1
53463;5230925405108587004;5;7;54;8;2023;9;7;2;3;0;3;0;0;1;1;0;0;0;0;456791,841099999845028;5751763,085799999535084;8,371794281000064;51,914930784000035;1
53464;5230929609224983440;5;3;58;24;2023;9;22;6;3;7;1;2;0;1;0;0;0;0;0;313834,580799999646842;5643619,556500000879169;6,351612976000069;50,914156353000067;1
53466;5230925405108096908;5;7;54;8;2023;9;18;2;3;5;3;0;0;1;1;0;0;0;0;459580,024799999780953;5755136,322000000625849;8,411933172000033;51,945467533000055;1
53472;5230925317210189243;5;9;78;20;2023;9;18;2;3;0;1;0;0;1;0;0;0;0;0;404005,407999999821186;5713728,996999999508262;7,615000770000051;51,566456671000026;1
53480;5230925307000983651;5;9;62;32;2023;9;15;2;3;0;7;0;0;1;0;0;0;1;0;400875,786799999885261;5673333,003000000491738;7,581137577000050;51,202790576000041;1
53487;5230925301102880482;5;9;13;0;2023;9;19;2;3;5;3;1;0;1;1;0;0;0;0;398299,086000000126660;5700912,756999999284744;7,536395333000030;51,450254105000056;1
53494;5230925300400038361;5;9;11;0;2023;9;5;2;3;5;2;2;0;1;1;0;0;0;0;377052,151100000366569;5699340,504499999806285;7,231314286000043;51,431908901000043;1
53498;5230927711300872378;5;5;70;8;2023;9;10;4;3;5;2;0;0;1;0;0;0;1;0;434219,635700000450015;5735172,074599999934435;8,046811650000052;51,763569538000070;1
53499;5230924711300019035;5;5;70;48;2023;9;14;1;3;5;3;0;0;1;1;0;0;0;0;449266,129999999888241;5728294,603000000119209;8,265822809000042;51,703302385000029;1
53502;5230924709500042446;5;5;66;76;2023;9;9;1;3;0;7;0;0;1;0;0;0;0;0;394803,822800000198185;5793785,363399999216199;7,457820304000052;52,284351091000076;1
53505;5230924705000072210;5;5;54;12;2023;9;15;1;3;2;6;0;0;1;1;0;0;0;0;348020,771300000138581;5748752,223200000822544;6,792507191000027;51,868825454000046;1
53512;5231005316400696672;5;9;74;44;2023;10;7;5;3;0;1;0;0;1;0;0;0;0;0;453509,710400000214577;5704585,540200000628829;8,330369815000040;51,490502791000040;1
53513;5230929410110087125;5;7;70;24;2023;9;22;6;3;0;1;2;0;1;0;0;0;0;0;492366,298299999907613;5793356,617599999532104;8,888077505000069;52,290513206000071;1
53515;5230924608332099671;5;3;34;32;2023;9;17;1;3;4;2;0;0;1;1;0;0;0;0;304135,922500000335276;5628983,491200000047684;6,221635174000028;50,779484008000054;1
53516;5230924608100457700;5;3;34;2;2023;9;9;1;3;5;3;0;0;1;1;0;0;0;0;295808,204300000332296;5629525,522299999371171;6,103361937000045;50,781480259000034;1
53519;5230924606700378447;5;3;78;16;2023;9;13;1;3;0;7;0;0;1;0;0;0;0;0;360831,972000000067055;5662686,536299999803305;7,012384269000052;51,098761465000052;1
53525;5230924602300771720;5;3;62;36;2023;9;12;1;3;6;6;0;0;1;0;1;0;0;0;342861,320000000298023;5653360,422399999573827;6,759972213000026;51,010318450000057;1
53527;5230927701800277488;5;5;62;4;2023;9;8;4;3;5;2;0;0;1;1;0;0;0;0;382898,197700000368059;5712811,922599999234080;7,310903391000068;51,554226222000068;1
53528;5230926602600489881;5;3;62;20;2023;9;11;3;3;5;2;0;0;1;0;0;0;0;1;346028,398000000044703;5630575,119000000879169;6,814695913000037;50,806424731000050;1
53531;5230924601600090301;5;3;15;0;2023;9;16;1;3;2;2;0;0;1;1;0;0;0;0;364944,133999999612570;5639221,171000000089407;7,079804609000064;50,888851483000053;1
53533;5230924601100499820;5;3;15;0;2023;9;14;1;3;5;3;0;0;1;1;0;0;0;0;356181,185399999842048;5644620,319900000467896;6,953169220000063;50,935257929000045;1
53535;5230924600370983713;5;3;82;4;2023;9;15;1;3;0;7;0;0;1;0;0;0;0;0;359635,215499999932945;5622762,290300000458956;7,010667427000044;50,739664227000048;1
53536;5230924600360983742;5;3;82;12;2023;9;10;1;3;0;6;0;0;1;0;0;0;0;0;353324,510400000028312;5626040,932900000363588;6,919983855000055;50,767569644000048;1