OID_;UIDENTSTLAE;ULAND;UREGBEZ;UKREIS;UGEMEINDE;UJAHR;UMONAT;USTUNDE;UWOCHENTAG;UKATEGORIE;UART;UTYP1;ULICHTVERH;IstStrassenzustand;IstRad;IstPKW;IstFuss;IstKrad;IstGkfz;IstSonstige;LINREFX;LINREFY;XGCSWGS84;YGCSWGS84;PLST
53537;5230924600110086268;5;3;14;0;2023;9;13;1;3;0;6;0;0;1;0;0;0;0;1;364948,933100000023842;5623266,898600000888109;7,085745874000054;50,745459687000050;1
53540;5230924516600586707;5;1;58;4;2023;9;17;1;3;5;3;0;0;1;1;0;0;0;0;353287,899500000290573;5677101,501000000163913;6,898835041000041;51,226416795000034;1
53544;5231006709500855928;5;5;66;76;2023;10;5;6;3;6;4;2;0;1;0;1;0;0;0;391677,489799999631941;5792632,512199999764562;7,412377332000062;52,273383051000053;1
53546;5230924514215091632;5;1;66;28;2023;9;14;1;1;5;3;0;0;1;1;0;1;0;0;324179,800999999977648;5686830,195000000298023;6,477571840000053;51,305590987000073;1
53548;5230924513320686930;5;1;62;4;2023;9;13;1;3;0;7;0;0;1;0;0;0;0;0;344473,170400000177324;5661260,028300000354648;6,779538024000033;51,081739869000046;1
53549;5231004410120939350;5;7;70;32;2023;10;18;4;2;0;1;0;1;1;0;0;0;0;0;496940,751000000163913;5786426,346599999815226;8,955209205000074;52,228250717000037;1
53552;5230924513120374167;5;1;62;20;2023;9;17;1;2;3;6;0;0;1;0;0;0;0;0;329961,350999999791384;5673761,287000000476837;6,566643532000057;51,189936682000052;1
53555;5230924506100983725;5;1;16;0;2023;9;15;1;1;5;3;0;0;1;1;0;0;0;0;319341,597799999639392;5672243,169399999082088;6,415592503000028;51,173041561000048;1
53557;5230924506100674743;5;1;16;0;2023;9;18;1;2;5;2;0;0;1;1;0;0;0;0;319696,976499999873340;5674307,329299999400973;6,419635114000073;51,191696251000053;1
53558;5230924609108685747;5;3;58;8;2023;9;17;1;2;0;4;0;0;1;1;1;0;0;0;323095,083100000396371;5631038,446499999612570;6,489294376000032;50,804039655000054;1
53561;5231006501317983165;5;1;12;0;2023;10;19;6;2;5;3;2;0;1;0;0;0;0;1;344905,264200000092387;5698483,917400000616908;6,769572700000026;51,416326319000063;1
53565;5230924503100890194;5;1;24;0;2023;9;15;1;3;5;2;0;0;1;0;0;1;0;0;369389,596300000324845;5679423,796399999409914;7,128451537000046;51,251199943000074;1
53567;5230924503100080000;5;1;24;0;2023;9;14;1;3;0;5;0;0;1;1;0;0;0;0;370863,735899999737740;5680262,741100000217557;7,149260161000029;51,259075610000082;1
53571;5230924502214877670;5;1;13;0;2023;9;16;1;3;0;1;0;0;1;0;0;0;0;0;362636,849000000394881;5698387,457800000905991;7,024435729000061;51,420033240000066;1
53573;5230924502000299286;5;1;13;0;2023;9;17;1;2;3;2;0;0;1;1;0;0;0;0;366442,523000000044703;5701541,734999999403954;7,077945946000057;51,449289437000061;1
53578;5230924500640185486;5;1;11;0;2023;9;17;1;2;3;6;0;0;1;0;0;0;0;0;340138,866299999877810;5683141,798699999228120;6,707975476000058;51,277157466000062;1
53580;5230929701500481151;5;5;62;24;2023;9;7;6;3;5;3;0;1;1;1;0;0;0;0;370336,183100000023842;5725457,649900000542402;7,125128634000021;51,665122991000032;1
53585;5230924411232396944;5;7;74;32;2023;9;17;1;3;5;3;0;0;1;0;0;1;0;0;479019,208200000226498;5725638,101900000125170;8,696532561000026;51,681318451000038;1
53586;5230924411232387080;5;7;74;32;2023;9;13;1;3;5;3;0;0;1;0;0;0;0;0;479096,049999999813735;5729880,371500000357628;8,697389660000056;51,719464808000055;1
53594;5231002700000446942;5;5;13;0;2023;10;7;2;3;5;3;0;0;1;0;0;0;1;0;369690,777999999932945;5706243,817999999970198;7,122931108000046;51,492303625000034;1
53600;5230924404103496920;5;7;66;16;2023;9;13;1;3;5;3;0;0;1;0;0;0;0;0;501630,594999999739230;5754233,547000000253320;9,023719782000057;51,938816825000060;1
53601;5230924400300983732;5;7;11;0;2023;9;14;1;3;4;6;0;0;1;0;0;0;0;0;466097,906299999915063;5757888,905300000682473;8,506485458000043;51,970650582000076;1
53602;5230924400300076092;5;7;11;0;2023;9;16;1;3;0;1;0;0;1;0;0;0;0;0;463988,091699999757111;5761974,922299999743700;8,475345003000029;52,007253616000071;1
53603;5230930502409291264;5;1;17;0;2023;9;12;7;3;5;7;0;0;1;1;0;0;0;0;350326,586000000126660;5699498,506200000643730;6,847048375000043;51,426900059000047;1
53605;5230924400100366278;5;7;11;0;2023;9;16;1;3;0;6;0;0;1;1;0;0;0;0;466442,069400000385940;5772020,217800000682473;8,510108629000058;52,097720138000057;1
53611;5230924314210099545;5;9;66;4;2023;9;15;1;3;0;3;0;0;1;0;0;0;0;0;429790,692999999970198;5666854,073000000789762;7,996208607000028;51,148825798000075;1
53615;5230924310120389424;5;9;54;32;2023;9;16;1;2;0;1;0;0;1;0;0;0;0;0;386526,699599999934435;5692418,996799999848008;7,369763871000032;51,371673560000033;1
53617;5230924303100853533;5;9;15;0;2023;9;15;1;3;5;3;0;0;1;0;0;0;0;0;417910,816999999806285;5726776,311699999496341;7,812517834000062;51,685942797000052;1
53623;5230924301302983741;5;9;13;0;2023;9;11;1;3;0;6;0;0;1;1;0;0;0;0;397167,019899999722838;5708814,627499999478459;7,517807801000060;51,521077522000041;1
53626;5230924300600983727;5;9;16;0;2023;9;14;1;3;4;2;0;0;1;1;0;0;0;0;377573,906000000424683;5712677,893999999389052;7,234189942000057;51,551891360000070;1
53627;5230923711200983783;5;5;70;16;2023;9;9;7;3;3;1;0;0;1;1;0;0;0;0;409431,020200000144541;5744623,971899999305606;7,685231182000052;51,845070888000066;1
53629;5230923709700569050;5;5;66;28;2023;9;0;7;3;8;7;2;0;1;0;0;0;0;0;408517,927699999883771;5794824,637199999764562;7,658523167000055;52,296146107000027;1
53630;5230923709500596560;5;5;66;16;2023;9;9;7;3;5;3;0;0;1;1;0;0;0;0;403889,357099999673665;5794343,192500000819564;7,590809717000070;52,291028723000068;1
53634;5230923701800983776;5;5;62;4;2023;9;14;7;3;5;3;0;0;1;1;0;0;0;0;382614,060999999754131;5714673,968000000342727;7,306185053000036;51,570902676000060;1
53637;5231007705000574470;5;5;54;8;2023;10;17;7;3;4;6;0;0;1;0;0;0;0;0;328099,980200000107288;5747357,390799999237061;6,504131560000076;51,850514446000034;1
53639;5230927706000589266;5;5;58;16;2023;9;20;4;3;9;1;2;0;1;0;0;0;0;0;380862,651399999856949;5744935,292199999094009;7,270583055000031;51,842503954000051;1
53640;5230923608436967511;5;3;34;36;2023;9;16;7;3;5;3;0;0;1;1;0;0;0;0;298832,759300000034273;5632494,968599999323487;6,144584658000042;50,809207794000031;1
53651;5230923602800085807;5;3;62;12;2023;9;22;7;3;3;6;2;0;1;1;0;0;0;0;352850,085199999623001;5630799,843900000676513;6,911355096000023;50,810217133000037;1
53663;5230923601400386442;5;3;15;0;2023;9;15;7;3;5;3;0;0;1;1;0;0;0;0;356574,067099999636412;5647102,368499999865890;6,957779408000022;50,957661614000074;1
53665;5230923601300693515;5;3;15;0;2023;9;18;7;3;5;3;0;0;1;1;0;0;0;1;351963,035799999721348;5644981,709400000050664;6,893032438000034;50,937438248000035;1
53676;5230923516500589450;5;1;58;16;2023;9;16;7;3;3;6;0;0;1;0;0;0;0;0;354710,838000000454485;5670868,778000000864267;6,921722100000068;51,170771870000067;1
53680;5230923513210983774;5;1;62;24;2023;9;15;7;3;4;2;0;0;1;1;0;0;0;0;337529,496100000105798;5675602,817999999970198;6,674016925000046;51,208683936000057;1
53682;5230923503400175370;5;1;22;0;2023;9;12;7;3;0;1;0;0;1;0;0;0;0;0;364163,640899999998510;5668537,104499999433756;7,057733283000061;51,152140333000034;1
53684;5230923502338295792;5;1;13;0;2023;9;22;7;2;4;2;2;0;1;1;0;0;0;0;363838,559999999590218;5704639,486999999731779;7,039302090000035;51,476507305000041;1
53693;5230923500200576236;5;1;11;0;2023;9;18;7;3;5;3;0;0;1;1;0;0;0;0;350433,858599999919534;5677236,045199999585748;6,857934553000064;51,226885081000034;1
53694;5230923500100899941;5;1;11;0;2023;9;11;7;3;5;2;0;0;1;1;0;0;0;0;346398,479000000283122;5676013,231000000610948;6,800709372000028;51,214825794000035;1
53699;5230923411232682084;5;7;74;32;2023;9;17;7;3;0;1;0;0;1;0;0;0;0;0;480404,383999999612570;5733044,753200000151992;8,716150964000065;51,747963824000067;1
53701;5230923410120983775;5;7;70;32;2023;9;13;7;3;0;3;0;0;1;1;0;0;0;0;495688,009800000116229;5789654,590900000184774;8,936826494000059;52,257266123000079;1
53717;5230923303100851350;5;9;15;0;2023;9;3;7;3;0;1;2;1;1;0;0;0;0;0;426043,968500000424683;5727221,160000000149012;7,930052419000049;51,691072160000033;1
53744;5231028300000993854;5;9;11;0;2023;10;17;7;3;5;3;0;1;1;1;0;0;0;0;374662,063599999994040;5705527,095899999141693;7,194756621000067;51,486986171000069;1
53748;5231027709500774763;5;5;66;76;2023;10;13;6;3;0;6;0;1;1;0;0;0;0;0;393114,666199999861419;5793864,374900000169873;7,433042116000024;52,284735274000070;1
53749;5231027709110982208;5;5;66;8;2023;10;20;6;3;3;2;2;1;1;1;0;0;0;0;400237,046000000089407;5780709,751000000163913;7,541299725000044;52,167844691000028;1
53752;5231027702100977042;5;5;15;0;2023;10;12;6;3;5;2;0;0;1;0;0;0;0;1;404984,408900000154972;5756426,689899999648333;7,617447539000068;51,950420598000051;1
53771;5231027602300175583;5;3;62;36;2023;10;17;6;3;5;2;0;1;1;1;0;0;0;0;344040,770399999804795;5648437,715299999341369;6,778884934000075;50,966405251000026;1
53778;5231027601600993502;5;3;15;0;2023;10;14;6;3;0;7;0;1;1;0;0;0;0;0;363662,304700000211596;5643589,517500000074506;7,059959104000029;50,927810824000062;1
53783;5231027518210982263;5;1;70;28;2023;10;8;6;3;0;1;1;1;1;0;0;0;0;0;328961,323699999600649;5701429,690600000321865;6,539076452000074;51,438204552000059;1
53786;5231027516700556015;5;1;58;8;2023;10;11;6;3;0;6;0;1;1;1;0;0;0;0;358558,805499999783933;5674059,963899999856949;6,975471274000029;51,200414384000055;1
53807;5231027501325990647;5;1;12;0;2023;10;16;6;3;5;2;1;1;1;1;0;0;0;0;345405,968000000342727;5693543,346300000324845;6,778919230000042;51,372071434000077;1
53818;5231027516300982252;5;1;58;28;2023;10;9;6;1;1;5;1;1;1;0;0;0;1;0;352471,764499999582767;5687449,709400000050664;6,882884123000053;51,319194887000037;1
53826;5231027405228496930;5;7;54;28;2023;10;13;6;3;0;3;0;1;1;1;0;0;0;0;451878,616000000387430;5742189,515000000596046;8,301700487000062;51,828456835000054;1
53831;5231027317240594250;5;9;78;40;2023;10;18;6;3;5;2;2;1;1;1;0;0;0;0;405815,489299999549985;5724960,422299999743700;7,638089419000039;51,667721317000030;1
53832;5231027317210982224;5;9;78;20;2023;10;13;6;3;5;2;0;1;1;0;0;0;0;1;406748,611399999819696;5716549,062599999830127;7,653818588000036;51,592266927000026;1
53850;5231027301302487411;5;9;13;0;2023;10;17;6;3;5;2;2;0;1;1;0;0;0;0;395949,782599999569356;5706933,230000000447035;7,500824787000056;51,503943405000030;1
53854;5231027300400982280;5;9;11;0;2023;10;6;6;3;0;1;2;1;1;0;0;0;0;0;373752,797899999655783;5700055,052200000733137;7,183621471000038;51,437605237000071;1
53859;5231026711400982320;5;5;70;28;2023;10;7;5;3;5;2;1;1;1;1;0;0;0;0;441105,046600000001490;5742874,943700000643730;8,145263365000062;51,833587007000062;1
53860;5231026711100487403;5;5;70;52;2023;10;13;5;3;0;1;0;1;1;0;0;0;0;0;436197,947800000198185;5754853,871799999848008;8,071841109000047;51,940738008000039;1
53861;5231026709500596560;5;5;66;76;2023;10;11;5;2;5;3;0;1;1;1;0;0;0;0;393426,503999999724329;5794024,048499999567866;7,437561378000055;52,286230847000070;1
53864;5231026709300926734;5;5;66;84;2023;10;7;5;3;5;3;1;1;1;1;0;0;0;0;389387,167000000365078;5775267,924000000581145;7,384492497000053;52,116870289000076;1
53865;5231026709000872364;5;5;66;4;2023;10;10;5;3;0;3;0;1;1;1;0;0;0;0;394752,246399999596179;5767249,714800000190735;7,465292773000044;52,045853142000055;1
53866;5231026706000091075;5;5;58;12;2023;10;16;5;3;5;3;0;0;1;1;0;0;0;0;371142,177299999631941;5752815,910399999469519;7,126615494000021;51,911163393000038;1
53871;5231026702100982296;5;5;15;0;2023;10;16;5;3;0;7;0;0;1;1;0;0;0;0;404429,392900000326335;5755310,017000000923872;7,609684603000062;51,940288413000076;1
53873;5231026702100876698;5;5;15;0;2023;10;16;5;3;2;6;0;0;1;0;0;0;0;0;405158,728000000119209;5756934,426000000908971;7,619843095000022;51,955014095000081;1
53875;5231026701200698865;5;5;62;20;2023;10;15;5;3;1;3;0;0;1;1;0;0;0;0;370962,086099999956787;5719353,248099999502301;7,136424296000030;51,610408341000038;1
53877;5231026700000698936;5;5;13;0;2023;10;6;5;3;5;3;2;1;1;1;0;0;0;0;365396,638600000180304;5714327,281400000676513;7,058023633000062;51,563939891000075;1
53885;5231026602400069735;5;3;62;32;2023;10;19;5;2;2;6;2;1;1;1;0;0;0;0;344415,274299999698997;5636890,057900000363588;6,789138480000076;50,862740230000043;1
53892;5231026601500593512;5;3;15;0;2023;10;15;5;3;0;1;0;1;1;0;0;0;0;0;359116,953099999576807;5646139,828199999406934;6,994335755000066;50,949638518000029;1
53893;5231026601100164470;5;3;15;0;2023;10;13;5;3;1;5;0;1;1;1;0;0;0;1;355723,053799999877810;5644682,903899999335408;6,946628778000047;50,935705930000040;1
53898;5231026516300795446;5;1;58;28;2023;10;7;5;3;5;2;1;1;1;1;0;0;0;0;348516,016400000080466;5684150,768799999728799;6,827560646000052;51,288512546000049;1
53900;5231026513130795713;5;1;62;22;2023;10;12;5;3;5;3;0;0;1;1;0;0;0;0;338455,389000000432134;5686163,978000000119209;6,682492339000021;51,303836011000044;1
53905;5231026503400808511;5;1;22;0;2023;10;16;5;3;0;1;0;1;1;0;0;0;0;0;360271,288099999539554;5669432,212099999189377;7,001766369000052;51,159247371000049;1
53910;5231026502324571872;5;1;13;0;2023;10;6;5;3;0;6;2;1;1;1;0;0;0;0;361812,345499999821186;5706361,276300000026822;7,009470003000047;51,491488556000036;1
53911;5231026501328485941;5;1;12;0;2023;10;13;5;2;5;2;0;0;1;1;0;0;0;0;341223,233199999667704;5692962,141200000420213;6,719135180000023;51,365695326000036;1
53917;5231026500200591140;5;1;11;0;2023;10;21;5;3;5;3;2;0;1;1;0;0;0;0;346554,649000000208616;5679192,782999999821186;6,801582182000061;51,243437723000056;1
53923;5231026410120096793;5;7;70;32;2023;10;10;5;3;8;1;0;1;1;0;0;0;0;0;495835,736999999731779;5790043,250000000000000;8,938985998000021;52,260761523000042;1
53932;5231026317110982318;5;9;78;36;2023;10;8;5;3;0;7;0;1;1;0;0;0;0;0;408775,001000000163913;5712397,179899999871850;7,684141496000052;51,555276450000065;1
53933;5231026316300382002;5;9;74;20;2023;10;17;5;3;6;2;1;1;1;0;1;0;0;0;465824,486999999731779;5721664,862999999895692;8,506078075000062;51,644946474000051;1
53940;5231026310210982300;5;9;54;24;2023;10;13;5;3;4;2;0;0;1;1;0;0;0;0;381861,847000000067055;5683952,437000000849366;7,305584398000065;51,294624367000040;1
53947;5231026301301782436;5;9;78;24;2023;10;12;5;3;5;3;0;0;1;1;0;0;0;0;396929,945799999870360;5720766,627699999138713;7,510884810000050;51,628465818000052;1
53948;5231026301202794430;5;9;13;0;2023;10;16;5;3;5;2;0;0;1;1;0;0;0;0;394018,226999999955297;5709411,385999999940395;7,472259973000064;51,525859400000058;1
53950;5231026301102575341;5;9;13;0;2023;10;15;5;3;3;3;0;0;1;1;0;0;0;0;396206,870000000111759;5705029,597599999979138;7,505087534000040;51,486879556000076;1
53956;5231026300600669125;5;9;16;0;2023;10;20;5;3;5;2;2;0;1;1;0;0;0;0;374208,760999999940395;5710410,468000000342727;7,186489081000047;51,530773411000041;1
53959;5231025706000685478;5;5;58;12;2023;10;13;4;3;5;2;0;1;1;1;0;0;0;0;373123,091099999845028;5756317,956900000572205;7,154107508000038;51,943088935000048;1
53960;5231027601600478516;5;3;15;0;2023;10;5;6;2;2;6;2;1;1;1;0;0;0;0;361657,905899999663234;5635524,982999999076128;7,034508892000076;50,854854703000058;1
53962;5231025705000191695;5;5;54;56;2023;10;13;4;3;0;7;0;1;1;0;0;0;0;0;356839,257000000216067;5762432,152000000700355;6,914809602000048;51,994073997000044;1
53964;5231025702100076681;5;5;15;0;2023;10;7;4;3;5;3;1;0;1;1;0;0;0;0;407152,430999999865890;5760549,553999999538064;7,647869370000024;51,987845110000080;1
53966;5231025701800181302;5;5;62;4;2023;10;17;4;3;5;3;1;1;1;1;0;0;0;0;382819,031499999575317;5713913,046599999070168;7,309395015000064;51,564106378000076;1
53975;5231025607100395280;5;3;82;60;2023;10;14;4;3;5;3;0;1;1;1;0;0;0;0;375157,345700000412762;5628149,832800000905991;7,228709129000038;50,791635184000029;1
53986;5231025601200078241;5;3;15;0;2023;10;16;4;2;5;2;0;1;1;1;0;0;0;0;354193,587100000120699;5644489,701899999752641;6,924953661000075;50,933585022000045;1
53991;5231025516800695558;5;1;58;20;2023;10;14;4;3;5;3;0;1;1;1;0;0;0;0;357610,262699999846518;5665425,273900000378489;6,965321211000060;51,122582554000076;1
53992;5231025516600986707;5;1;58;4;2023;10;18;4;3;0;1;2;1;1;0;0;0;0;0;353226,957799999974668;5677105,561000000685453;6,897961220000070;51,226437611000051;1
54004;5231025502106687323;5;1;13;0;2023;10;14;4;3;5;3;0;1;1;1;0;0;0;0;362711,895999999716878;5702081,973999999463558;7,024081912000042;51,453252107000026;1
54020;5231025405108487054;5;7;54;8;2023;10;16;4;3;5;2;0;1;1;0;0;0;0;1;457090,043499999679625;5748116,374900000169873;8,376583538000034;51,882167792000075;1
54023;5231025404301096796;5;7;66;44;2023;10;18;4;2;9;1;2;1;1;0;0;0;0;0;488864,286299999803305;5762356,805800000205636;8,837748815000054;52,011743677000027;1
54024;5231025404101982376;5;7;66;20;2023;10;7;4;3;5;2;1;1;1;1;0;0;0;0;490853,675999999977648;5753896,496999999508262;8,866960286000051;51,935713611000040;1
54029;5231025315110535764;5;9;70;40;2023;10;15;4;3;5;3;0;0;1;1;0;0;0;0;430591,961299999617040;5640086,794900000095367;8,012788758000056;50,908255919000055;1
54031;5231025307000430095;5;9;62;24;2023;10;10;4;3;5;3;0;0;1;1;0;0;0;0;407240,651499999687076;5691426,670700000599027;7,667517736000036;51,366515101000061;1
54043;5231025300100077628;5;9;11;0;2023;10;19;4;3;9;1;2;1;1;1;0;0;0;1;374783,194299999624491;5706081,078600000590086;7,196303828000055;51,491991806000044;1
54047;5231024706000982395;5;5;58;16;2023;10;14;3;3;3;3;0;0;1;0;0;0;1;0;382115,486200000159442;5744748,867300000041723;7,288824144000046;51,841094427000030;1
54050;5231024705000691763;5;5;54;20;2023;10;7;3;3;5;3;2;1;1;1;0;0;0;0;366340,325000000186265;5785820,048000000417233;7,043931473000043;52,206595825000079;1
54052;5231024705000191856;5;5;54;8;2023;10;17;3;2;0;2;0;1;1;1;0;0;0;0;336806,442999999970198;5743909,374099999666214;6,632049825000024;51,822152198000026;1
54054;5231024702100572722;5;5;15;0;2023;10;10;3;3;3;2;0;0;1;1;0;0;0;0;406322,628999999724329;5756457,540999999269843;7,636905299000034;51,950924902000054;1
54057;5231024701110889503;5;5;62;32;2023;10;7;3;3;5;3;2;1;1;1;0;0;0;0;374236,375000000000000;5721255,347799999639392;7,183003142000075;51,628243467000061;1
54061;5231024608200799582;5;3;34;2;2023;10;17;3;3;5;3;0;0;1;1;0;0;0;0;296845,194799999706447;5630728,870899999514222;6,117387535000034;50,792652242000031;1
54068;5231024602800982398;5;3;62;12;2023;10;14;3;3;0;1;0;1;1;0;0;0;0;0;351748,610999999567866;5632831,220000000670552;6,894911054000033;50,828191670000081;1
54080;5231024601400099820;5;3;15;0;2023;10;17;3;3;5;2;0;1;1;1;0;0;0;0;355874,921000000089407;5646804,544999999925494;6,947949112000060;50,954810699000063;1
54081;5231024601300281823;5;3;15;0;2023;10;21;3;3;0;3;2;1;1;1;0;0;0;0;354003,703800000250340;5644828,318199999630451;6,922117574000026;50,936580024000079;1
54083;5231024601200982403;5;3;15;0;2023;10;11;3;3;5;2;0;0;1;1;0;0;0;0;353473,917799999937415;5644132,579399999231100;6,914862474000074;50,930193303000067;1
54084;5231024601200599810;5;3;15;0;2023;10;14;3;3;0;7;0;1;1;0;0;0;0;0;357233,842799999751151;5641131,385099999606609;6,969506196000054;50,904164532000038;1
54089;5231024600110190880;5;3;14;0;2023;10;7;3;3;0;6;1;0;1;0;0;0;0;0;366411,576999999582767;5622364,847300000488758;7,106792738000024;50,737690449000070;1
54091;5231024518210982385;5;1;70;28;2023;10;17;3;3;2;6;0;1;1;1;0;0;0;0;331896,410899999551475;5702835,255899999290705;6,580598433000034;51,451710370000058;1
54093;5231024518100982391;5;1;70;48;2023;10;16;3;3;5;3;0;1;1;1;0;0;0;0;335223,391800000332296;5727115,104800000786781;6,617056952000041;51,670815684000047;1
54096;5231024516100982405;5;1;58;32;2023;10;14;3;3;0;3;0;1;1;1;0;0;0;0;362686,792600000277162;5690236,028300000354648;7,028304990000038;51,346791948000032;1
54098;5231024515111982400;5;1;54;8;2023;10;15;3;3;4;6;0;1;1;0;0;0;0;0;309214,133700000122190;5746667,632099999114871;6,230631372000062;51,838186200000052;1
54102;5231024513320671842;5;1;62;4;2023;10;8;3;3;0;3;0;0;1;0;0;0;0;1;347780,721800000406802;5664099,843000000342727;6,825526185000058;51,108145166000043;1
54103;5231024513210795734;5;1;62;24;2023;10;13;3;3;6;1;0;1;1;0;1;0;0;0;339519,390399999916553;5673477,712200000882149;6,703430292000064;51,190152518000048;1
54107;5231024506100570284;5;1;16;0;2023;10;6;3;3;5;3;2;1;1;0;0;0;0;1;322095,677500000223517;5669555,495600000023842;6,456278077000036;51,149760519000040;1
54108;5231024506100553368;5;1;16;0;2023;10;14;3;3;1;1;0;1;1;1;0;0;0;0;319101,116000000387430;5667735,614399999380112;6,414421412000024;51,132473767000079;1
54109;5231024505100982415;5;1;14;0;2023;10;6;3;2;5;2;1;1;1;1;0;0;0;0;331080,022699999623001;5687826,053200000897050;6,575998148000053;51,316627320000066;1
54116;5231024501212096061;5;1;12;0;2023;10;15;3;3;0;1;0;1;1;0;0;0;0;0;339284,292700000107288;5698779,957100000232458;6,688672384000029;51,417420644000060;1
54132;5231024400300803466;5;7;11;0;2023;10;17;3;3;5;3;0;1;1;1;0;0;0;0;465485,779699999839067;5755614,929500000551343;8,497803574000045;51,950168331000043;1
54133;5231024400200670283;5;7;11;0;2023;10;7;3;3;3;2;2;1;1;1;0;0;0;0;467402,810700000263751;5763056,400599999353290;8,524988912000026;52,017187839000030;1
54164;5231024300800177617;5;9;54;36;2023;10;15;3;3;5;2;0;1;1;1;0;0;0;0;384322,938900000415742;5698976,582800000905991;7,335979306000070;51,430169054000032;1
54168;5231024300100396607;5;9;11;0;2023;10;7;3;3;5;2;1;1;1;1;0;0;0;0;374944,802000000141561;5706023,050000000745058;7,198651042000051;51,491506054000070;1
54171;5231023709700981086;5;5;66;72;2023;10;13;2;3;5;1;0;0;1;1;0;0;0;0;412803,899699999950826;5803464,426799999549985;7,719112653000025;52,374499274000073;1
54172;5231023709700038470;5;5;66;28;2023;10;9;2;3;5;3;0;0;1;1;0;0;0;0;412627,660000000149012;5792800,066999999806285;7,719295746000057;52,278617741000062;1
54173;5231023709500442446;5;5;66;76;2023;10;17;2;3;3;6;0;0;1;0;0;0;0;1;393729,981399999931455;5792218,242300000041723;7,442577906000054;52,270060461000071;1
54178;5231023702100067822;5;5;15;0;2023;10;15;2;3;6;4;0;0;1;0;1;0;0;0;405423,872399999760091;5756114,872800000011921;7,623925884000073;51,947692748000065;1
54179;5231023701610982462;5;5;62;12;2023;10;6;2;3;5;3;2;1;1;1;0;0;0;0;360292,798799999989569;5731238,252900000661612;6,977686076000055;51,714659429000051;1
54181;5231023701300896188;5;5;62;14;2023;10;15;2;3;5;3;0;0;1;1;0;0;0;0;361493,256000000052154;5713410,106000000610948;7,002105624000023;51,554752875000077;1
54186;5231023609128499643;5;3;58;28;2023;10;17;2;3;0;7;0;1;1;0;0;0;0;0;322861,398599999956787;5625111,182399999350309;6,488836368000023;50,750716596000075;1
54187;5231023608404673662;5;3;34;4;2023;10;18;2;3;5;2;1;1;1;1;0;0;0;0;303223,449500000104308;5637789,782600000500679;6,203984904000038;50,858273977000067;1
54204;5231023601600799123;5;3;15;0;2023;10;15;2;3;3;5;0;0;1;1;0;0;0;0;359857,952999999746680;5644862,623199999332428;7,005369475000066;50,938340744000072;1
54205;5231023601600090168;5;3;15;0;2023;10;16;2;3;0;2;0;0;1;0;0;0;0;0;362837,523400000296533;5645239,264399999752641;7,047609043000023;50,942442197000048;1
54208;5231023601200679236;5;3;15;0;2023;10;7;2;3;3;6;1;0;1;0;0;0;0;1;354309,587299999780953;5642508,500000000000000;6,927394953000032;50,915809819000060;1
54218;5231023516800095475;5;1;58;20;2023;10;10;2;3;4;2;0;0;1;1;0;0;0;0;356390,958899999968708;5666454,652300000190735;6,947499758000049;51,131528745000026;1
54219;5231023515211982445;5;1;54;16;2023;10;13;2;3;5;3;0;1;1;1;0;0;0;0;304410,596800000406802;5727594,247099999338388;6,171723510000049;51,665239446000044;1
54221;5231023515210081606;5;1;54;12;2023;10;12;2;3;5;7;0;0;1;0;0;0;1;0;313991,356999999843538;5711031,293999999761581;6,318874354000059;51,519728782000072;1
54225;5231023514111982431;5;1;66;32;2023;10;18;2;3;5;3;2;1;1;1;0;0;0;0;312719,800200000405312;5681403,754599999636412;6,316191068000023;51,253194919000066;1
54230;5231023506100592101;5;1;16;0;2023;10;15;2;3;6;4;0;0;1;0;1;0;0;0;319921,242200000211596;5676692,042500000447035;6,421644697000033;51,213189022000051;1
54238;5231023502209581107;5;1;13;0;2023;10;20;2;3;1;6;2;1;1;0;0;0;0;1;360190,229700000025332;5700732,832100000232458;6,988345697000057;51,440511314000048;1
54245;5231023500200982430;5;1;11;0;2023;10;18;2;3;5;2;2;1;1;1;0;0;0;0;345493,946899999864399;5680396,483899999409914;6,785878016000026;51,253967153000076;1
54251;5231023411132982440;5;7;74;32;2023;10;14;2;3;0;1;0;0;1;0;0;0;0;0;479060,048000000417233;5726035,830000000074506;8,697099400000070;51,684896076000030;1
54252;5231023410140982440;5;7;70;12;2023;10;13;2;3;0;1;0;0;1;0;0;0;0;0;482820,833599999547005;5798234,216000000014901;8,747877485000060;52,334149191000051;1
54255;5231023410110096948;5;7;70;24;2023;10;5;2;3;0;1;2;1;1;0;0;0;0;0;495468,234899999573827;5794136,018500000238419;8,933546415000023;52,297554753000043;1
54263;5231027503400590772;5;1;22;0;2023;10;15;6;3;5;3;0;1;1;1;0;0;0;0;366245,319000000134110;5670688,640000000596046;7,086680376000061;51,171967009000070;1
54264;5231023405224076144;5;7;54;24;2023;10;15;2;3;4;2;0;0;1;1;0;0;0;0;453107,760499999858439;5736340,842100000008941;8,320326681000040;51,775978126000041;1
54270;5231023400200982453;5;7;11;0;2023;10;10;2;3;5;2;0;1;1;1;0;0;0;0;468620,105499999597669;5762968,843699999153614;8,542734916000029;52,016470827000035;1
54276;5231023303200669763;5;9;15;0;2023;10;11;2;3;5;3;0;0;1;1;0;0;0;0;419111,433000000193715;5728042,515000000596046;7,829588144000070;51,697499656000048;1