OID_;UIDENTSTLAE;ULAND;UREGBEZ;UKREIS;UGEMEINDE;UJAHR;UMONAT;USTUNDE;UWOCHENTAG;UKATEGORIE;UART;UTYP1;ULICHTVERH;IstStrassenzustand;IstRad;IstPKW;IstFuss;IstKrad;IstGkfz;IstSonstige;LINREFX;LINREFY;XGCSWGS84;YGCSWGS84;PLST
54280;5231023301301484936;5;9;78;24;2023;10;11;2;1;5;2;0;0;1;1;0;0;0;0;396345,542999999597669;5719273,156999999657273;7,502886604000025;51,614934444000028;1
54283;5231023301202982463;5;9;13;0;2023;10;5;2;3;4;2;2;0;1;1;0;0;0;0;394320,783400000073016;5709316,925499999895692;7,476648038000064;51,525067043000035;1
54286;5231023300000556214;5;9;11;0;2023;10;21;2;3;0;1;2;1;1;0;1;0;0;0;375691,959999999962747;5705653,323000000789762;7,209537961000024;51,488347950000048;1
54290;5231022706100249805;5;5;58;32;2023;10;10;1;3;6;7;0;0;1;0;1;0;0;0;390327,612499999813735;5755906,636199999600649;7,404428801000051;51,943049810000048;1
54293;5231022705000056697;5;5;54;32;2023;10;11;1;2;2;6;0;0;1;0;0;0;0;0;324856,940100000239909;5747601,758600000292063;6,456970687000023;51,851701477000063;1
54296;5231022702100705104;5;5;15;0;2023;10;19;1;3;5;3;2;1;1;1;0;0;0;0;403973,246000000275671;5749153,528999999165535;7,604767272000061;51,884872768000037;1
54311;5231022601300599133;5;3;15;0;2023;10;3;1;3;0;1;2;0;1;0;0;0;0;0;349469,166500000283122;5644484,343900000676513;6,857769663000056;50,932323186000076;1
54313;5231022601100879341;5;3;15;0;2023;10;20;1;2;0;7;2;1;1;0;0;0;0;0;355670,064100000075996;5644690,765900000929832;6,945872025000028;50,935763326000028;1
54314;5231022518120091103;5;1;70;44;2023;10;17;1;3;0;1;0;0;1;0;0;0;0;0;341511,864500000141561;5716082,914200000464916;6,712909864000039;51,573507695000046;1
54320;5231022508000982454;5;1;19;0;2023;10;19;1;3;3;6;2;1;1;1;0;0;0;0;350214,654199999757111;5704953,610600000247359;6,843130024000061;51,475886961000072;1
54331;5231022316300070542;5;9;74;28;2023;10;4;1;3;6;1;2;0;1;0;1;0;0;0;454308,433799999766052;5728382,098300000652671;8,338773724000021;51,704522307000047;1
54338;5231022300100980523;5;9;11;0;2023;10;18;1;2;0;3;1;0;1;1;0;0;0;0;375772,938000000081956;5705446,247999999672174;7,210776574000022;51,486504688000082;1
54340;5231021711400982477;5;5;70;28;2023;10;17;7;3;2;3;0;0;1;1;0;0;0;0;441512,537999999709427;5742557,869000000879169;8,151230137000027;51,830779255000039;1
54341;5231021709700476366;5;5;66;56;2023;10;21;7;3;5;3;2;0;1;1;0;0;0;0;417044,120099999941885;5796512,897299999371171;7,783101579000061;52,312674676000029;1
54349;5231021702100678182;5;5;15;0;2023;10;16;7;3;3;7;0;0;1;1;0;0;0;0;405580,125199999660254;5756827,733500000089407;7,626002794000044;51,954126803000065;1
54354;5231021701110982505;5;5;62;32;2023;10;12;7;3;3;6;0;0;1;1;0;0;0;0;375401,863699999637902;5719863,113199999555945;7,200327992000041;51,615990617000080;1
54355;5231021700000739233;5;5;13;0;2023;10;12;7;3;0;6;0;0;1;0;0;0;0;1;361360,825600000098348;5717653,585599999874830;6,998521948000075;51,592852795000056;1
54358;5231021609152399678;5;3;58;28;2023;10;16;7;3;0;1;0;0;1;0;0;0;0;0;322531,764000000432134;5624314,188999999314547;6,484552142000041;50,743455562000065;1
54376;5231025317250809974;5;9;78;32;2023;10;14;4;3;5;3;0;1;1;1;0;0;0;0;393907,258299999870360;5727694,631100000813603;7,465128073000074;51,690174653000042;1
54380;5231021600140690903;5;3;14;0;2023;10;16;7;3;2;6;0;0;1;1;0;0;0;0;367465,882000000216067;5622859,952999999746680;7,121547606000036;50,742382056000054;1
54386;5231021513210791370;5;1;62;24;2023;10;9;7;2;5;3;0;1;1;1;0;0;0;0;337881,981999999843538;5673216,163000000640750;6,680136575000063;51,187340443000039;1
54391;5231021506100091604;5;1;16;0;2023;10;17;7;3;0;1;0;0;1;0;0;0;0;0;319899,516599999740720;5668780,665400000289083;6,425298109000039;51,142113286000040;1
54394;5231021505100091493;5;1;14;0;2023;10;9;7;3;5;2;0;1;1;1;0;0;0;0;333814,200899999588728;5688951,875700000673532;6,614671930000043;51,327547092000032;1
54395;5231021503400982510;5;1;22;0;2023;10;11;7;3;0;7;0;0;1;1;0;0;0;0;365304,057699999772012;5674490,122400000691414;7,071798387000058;51,205910446000075;1
54399;5231021502406995001;5;1;17;0;2023;10;14;7;2;0;1;0;1;1;0;0;0;0;0;354204,367999999783933;5695435,582000000402331;6,904457261000061;51,391402123000034;1
54402;5231021501215576407;5;1;12;0;2023;10;10;7;2;5;7;0;1;1;1;0;0;0;0;335869,663999999873340;5696198,096000000834465;6,640803839000057;51,393246354000041;1
54404;5231021501115982500;5;1;12;0;2023;10;22;7;3;0;6;2;0;1;1;0;0;0;0;344728,951000000350177;5706585,060000000521541;6,763483614000052;51,489066464000075;1
54409;5231021411216096843;5;7;74;16;2023;10;18;7;3;0;1;2;0;1;0;0;0;0;0;467698,459800000302494;5713843,142000000923872;8,533881497000039;51,574730128000056;1
54419;5231021317110380685;5;9;78;36;2023;10;19;7;3;5;2;2;0;1;1;0;0;0;0;409272,592299999669194;5709930,814300000667572;7,691952835000052;51,533185769000056;1
54431;5231021301301296592;5;9;78;24;2023;10;13;7;3;0;3;0;0;1;1;0;0;0;0;395535,015999999828637;5720785,517999999225140;7,490733264000028;51,628378343000065;1
54436;5231020711300982561;5;5;70;8;2023;10;11;6;3;2;6;0;1;1;1;0;0;0;0;433120,306499999947846;5733903,505999999120831;8,031128413000033;51,752034817000037;1
54444;5231020705000187234;5;5;54;56;2023;10;11;6;3;5;3;0;1;1;1;0;0;0;0;355455,688000000081956;5762360,705000000074506;6,894702155000061;51,993073691000063;1
54448;5231020702100570584;5;5;15;0;2023;10;11;6;3;5;3;0;1;1;1;0;0;0;0;403067,416400000452995;5758125,975899999961257;7,589083351000056;51,965363501000070;1
54449;5231020702100491784;5;5;15;0;2023;10;17;6;3;0;7;0;1;1;1;0;0;0;0;405620,576000000350177;5757054,372999999672174;7,626528996000047;51,956170806000046;1
54453;5231020701610898895;5;5;62;12;2023;10;7;6;3;5;2;2;1;1;1;0;0;0;0;359463,178899999707937;5725001,268899999558926;6,968196546000058;51,658408059000067;1
54458;5231020701200380610;5;5;62;20;2023;10;6;6;3;5;3;2;1;1;1;0;0;0;0;369199,611100000329316;5720576,731599999591708;7,110528638000062;51,620996675000072;1
54464;5231020608408094926;5;3;34;8;2023;10;14;6;3;0;1;0;1;1;0;0;0;0;0;301467,844700000248849;5641816,880400000140071;6,176885333000030;50,893844508000029;1
54465;5231026609248982326;5;3;58;48;2023;10;5;5;3;0;2;2;1;1;1;0;0;0;0;318750,240899999625981;5638827,760800000280142;6,423843869000052;50,872673537000026;1
54478;5231020602800885398;5;3;62;12;2023;10;5;6;3;3;3;2;1;1;0;0;1;0;0;352930,138100000098348;5634113,632300000637770;6,911161568000068;50,840017793000072;1
54481;5231020602100680762;5;3;62;8;2023;10;12;6;3;0;3;0;1;1;1;0;0;0;0;332837,815899999812245;5647503,103599999099970;6,619908125000052;50,954866391000053;1
54488;5231020601700969796;5;3;16;0;2023;10;18;6;2;5;3;1;0;1;1;0;0;0;0;360912,580699999816716;5657168,740000000223517;7,015657567000062;51,049192689000051;1
54501;5231026709300939553;5;5;66;68;2023;10;21;5;3;8;1;2;0;1;0;0;0;0;0;378159,987999999895692;5785206,326999999582767;7,217034291000061;52,203820503000031;1
54504;5231020518400982533;5;1;70;8;2023;10;18;6;3;3;3;1;1;1;1;0;0;0;0;344045,441999999806285;5715611,482999999076128;6,749649739000063;51,569978561000028;1
54508;5231025500100774084;5;1;11;0;2023;10;18;4;3;5;2;2;1;1;1;0;0;0;0;346592,158300000242889;5676159,468599999323487;6,803417761000048;51,216191884000068;1
54515;5231020514210690388;5;1;66;12;2023;10;8;6;3;0;1;0;1;1;0;0;0;0;0;320064,230000000447035;5693513,786000000312924;6,415214737000042;51,364342562000047;1
54522;5231020505200096000;5;1;14;0;2023;10;10;6;2;4;2;0;1;1;1;0;0;0;0;334114,403500000014901;5692866,153599999845028;6,617152804000057;51,362801342000068;1
54534;5231020501325482320;5;1;12;0;2023;10;13;6;3;5;3;0;1;1;1;0;0;0;0;345379,481800000183284;5693538,953500000759959;6,778540916000054;51,372024752000073;1
54566;5231020303200982574;5;9;15;0;2023;10;8;6;3;5;3;0;1;1;1;0;0;0;0;417700,180599999614060;5727334,049599999561906;7,809339982000040;51,690925743000037;1
54568;5231020303100094401;5;9;15;0;2023;10;5;6;3;5;3;2;1;1;1;0;0;0;0;421370,229000000283122;5727290,993000000715256;7,862434006000058;51,691064743000027;1
54583;5231020300100177943;5;9;11;0;2023;10;23;6;3;0;1;2;1;1;1;0;0;0;0;375474,553399999625981;5705806,476700000464916;7,206354183000030;51,489676559000031;1
54588;5231019705000749445;5;5;54;12;2023;10;22;5;3;0;1;2;1;1;0;0;0;0;0;352954,199000000022352;5747599,677999999374151;6,864601011000047;51,859792123000034;1
54591;5231019702100479093;5;5;15;0;2023;10;16;5;3;3;1;0;1;1;0;0;0;0;0;405139,565600000321865;5759108,543700000271201;7,618963749000045;51,974552665000033;1
54592;5231019701930894975;5;5;62;36;2023;10;6;5;3;4;6;2;0;1;0;0;0;0;0;388687,555800000205636;5718090,619200000539422;7,392700667000042;51,602843570000061;1
54594;5231019701910081000;5;5;62;8;2023;10;19;5;3;5;2;2;1;1;1;0;0;0;0;384511,516999999992549;5723511,419999999925494;7,330640051000046;51,650723296000081;1
54597;5231019701700681102;5;5;62;16;2023;10;6;5;3;5;2;2;0;1;1;0;0;0;0;373509,878999999724329;5733360,676000000908971;7,168126378000068;51,736869479000063;1
54598;5231019701300089697;5;5;62;14;2023;10;18;5;2;5;2;2;1;1;1;0;0;0;0;361079,841000000014901;5714799,682000000029802;6,995597131000068;51,567138133000071;1
54599;5231019701200599767;5;5;62;20;2023;10;22;5;2;4;6;2;1;1;0;0;0;0;0;372808,004700000397861;5715796,114900000393391;7,164357842000072;51,578860569000028;1
54603;5231019610112289851;5;3;70;8;2023;10;7;5;3;7;7;2;1;1;0;0;0;0;0;292595,941300000064075;5654500,657099999487400;6,043679503000021;51,004635702000030;1
54604;5231019610111489851;5;3;70;16;2023;10;12;5;3;0;7;0;0;1;0;0;0;0;0;298287,439600000157952;5660383,532500000670552;6,121420797000042;51,059493872000075;1
54609;5231019608332299658;5;3;34;32;2023;10;12;5;3;8;1;0;1;1;0;0;0;0;0;306012,047000000253320;5621944,189999999478459;6,251922443000069;50,716883875000065;1
54611;5231019608200199633;5;3;34;2;2023;10;16;5;3;0;1;0;1;1;0;0;0;0;0;295237,425400000065565;5629214,710300000384450;6,095449107000036;50,778487532000042;1
54614;5231019607100390880;5;3;82;40;2023;10;11;5;3;0;1;0;0;1;0;0;0;0;0;381855,159900000318885;5636559,581100000068545;7,320983871000067;50,868633547000059;1
54616;5231019606100082435;5;3;78;4;2023;10;22;5;2;0;1;2;1;1;0;0;0;0;0;369512,559100000187755;5650463,449200000613928;7,140693595000073;50,990945612000075;1
54641;5231019601600299188;5;3;15;0;2023;10;17;5;3;5;7;0;1;1;1;0;0;0;0;364826,004900000058115;5639762,877800000831485;7,077925647000029;50,893692499000053;1
54643;5231019601400493423;5;3;15;0;2023;10;8;5;3;5;2;0;1;1;1;0;0;0;0;356137,508000000379980;5648877,379000000655651;6,950865606000036;50,973504455000068;1
54645;5231019601300690444;5;3;15;0;2023;10;21;5;3;0;7;0;0;1;0;0;0;0;0;351977,812099999748170;5644980,761299999430776;6,893242978000046;50,937433521000059;1
54647;5231019601200574347;5;3;15;0;2023;10;7;5;3;0;1;2;1;1;0;0;0;0;0;354455,559399999678135;5636644,432000000029802;6,931806063000067;50,863147441000081;1
54651;5231019600140695302;5;3;14;0;2023;10;17;5;3;2;2;0;1;1;0;0;0;0;0;367056,703499999828637;5622487,907199999317527;7,115885751000064;50,738944556000035;1
54657;5231019518200491441;5;1;70;24;2023;10;16;5;3;5;3;0;0;1;1;0;0;0;0;335306,265700000338256;5703265,125299999490380;6,629428423000036;51,456574375000059;1
54658;5231019516500230280;5;1;58;16;2023;10;11;5;2;5;2;0;0;1;1;0;0;0;0;355927,958999999798834;5670006,611400000751019;6,939465603000031;51,163331983000035;1
54659;5231028301101280600;5;9;13;0;2023;10;14;7;3;3;2;0;1;1;1;0;0;0;0;392491,976999999955297;5707334,812000000849366;7,450900921000027;51,506905791000065;1
54667;5231019506100899654;5;1;16;0;2023;10;11;5;3;5;3;0;0;1;0;0;0;0;1;321210,462199999950826;5671400,322699999436736;6,442717892000076;51,166057329000068;1
54677;5231019502249867477;5;1;13;0;2023;10;11;5;3;0;4;0;1;1;0;1;0;0;0;356487,951299999840558;5692015,213400000706315;6,938638002000062;51,361248521000050;1
54678;5231019502101399907;5;1;13;0;2023;10;11;5;3;3;6;0;0;1;0;0;0;0;1;361928,202999999746680;5703072,369999999180436;7,012423230000024;51,461961613000028;1
54680;5231019501313982611;5;1;12;0;2023;10;7;5;3;1;7;0;1;1;1;0;0;0;0;344095,428700000047684;5700796,170099999755621;6,756918513000073;51,436879676000046;1
54690;5231019411220382084;5;7;74;20;2023;10;9;5;2;5;3;0;1;1;1;0;0;0;0;463473,258700000122190;5733022,863299999386072;8,470908927000039;51,746918917000073;1
54695;5231019405108982594;5;7;54;8;2023;10;15;5;3;5;2;0;1;1;0;0;0;0;1;458754,485199999995530;5750660,538399999961257;8,400459553000076;51,905167043000063;1
54696;5231019405108706667;5;7;54;8;2023;10;16;5;3;3;2;0;0;1;1;0;0;0;0;460323,948300000280142;5748523,710000000894070;8,423517742000058;51,886069532000079;1
54698;5231019404302896798;5;7;66;8;2023;10;5;5;3;5;3;2;1;1;1;0;0;0;0;482593,354399999603629;5767874,033900000154972;8,746099119000064;52,061186785000075;1
54705;5231019400100578120;5;7;11;0;2023;10;16;5;2;3;3;0;0;1;0;0;0;0;1;467282,798999999649823;5765732,730000000447035;8,522984189000056;52,041242587000056;1
54715;5231019314310390037;5;9;66;20;2023;10;8;5;2;9;1;0;0;1;0;0;0;0;0;441728,524299999698997;5663257,449200000613928;8,167445749000024;51,117827412000054;1
54723;5231027501323982223;5;1;12;0;2023;10;15;6;3;0;7;0;1;1;0;1;0;0;0;345079,287800000049174;5694757,659700000658631;6,773700095000038;51,382893160000037;1
54727;5231019300800982584;5;9;54;36;2023;10;19;5;2;0;1;2;1;1;0;0;0;0;0;386941,339399999938905;5703486,261900000274181;7,372187451000059;51,471231334000038;1
54728;5231019300800865160;5;9;54;36;2023;10;20;5;3;5;3;2;1;1;1;0;0;0;0;383262,446499999612570;5699781,693399999290705;7,320465678000062;51,437187869000070;1
54730;5231018711300085568;5;5;70;8;2023;10;10;4;3;5;3;0;0;1;1;0;0;0;0;433121,609100000001490;5733900,361300000920892;8,031147885000053;51,752006701000028;1
54732;5231018709700982654;5;5;66;28;2023;10;10;4;3;5;2;0;0;1;1;0;0;0;0;412515,390999999828637;5792020,178999999538064;7,717852869000069;52,271590030000027;1
54733;5231018709110070537;5;5;66;8;2023;10;19;4;3;2;6;2;0;1;0;0;0;0;0;400228,038800000213087;5780729,950699999928474;7,541162133000057;52,168024614000046;1
54735;5231027705000982211;5;5;54;68;2023;10;19;6;2;0;1;2;1;1;0;0;0;0;0;348063,035600000061095;5772508,356399999931455;6,782604236000054;52,082268938000027;1
54746;5231024515111578985;5;1;54;8;2023;10;17;3;2;5;2;0;1;1;1;0;0;0;0;312216,822300000116229;5745757,846799999475479;6,274657158000025;51,831032968000045;1
54747;5231019502111258028;5;1;13;0;2023;10;7;5;3;5;2;2;0;1;1;0;0;0;0;364035,514999999664724;5701393,735999999567866;7,043384572000036;51,447386620000032;1
54750;5231018607100574787;5;3;82;28;2023;10;6;4;3;7;7;2;0;1;0;0;0;0;0;373992,290300000458956;5636256,448000000789762;7,209401549000063;50,864248402000044;1
54759;5231018601600169904;5;3;15;0;2023;10;18;4;3;4;3;2;0;1;1;0;0;0;0;361297,315000000409782;5645035,104000000283122;7,025777063000021;50,940238888000067;1
54761;5231018601400486608;5;3;15;0;2023;10;0;4;3;0;1;2;0;1;0;0;0;0;0;355724,645700000226498;5650558,918800000101328;6,944321483000067;50,988512735000029;1
54765;5231018600110693373;5;3;14;0;2023;10;20;4;3;0;1;2;0;1;0;0;0;0;0;365788,626000000163913;5622360,210000000894070;7,097971180000059;50,737505139000064;1
54766;5231018600110186287;5;3;14;0;2023;10;7;4;3;5;3;1;0;1;1;0;0;0;0;364337,859100000001490;5618601,963500000536442;7,078805453000030;50,703389429000026;1
54768;5231018518200695145;5;1;70;24;2023;10;17;4;3;0;3;0;0;1;1;0;0;0;0;334389,407999999821186;5700183,901000000536442;6,617685096000059;51,428625106000027;1
54772;5231018516100986838;5;1;58;32;2023;10;20;4;3;5;3;2;0;1;1;0;0;0;0;365546,766400000080466;5685921,535399999469519;7,070974464000074;51,308701881000047;1
54776;5231018515110921921;5;1;54;36;2023;10;7;4;3;5;3;1;0;1;1;0;0;0;0;300835,407999999821186;5739183,119000000879169;6,113471688000061;51,768052000000068;1
54788;5231018502405099297;5;1;17;0;2023;10;18;4;3;4;2;1;0;1;1;0;0;0;0;355930,321000000461936;5699799,074999999254942;6,927474328000073;51,431053221000070;1
54802;5231018410230870313;5;7;70;4;2023;10;6;4;2;0;7;2;0;1;0;0;0;0;0;484703,384899999946356;5790567,777100000530481;8,775853944000062;52,265280333000078;1
54804;5231018407120087110;5;7;62;8;2023;10;11;4;3;0;2;0;0;1;1;0;0;0;0;525890,081500000320375;5723970,763399999588728;9,374350612000057;51,666122074000043;1
54807;5231018405112082006;5;7;54;12;2023;10;10;4;3;5;3;0;0;1;1;0;0;0;0;457884,000000000000000;5768374,000000000000000;8,385631931000034;52,064354194000032;1
54808;5231018405108982660;5;7;54;8;2023;10;6;4;3;5;2;2;0;1;1;0;0;0;0;459470,834999999962747;5749254,174000000581145;8,411037097000076;51,892575508000050;1
54811;5231018601200090362;5;3;15;0;2023;10;22;4;3;4;6;2;0;1;0;0;0;0;0;355574,786299999803305;5639802,500299999490380;6,946451893000074;50,891809378000062;1
54812;5231018400200564183;5;7;11;0;2023;10;12;4;3;0;7;0;0;1;1;0;0;0;0;472705,143299999646842;5765207,414100000634789;8,602081477000070;52,036813138000070;1
54813;5231026608404332736;5;3;34;4;2023;10;8;5;3;6;6;0;1;1;0;1;0;0;0;302321,633999999612570;5638305,390699999406934;6,190908881000041;50,862597596000057;1
54820;5231018307000982645;5;9;62;24;2023;10;13;4;3;0;1;0;0;1;0;0;0;0;0;409948,993700000457466;5695035,615900000557303;7,705497007000076;51,399394044000076;1
54823;5231018301201982631;5;9;13;0;2023;10;16;4;3;5;3;0;0;1;1;0;0;0;0;389840,241299999877810;5711117,818600000813603;7,411524354000051;51,540397627000061;1
54831;5231017709110982688;5;5;66;8;2023;10;16;3;3;0;2;0;0;1;1;0;0;0;0;399225,847799999639392;5780794,123800000175834;7,526494541000034;52,168419296000081;1
54833;5231017706000294282;5;5;58;24;2023;10;19;3;3;0;6;1;0;1;0;0;0;0;0;389866,041000000201166;5737818,990000000223517;7,403482685000029;51,780392931000051;1
54837;5231017705000042406;5;5;54;16;2023;10;17;3;3;5;3;0;0;1;0;0;1;0;0;361913,914800000376999;5757300,891599999740720;6,990737860000024;51,949252194000053;1
54839;5231017701110371214;5;5;62;32;2023;10;7;3;2;6;3;1;0;1;0;1;0;0;0;375279,828200000338256;5719924,076199999079108;7,198544575000028;51,616511472000070;1
54841;5231017610122789892;5;3;70;28;2023;10;19;3;3;5;3;2;0;1;1;0;0;0;0;297347,445000000298023;5645049,110999999567866;6,116577641000049;50,921443196000041;1
54843;5231017609204493507;5;3;58;4;2023;10;15;3;3;6;4;0;0;1;0;0;0;0;1;307058,740500000305474;5645453,055199999362230;6,254366308000044;50,928400323000062;1
54844;5231017609152273728;5;3;58;52;2023;10;19;3;3;2;6;2;0;1;0;0;0;0;1;332352,227400000207126;5631527,505999999120831;6,620327822000036;50,811186292000059;1
54849;5231017608100499632;5;3;34;2;2023;10;13;3;3;5;2;0;0;1;1;0;0;0;0;295245,688099999912083;5627877,085400000214577;6,096310658000050;50,766476850000060;1
54859;5231017602500480798;5;3;62;24;2023;10;14;3;3;0;1;0;0;1;0;0;0;0;0;346982,574099999852479;5643658,824799999594688;6,822756122000044;50,924250667000081;1
54867;5231017601500982677;5;3;15;0;2023;10;16;3;3;0;6;0;0;1;0;0;0;0;0;359621,930999999865890;5646953,823000000789762;7,001206236000030;50,957077170000048;1
54870;5231017601300590397;5;3;62;24;2023;10;15;3;3;5;3;0;0;1;0;0;0;0;0;346877,974000000394881;5644563,460000000894070;6,820888990000071;50,932352060000028;1
54872;5231017601200982683;5;3;15;0;2023;10;16;3;2;0;1;0;0;1;0;0;0;0;0;353453,126199999824166;5643034,750299999490380;6,915008039000043;50,920322210000052;1
54876;5231017600380095312;5;3;14;0;2023;10;14;3;3;5;3;0;0;1;1;0;0;0;0;369361,025999999605119;5616862,758999999612570;7,150516370000048;50,688907287000063;1
54879;5231017516700982695;5;1;58;8;2023;10;14;3;3;5;3;0;0;1;1;0;0;0;0;361745,268500000238419;5674319,168600000441074;7,020951582000066;51,203523822000079;1
54880;5231026600380982328;5;3;14;0;2023;10;3;5;3;0;3;2;1;1;1;0;0;0;0;367563,104000000283122;5619635,458000000566244;7,124082907000059;50,713422175000062;1
54882;5231017515110554173;5;1;54;24;2023;10;11;3;2;0;2;0;0;1;0;0;0;0;0;311394,640700000338256;5732830,729900000616908;6,269759022000073;51,714656740000066;1
54885;5231019514218579026;5;1;66;36;2023;10;22;5;2;9;1;2;1;1;0;0;0;0;0;322423,370600000023842;5684347,536199999973178;6,453634343000033;51,282743661000040;1
54886;5231017513330681907;5;1;62;12;2023;10;15;3;3;5;3;0;0;1;1;0;0;0;0;325228,516999999992549;5664002,200999999418855;6,503718436000042;51,100836247000075;1
54892;5231017506100982702;5;1;16;0;2023;10;14;3;3;5;3;0;0;1;1;0;0;0;0;320994,187400000169873;5675423,343599999323487;6,437623458000076;51,202129386000081;1
54904;5231017502214395128;5;1;13;0;2023;10;7;3;3;5;3;0;0;1;1;0;0;0;0;362650,367399999871850;5698245,960799999535084;7,024684859000047;51,418764952000060;1
54906;5231017501328191192;5;1;12;0;2023;10;14;3;3;5;3;0;0;1;1;0;0;0;0;341634,856999999843538;5693178,666999999433756;6,724946790000047;51,367755693000049;1
54909;5231017501125982692;5;1;12;0;2023;10;14;3;3;5;3;0;0;1;1;0;0;0;0;343862,650999999605119;5704451,028999999165535;6,751959071000044;51,469654032000051;1
54922;5231017500200153450;5;1;11;0;2023;10;8;3;3;5;3;0;0;1;1;0;0;0;0;350583,417999999597669;5678892,141000000759959;6,859384179000074;51,241805694000050;1
54926;5231017410250597000;5;7;70;44;2023;10;14;3;3;5;2;0;0;1;1;0;0;0;0;453590,050999999977648;5810967,855799999088049;8,317142958000034;52,446926982000036;1
54931;5231017405244390716;5;7;54;44;2023;10;22;3;3;5;2;2;0;1;1;0;0;0;0;466492,283099999651313;5747998,858300000429153;8,513189132000036;51,881755596000062;1
54937;5231018300300982657;5;9;11;0;2023;10;10;4;3;5;3;0;0;1;1;0;0;0;0;380244,075400000438094;5704243,458799999207258;7,275549594000040;51,476658944000064;1
54938;5231017317110651100;5;9;78;36;2023;10;20;3;3;5;3;2;0;1;1;0;0;0;0;409137,302099999971688;5709830,702199999243021;7,690028695000024;51,532264070000053;1
54939;5231017316300982723;5;9;74;28;2023;10;7;3;3;5;2;0;0;1;1;0;0;0;0;455157,454300000332296;5723642,275499999523163;8,351668437000058;51,661975681000058;1
54940;5231017316200619174;5;9;74;52;2023;10;12;3;3;3;1;0;0;1;0;0;0;1;0;424987,700000000186265;5711677,725999999791384;7,918102378000071;51,551197596000065;1
54941;5231017316100589287;5;9;74;32;2023;10;11;3;3;5;3;0;0;1;1;0;0;0;0;434623,819000000134110;5705414,913000000640750;8,058224077000034;51,496090927000068;1
54946;5231017303200275444;5;9;15;0;2023;10;8;3;3;5;3;0;0;1;1;0;0;0;0;417042,343700000084937;5727124,481399999931455;7,799874895000073;51,688945010000054;1
54947;5231017303100982714;5;9;15;0;2023;10;9;3;3;5;3;0;0;1;1;0;0;0;0;414304,478600000031292;5721458,399900000542402;7,761666268000056;51,637599253000076;1
54959;5231017301102982670;5;9;13;0;2023;10;19;3;3;5;2;2;0;1;1;0;0;0;0;396214,122000000439584;5704356,718900000676513;7,505389722000075;51,480832589000045;1
54963;5231016709800982737;5;5;66;40;2023;10;13;2;3;0;1;0;0;1;0;0;0;0;0;421140,203200000338256;5782983,732000000774860;7,846333856000058;52,191668131000029;1
54964;5231016709500200953;5;5;66;76;2023;10;7;2;3;5;2;2;0;1;1;0;0;0;0;397249,905000000260770;5794640,823000000789762;7,493405512000038;52,292502206000052;1
54969;5231016702100091771;5;5;15;0;2023;10;6;2;3;5;3;2;0;1;1;0;0;0;0;404992,824000000022352;5763601,482000000774860;7,615582856000060;52,014911663000078;1
54982;5231016610122373677;5;3;70;28;2023;10;6;2;3;5;2;2;0;1;1;0;0;0;0;297347,445000000298023;5645049,110999999567866;6,116577641000049;50,921443196000041;1
54988;5231016608200275611;5;3;34;2;2023;10;18;2;3;3;2;1;0;1;0;0;0;0;1;299396,831000000238419;5626235,144899999722838;6,155995920000066;50,753179277000072;1
54991;5231016607500778253;5;3;82;56;2023;10;8;2;3;5;2;0;0;1;1;0;0;0;0;370875,117499999701977;5627549,861700000241399;7,168195505000028;50,785304386000064;1
54993;5231016607200586263;5;3;82;20;2023;10;5;2;3;3;6;2;1;1;0;0;0;0;1;379326,177400000393391;5626049,278000000864267;7,288518224000029;50,773636603000057;1
55015;5231016601300676496;5;3;15;0;2023;10;19;2;3;5;2;2;0;1;1;0;0;0;0;351305,593000000342727;5645038,168299999088049;6,883659013000056;50,937776468000038;1
55019;5231016600360982738;5;3;82;12;2023;10;13;2;2;1;5;0;0;1;1;0;0;0;0;359459,634899999946356;5623951,086600000038743;7,007727066000029;50,750306014000046;1
55020;5231016600340690910;5;3;82;64;2023;10;6;2;3;3;6;2;0;1;0;0;0;0;1;350424,334599999710917;5613385,609999999403954;6,884014189000027;50,653098369000077;1
55022;5231016518400979351;5;1;70;8;2023;10;8;2;3;5;2;0;0;1;1;0;0;0;0;342635,061999999918044;5715419,707000000402331;6,729401627000072;51,567863697000064;1
55023;5231016516500191231;5;1;58;16;2023;10;7;2;3;5;2;1;0;1;1;0;0;0;0;355590,003999999724329;5670197,076999999582767;6,934559023000077;51,164958370000079;1
55027;5231016513320982736;5;1;62;4;2023;10;14;2;3;1;6;0;0;1;0;0;0;0;1;348890,179700000211596;5662801,290400000289083;6,841906482000070;51,096769988000062;1
55029;5231016506100891063;5;1;16;0;2023;10;6;2;3;5;3;2;0;1;1;0;0;0;0;319490,093299999833107;5670901,585300000384450;6,418387835000033;51,161036860000081;1
55038;5231027608100885695;5;3;34;2;2023;10;11;6;3;1;5;0;1;1;0;0;0;0;1;292321,016800000332296;5628267,984099999070168;6,054672371000038;50,768948151000075;1
55041;5231016501317728563;5;1;12;0;2023;10;20;2;3;0;6;1;0;1;0;0;0;0;1;344615,474000000394881;5699860,448000000789762;6,764805064000029;51,428615100000059;1
55044;5231016711300896600;5;5;70;8;2023;10;13;2;3;3;6;0;0;1;0;0;0;1;0;433853,560999999754131;5734564,586300000548363;8,041623497000046;51,758065050000027;1