OID_;UIDENTSTLAE;ULAND;UREGBEZ;UKREIS;UGEMEINDE;UJAHR;UMONAT;USTUNDE;UWOCHENTAG;UKATEGORIE;UART;UTYP1;ULICHTVERH;IstStrassenzustand;IstRad;IstPKW;IstFuss;IstKrad;IstGkfz;IstSonstige;LINREFX;LINREFY;XGCSWGS84;YGCSWGS84;PLST
55049;5231016500200591866;5;1;11;0;2023;10;6;2;2;5;2;1;0;1;0;0;0;1;0;347695,673999999649823;5682264,028999999165535;6,816609461000041;51,271340406000036;1
55051;5231016406110033554;5;7;58;12;2023;10;16;2;3;3;2;0;0;1;1;0;0;0;0;477537,888299999758601;5771090,522700000554323;8,672147288000076;52,089923335000037;1
55053;5231016405116982743;5;7;54;16;2023;10;13;2;3;5;3;0;0;1;1;0;0;0;0;448865,730999999679625;5755688,594000000506639;8,255982367000058;51,949550909000038;1
55059;5231016317210089440;5;9;78;20;2023;10;14;2;3;3;6;0;0;1;1;0;0;0;0;407442,137299999594688;5717218,512800000607967;7,663650800000028;51,598399076000078;1
55061;5231020300800785304;5;9;54;36;2023;10;17;6;3;0;1;0;1;1;0;0;0;0;0;384100,387900000438094;5700850,992699999362230;7,332165726000028;51,446970793000048;1
55078;5231016301101982757;5;9;13;0;2023;10;6;2;2;5;3;2;1;1;1;0;0;0;0;392163,826299999840558;5706215,058199999853969;7,446516738000071;51,496778450000079;1
55081;5231016300500899445;5;9;11;0;2023;10;18;2;3;2;6;2;0;1;1;0;0;0;0;376905,158400000073016;5704482,612299999222159;7,227411232000065;51,478091651000057;1
55084;5231015709110379151;5;5;66;4;2023;10;11;1;2;0;1;0;0;1;0;0;0;0;0;398174,787999999709427;5768922,300799999386072;7,514682804000074;52,061525381000081;1
55088;5231015702100679176;5;5;15;0;2023;10;17;1;3;6;7;0;1;1;0;1;0;0;0;405877,065000000409782;5757933,718000000342727;7,630019481000033;51,964118225000050;1
55090;5231015702100545124;5;5;15;0;2023;10;16;1;3;0;2;0;0;1;1;0;0;0;0;405446,711000000126660;5751085,542999999597669;7,625639688000035;51,902490591000060;1
55092;5231015609248075574;5;3;58;48;2023;10;14;1;2;2;6;0;0;1;0;0;0;0;0;319300,061599999666214;5639607,471100000664592;6,431264935000058;50,879850317000034;1
55096;5231019605144786316;5;3;74;44;2023;10;11;5;2;0;2;0;0;1;1;0;0;0;0;403710,957999999634922;5637733,981000000610948;7,631172946000049;50,883245787000078;1
55113;5231027606700080455;5;3;78;16;2023;10;14;6;3;0;3;0;1;1;1;0;0;0;0;362089,287399999797344;5664543,179800000041723;7,029620402000035;51,115750943000080;1
55119;5231015508000077710;5;1;19;0;2023;10;2;1;3;0;1;2;0;1;0;0;0;0;0;350071,877100000157952;5703810,897500000894070;6,841560427000047;51,465581425000039;1
55120;5231015505100548647;5;1;14;0;2023;10;17;1;3;0;5;0;0;1;1;0;0;0;0;330086,227599999867380;5688178,162299999967217;6,561583207000069;51,319494720000080;1
55135;5231015410230982788;5;7;70;4;2023;10;3;1;3;8;1;2;1;1;0;0;0;0;0;486136,116700000129640;5785706,406199999153614;8,797047554000073;52,221612025000070;1
55136;5231023610221875578;5;3;70;36;2023;10;17;2;3;5;3;1;0;1;1;0;0;0;0;301631,707999999634922;5662610,186000000685453;6,167861658000049;51,080657308000070;1
55137;5231015410110596918;5;7;70;24;2023;10;14;1;3;0;1;0;0;1;0;0;0;0;0;490340,060899999924004;5791399,069599999114871;8,858425752000073;52,272881984000037;1
55138;5231015405224187287;5;7;54;24;2023;10;12;1;3;5;3;0;0;1;1;0;0;0;0;453676,961000000126660;5733304,416999999433756;8,328981104000036;51,748725924000041;1
55139;5231015405220297000;5;7;54;20;2023;10;2;1;3;8;1;2;1;1;0;0;0;0;0;450761,670699999667704;5753380,774100000038743;8,283896869000046;51,928973881000047;1
55151;5231015301303085004;5;9;13;0;2023;10;22;1;2;0;1;2;0;1;0;0;0;0;0;398009,414400000125170;5705072,591900000348687;7,531027555000037;51,487594009000077;1
55153;5231015301301094458;5;9;78;24;2023;10;23;1;3;6;1;2;0;1;0;1;0;0;0;398922,654500000178814;5719959,052200000733137;7,539897570000051;51,621568358000047;1
55158;5231015508000594998;5;1;19;0;2023;10;16;1;3;1;3;0;1;1;1;0;0;0;0;351713,011099999770522;5711539,159900000318885;6,861920876000056;51,535455871000067;1
55162;5231014706100089266;5;5;58;16;2023;10;19;7;3;0;5;2;0;1;1;0;0;0;1;380301,577800000086427;5744858,676300000399351;7,262468968000064;51,841695406000042;1
55167;5231014608100071706;5;3;34;2;2023;10;4;7;3;0;7;2;1;1;0;0;0;0;0;293251,324400000274181;5630976,628299999982119;6,066324573000031;50,793606852000039;1
55172;5231014606100982815;5;3;78;4;2023;10;10;7;2;0;1;0;1;1;0;0;0;0;0;364816,520800000056624;5653839,107699999585748;7,072562567000034;51,020200220000049;1
55179;5231014601600587253;5;3;15;0;2023;10;17;7;3;5;3;0;1;1;1;0;0;0;0;361108,258000000379980;5645720,108999999240041;7,022826632000033;50,946349676000068;1
55180;5231014601600286503;5;3;15;0;2023;10;11;7;3;5;3;0;0;1;0;0;0;0;1;362547,896499999798834;5645152,066999999806285;7,043521921000035;50,941589550000060;1
55181;5231014601600045795;5;3;15;0;2023;10;19;7;3;0;7;1;0;1;1;0;0;0;0;359899,430999999865890;5644871,955000000074506;7,005955857000060;50,938434689000076;1
55183;5231014601200424440;5;3;15;0;2023;10;22;7;3;0;1;2;1;1;0;0;0;0;0;356487,327999999746680;5646839,457000000402331;6,956648847000054;50,955277274000082;1
55184;5231014601100590408;5;3;15;0;2023;10;12;7;3;3;5;0;0;1;1;0;0;0;0;355284,299599999561906;5644193,279799999669194;6,940583087000050;50,931195850000051;1
55187;5231014600360786430;5;3;82;12;2023;10;13;7;3;5;3;0;0;1;1;0;0;0;0;356213,456399999558926;5629680,579199999570847;6,959500431000038;50,801002828000037;1
55189;5231017608200094804;5;3;34;2;2023;10;17;3;3;5;2;0;0;1;1;0;0;0;0;296053,536000000312924;5629381,565999999642372;6,106917288000034;50,780273659000045;1
55193;5231014516500686760;5;1;58;16;2023;10;10;7;3;5;3;0;1;1;1;0;0;0;0;354228,134499999694526;5672065,366000000387430;6,914336910000031;51,181401899000036;1
55194;5231014515210782162;5;1;54;12;2023;10;10;7;3;5;3;0;0;1;1;0;0;0;0;315342,406999999657273;5711116,482999999076128;6,338281044000041;51,520937186000026;1
55195;5231014515110522285;5;1;54;24;2023;10;11;7;3;5;2;0;0;1;1;0;0;0;0;311151,355999999679625;5733889,398000000044703;6,265667721000057;51,724082951000071;1
55198;5231014513320982800;5;1;62;4;2023;10;17;7;3;0;1;0;0;1;0;0;0;0;0;347327,972900000400841;5664848,926300000399351;6,818746618000034;51,114755873000036;1
55200;5231019608332982603;5;3;34;32;2023;10;10;5;3;5;3;0;1;1;1;0;0;0;0;306111,934299999848008;5625925,751199999824166;6,251241671000059;50,752681817000052;1
55207;5231014501318878953;5;1;12;0;2023;10;12;7;3;1;5;0;0;1;1;0;0;0;0;343963,631900000385940;5699653,351500000804663;6,755527291000021;51,426575252000077;1
55213;5231014500200569086;5;1;11;0;2023;10;17;7;2;5;3;0;0;1;1;0;0;0;0;345095,577600000426173;5680408,871300000697374;6,780168482000022;51,253970381000045;1
55214;5231014500100974170;5;1;11;0;2023;10;13;7;3;5;2;0;0;1;0;0;1;0;0;342526,737399999983609;5677795,974899999797344;6,744535557000063;51,229789523000079;1
55216;5231014410120096822;5;7;70;32;2023;10;21;7;3;5;3;2;1;1;1;0;0;0;0;498653,197999999858439;5788661,456000000238419;8,980272416000048;52,248352526000076;1
55219;5231014405244191752;5;7;54;44;2023;10;17;7;2;5;3;0;0;1;1;0;0;0;0;471488,305499999783933;5744570,325600000098348;8,586053784000057;51,851207784000053;1
55220;5231018602800078527;5;3;62;12;2023;10;11;4;3;5;3;0;0;1;1;0;0;0;0;352141,638799999840558;5630241,992799999192357;6,901531297000076;50,805023464000044;1
55225;5231014316100982795;5;9;74;8;2023;10;22;7;3;0;1;2;0;1;0;0;0;0;0;441747,633500000461936;5715005,825400000438094;8,159246077000034;51,583098972000073;1
55232;5231014307000982810;5;9;62;12;2023;10;15;7;2;5;3;0;0;1;1;0;0;0;0;393841,273299999535084;5669198,782600000500679;7,481703998000057;51,164363845000082;1
55236;5231014302130893702;5;9;14;0;2023;10;20;7;2;5;3;2;1;1;1;0;0;0;0;399414,755800000391901;5691203,556600000709295;7,555199253000069;51,363177353000026;1
55238;5231014300200599520;5;9;11;0;2023;10;18;7;3;4;2;2;1;1;1;0;0;0;0;369797,024899999611080;5704974,990399999544024;7,124928604000047;51,480925240000033;1
55248;5231013705000298871;5;5;54;52;2023;10;17;6;3;0;7;0;0;1;0;0;0;0;0;380070,447599999606609;5771703,376800000667572;7,249741964000066;52,082894846000045;1
55249;5231013705000182336;5;5;54;8;2023;10;15;6;3;6;4;0;0;1;0;1;0;0;0;329313,909799999557436;5748626,156899999827147;6,521112528000060;51,862283931000036;1
55250;5231013705000178100;5;5;54;12;2023;10;20;6;3;2;6;2;1;1;0;0;0;0;0;350812,467000000178814;5745580,592299999669194;6,834393873000067;51,841082688000029;1
55251;5231015501325590787;5;1;12;0;2023;10;1;1;3;0;1;2;0;1;0;0;0;0;0;345442,403599999845028;5693372,351399999111891;6,779516640000054;51,370544934000065;1
55257;5231013702100982552;5;5;15;0;2023;10;6;6;3;4;6;2;1;1;0;0;0;0;0;405726,461299999617040;5753782,759899999946356;7,628966371000047;51,926781970000036;1
55265;5231013700000089701;5;5;13;0;2023;10;15;6;3;5;2;0;0;1;1;0;0;0;0;364827,324199999682605;5716723,375600000843406;7,048892998000042;51,585335977000057;1
55268;5231013609108878427;5;3;58;8;2023;10;7;6;2;0;3;1;1;1;1;0;0;0;0;323483,642400000244379;5631190,103499999269843;6,494730422000032;50,805520668000042;1
55271;5231013608416479491;5;3;34;36;2023;10;15;6;3;0;1;0;0;1;0;0;0;0;0;298844,257100000046194;5632505,026000000536442;6,144742133000022;50,809302118000062;1
55275;5231013608200099695;5;3;34;2;2023;10;14;6;2;5;2;0;0;1;1;0;0;0;0;295460,416400000452995;5630664,209200000390410;6,097801390000029;50,791584580000062;1
55285;5231026404302390593;5;7;66;8;2023;10;5;5;3;6;7;2;1;1;0;1;0;0;0;487491,264600000344217;5765693,083499999716878;8,817621544000076;52,041710473000080;1
55288;5231013601400299680;5;3;15;0;2023;10;23;6;3;8;1;2;1;1;0;0;0;0;0;356035,132199999876320;5649324,779600000008941;6,949231239000028;50,977499561000059;1
55290;5231013601000699198;5;3;15;0;2023;10;5;6;3;0;1;2;1;1;0;0;0;0;0;359524,209999999962747;5651057,772900000214577;6,998230075000038;50,993935756000042;1
55291;5231013600110982847;5;3;14;0;2023;10;14;6;3;2;2;0;0;1;1;0;0;0;0;365657,898099999874830;5622855,138499999418855;7,095939170000065;50,741923298000074;1
55292;5231024300800982365;5;9;54;36;2023;10;16;3;3;1;5;0;1;1;1;0;0;0;0;384325,377000000327826;5699008,505000000819564;7,336003937000044;51,430456469000035;1
55296;5231013518120982848;5;1;70;44;2023;10;12;6;3;0;1;0;0;1;0;0;0;0;0;338131,440100000239909;5719137,095000000670552;6,662763033000033;51,599986425000054;1
55301;5231013515110982850;5;1;54;40;2023;10;13;6;3;5;3;0;0;1;1;0;0;0;0;293281,281000000424683;5742052,389000000432134;6,002438673000029;51,791077598000072;1
55305;5231013514116081680;5;1;66;16;2023;10;16;6;3;0;7;0;0;1;0;0;0;0;0;304703,322100000455976;5690150,244300000369549;6,196672516000035;51,329061094000053;1
55308;5231013513210086954;5;1;62;24;2023;10;7;6;3;3;2;1;1;1;1;0;0;0;0;337531,933000000193715;5675600,506999999284744;6,674052828000072;51,208663865000062;1
55317;5231013502407982830;5;1;17;0;2023;10;18;6;3;3;6;2;1;1;0;0;0;1;0;353376,686099999584258;5695599,308700000867248;6,892501863000064;51,392660079000052;1
55320;5231013502232086772;5;1;13;0;2023;10;17;6;3;5;3;0;0;1;1;0;0;0;0;366160,654000000096858;5696012,274000000208616;7,075980568000034;51,399530923000043;1
55321;5231013501316982840;5;1;12;0;2023;10;16;6;3;5;2;0;0;1;1;0;0;0;0;346213,615100000053644;5699317,138000000268221;6,788011518000076;51,424169326000026;1
55330;5231013500300982867;5;1;11;0;2023;10;9;6;3;5;3;0;0;1;0;0;0;0;1;345653,430599999614060;5674334,786499999463558;6,790772161000064;51,199543257000073;1
55331;5231013500300873997;5;1;11;0;2023;10;7;6;3;6;3;2;1;1;0;1;0;0;0;345435,948900000192225;5676025,090399999171495;6,786933594000061;51,214672636000046;1
55336;5231013410210982843;5;7;70;20;2023;10;16;6;2;5;3;0;0;1;1;0;0;0;0;476447,874800000339746;5795530,412699999287724;8,654538499000068;52,309604590000049;1
55341;5231013405108582151;5;7;54;8;2023;10;16;6;3;5;3;0;0;1;1;0;0;0;0;458796,125000000000000;5751333,289999999105930;8,400984327000060;51,911218570000074;1
55343;5231013404301982865;5;7;66;12;2023;10;7;6;3;4;6;1;1;1;0;0;0;0;0;505661,249099999666214;5760883,073200000450015;9,082462127000042;51,998576285000070;1
55348;5231013400300055592;5;7;11;0;2023;10;13;6;3;5;3;0;0;1;1;0;0;0;0;466083,486999999731779;5757875,548000000417233;8,506276884000044;51,970529611000075;1
55350;5231013316200982833;5;9;74;48;2023;10;18;6;2;5;3;0;0;1;1;0;0;0;0;427644,193400000222027;5718958,009999999776483;7,954909269000041;51,616995061000068;1
55353;5231019500200272337;5;1;11;0;2023;10;12;5;3;4;2;0;1;1;1;0;0;0;0;347196,045699999667704;5681197,960200000554323;6,809908102000065;51,261627486000066;1
55354;5231013315110982824;5;9;70;40;2023;10;21;6;2;0;1;2;1;1;1;0;0;0;0;431669,876899999566376;5638206,489900000393391;8,028469802000075;50,891478034000045;1
55357;5231013307000065175;5;9;62;24;2023;10;5;6;2;0;1;2;1;1;0;0;0;0;0;409259,306300000287592;5695776,163100000470877;7,695395926000060;51,405941315000064;1
55358;5231013303100982850;5;9;15;0;2023;10;13;6;3;5;2;0;0;1;1;0;0;0;0;419959,686400000005960;5727048,865700000897050;7,842087160000062;51,688688769000066;1
55368;5231017501318982721;5;1;12;0;2023;10;4;3;3;0;7;2;0;1;0;0;0;0;0;343741,786999999545515;5698352,042999999597669;6,752912560000027;51,414821969000059;1
55376;5231018505200082203;5;1;14;0;2023;10;15;4;3;5;3;0;0;1;1;0;0;0;0;335911,672699999995530;5692001,236199999228120;6,643344921000050;51,355552646000035;1
55378;5231012709700996625;5;5;66;28;2023;10;21;5;3;5;3;2;1;1;1;0;0;0;0;412627,660000000149012;5792800,066999999806285;7,719295746000057;52,278617741000062;1
55382;5231012706300395025;5;5;58;44;2023;10;20;5;3;5;3;2;0;1;1;0;0;0;0;396275,792600000277162;5750771,829800000414252;7,492479687000070;51,898039137000069;1
55384;5231012706000982898;5;5;58;16;2023;10;13;5;3;0;3;0;0;1;1;0;0;0;0;381666,843200000002980;5744012,003399999812245;7,282566971000051;51,834377216000064;1
55394;5231012702100065385;5;5;15;0;2023;10;13;5;3;5;3;0;1;1;1;0;0;0;0;405627,295800000429153;5756977,813500000163913;7,626647786000035;51,955483795000077;1
55395;5231012702000574772;5;5;15;0;2023;10;1;5;2;0;1;2;0;1;0;0;0;0;1;405018,929999999701977;5758215,369999999180436;7,617455141000050;51,966503872000033;1
55396;5231012701800686823;5;5;62;4;2023;10;6;5;3;5;3;2;1;1;1;0;0;0;0;383509,989000000059605;5713249,775000000372529;7,319578828000033;51,558288202000028;1
55397;5231012701400982920;5;5;12;0;2023;10;6;5;3;0;1;1;1;1;0;0;0;0;0;356327,354700000025332;5710404,960599999874830;6,928868072000057;51,526457378000032;1
55407;5231024502404678844;5;1;17;0;2023;10;8;3;3;0;7;0;0;1;1;0;0;0;0;354133,681599999777973;5702878,697200000286102;6,900377945000059;51,458266373000072;1
55409;5231023313211696151;5;9;58;12;2023;10;16;2;3;5;3;0;0;1;1;0;0;0;0;465513,733000000007451;5692857,686000000685453;8,504405968000071;51,385911643000043;1
55410;5231012608200569678;5;3;34;2;2023;10;14;5;3;5;2;0;1;1;1;0;0;0;0;294776,149199999868870;5629650,529500000178814;6,088671686000055;50,782238696000036;1
55417;5231012602800373968;5;3;62;12;2023;10;15;5;3;5;3;1;1;1;1;0;0;0;0;352617,397800000384450;5633167,745200000703335;6,907103252000070;50,831437775000040;1
55418;5231012602600469650;5;3;62;20;2023;10;20;5;3;1;5;2;1;1;1;0;0;0;0;345536,996700000017881;5632769,200799999758601;6,806803265000042;50,826010372000042;1
55426;5231012601500890291;5;3;15;0;2023;10;20;5;3;5;3;1;1;1;1;0;0;0;0;357436,193900000303984;5644270,483899999409914;6,971155337000027;50,932425574000035;1
55428;5231012601100982893;5;3;15;0;2023;10;15;5;3;3;6;0;1;1;1;0;0;0;0;356107,243400000035763;5643380,319000000134110;6,952607065000052;50,924095769000076;1
55436;5231012516500593045;5;1;58;16;2023;10;18;5;3;4;2;2;1;1;1;0;0;0;0;354905,466500000096858;5670377,568299999460578;6,924702395000054;51,166407106000065;1
55440;5231012513310295735;5;1;62;8;2023;10;15;5;3;5;3;0;1;1;1;0;0;0;0;332785,285000000149012;5661578,774000000208616;6,612671886000044;51,081316553000079;1
55443;5231012513120591200;5;1;62;20;2023;10;14;5;2;5;6;0;0;1;1;0;0;0;0;325682,250199999660254;5674304,190500000491738;6,505204949000074;51,193524946000082;1
55453;5231023516500799435;5;1;58;16;2023;10;12;2;3;0;7;0;0;1;0;0;0;0;0;356915,925699999555945;5670506,838400000706315;6,953386904000070;51,168075237000039;1
55459;5231012502318595640;5;1;13;0;2023;10;8;5;3;0;7;1;1;1;0;0;0;0;0;354182,736600000411272;5705381,160199999809265;6,900051060000067;51,480765475000055;1
55460;5231012502105790718;5;1;13;0;2023;10;19;5;3;5;3;2;1;1;1;0;0;0;0;362386,809999999590218;5701493,926999999210238;7,019634839000048;51,447888747000036;1
55468;5231012500200391453;5;1;11;0;2023;10;17;5;3;5;3;0;1;1;1;0;0;0;0;346963,059100000187755;5678102,242200000211596;6,807894872000077;51,233748334000040;1
55469;5231012500100391157;5;1;11;0;2023;10;9;5;3;5;2;0;1;1;1;0;0;0;0;346696,232200000435114;5675404,538300000131130;6,805229441000051;51,209436359000051;1
55471;5231012410230090726;5;7;70;4;2023;10;17;5;3;0;1;0;1;1;0;0;0;0;0;488103,668499999679625;5786911,719900000840425;8,825807853000072;52,232494491000068;1
55475;5231012406130664620;5;7;58;8;2023;10;17;5;3;4;2;0;1;1;1;0;0;0;0;469922,281000000424683;5776947,259700000286102;8,560476867000034;52,142216910000059;1
55476;5231012405236653216;5;7;54;36;2023;10;5;5;3;5;2;2;1;1;1;0;0;0;0;473081,603199999779463;5751057,162299999967217;8,608679395000024;51,909609613000043;1
55477;5231012405228982894;5;7;54;28;2023;10;15;5;3;5;2;0;1;1;1;0;0;0;0;451256,536799999885261;5744527,253299999982119;8,292344675000038;51,849420381000073;1
55498;5231012303200982897;5;9;15;0;2023;10;17;5;2;5;2;0;1;1;1;0;0;0;0;414816,218299999833107;5724553,330299999564886;7,768305341000030;51,665498608000064;1
55514;5231011711400003030;5;5;70;20;2023;10;14;4;3;5;3;0;0;1;1;0;0;0;0;432735,187599999830127;5743157,426400000229478;8,023755360000052;51,835181184000078;1
55515;5231026706000785478;5;5;58;12;2023;10;15;5;3;5;2;0;1;1;1;0;0;0;0;373126,977900000289083;5756318,892000000923872;7,154163679000021;51,943098225000028;1
55517;5231011709700581516;5;5;66;48;2023;10;13;4;2;5;3;0;0;1;1;0;0;0;0;426685,055599999614060;5794166,989399999380112;7,925008678000040;52,292959634000056;1
55522;5231011709300187316;5;5;66;84;2023;10;10;4;3;5;2;0;0;1;1;0;0;0;0;390023,586000000126660;5775772,689999999478459;7,393620360000057;52,121533694000050;1
55527;5231011702100581775;5;5;15;0;2023;10;14;4;3;3;6;0;0;1;0;0;0;0;0;403684,510800000280142;5755654,490700000897050;7,598755416000074;51,943256222000059;1
55528;5231011702100278182;5;5;15;0;2023;10;14;4;3;5;7;0;0;1;1;0;0;0;0;405436,608000000007451;5751217,391000000759959;7,625456706000023;51,903673994000030;1
55529;5231020505100982543;5;1;14;0;2023;10;12;6;3;5;3;0;1;1;0;0;0;0;1;329556,861100000329316;5686828,209300000220537;6,554638904000058;51,307208648000028;1
55530;5231013709700034935;5;5;66;28;2023;10;15;6;3;3;1;0;0;1;1;0;0;0;0;413059,151499999687076;5792483,790599999949336;7,725700398000072;52,275843366000061;1
55531;5231011702100176693;5;5;15;0;2023;10;8;4;3;0;2;0;0;1;0;0;0;0;0;405571,447599999606609;5756784,688699999824166;7,625888386000042;51,953738424000051;1
55533;5231011701800991004;5;5;62;4;2023;10;21;4;3;3;2;2;0;1;1;0;0;0;0;382898,157200000248849;5712811,511499999091029;7,310902944000077;51,554222519000064;1
55540;5231011701300982943;5;5;62;14;2023;10;13;4;3;5;2;0;0;1;1;0;0;0;0;361436,924499999731779;5713818,292600000277162;7,001132759000029;51,558407074000058;1
55545;5231011700000280930;5;5;13;0;2023;10;16;4;3;5;3;0;0;1;1;0;0;0;0;363318,746100000105798;5712091,729800000786781;7,028932791000045;51,543350751000048;1
55556;5231011607300995330;5;3;82;52;2023;10;11;4;3;5;3;0;0;1;1;0;0;0;0;389960,781000000424683;5633003,898000000044703;7,437198226000021;50,838270094000052;1
55566;5231011603116279305;5;3;66;16;2023;10;10;4;3;4;2;0;0;1;1;0;0;0;0;347601,407999999821186;5610861,353000000119209;6,845147352000026;50,629681967000067;1
55569;5231011602600590222;5;3;62;20;2023;10;16;4;3;0;3;0;0;1;1;0;0;0;0;345568,939799999818206;5632622,279100000858307;6,807318337000027;50,824698628000078;1
55570;5231011602300676582;5;3;62;36;2023;10;18;4;3;5;2;0;0;1;1;0;0;0;0;345784,675200000405312;5652528,035299999639392;6,801965502000030;51,003629951000050;1
55571;5231011602100493431;5;3;62;8;2023;10;14;4;3;0;1;0;0;1;0;0;0;0;0;338570,001400000415742;5652687,674300000071526;6,699150334000024;51,003085327000065;1
55576;5231011709110680992;5;5;66;12;2023;10;18;4;3;0;7;0;0;1;0;0;0;0;0;404547,855899999849498;5772107,164300000295043;7,606724533000033;52,091286254000067;1
55578;5231011601200078656;5;3;15;0;2023;10;13;4;3;1;2;0;0;1;1;0;0;0;0;357739,833999999798834;5635003,216000000014901;6,979082211000048;50,849215054000069;1
55582;5231011600140490938;5;3;14;0;2023;10;21;4;3;5;2;2;0;1;1;0;0;0;0;368362,980700000189245;5622837,360700000077486;7,134263354000041;50,742383066000059;1
55584;5231011518401982273;5;1;70;36;2023;10;17;4;3;4;7;0;0;1;0;0;1;0;0;343625,396800000220537;5733246,733699999749660;6,735709772000064;51,728306054000029;1
55595;5231011508000499240;5;1;19;0;2023;10;16;4;3;1;5;0;0;1;1;0;0;0;0;349308,995000000111759;5702532,327999999746680;6,831130876000032;51,453890435000062;1
55596;5231011508000280000;5;1;19;0;2023;10;16;4;3;5;2;0;0;1;1;0;0;0;0;349652,130900000222027;5710721,232100000604987;6,832577945000025;51,527561522000042;1
55601;5231011503200599366;5;1;24;0;2023;10;12;4;3;0;2;0;0;1;1;0;0;0;0;374339,607599999755621;5677777,182299999520183;7,199921115000052;51,237512973000037;1
55603;5231019317240956218;5;9;78;40;2023;10;19;5;3;0;7;2;1;1;0;0;0;0;0;405002,440000000409782;5725194,466000000014901;7,626272687000039;51,669688223000037;1
55606;5231011502105982920;5;1;13;0;2023;10;21;4;3;5;2;2;0;1;1;0;0;0;0;361848,757399999536574;5700771,887800000607967;7,012178668000047;51,441269212000066;1
55608;5231011502105081313;5;1;13;0;2023;10;17;4;3;8;1;0;0;1;0;0;0;0;0;362173,240000000223517;5701822,577999999746680;7,016435352000030;51,450790202000064;1
55610;5231011501323990787;5;1;12;0;2023;10;12;4;3;5;3;0;0;1;1;0;0;0;0;344092,525799999944866;5695718,664999999105930;6,759109454000054;51,391257646000042;1
55625;5231011410220982935;5;7;70;8;2023;10;17;4;3;8;1;0;0;1;0;0;0;0;0;474128,248100000433624;5806025,093699999153614;8,619706069000074;52,403849617000049;1
55630;5231019501122982621;5;1;12;0;2023;10;5;5;3;0;6;2;1;1;1;0;0;0;0;344056,652999999932945;5705647,898000000044703;6,754221714000039;51,480461221000041;1
55632;5231011405148587010;5;7;54;48;2023;10;10;4;3;5;2;0;0;1;1;0;0;0;0;442005,448200000450015;5767199,881599999964237;8,154226162000043;52,052364133000026;1
55635;5231011404103982933;5;7;66;52;2023;10;16;4;3;6;1;0;0;1;0;1;0;0;0;516863,632899999618530;5756391,484099999070168;9,245414946000039;51,957965571000045;1
55637;5231011317250580600;5;9;78;32;2023;10;12;4;3;0;7;0;0;1;0;0;0;0;0;398608,743900000117719;5724769,450099999085069;7,533970554000064;51,664750459000061;1
55638;5231011317220678675;5;9;78;4;2023;10;12;4;3;5;2;0;0;1;1;0;0;0;0;405460,909199999645352;5718964,713899999856949;7,634583664000047;51,613766628000064;1
55644;5231020301205982577;5;9;13;0;2023;10;6;6;3;5;7;2;1;1;1;0;0;0;0;388234,303000000305474;5715364,084000000730157;7,387027033000038;51,578247645000033;1
55646;5231011313211894465;5;9;58;12;2023;10;17;4;3;0;1;0;0;1;0;0;0;0;0;470616,454699999652803;5695678,123500000685453;8,577500079000060;51,411559163000049;1
55653;5231011307000990533;5;9;62;24;2023;10;14;4;3;5;3;0;0;1;1;0;0;0;0;409469,666400000452995;5692114,708699999377131;7,699353173000077;51,373060008000039;1
55655;5231017600310982668;5;3;14;0;2023;10;20;3;3;6;6;2;0;1;0;1;0;0;0;364130,959099999628961;5616722,864700000733137;7,076568272000031;50,686451970000064;1
55662;5231011301202089548;5;9;13;0;2023;10;20;4;3;4;7;2;0;1;1;0;0;0;0;393639,798200000077486;5709336,817099999636412;7,466829489000077;51,525117990000069;1
55667;5231013501314982844;5;1;12;0;2023;10;12;6;3;3;2;0;0;1;1;0;0;0;0;346792,648699999786913;5700994,735899999737740;6,795607780000068;51,439399645000037;1
55671;5231010706000068252;5;5;58;12;2023;10;21;3;3;5;3;2;0;1;1;0;0;0;0;371556,244599999859929;5755862,550100000575185;7,131495058000041;51,938637020000044;1
55673;5231010705000708065;5;5;54;12;2023;10;22;3;3;8;1;2;0;1;0;0;0;0;0;352912,308000000193715;5746770,338999999687076;6,864346082000054;51,852329533000045;1
55674;5231010705000295080;5;5;54;32;2023;10;12;3;3;0;1;0;0;1;0;0;0;0;0;322555,503800000064075;5746986,818499999120831;6,423906249000026;51,845451266000055;1
55675;5231010702100982974;5;5;15;0;2023;10;17;3;3;3;6;0;0;1;0;0;0;0;0;405972,674700000323355;5752336,306299999356270;7,632941021000022;51,913822137000068;1
55680;5231010701610599776;5;5;62;12;2023;10;16;3;3;5;2;0;0;1;1;0;0;0;0;359420,821499999612570;5726236,368499999865890;6,967087752000054;51,669495839000035;1
55684;5231010701200982970;5;5;62;20;2023;10;22;3;3;0;7;2;0;1;0;0;0;0;0;371448,497200000099838;5715802,930299999192357;7,144745871000055;51,578613399000062;1
55686;5231010701120095044;5;5;62;32;2023;10;14;3;3;2;2;0;0;1;1;0;0;0;0;376354,543300000019372;5714690,003599999472499;7,215903931000071;51,569708827000056;1
55703;5231010605120085300;5;3;74;20;2023;10;17;3;3;5;3;0;0;1;1;0;0;0;0;386918,046000000089407;5656532,682900000363588;7,386697335000065;51,049184571000069;1
55712;5231010602400681254;5;3;62;32;2023;10;11;3;3;0;6;0;0;1;0;0;0;0;0;339584,951999999582767;5642502,053600000217557;6,718093227000054;50,911847192000039;1