OID_;UIDENTSTLAE;ULAND;UREGBEZ;UKREIS;UGEMEINDE;UJAHR;UMONAT;USTUNDE;UWOCHENTAG;UKATEGORIE;UART;UTYP1;ULICHTVERH;IstStrassenzustand;IstRad;IstPKW;IstFuss;IstKrad;IstGkfz;IstSonstige;LINREFX;LINREFY;XGCSWGS84;YGCSWGS84;PLST
55713;5231010602100976480;5;3;62;8;2023;10;16;3;3;5;3;0;0;1;1;0;0;0;0;332430,035000000149012;5647984,099999999627471;6,613885990000028;50,959069613000054;1
55714;5231018601300390324;5;3;15;0;2023;10;5;4;3;5;2;2;0;1;1;0;0;0;0;350718,625799999572337;5643541,244799999520183;6,875923992000025;50,924172836000082;1
55720;5231010601700090405;5;3;16;0;2023;10;14;3;2;0;2;0;0;1;1;0;0;0;0;361956,577499999664724;5660057,481000000610948;7,029440410000063;51,075405904000036;1
55725;5231010601500982987;5;3;15;0;2023;10;14;3;3;5;2;0;0;1;1;0;0;0;0;357690,102599999867380;5643822,444399999454618;6,974941250000029;50,928461755000058;1
55727;5231010601400281882;5;3;15;0;2023;10;20;3;3;5;3;2;0;1;1;0;0;0;0;355669,939699999988079;5650689,965299999341369;6,943490491000034;50,989676699000029;1
55729;5231010601300099016;5;3;15;0;2023;10;14;3;3;7;1;0;0;1;0;0;0;0;0;354173,735000000335276;5644820,164000000804663;6,924539096000046;50,936549765000052;1
55731;5231010600320983000;5;3;82;72;2023;10;15;3;3;0;1;0;0;1;0;0;0;0;0;367335,388600000180304;5609498,712799999862909;7,124493863000055;50,622259326000062;1
55733;5231010600110078244;5;3;14;0;2023;10;9;3;3;5;2;0;0;1;1;0;0;0;0;364345,545699999667704;5622966,746899999678135;7,077308932000051;50,742621308000082;1
55734;5231010516500791130;5;1;58;16;2023;10;18;3;3;0;7;1;0;1;0;0;0;0;0;354915,100399999879301;5670795,247099999338388;6,924671572000022;51,170162951000066;1
55736;5231010516300595566;5;1;58;28;2023;10;11;3;2;0;1;0;0;1;0;0;0;0;0;348241,997000000439584;5684138,066500000655651;6,823639358000037;51,288325460000067;1
55739;5231010515111983010;5;1;54;8;2023;10;12;3;3;3;2;0;0;1;0;0;0;1;0;309999,192200000397861;5747974,506300000473857;6,241294794000055;51,850190538000049;1
55740;5231026601200286601;5;3;15;0;2023;10;15;5;3;5;3;0;0;1;1;0;0;0;0;357857,883000000379980;5639915,485999999567866;6,978848985000070;50,893391156000064;1
55741;5231013705000980985;5;5;54;20;2023;10;12;6;3;0;3;0;1;1;1;0;0;0;0;366073,129499999806285;5783528,349899999797344;7,040929467000069;52,185939151000071;1
55746;5231010513210986767;5;1;62;24;2023;10;17;3;2;0;1;0;0;1;0;0;0;0;0;336651,977199999615550;5676635,269300000742078;6,660995072000048;51,217709888000059;1
55747;5231010513130983003;5;1;62;22;2023;10;14;3;3;3;2;0;0;1;1;0;0;0;0;338756,407100000418723;5680309,990199999883771;6,689448314000060;51,251324772000032;1
55753;5231017300600982681;5;9;16;0;2023;10;11;3;3;0;6;0;0;1;1;0;0;0;0;374491,530299999751151;5711723,930800000205636;7,190095256000063;51,542640667000057;1
55755;5231023600110095343;5;3;14;0;2023;10;9;2;3;5;2;0;1;1;1;0;0;0;0;364534,790000000037253;5621680,963999999687076;7,080462175000036;50,731109059000062;1
55759;5231018514219589447;5;1;66;36;2023;10;8;4;3;5;3;0;0;1;0;0;0;0;1;327881,875199999660254;5679413,673599999397993;6,534201750000022;51,240094420000048;1
55771;5231019501112982618;5;1;12;0;2023;10;5;5;2;0;3;2;1;1;1;0;0;0;0;343765,507899999618530;5707655,985400000587106;6,749143644000071;51,498423152000044;1
55782;5231023404101987445;5;7;66;20;2023;10;11;2;3;5;3;0;0;1;0;0;0;0;0;491697,442800000309944;5749452,883500000461936;8,879340574000025;51,895774009000036;1
55783;5231019503100193822;5;1;24;0;2023;10;10;5;2;0;1;0;1;1;0;0;0;0;0;372756,463000000454485;5680379,373999999836087;7,176329782000039;51,260549443000059;1
55784;5231010411104982984;5;7;74;4;2023;10;16;3;3;2;6;0;0;1;1;0;0;0;0;495617,868400000035763;5729897,061499999836087;8,936562599000069;51,719987380000077;1
55786;5231010410230787144;5;7;70;4;2023;10;16;3;3;5;2;0;0;1;1;0;0;0;0;485226,964999999850988;5788555,308499999344349;8,783614133000071;52,247201546000042;1
55790;5231010410110983013;5;7;70;24;2023;10;9;3;3;0;3;0;0;1;1;0;0;0;0;493244,869500000029802;5792998,350800000131130;8,900965949000067;52,287303712000039;1
55791;5231010407101690646;5;7;62;20;2023;10;15;3;3;0;1;0;0;1;0;0;0;0;0;525788,451799999922514;5735967,559200000017881;9,373769447000029;51,773992312000075;1
55798;5231025601200926272;5;3;15;0;2023;10;15;4;3;5;2;0;1;1;1;0;0;0;0;354821,750300000421703;5643235,549399999901652;6,934386580000023;50,922472717000062;1
55801;5231010316300490687;5;9;74;28;2023;10;16;3;3;5;3;0;0;1;1;0;0;0;0;455179,555999999865890;5725869,861999999731779;8,351702096000054;51,682005423000078;1
55805;5231010314310499888;5;9;66;24;2023;10;15;3;3;1;3;0;0;1;1;0;0;0;0;427372,936900000087917;5659354,903699999675155;7,963157795000029;51,081100196000079;1
55814;5231010301301982995;5;9;78;24;2023;10;16;3;3;5;3;0;0;1;1;0;0;0;0;398937,428600000217557;5716327,982300000265241;7,541157488000067;51,588932609000040;1
55817;5231010301202983017;5;9;13;0;2023;10;8;3;1;0;3;0;0;1;0;0;0;0;1;394217,623800000175834;5710454,813999999314547;7,474819772000046;51,535275632000037;1
55821;5231009711200696601;5;5;70;4;2023;10;17;2;2;0;1;0;0;1;0;0;0;0;0;423849,474999999627471;5734483,403999999165535;7,896722073000035;51,756064280000032;1
55827;5231027518400982242;5;1;70;8;2023;10;11;6;3;4;2;0;1;1;1;0;0;0;0;345335,091000000014901;5713030,651000000536442;6,769378728000049;51,547145485000044;1
55839;5231019601600899207;5;3;15;0;2023;10;19;5;3;5;2;2;1;1;0;0;0;0;1;360801,503999999724329;5645044,674000000581145;7,018720791000021;50,940205414000047;1
55843;5231009700000779011;5;5;13;0;2023;10;8;2;3;6;7;0;0;1;0;1;0;0;0;367168,767900000326335;5710251,053799999877810;7,085114192000049;51,527728538000076;1
55849;5231009608404333166;5;3;34;4;2023;10;9;2;3;0;1;0;0;1;0;0;0;0;0;299939,731100000441074;5640319,672900000587106;6,156003713000075;50,879869997000071;1
55864;5231009602300085721;5;3;62;36;2023;10;12;2;3;3;6;0;0;1;0;0;0;0;0;345629,353099999949336;5646992,427400000393391;6,802104153000073;50,953845858000079;1
55875;5231009601300983074;5;3;15;0;2023;10;8;2;3;0;1;0;0;1;0;0;0;0;0;348682,890499999746680;5642961,378000000491738;6,847220474000039;50,918431677000058;1
55878;5231009601100593434;5;3;15;0;2023;10;10;2;3;5;3;0;0;1;1;0;0;0;0;356945,099899999797344;5646332,412399999797344;6,963361497000051;50,950834337000060;1
55883;5231009515110983028;5;1;54;40;2023;10;20;2;3;0;1;2;0;1;0;0;0;0;0;290998,652599999681115;5744222,149599999189377;5,968081072000075;51,809711204000052;1
55888;5231009503400778634;5;1;22;0;2023;10;12;2;3;0;7;0;0;1;0;0;0;0;0;366149,062400000169873;5670931,576799999922514;7,085213824000050;51,174127811000062;1
55895;5231109601400980795;5;3;15;0;2023;11;14;5;3;0;3;0;0;1;1;0;0;0;0;354210,665400000289083;5653671,332900000736117;6,921515005000060;51,016101233000029;1
55896;5231109601200090400;5;3;15;0;2023;11;14;5;2;0;1;0;1;1;0;0;0;0;0;353785,576200000010431;5644295,701799999922514;6,919228962000034;50,931738315000075;1
55897;5231109601100981600;5;3;15;0;2023;11;19;5;3;1;5;2;0;1;1;0;0;0;0;355782,778900000266731;5645948,846200000494719;6,946977040000036;50,947097657000029;1
55900;5231109518200096107;5;1;70;24;2023;11;7;5;3;0;2;2;1;1;0;0;0;0;1;333270,502000000327826;5706022,384999999776483;6,598852877000070;51,480749415000048;1
55907;5231109508000498881;5;1;19;0;2023;11;8;5;3;5;2;0;1;1;1;0;0;0;0;350529,813699999824166;5705368,953500000759959;6,847489052000071;51,479702340000074;1
55912;5231109502409395766;5;1;17;0;2023;11;22;5;3;0;7;2;1;1;0;0;0;0;0;350983,760800000280142;5699820,970899999141693;6,856358626000031;51,429970755000056;1
55916;5231109502402981610;5;1;17;0;2023;11;13;5;3;5;2;0;0;1;1;0;0;0;0;353244,621000000275671;5700413,002000000327826;6,888612517000070;51,435880607000058;1
55917;5231109502401089695;5;1;17;0;2023;11;12;5;2;0;1;0;1;1;0;0;0;0;0;353597,710199999623001;5698661,215399999171495;6,894412692000060;51,420230825000033;1
55918;5231109502400898983;5;1;17;0;2023;11;20;5;3;5;6;2;0;1;1;0;0;0;0;353049,001199999824166;5699972,978299999609590;6,885982752000075;51,431875979000040;1
55933;5231109410240977016;5;7;70;40;2023;11;5;5;3;3;6;2;1;1;1;0;0;0;0;473892,284799999557436;5811429,685200000181794;8,615815484000052;52,452426230000071;1
55936;5231109405232081503;5;7;54;32;2023;11;14;5;2;5;3;0;1;1;1;0;0;0;0;457844,622000000439584;5733904,008999999612570;8,389275758000053;51,754445885000052;1
55938;5231109400300981635;5;7;11;0;2023;11;6;5;3;5;3;2;1;1;1;0;0;0;0;462857,429999999701977;5761128,627499999478459;8,458965001000024;51,999570447000053;1
55939;5231109400100476212;5;7;11;0;2023;11;13;5;3;5;3;0;0;1;1;0;0;0;0;468743,943900000303984;5770014,497300000861287;8,543894963000071;52,079822470000067;1
55949;5231109300100590138;5;9;11;0;2023;11;21;5;2;4;1;2;1;1;0;0;0;0;1;374861,992999999783933;5706050,082000000402331;7,197449276000043;51,491730676000032;1
55954;5231108706000294282;5;5;58;4;2023;11;11;4;3;0;1;0;0;1;0;0;0;0;0;403349,461000000126660;5741426,686000000685453;7,597867121000036;51,815312325000036;1
55956;5231108705000981665;5;5;54;20;2023;11;14;4;3;0;1;0;1;1;0;0;0;0;0;364552,230499999597669;5786239,163300000131130;7,017612451000048;52,209925166000062;1
55957;5231108702100081010;5;5;15;0;2023;11;14;4;3;0;1;0;0;1;1;0;0;0;0;403522,244300000369549;5759381,080000000074506;7,595348764000050;51,976723875000062;1
55958;5231108700000671516;5;5;13;0;2023;11;18;4;2;5;7;2;1;1;1;0;0;0;0;368828,851900000125170;5708987,564200000837445;7,109502122000038;51,516761883000072;1
55960;5231108700000179362;5;5;13;0;2023;11;15;4;3;5;3;0;0;1;1;0;0;0;0;368367,166000000201166;5715625,085899999365211;7,100368784000068;51,576304014000073;1
55962;5231108610111014462;5;3;70;16;2023;11;8;4;3;5;3;0;0;1;1;0;0;0;0;299915,764999999664724;5658074,140100000426173;6,145903221000026;51,039322285000026;1
55968;5231108607400195348;5;3;82;68;2023;11;9;4;3;5;3;0;0;1;1;0;0;0;0;368298,190399999730289;5630012,240100000053644;7,130776088000061;50,806856661000040;1
55969;5231108607400078278;5;3;82;68;2023;11;8;4;2;0;1;0;1;1;0;0;0;0;0;369549,856999999843538;5630917,336799999698997;7,148209127000030;50,815274953000028;1
55976;5231109601500590216;5;3;15;0;2023;11;16;5;3;5;2;1;0;1;1;0;0;0;0;364279,521900000050664;5649081,411699999123812;7,066689123000060;50,977314523000075;1
55983;5231108601100274318;5;3;15;0;2023;11;13;4;3;0;2;0;0;1;0;0;0;0;1;356358,811200000345707;5646234,197100000455976;6,955059065000057;50,949805882000078;1
55989;5231108518100695960;5;1;70;48;2023;11;17;4;3;0;1;1;1;1;0;0;0;0;0;326398,813099999912083;5728180,165699999779463;6,489038244000028;51,677725810000027;1
55990;5231108516700074203;5;1;58;8;2023;11;8;4;2;5;3;0;1;1;1;0;0;0;0;361621,640700000338256;5676401,484699999913573;7,018379667000033;51,222207226000080;1
55991;5231108515110056538;5;1;54;36;2023;11;15;4;3;5;3;0;1;1;1;0;0;0;0;304367,897300000302494;5742678,384899999946356;6,162630393000029;51,800685696000073;1
55995;5231108513110381917;5;1;62;16;2023;11;13;4;3;9;6;0;0;1;0;1;0;0;0;332010,145899999886751;5677075,335400000214577;6,594383773000061;51,220316785000080;1
56002;5231108501327981680;5;1;12;0;2023;11;8;4;3;5;3;0;1;1;1;0;0;0;0;343475,110500000417233;5692842,386499999091029;6,751509689000045;51,365244371000074;1
56003;5231108501213977020;5;1;12;0;2023;11;14;4;3;5;3;0;0;1;1;0;0;0;0;340343,104700000025332;5698492,945199999958277;6,704015726000023;51,415141110000036;1
56009;5231108500200474131;5;1;11;0;2023;11;18;4;3;5;3;2;1;1;1;0;0;0;0;346643,078999999910593;5679990,222999999299645;6,802506503000075;51,250626900000043;1
56014;5231108406210981686;5;7;58;4;2023;11;5;4;3;0;1;2;1;1;0;0;0;0;0;471988,833800000138581;5783594,777400000020862;8,590125490000048;52,202089845000046;1
56016;5231108405236596914;5;7;54;36;2023;11;20;4;3;0;2;2;1;1;1;0;0;0;0;476819,516499999910593;5751047,269999999552965;8,663018102000024;51,909688782000046;1
56017;5231108405148546332;5;7;54;48;2023;11;10;4;3;7;7;0;0;1;0;0;0;0;1;442709,575199999846518;5766071,751599999144673;8,164682859000038;52,042295567000053;1
56018;5231108404302981664;5;7;66;8;2023;11;13;4;3;0;3;0;0;1;1;0;0;0;0;483172,267099999822676;5769715,118799999356270;8,754452528000058;52,077757443000053;1
56031;5231108301101981650;5;9;13;0;2023;11;19;4;3;5;2;2;1;1;1;0;0;0;0;393469,588800000026822;5708512,316500000655651;7,464626176000024;51,517674913000064;1
56036;5231107711100096662;5;5;70;52;2023;11;16;3;3;5;3;0;0;1;0;0;0;0;0;428815,351800000295043;5752498,754399999976158;7,964948144000061;51,918670881000025;1
56038;5231107709500474763;5;5;66;76;2023;11;19;3;3;8;3;2;1;1;0;0;0;0;0;394383,870000000111759;5793700,971000000834465;7,451692657000024;52,283512095000049;1
56040;5231107706100894962;5;5;58;16;2023;11;18;3;3;0;3;2;1;1;1;0;0;0;0;381795,609299999661744;5744237,055900000035763;7,284358034000036;51,836427069000081;1
56043;5231107706000264170;5;5;58;12;2023;11;5;3;3;5;3;2;1;1;1;0;0;0;0;375199,627500000409782;5751144,312699999660254;7,186177140000041;51,897065302000044;1
56046;5231107705000291763;5;5;54;20;2023;11;12;3;3;5;3;0;1;1;0;0;0;0;0;366151,510599999688566;5783653,207499999552965;7,042025998000042;52,187080075000040;1
56050;5231107702100696615;5;5;15;0;2023;11;17;3;3;5;2;2;0;1;1;0;0;0;0;404247,628999999724329;5748607,439999999478459;7,608904226000050;51,880011448000062;1
56051;5231107702100591783;5;5;15;0;2023;11;20;3;3;0;2;2;0;1;1;0;0;0;0;404860,070899999700487;5758313,704199999570847;7,615116269000055;51,967360571000029;1
56057;5231107701200895983;5;5;62;20;2023;11;18;3;3;5;2;2;0;1;1;0;0;0;0;370586,301500000059605;5719822,450400000438094;7,130827052000029;51,614538701000072;1
56061;5231109300200295701;5;9;11;0;2023;11;11;5;3;0;7;0;1;1;0;0;0;0;0;372302,480000000447035;5702485,539000000804663;7,161889391000045;51,459123388000080;1
56062;5231107701110875491;5;5;62;32;2023;11;7;3;3;6;7;0;0;1;0;1;0;0;0;376078,268000000156462;5719052,928200000897050;7,210379145000047;51,608858667000050;1
56063;5231107610222132874;5;3;70;36;2023;11;13;3;3;5;3;0;0;1;1;0;0;0;0;300566,814799999818206;5664025,984699999913573;6,151896610000051;51,093003842000030;1
56072;5231107607300786296;5;3;82;76;2023;11;8;3;3;2;1;0;0;1;0;0;0;1;0;402371,697100000455976;5628104,850600000470877;7,614706101000024;50,796454055000027;1
56082;5231107601400581354;5;3;15;0;2023;11;17;3;3;0;7;1;0;1;0;0;0;0;0;359998,365899999625981;5647777,614299999549985;7,006245735000050;50,964572252000039;1
56084;5231107601100563452;5;3;15;0;2023;11;14;3;2;6;4;0;0;1;0;1;0;0;0;355751,474100000225008;5644678,686799999326468;6,947034652000070;50,935675141000047;1
56085;5231107600360086346;5;3;82;12;2023;11;18;3;3;0;3;2;1;1;1;0;0;0;0;361743,094499999657273;5625947,502900000661612;7,039326664000043;50,768797362000043;1
56089;5231107518300981722;5;1;70;20;2023;11;7;3;3;5;3;0;1;1;1;0;0;0;0;328905,382000000216067;5709408,525000000372529;6,534408989000042;51,509865107000053;1
56093;5231107515000981692;5;1;54;64;2023;11;19;3;3;6;7;2;0;1;0;1;0;0;0;306002,580500000156462;5723983,849999999627471;6,196716402000050;51,633367262000036;1
56097;5231107513000890850;5;1;62;24;2023;11;10;3;3;5;2;0;0;1;1;0;0;0;0;344435,597799999639392;5669923,318299999460578;6,775264485000037;51,159574021000026;1
56098;5231107508000796606;5;1;19;0;2023;11;16;3;3;4;2;0;0;1;1;0;0;0;0;350135,182500000111759;5710592,689400000497699;6,839590993000058;51,526534929000036;1
56100;5231107505100585902;5;1;14;0;2023;11;16;3;3;5;2;0;0;1;0;0;0;0;1;330373,424599999561906;5687568,883799999952316;6,565990598000042;51,314106729000059;1
56101;5231107503100093822;5;1;24;0;2023;11;16;3;2;9;7;0;1;1;0;0;0;0;0;368269,743400000035763;5683294,774299999698997;7,110987927000053;51,285731603000045;1
56116;5231107411236696876;5;7;74;36;2023;11;15;3;3;5;3;0;0;1;1;0;0;0;0;476829,105499999597669;5721261,498700000345707;8,665145523000035;51,641880887000070;1
56117;5231107411232981711;5;7;74;32;2023;11;13;3;2;0;2;0;1;1;1;0;0;0;0;480581,198800000362098;5733192,486800000071526;8,718703901000026;51,749298289000080;1
56123;5231107405228838697;5;7;54;28;2023;11;16;3;3;5;2;0;0;1;1;0;0;0;0;450695,956799999810755;5745393,052300000563264;8,284083370000076;51,857155097000032;1
56124;5231107405112582006;5;7;54;12;2023;11;14;3;3;5;2;0;1;1;1;0;0;0;0;456671,108000000007451;5770307,631999999284744;8,367694457000027;52,081644573000062;1
56131;5231107316300094278;5;9;74;28;2023;11;6;3;3;3;6;2;0;1;1;0;0;0;0;454658,966799999587238;5728631,981499999761581;8,343813606000026;51,706797399000038;1
56152;5231107301101309016;5;9;13;0;2023;11;7;3;3;5;1;0;1;1;1;0;0;0;0;394677,882299999706447;5706568,894999999552965;7,482614666000075;51,500432948000082;1
56153;5231107300700890494;5;9;16;0;2023;11;17;3;3;5;2;2;0;1;1;0;0;0;0;374316,309600000269711;5709702,972799999639392;7,188291210000045;51,524438971000052;1
56157;5231107300300595188;5;9;11;0;2023;11;15;3;3;5;5;1;0;1;1;0;0;0;0;382151,843500000424683;5703302,681600000709295;7,303321616000062;51,468604058000039;1
56158;5231106711400491832;5;5;70;20;2023;11;17;2;2;5;3;2;1;1;1;0;0;0;0;428189,089999999850988;5742842,695000000298023;7,957852516000059;51,831785787000058;1
56164;5231106709110981733;5;5;66;8;2023;11;19;2;3;0;1;2;1;1;0;0;0;0;0;397955,954199999570847;5780538,081700000911951;7,508010098000057;52,165884737000056;1
56169;5231106702100073310;5;5;15;0;2023;11;9;2;3;5;3;0;0;1;1;0;0;0;0;409112,503999999724329;5758487,848999999463558;7,676951533000022;51,969637471000055;1
56177;5231108607100793620;5;3;82;28;2023;11;15;4;3;5;3;1;0;1;1;0;0;0;0;377678,730999999679625;5631298,912000000476837;7,263415967000071;50,820478800000046;1
56180;5231106608200225243;5;3;34;2;2023;11;15;2;3;5;2;0;1;1;1;0;0;0;0;295663,682099999859929;5626466,480000000447035;6,103013253000029;50,753955034000057;1
56181;5231106608200199657;5;3;34;2;2023;11;17;2;3;3;2;1;1;1;1;0;0;0;0;297388,637199999764562;5627753,536399999633431;6,126727562000042;50,766119407000076;1
56183;5231106608100499700;5;3;34;2;2023;11;8;2;3;6;4;0;1;1;0;1;0;0;0;294519,065200000070035;5625905,877599999308586;6,087120469000070;50,748516109000036;1
56192;5231106601600999008;5;3;15;0;2023;11;13;2;3;5;2;0;0;1;1;0;0;0;0;365588,717000000178814;5635782,971999999135733;7,090227413000036;50,858100354000044;1
56196;5231106600140895316;5;3;14;0;2023;11;16;2;3;5;2;0;0;1;1;0;0;0;0;369776,986100000329316;5620442,111099999397993;7,155139491000057;50,721172817000081;1
56197;5231106600120295302;5;3;82;24;2023;11;8;2;3;5;3;0;0;1;1;0;0;0;0;371639,399600000120699;5616778,663300000131130;7,182783543000028;50,688658580000038;1
56198;5231106600110599951;5;3;14;0;2023;11;9;2;3;5;3;0;0;1;1;0;0;0;0;364072,411000000312924;5622814,357899999246001;7,073496224000053;50,741187789000037;1
56212;5231106505100981773;5;1;14;0;2023;11;6;2;3;5;3;1;0;1;1;0;0;0;0;329646,985600000247359;5687336,610700000077486;6,555687871000032;51,311803022000049;1
56214;5231106502409089651;5;1;17;0;2023;11;14;2;3;0;1;0;0;1;0;0;0;0;0;350389,129499999806285;5700050,543199999257922;6,847714192000069;51,431876895000073;1
56217;5231106502209381822;5;1;13;0;2023;11;20;2;3;5;3;2;0;1;1;0;0;0;0;360106,360999999567866;5701908,191999999806285;6,986675145000049;51,451052693000065;1
56219;5231106501115391397;5;1;12;0;2023;11;10;2;3;0;1;0;0;1;0;0;0;0;0;346287,406799999997020;5706516,878900000825524;6,785943103000022;51,488879625000038;1
56224;5231106500200287336;5;1;11;0;2023;11;9;2;3;5;3;0;0;1;1;0;0;0;0;346525,926199999637902;5680002,408399999141693;6,800823889000071;51,250704877000032;1
56227;5231106410140582103;5;7;70;12;2023;11;15;2;3;0;3;0;0;1;1;0;0;0;0;488408,440100000239909;5796730,345699999481440;8,829932912000061;52,320775296000079;1
56228;5231106410140068145;5;7;70;12;2023;11;16;2;3;5;3;1;0;1;1;0;0;0;0;488744,951500000432134;5795585,576500000432134;8,834908360000043;52,310490324000057;1
56229;5231106410120590658;5;7;70;24;2023;11;18;2;2;5;3;2;1;1;1;0;0;0;0;489691,636199999600649;5790342,997899999842048;8,848954866000042;52,263375579000069;1
56231;5231106406120287117;5;7;58;16;2023;11;10;2;2;0;1;0;0;1;0;0;0;0;1;474238,848100000061095;5779321,926300000399351;8,623372774000075;52,163784604000057;1
56238;5231106400200981761;5;7;11;0;2023;11;7;2;3;0;3;0;0;1;1;0;0;0;0;473045,389899999834597;5760255,625900000333786;8,607431477000034;51,992309619000082;1
56250;5231106303100981736;5;9;15;0;2023;11;18;2;3;0;1;2;1;1;0;0;0;0;0;416183,339999999850988;5724216,853000000119209;7,788148818000025;51,662679460000049;1
56254;5231106301302981754;5;9;13;0;2023;11;13;2;3;0;3;0;0;1;1;0;0;0;0;397048,574400000274181;5708748,457800000905991;7,516120526000066;51,520461165000029;1
56271;5231105608200185718;5;3;34;2;2023;11;10;1;3;3;2;0;1;1;1;0;0;0;0;294734,792000000365078;5629617,344000000506639;6,088104324000028;50,781926014000078;1
56281;5231105600360034533;5;3;82;12;2023;11;12;1;2;0;1;0;1;1;0;0;0;0;0;358802,394999999552965;5625085,237999999895692;6,997981252000045;50,760339578000071;1
56285;5231105516300981796;5;1;58;28;2023;11;7;1;3;0;1;2;1;1;0;0;0;0;0;349355,097699999809265;5684297,740399999544024;6,839522748000036;51,290055741000060;1
56293;5231106502106086123;5;1;13;0;2023;11;14;2;3;6;7;0;0;1;0;1;0;0;0;362711,895999999716878;5702081,973999999463558;7,024081912000042;51,453252107000026;1
56326;5231104702100281775;5;5;15;0;2023;11;10;7;3;3;2;0;0;1;0;0;0;0;1;406074,336900000460446;5756745,314600000157952;7,633214869000028;51,953469672000040;1
56330;5231104701500286130;5;5;62;24;2023;11;12;7;2;3;3;0;0;1;1;0;0;0;0;370521,409900000318885;5725657,376399999484420;7,127731367000024;51,666960577000054;1
56337;5231104607400084950;5;3;82;68;2023;11;15;7;3;7;1;0;0;1;0;0;0;0;0;367816,943400000222027;5632155,710300000384450;7,123177461000068;50,826012474000038;1
56342;5231104602400090871;5;3;62;32;2023;11;10;7;2;5;3;0;0;1;1;0;0;0;0;334236,219999999739230;5637989,682499999180436;6,644122357000072;50,869792078000046;1
56346;5231107405116090670;5;7;54;16;2023;11;5;3;3;5;3;2;1;1;1;0;0;0;0;446217,406999999657273;5757269,790999999269843;8,217204780000031;51,963516381000034;1
56350;5231104601500981804;5;3;15;0;2023;11;19;7;3;5;2;2;1;1;1;0;0;0;0;361884,077300000004470;5648006,310499999672174;7,032996159000049;50,967082773000072;1
56353;5231104601100281814;5;3;15;0;2023;11;19;7;3;7;7;2;1;1;0;0;0;0;0;355219,954099999740720;5644983,964800000190735;6,939353909000033;50,938285415000053;1
56363;5231104506100981820;5;1;16;0;2023;11;8;7;3;3;6;0;0;1;1;0;0;0;0;318996,049399999901652;5667696,073599999770522;6,412941200000034;51,132085373000052;1
56376;5231104407220981817;5;7;62;32;2023;11;11;7;3;3;3;0;0;1;1;0;0;0;0;506021,526999999769032;5746940,818700000643730;9,087465867000049;51,873217036000028;1
56386;5231104303200981807;5;9;15;0;2023;11;23;7;2;5;3;2;1;1;1;0;0;0;0;420116,143000000156462;5728501,223999999463558;7,844017439000027;51,701767168000060;1
56400;5231103705000981841;5;5;54;20;2023;11;17;6;2;3;6;2;0;1;1;0;0;0;0;364004,394600000232458;5785543,554099999368191;7,009879033000061;52,203540052000051;1
56401;5231103705000374470;5;5;54;48;2023;11;12;6;3;5;4;0;0;1;0;1;0;0;0;341190,196000000461936;5745048,184000000357628;6,695079672000077;51,833646211000030;1
56406;5231103702100264200;5;5;15;0;2023;11;11;6;2;0;1;0;0;1;0;0;0;0;0;407560,765499999746680;5754348,812799999490380;7,655482844000062;51,932177612000032;1
56413;5231103700000389657;5;5;13;0;2023;11;17;6;3;4;7;2;0;1;0;0;0;0;0;367521,820399999618530;5709451,934100000187755;7,090501226000072;51,520630034000078;1
56417;5231103608312563966;5;3;34;12;2023;11;7;6;3;5;3;0;0;1;1;0;0;0;0;307071,336600000038743;5633452,369400000199676;6,260875926000040;50,820609749000027;1
56423;5231103602700789781;5;3;62;28;2023;11;13;6;3;0;1;0;1;1;0;0;0;0;0;351352,158999999985099;5638864,261299999430776;6,886836035000044;50,882306595000045;1
56430;5231103601200981837;5;3;15;0;2023;11;16;6;3;5;2;1;0;1;1;0;0;0;0;357024,463600000366569;5641115,826799999922514;6,966536394000059;50,903972897000074;1
56433;5231103601100786478;5;3;15;0;2023;11;20;6;3;3;7;2;0;1;1;0;0;0;0;355292,549499999731779;5645367,946699999272823;6,940233922000061;50,941754397000068;1
56440;5231103516900999275;5;1;58;20;2023;11;7;6;3;6;6;0;1;1;0;1;0;0;0;357269,914599999785423;5661689,230499999597669;6,961938721000024;51,088923390000048;1
56441;5231103516400089352;5;1;58;24;2023;11;9;6;3;0;7;0;0;1;0;0;0;0;0;357510,182500000111759;5680095,462300000712276;6,958072189000063;51,254391454000029;1
56442;5231103516100076260;5;1;58;32;2023;11;18;6;3;0;1;2;0;1;0;0;0;0;0;363090,213899999856949;5689867,607000000774860;7,034235798000054;51,343578393000030;1
56446;5231103513320590205;5;1;62;4;2023;11;6;6;3;5;3;2;0;1;1;0;0;0;0;346243,053999999538064;5663459,638000000268221;6,803850331000035;51,101982056000054;1
56451;5231103501212981833;5;1;12;0;2023;11;16;6;3;5;2;0;0;1;1;0;0;0;0;341117,773000000044703;5698481,573999999091029;6,715151583000022;51,415256551000027;1
56459;5231103500100686754;5;1;11;0;2023;11;19;6;3;5;3;2;0;1;1;0;0;0;0;346591,527999999932945;5676160,577999999746680;6,803408268000055;51,216201683000065;1
56462;5231103406220682025;5;7;58;24;2023;11;12;6;3;0;1;0;1;1;0;0;0;0;0;481377,331699999980628;5783295,337400000542402;8,727517419000037;52,199794889000032;1