OID_;UIDENTSTLAE;ULAND;UREGBEZ;UKREIS;UGEMEINDE;UJAHR;UMONAT;USTUNDE;UWOCHENTAG;UKATEGORIE;UART;UTYP1;ULICHTVERH;IstStrassenzustand;IstRad;IstPKW;IstFuss;IstKrad;IstGkfz;IstSonstige;LINREFX;LINREFY;XGCSWGS84;YGCSWGS84;PLST
56472;5231103400100647915;5;7;11;0;2023;11;14;6;3;5;2;0;0;1;1;0;0;0;0;467315,272800000384450;5765218,676500000059605;8,523506781000037;52,036622860000080;1
56473;5231103400100391385;5;7;11;0;2023;11;16;6;3;2;2;0;0;1;1;0;0;0;0;467359,939100000075996;5764934,337700000032783;8,524185062000072;52,034069116000069;1
56476;5231103316100094368;5;9;74;40;2023;11;13;6;3;5;3;0;0;1;1;0;0;0;0;438452,976700000464916;5712695,105799999088049;8,112105277000069;51,561974155000030;1
56478;5231103314310990015;5;9;66;20;2023;11;5;6;3;5;3;2;0;1;1;0;0;0;0;431130,826299999840558;5665968,593299999833107;8,015534985000045;51,141027339000061;1
56481;5231103310130790600;5;9;54;20;2023;11;15;6;3;0;3;0;0;1;1;0;0;0;0;390554,979000000283122;5696907,561000000685453;7,426229140000032;51,412809777000064;1
56484;5231103303200957803;5;9;15;0;2023;11;16;6;3;5;3;1;0;1;1;0;0;0;0;415525,062199999578297;5727195,745400000363588;7,777912890000039;51,689359374000048;1
56485;5231103303100981830;5;9;15;0;2023;11;20;6;2;5;3;2;0;1;1;0;0;0;0;420667,552199999801815;5726006,824300000444055;7,852562212000066;51,679421668000032;1
56489;5231103301301981857;5;9;78;24;2023;11;10;6;3;5;3;0;0;1;0;0;0;0;1;391477,182199999690056;5717244,108400000259280;7,433227039000030;51,595779446000051;1
56500;5231102702100676684;5;5;15;0;2023;11;11;5;3;0;3;0;0;1;1;0;0;0;0;406132,959599999710917;5757702,842499999329448;7,633806041000071;51,962086276000036;1
56501;5231102702100572368;5;5;15;0;2023;11;16;5;3;0;7;0;0;1;1;0;0;0;1;405591,402099999599159;5756883,673000000417233;7,626151474000039;51,954631527000060;1
56503;5231102701800081302;5;5;62;4;2023;11;7;5;3;5;2;0;0;1;1;0;0;0;0;382498,545400000177324;5715155,855799999088049;7,304357831000061;51,575209664000056;1
56505;5231102701300590514;5;5;62;14;2023;11;18;5;3;5;3;2;0;1;1;0;0;0;0;361939,192499999888241;5712888,233200000599027;7,008738705000042;51,550172523000072;1
56519;5231102608100289924;5;3;34;2;2023;11;17;5;2;0;1;0;0;1;0;0;0;0;0;293262,113199999555945;5630810,243899999186397;6,066571060000058;50,792116397000029;1
56520;5231102606100256494;5;3;78;4;2023;11;15;5;3;5;3;0;1;1;1;0;0;0;0;367018,028599999845028;5649769,667600000277162;7,105423737000024;50,984139236000033;1
56532;5231109404101090751;5;7;66;20;2023;11;7;5;3;4;6;1;1;1;0;0;0;0;0;491808,149100000038743;5753423,604699999094009;8,880854995000050;51,931476686000053;1
56535;5231102601200981908;5;3;15;0;2023;11;6;5;3;0;7;2;1;1;1;0;0;0;0;357461,503499999642372;5641200,112500000745058;6,972715100000073;50,904838438000070;1
56536;5231102601100899015;5;3;15;0;2023;11;8;5;3;5;2;0;1;1;1;0;0;0;0;351296,065499999560416;5645034,147199999541044;6,883525150000025;50,937737876000028;1
56553;5231106300300981471;5;9;11;0;2023;11;15;2;3;3;6;0;0;1;1;0;0;0;0;378982,968000000342727;5706523,414000000804663;7,256617499000072;51,496881858000052;1
56558;5231102501323981910;5;1;12;0;2023;11;8;5;2;3;2;0;1;1;1;0;0;0;0;345381,309399999678135;5691930,254100000485778;6,779266696000036;51,357570806000069;1
56559;5231102501322981885;5;1;12;0;2023;11;15;5;3;5;3;0;0;1;1;0;0;0;0;346378,967199999839067;5695788,258400000631809;6,791916424000021;51,392506543000081;1
56562;5231102501314172021;5;1;12;0;2023;11;10;5;3;1;5;0;1;1;1;0;0;0;0;345822,115799999795854;5700226,790100000798702;6,781989034000048;51,432236279000051;1
56570;5231102500300973955;5;1;11;0;2023;11;15;5;2;5;3;0;0;1;1;0;0;0;0;348871,245400000363588;5673997,615299999713898;6,836936489000038;51,197373748000075;1
56572;5231106702100072350;5;5;15;0;2023;11;7;2;3;5;3;0;0;1;1;0;0;0;0;409009,103000000119209;5756323,310000000521541;7,676020140000048;51,950164342000051;1
56586;5231107410270595673;5;7;70;16;2023;11;15;3;3;0;1;2;1;1;0;0;0;0;0;478296,303299999795854;5790437,125900000333786;8,681978727000057;52,263890185000037;1
56587;5231102310230999535;5;9;54;12;2023;11;14;5;3;0;3;0;0;1;1;0;0;0;0;384416,276899999938905;5686173,349500000476837;7,341485542000044;51,315110795000066;1
56588;5231102310230981920;5;9;54;12;2023;11;7;5;3;0;1;2;1;1;0;0;0;0;0;384342,372000000439584;5685768,924000000581145;7,340556728000024;51,311460703000080;1
56602;5231101709110981955;5;5;66;8;2023;11;5;4;3;8;1;2;1;1;0;0;0;0;0;400093,623800000175834;5781049,179800000041723;7,539103458000056;52,170869456000048;1
56603;5231101709110596523;5;5;66;12;2023;11;15;4;2;2;6;0;1;1;0;0;0;0;0;402723,670699999667704;5769385,355299999937415;7,580882570000028;52,066504785000063;1
56604;5231101706300853164;5;5;58;36;2023;11;16;4;3;9;1;0;0;1;0;0;0;0;0;389879,853000000119209;5729129,830000000074506;7,406433262000064;51,702298616000064;1
56608;5231101701800073591;5;5;62;4;2023;11;22;4;2;1;5;2;0;1;1;0;0;0;0;382876,251500000245869;5713112,219299999997020;7,310486964000063;51,556920652000031;1
56611;5231101610122989851;5;3;70;24;2023;11;16;4;2;5;3;0;0;1;1;0;0;0;0;281554,913200000301003;5657318,846100000664592;5,884847407000052;51,025855422000063;1
56614;5231101607000981951;5;3;82;60;2023;11;9;4;3;3;6;0;1;1;0;0;0;0;1;373490,069099999964237;5628150,616299999877810;7,205065538000042;50,791280727000071;1
56617;5231101603116494797;5;3;66;16;2023;11;21;4;3;0;1;2;1;1;0;0;0;0;0;343486,026700000278652;5613406,660800000652671;6,785928275000060;50,651464685000064;1
56618;5231101602400781254;5;3;62;32;2023;11;19;4;2;4;6;2;0;1;1;0;0;0;0;338031,140499999746680;5642791,167899999767542;6,695880913000053;50,914011076000065;1
56622;5231101601600350548;5;3;15;0;2023;11;17;4;3;5;3;2;0;1;0;0;0;0;0;360053,309200000017881;5644912,832499999552965;7,008128881000061;50,938839427000062;1
56624;5231101601500690278;5;3;15;0;2023;11;13;4;3;1;5;0;0;1;1;0;0;0;0;361423,421199999749660;5649760,107499999925494;7,025771359000032;50,982733861000042;1
56626;5231106508000171912;5;1;19;0;2023;11;15;2;3;5;3;0;0;1;1;0;0;0;0;349652,869599999859929;5710724,191800000146031;6,832587322000052;51,527588312000034;1
56644;5231101501316981934;5;1;12;0;2023;11;17;4;3;6;1;2;1;1;0;1;0;0;0;345863,501299999654293;5699051,585000000894070;6,783095200000048;51,421688201000052;1
56655;5231101406110981578;5;7;58;12;2023;11;15;4;3;0;5;0;0;1;1;0;0;0;0;476105,338700000196695;5769828,462500000372529;8,651326909000034;52,078516577000073;1
56658;5231101400200981964;5;7;11;0;2023;11;1;4;3;5;2;2;1;1;1;0;0;0;0;469759,783499999903142;5761615,890799999237061;8,559461131000035;52,004370151000046;1
56661;5231101316300074558;5;9;74;20;2023;11;1;4;3;8;1;2;1;1;0;0;0;0;0;464074,848100000061095;5720579,540300000458956;8,480903924000074;51,635079114000064;1
56668;5231101301202685034;5;9;13;0;2023;11;11;4;3;5;3;0;0;1;1;0;0;0;0;392871,695000000298023;5710676,182000000029802;7,455354221000050;51,537011561000043;1
56670;5231107701910348786;5;5;62;8;2023;11;9;3;3;5;3;0;0;1;1;0;0;0;0;385075,118999999947846;5723624,840399999171495;7,338745820000042;51,651858181000080;1
56674;5231031705000947520;5;5;54;20;2023;10;7;3;3;5;2;0;1;1;1;0;0;0;0;366877,127799999900162;5785604,695199999958277;7,051867146000063;52,204790701000036;1
56675;5231031705000041534;5;5;54;8;2023;10;13;3;3;0;6;0;1;1;0;0;0;0;0;334687,667299999855459;5746783,405300000682473;6,599962211000047;51,847347802000058;1
56678;5231031702100829632;5;5;15;0;2023;10;14;3;3;5;3;0;0;1;1;0;0;0;0;404389,894000000320375;5759062,469000000506639;7,608065875000023;51,974010057000044;1
56679;5231031702100696692;5;5;15;0;2023;10;17;3;3;5;2;2;1;1;1;0;0;0;0;404393,658999999985099;5759063,542999999597669;7,608120370000051;51,974020358000075;1
56681;5231031702100581074;5;5;15;0;2023;10;19;3;3;4;3;2;1;1;1;0;0;0;0;404667,103500000201166;5759988,525000000372529;7,611843043000022;51,982381396000051;1
56682;5231031702000982018;5;5;15;0;2023;10;17;3;3;1;2;0;1;1;1;0;0;0;0;405019,896999999880791;5757700,723999999463558;7,617611551000039;51,961878196000043;1
56684;5231031701200998911;5;5;62;20;2023;10;7;3;3;0;1;0;1;1;0;0;0;0;0;370592,770200000144541;5719825,306600000709295;7,130919374000030;51,614565856000070;1
56688;5231031610212471704;5;3;70;40;2023;10;17;3;3;0;3;2;1;1;1;0;0;0;0;310078,465800000354648;5671433,606499999761581;6,283662087000039;51,162769124000079;1
56691;5231031608416194816;5;3;34;16;2023;10;20;3;2;0;1;2;1;1;0;0;0;0;0;295372,808100000023842;5634544,265699999406934;6,094397285000070;50,826401350000026;1
56696;5231031607500390872;5;3;82;56;2023;10;14;3;3;3;3;0;0;1;1;0;0;0;0;371932,013799999840558;5627715,948000000789762;7,183122997000055;50,787031650000074;1
56711;5231031601600564360;5;3;15;0;2023;10;19;3;3;0;1;2;0;1;0;0;0;0;0;361041,676099999807775;5645050,157199999317527;7,022135005000052;50,940312623000068;1
56716;5231031601400982050;5;3;15;0;2023;10;9;3;3;5;3;0;0;1;1;0;0;0;0;357232,220599999651313;5647246,282400000840425;6,967087979000041;50,959118389000082;1
56717;5231031601400174260;5;3;15;0;2023;10;16;3;3;0;1;0;0;1;0;0;0;0;0;356429,859100000001490;5647045,421900000423193;6,955749913000034;50,957113934000063;1
56719;5231031601200125500;5;3;15;0;2023;10;9;3;3;0;7;0;0;1;0;0;0;0;0;354327,087399999611080;5644116,330099999904633;6,927001466000036;50,930263371000080;1
56720;5231031601100586521;5;3;15;0;2023;10;8;3;3;5;2;0;0;1;0;0;0;0;0;357016,796000000089407;5645967,471999999135733;6,964524832000052;50,947572444000059;1
56730;5231031515110982046;5;1;54;36;2023;10;11;3;3;3;2;0;0;1;0;0;0;0;1;301881,899000000208616;5740520,225999999791384;6,127855322000073;51,780430453000065;1
56736;5231031513120591065;5;1;62;20;2023;10;10;3;3;5;3;0;0;1;0;0;0;0;1;326607,362200000323355;5673712,252900000661612;6,518717368000068;51,188488549000056;1
56744;5231031502409585658;5;1;17;0;2023;10;8;3;3;0;7;0;1;1;0;0;0;0;0;350107,389999999664724;5699672,833000000566244;6,843824029000075;51,428408536000063;1
56750;5231031502243280395;5;1;13;0;2023;10;9;3;3;0;7;0;1;1;0;0;0;0;0;365963,230000000447035;5698757,300499999895692;7,072106571000063;51,424153236000052;1
56753;5231031501315527767;5;1;12;0;2023;10;17;3;3;1;5;1;0;1;1;0;0;0;0;346793,620400000363588;5700215,984099999070168;6,795958674000076;51,432402693000029;1
56755;5231031501311982025;5;1;12;0;2023;10;7;3;3;5;2;0;0;1;0;0;0;1;0;344727,839300000108778;5700601,800400000065565;6,766095117000020;51,435306944000047;1
56766;5231031500200570420;5;1;11;0;2023;10;12;3;3;6;4;0;1;1;0;1;0;0;0;346576,109600000083447;5677770,573999999091029;6,802498591000074;51,230664219000062;1
56768;5231031410240397000;5;7;70;40;2023;10;18;3;3;0;1;2;1;1;0;0;0;0;0;473750,641900000162423;5808130,038300000131130;8,613990514000022;52,422755340000037;1
56771;5231031410110186996;5;7;70;24;2023;10;13;3;3;5;3;0;0;1;1;0;0;0;0;493669,374800000339746;5794657,757200000807643;8,907158241000047;52,302227651000067;1
56775;5231031405228982023;5;7;54;28;2023;10;16;3;3;5;2;1;1;1;1;0;0;0;0;450453,010900000110269;5745592,432700000703335;8,280527396000025;51,858926101000066;1
56776;5231031405108896870;5;7;54;8;2023;10;15;3;3;5;3;0;1;1;1;0;0;0;0;462135,076999999582767;5749664,509999999776483;8,449706347000074;51,896452099000044;1
56777;5231031405104090752;5;7;54;4;2023;10;17;3;3;0;1;2;1;1;0;0;0;0;0;452046,639000000432134;5772816,963999999687076;8,299860969000065;52,103822549000029;1
56784;5231031400200887041;5;7;11;0;2023;10;18;3;3;6;4;2;1;1;0;1;0;0;0;469344,998999999836087;5763437,668999999761581;8,553255664000062;52,020726398000079;1
56786;5231031316100855698;5;9;74;40;2023;10;17;3;3;5;3;0;0;1;1;0;0;0;0;439642,917399999685585;5713693,601600000634789;8,129098039000041;51,571079831000077;1
56787;5231031315240273288;5;9;70;20;2023;10;19;3;2;7;7;2;1;1;0;0;0;0;0;435951,110000000335276;5647920,028000000864267;8,087625164000031;50,979307597000059;1
56805;5231031301201982003;5;9;13;0;2023;10;18;3;3;5;2;2;1;1;1;0;0;0;0;386352,752000000327826;5706347,116000000387430;7,362795937000044;51,496827003000078;1
56809;5231030709700970261;5;5;66;56;2023;10;9;2;3;5;3;0;1;1;1;0;0;0;0;415643,344200000166893;5797746,827899999916553;7,762249003000022;52,323552264000057;1
56812;5231030709500760714;5;5;66;76;2023;10;21;2;3;3;2;2;1;1;1;0;0;0;0;393651,218000000342727;5794099,025000000372529;7,440830852000033;52,286948206000034;1
56813;5231030709500624206;5;5;66;76;2023;10;7;2;3;5;3;1;0;1;0;0;0;0;1;393344,331799999810755;5793993,273399999365211;7,436366904000067;52,285938324000028;1
56814;5231101601400981925;5;3;15;0;2023;11;19;4;3;0;1;2;0;1;0;0;0;0;0;356289,751000000163913;5648106,696000000461936;6,953337159000057;50,966616487000067;1
56816;5231030709500061952;5;5;66;76;2023;10;10;2;3;0;1;0;1;1;0;0;0;0;0;393666,769100000150502;5794101,134800000116229;7,441058088000034;52,286970176000068;1
56819;5231030709110696500;5;5;66;60;2023;10;14;2;3;3;6;0;0;1;1;0;0;0;0;393154,313500000163913;5782420,462300000712276;7,437239915000021;52,181893728000034;1
56820;5231030705000991868;5;5;54;56;2023;10;17;2;3;5;3;2;1;1;1;0;0;0;0;357483,662999999709427;5762559,589999999850988;6,924135968000030;51,995384770000044;1
56827;5231030702100576766;5;5;15;0;2023;10;9;2;3;5;3;0;0;1;1;0;0;0;0;403998,657999999821186;5761396,214800000190735;7,601718746000074;51,994919025000058;1
56828;5231030702100081074;5;5;15;0;2023;10;18;2;3;0;3;2;1;1;0;0;0;0;1;406386,430999999865890;5757328,346000000834465;7,637596144000042;51,958762861000082;1
56829;5231103516700195624;5;1;58;8;2023;11;16;6;3;5;2;0;1;1;1;0;0;0;0;359552,729299999773502;5672504,625600000843406;6,990296816000068;51,186682291000068;1
56830;5231030702100076700;5;5;15;0;2023;10;20;2;3;0;2;2;1;1;1;0;0;0;0;405964,116000000387430;5757184,514000000432134;7,631491250000067;51,957398773000079;1
56833;5231030701500781102;5;5;62;24;2023;10;20;2;3;5;2;2;1;1;1;0;0;0;0;370252,607699999585748;5725408,596200000494719;7,123939088000043;51,664662871000075;1
56844;5231030609108699698;5;3;58;8;2023;10;15;2;3;5;3;0;1;1;1;0;0;0;0;322009,287999999709427;5630800,815999999642372;6,474015459000043;50,801572262000036;1
56852;5231030606100086582;5;3;78;4;2023;10;11;2;3;0;4;0;1;1;0;1;0;0;0;367570,376699999906123;5646985,651499999687076;7,114302249000048;50,959244751000028;1
56868;5231030601200989740;5;3;15;0;2023;10;18;2;2;8;1;2;1;1;0;0;0;0;0;354340,943900000303984;5644042,998199999332428;6,927227816000027;50,929607857000065;1
56871;5231102506100981893;5;1;16;0;2023;11;14;5;2;3;6;0;0;1;0;0;0;0;1;323636,431599999777973;5675552,816099999472499;6,475342547000025;51,204114254000046;1
56878;5231030518120089421;5;1;70;44;2023;10;17;2;3;5;2;2;1;1;1;0;0;0;0;338393,627000000327826;5718704,144999999552965;6,666744831000074;51,596172037000031;1
56881;5231030515210448406;5;1;54;28;2023;10;18;2;2;5;3;2;1;1;1;0;0;0;0;320791,634999999776483;5700629,037000000476837;6,422060144000056;51,428487322000080;1
56889;5231030513320399204;5;1;62;4;2023;10;18;2;3;5;3;1;1;1;1;0;0;0;0;347560,378600000403821;5664462,608400000259280;6,822227718000022;51,111346357000059;1
56893;5231030506100879558;5;1;16;0;2023;10;10;2;3;1;5;0;1;1;0;0;0;0;1;320999,369599999859929;5674656,971599999815226;6,438079680000044;51,195246541000074;1
56898;5231030503400095600;5;1;22;0;2023;10;17;2;3;5;2;2;1;1;1;0;0;0;0;359704,221699999645352;5669096,190600000321865;6,993793199000038;51,156088864000026;1
56904;5231030502400495123;5;1;17;0;2023;10;9;2;3;0;1;0;0;1;0;0;0;0;0;351275,428000000305474;5702480,415100000798702;6,859433851000063;51,453943920000029;1
56914;5231030501214091543;5;1;12;0;2023;10;18;2;3;5;2;2;1;1;1;0;0;0;0;338342,150000000372529;5694510,610999999567866;6,677079662000040;51,378794923000044;1
56921;5231030500300586934;5;1;11;0;2023;10;6;2;3;3;6;2;1;1;0;0;0;0;1;345274,364900000393391;5676195,993899999186397;6,784548135000023;51,216164520000063;1
56922;5231030500100295433;5;1;11;0;2023;10;8;2;3;4;6;0;0;1;0;0;0;0;1;344434,280399999581277;5678142,285700000822544;6,771684335000032;51,233424376000073;1
56926;5231030410110982105;5;7;70;24;2023;10;11;2;3;3;2;0;0;1;1;0;0;0;0;492323,281200000084937;5793374,858100000768900;8,887446390000036;52,290676598000061;1
56927;5231108711100048068;5;5;70;44;2023;11;10;4;3;3;6;0;0;1;0;0;0;0;0;416602,988900000229478;5759554,432900000363588;7,785703614000056;51,980399381000041;1
56931;5231106701200697742;5;5;62;20;2023;11;14;2;3;5;2;0;0;1;1;0;0;0;0;371575,888100000098348;5717918,797000000253320;7,145809182000050;51,597657481000056;1
56942;5231030316300460731;5;9;74;4;2023;10;13;2;3;4;6;0;0;1;1;0;0;0;0;448954,315299999900162;5709365,321599999442697;8,264068881000071;51,533084711000072;1
56945;5231030315140587614;5;9;70;36;2023;10;12;2;3;2;6;0;0;1;1;0;0;0;0;431851,291400000452995;5625959,963300000876188;8,033326434000060;50,781385201000035;1
56947;5231030314310689293;5;9;66;20;2023;10;17;2;3;0;1;2;1;1;0;0;0;0;0;432274,982800000347197;5666677,734300000593066;8,031754456000044;51,147539727000037;1
56961;5231030301303953076;5;9;13;0;2023;10;17;2;3;2;2;2;1;1;1;0;0;0;0;402655,189000000245869;5703900,847999999299645;7,598241702000053;51,477880008000056;1
56969;5231030300600794310;5;9;16;0;2023;10;7;2;3;6;4;0;0;1;0;0;0;0;1;376234,204599999822676;5709657,296099999919534;7,215938853000068;51,524452033000046;1
56976;5231029702100982156;5;5;15;0;2023;10;2;1;3;5;3;2;1;1;1;0;0;0;0;406149,924599999561906;5757431,935599999502301;7,634126905000073;51,959654104000037;1
56987;5231029606100982141;5;3;78;4;2023;10;12;1;3;5;2;0;1;1;1;0;0;0;0;369238,992899999953806;5649470,545600000768900;7,137155102000065;50,981959544000063;1
56995;5231029601200281466;5;3;15;0;2023;10;10;1;3;5;6;0;1;1;0;0;0;0;0;357819,052500000223517;5641399,347599999979138;6,977719426000021;50,906717137000044;1
56996;5231029518200591578;5;1;70;24;2023;10;17;1;3;0;3;1;0;1;1;0;0;0;0;336716,918700000271201;5704522,535299999639392;6,649133987000027;51,468279810000070;1
57006;5231029503100354377;5;1;24;0;2023;10;21;1;3;0;1;2;0;1;0;0;0;0;0;371136,726800000295043;5680228,305400000885129;7,153182802000060;51,258827893000046;1
57009;5231029501317982133;5;1;12;0;2023;10;16;1;3;6;4;0;1;1;0;1;0;0;0;344416,471599999815226;5698855,599799999967217;6,762385961000064;51,419531960000029;1
57010;5231029501132982148;5;1;12;0;2023;10;9;1;3;5;3;0;0;1;0;0;0;0;0;341492,525999999605119;5713281,528000000864267;6,713894036000056;51,548333298000045;1
57013;5231029500300986956;5;1;11;0;2023;10;13;1;2;5;2;0;1;1;1;0;0;0;0;344437,561900000087917;5674402,314699999988079;6,773353687000053;51,199820271000078;1
57021;5231029410220096867;5;7;70;8;2023;10;12;1;2;5;3;0;0;1;1;0;0;0;0;471316,287700000219047;5801815,554400000721216;8,578734042000065;52,365865157000030;1
57032;5231031400100982021;5;7;11;0;2023;10;17;3;3;5;3;2;1;1;1;0;0;0;0;464633,497000000439584;5765292,873999999836087;8,484404574000052;52,037125360000061;1
57035;5231029301306582436;5;9;13;0;2023;10;12;1;3;5;3;0;1;1;1;0;0;0;0;401801,808000000193715;5712439,301000000908971;7,583578076000038;51,554484294000076;1
57036;5231029301201299400;5;9;13;0;2023;10;18;1;3;5;2;2;1;1;1;0;0;0;0;390702,434000000357628;5707397,256999999284744;7,425106168000070;51,507123768000042;1
57044;5231028705000991636;5;5;54;28;2023;10;9;7;3;5;3;0;0;1;1;0;0;0;0;358748,698300000280142;5743570,028500000014901;6,950335016000054;51,825080751000030;1
57050;5231028702100096615;5;5;15;0;2023;10;15;7;3;0;3;0;1;1;1;0;0;0;0;405501,583999999798834;5756467,505999999120831;7,624959277000073;51,950875580000059;1
57055;5231028610211689907;5;3;70;4;2023;10;19;7;3;0;1;2;0;1;0;0;0;0;0;312267,167700000107288;5656809,142699999734759;6,322532166000030;51,032127319000040;1
57060;5231028609108982180;5;3;58;8;2023;10;14;7;3;3;6;0;0;1;1;0;0;0;0;320764,003399999812245;5627844,440099999308586;6,457803115000047;50,774628470000039;1
57070;5231028602800589780;5;3;62;12;2023;10;16;7;3;5;3;0;1;1;1;0;0;0;0;352140,055700000375509;5630242,898399999365211;6,901508481000064;50,805031199000041;1
57074;5231031301202294284;5;9;13;0;2023;10;18;3;3;5;2;2;1;1;1;0;0;0;0;394286,539200000464916;5710857,230000000447035;7,475692175000063;51,538905652000039;1
57075;5231028601600390200;5;3;15;0;2023;10;12;7;3;3;2;0;1;1;1;0;0;0;0;364929,463999999687076;5638370,668999999761581;7,079910503000065;50,881204062000052;1
57077;5231028600340334617;5;3;82;64;2023;10;12;7;3;5;3;0;0;1;0;0;0;0;0;355602,298000000417233;5614631,982999999076128;6,956728011000052;50,665606515000036;1
57081;5231028516800982167;5;1;58;20;2023;10;17;7;3;0;1;0;1;1;0;0;0;0;0;357008,784599999897182;5664377,347599999979138;6,957147732000067;51,113015453000060;1
57091;5231028502321081591;5;1;13;0;2023;10;16;7;3;0;7;0;1;1;0;0;0;0;0;357548,992499999701977;5705443,675300000235438;6,948470281000027;51,482185014000038;1
57106;5231103702100062000;5;5;15;0;2023;11;16;6;3;0;1;0;0;1;0;0;0;0;0;404004,173999999649823;5756733,997899999842048;7,603103057000055;51,953014475000032;1
57108;5231109316300981608;5;9;74;28;2023;11;17;5;1;5;3;2;0;1;0;0;0;1;0;454081,461000000126660;5730679,457000000402331;8,335186530000044;51,725158850000071;1
57118;5231028400300987122;5;7;11;0;2023;10;20;7;3;5;3;2;0;1;1;0;0;0;0;473116,087899999693036;5753523,150200000032783;8,608988122000028;51,931782657000042;1
57119;5231028400200503330;5;7;11;0;2023;10;16;7;3;5;3;0;1;1;1;0;0;0;0;469308,674999999813735;5763798,400399999693036;8,552693970000064;52,023967599000059;1
57131;5231125706200357496;5;5;58;12;2023;11;14;7;3;5;3;0;0;1;1;0;0;0;0;374073,918999999761581;5755550,470000000670552;7,168214152000076;51,936407968000026;1
57133;5231125702100176766;5;5;15;0;2023;11;11;7;2;3;6;0;0;1;0;0;0;0;0;405597,632100000046194;5756913,797100000083447;7,626233830000047;51,954903353000077;1
57166;5231125518210091600;5;1;70;28;2023;11;0;7;3;0;1;2;1;1;0;0;0;0;0;331081,094499999657273;5702206,004100000485778;6,569175834000021;51,445814734000066;1
57170;5231125513130980840;5;1;62;22;2023;11;16;7;3;5;3;2;1;1;1;0;0;0;0;338872,311499999836087;5680134,301699999719858;6,691186819000052;51,249779004000061;1
57173;5231125508000089646;5;1;19;0;2023;11;18;7;3;5;3;2;1;1;1;0;0;0;0;348960,860999999567866;5707480,531999999657273;6,824008681000066;51,498258675000045;1
57199;5231125400200786404;5;7;11;0;2023;11;18;7;3;5;7;2;0;1;1;0;0;0;0;467505,080000000074506;5763317,441099999472499;8,526454360000059;52,019540754000047;1
57212;5231124711100095835;5;5;70;12;2023;11;11;6;3;5;3;0;0;1;1;0;0;0;0;439813,631400000303984;5753477,307700000703335;8,124674205000076;51,928765572000032;1
57215;5231124709110080898;5;5;66;8;2023;11;14;6;3;0;1;0;1;1;0;0;0;0;0;397856,902999999932945;5781497,370999999344349;7,506273630000067;52,174488162000046;1
57217;5231124706000568252;5;5;58;12;2023;11;22;6;3;5;2;2;1;1;1;0;0;0;0;374387,324000000022352;5753809,566999999806285;7,173406031000070;51,920834184000057;1
57222;5231124702100980907;5;5;15;0;2023;11;9;6;3;5;2;0;1;1;1;0;0;0;0;406827,820299999788404;5751261,073200000450015;7,645660966000037;51,904301035000060;1
57223;5231124702100980874;5;5;15;0;2023;11;7;6;3;0;6;2;1;1;0;0;0;0;0;403525,911899999715388;5758632,076300000771880;7,595612672000073;51,969992245000071;1
57234;5231124608100580712;5;3;34;2;2023;11;10;6;3;0;3;0;1;1;1;0;0;0;0;295266,713499999605119;5628845,147199999541044;6,096069712000030;50,775178719000053;1
57235;5231124607500967676;5;3;82;56;2023;11;22;6;3;7;7;2;1;1;0;0;0;0;1;372965,347799999639392;5627599,569099999964237;7,197815173000038;50,786212947000081;1
57250;5231124601200524440;5;3;15;0;2023;11;17;6;3;5;2;2;1;1;1;0;0;0;0;353453,220900000073016;5643034,566099999472499;6,915009459000032;50,920320578000030;1
57251;5231124601200024680;5;3;15;0;2023;11;12;6;2;0;1;0;1;1;0;0;0;0;0;353731,935100000351667;5644269,930400000885129;6,918476478000059;50,931493116000070;1
57257;5231124516700795624;5;1;58;8;2023;11;5;6;3;0;7;2;1;1;0;0;0;0;0;359825,168300000019372;5675255,466000000014901;6,993118438000067;51,211470074000033;1
57258;5231124515110600000;5;1;54;36;2023;11;20;6;3;5;2;2;1;1;0;0;0;0;1;302170,182000000029802;5740411,162000000476837;6,132091093000042;51,779553022000073;1
57261;5231124513340894903;5;1;62;8;2023;11;15;6;3;0;3;0;0;1;1;0;0;0;0;333041,003999999724329;5662882,543999999761581;6,615716901000042;51,093104840000080;1
57281;5231124501327085941;5;1;12;0;2023;11;17;6;3;5;3;2;1;1;1;0;0;0;0;342915,406700000166893;5691376,383700000122190;6,744123613000056;51,351917866000065;1
57284;5231124501115980913;5;1;12;0;2023;11;6;6;3;5;3;1;1;1;0;0;0;1;0;346749,758600000292063;5706210,046299999579787;6,792730621000032;51,486248201000080;1
57299;5231124500100695548;5;1;11;0;2023;11;14;6;3;5;2;0;0;1;1;0;0;0;0;346595,216199999675155;5676163,777599999681115;6,803459668000073;51,216231424000057;1
57301;5231124500100089226;5;1;11;0;2023;11;10;6;3;0;6;0;1;1;0;0;0;0;0;345947,087000000290573;5677328,200899999588728;6,793686374000060;51,226519842000073;1
57313;5231124400200564276;5;7;11;0;2023;11;14;6;3;3;7;0;1;1;1;0;0;0;0;470291,837600000202656;5765067,716600000858307;8,566912239000033;52,035433111000032;1
57315;5231124400100039966;5;7;11;0;2023;11;8;6;3;5;2;0;1;1;1;0;0;0;0;467405,909300000406802;5765414,148800000548363;8,524809439000023;52,038385607000066;1
57331;5231124307000865193;5;9;62;32;2023;11;17;6;3;0;1;2;1;1;0;0;0;0;0;405587,838100000284612;5674036,678400000557303;7,648380007000071;51,209914664000053;1