OID_;UIDENTSTLAE;ULAND;UREGBEZ;UKREIS;UGEMEINDE;UJAHR;UMONAT;USTUNDE;UWOCHENTAG;UKATEGORIE;UART;UTYP1;ULICHTVERH;IstStrassenzustand;IstRad;IstPKW;IstFuss;IstKrad;IstGkfz;IstSonstige;LINREFX;LINREFY;XGCSWGS84;YGCSWGS84;PLST
57340;5231123709700981737;5;5;66;28;2023;11;11;5;3;5;3;0;0;1;1;0;0;0;0;410334,327999999746680;5792243,698499999940395;7,685837475000028;52,273247710000078;1
57345;5231123709110096566;5;5;66;8;2023;11;10;5;2;5;3;0;0;1;1;0;0;0;0;399660,924999999813735;5781933,453999999910593;7,532516936000036;52,178738575000068;1
57351;5231123702100191701;5;5;15;0;2023;11;18;5;3;5;2;2;1;1;1;0;0;0;0;405641,779000000096858;5756986,567999999970198;7,626856082000074;51,955564942000080;1
57353;5231123702100072350;5;5;15;0;2023;11;11;5;3;5;2;0;1;1;0;0;0;0;1;403128,048000000417233;5758121,586999999359250;7,589966833000062;51,965334622000057;1
57363;5231123608100277498;5;3;34;2;2023;11;12;5;3;0;1;0;0;1;0;0;0;0;0;291778,460500000044703;5628330,693199999630451;6,046953180000060;50,769316886000070;1
57365;5231124702100248540;5;5;15;0;2023;11;19;6;3;6;7;2;0;1;0;1;0;0;0;405509,303999999538064;5754675,371500000357628;7,625564074000067;51,934768369000039;1
57370;5231123602200980932;5;3;62;4;2023;11;18;5;3;5;3;2;1;1;1;0;0;0;0;329144,519799999892712;5652639,041200000792742;6,564958767000064;50,999926783000035;1
57376;5231123601300370446;5;3;15;0;2023;11;0;5;3;5;2;2;0;1;1;0;0;0;0;353344,867600000463426;5644888,879399999976158;6,912722996000070;50,936957096000071;1
57380;5231123600340980943;5;3;82;64;2023;11;12;5;3;5;3;0;0;1;1;0;0;0;0;352558,841799999587238;5620517,391799999400973;6,911343940000052;50,717735985000047;1
57382;5231123516800980942;5;1;58;20;2023;11;12;5;2;5;2;0;0;1;1;0;0;0;0;357230,594299999997020;5664562,172000000253320;6,960241323000048;51,114731701000039;1
57387;5231123508000345276;5;1;19;0;2023;11;7;5;3;0;7;2;0;1;1;0;0;0;0;351290,326999999582767;5708336,433000000193715;6,857182585000032;51,506566915000064;1
57396;5231123503100881430;5;1;24;0;2023;11;13;5;3;0;7;0;1;1;0;0;0;0;0;369591,960500000044703;5680912,148299999535084;7,130807050000044;51,264622541000051;1
57407;5231123500200393577;5;1;11;0;2023;11;13;5;3;1;5;0;0;1;1;0;0;0;0;344859,705000000074506;5688265,372999999672174;6,773378011000034;51,324499026000069;1
57410;5231123410230131952;5;7;70;4;2023;11;16;5;3;6;6;2;1;1;0;1;0;0;0;487198,769500000402331;5783121,999800000339746;8,812701298000036;52,198402414000043;1
57413;5231123405116590680;5;7;54;16;2023;11;18;5;3;4;6;2;1;1;0;0;0;0;0;446205,085799999535084;5757060,454600000753999;8,217058256000030;51,961633218000031;1
57437;5231122711300980980;5;5;70;8;2023;11;12;4;3;5;3;0;0;1;1;0;0;0;0;433782,344999999739230;5735891,068900000303984;8,040338994000024;51,769981790000031;1
57439;5231122711100980970;5;5;70;36;2023;11;14;4;3;5;2;0;0;1;1;0;0;0;0;434971,626899999566376;5759052,400299999862909;8,053208991000076;51,978339930000061;1
57440;5231122711100976975;5;5;70;52;2023;11;16;4;3;2;6;1;0;1;1;0;0;0;0;430230,266200000420213;5755366,662900000810623;7,984936434000076;51,944631470000047;1
57441;5231122709700734935;5;5;66;48;2023;11;15;4;3;5;3;0;0;1;1;0;0;0;0;427768,566599999554455;5796418,392100000753999;7,940409830000021;52,313340913000047;1
57442;5231122706300974663;5;5;58;44;2023;11;7;4;3;5;3;1;1;1;1;0;0;0;0;398465,582299999892712;5746872,612199999392033;7,525441692000072;51,863395650000029;1
57447;5231122702100780984;5;5;15;0;2023;11;19;4;3;0;6;2;0;1;0;0;0;0;0;407300,106999999843538;5757990,073000000789762;7,650710710000055;51,964863886000046;1
57450;5231122610121885834;5;3;70;12;2023;11;19;4;3;6;7;2;1;1;0;0;0;0;1;295379,694400000385940;5648408,451899999752641;6,086732125000026;50,950919000000056;1
57453;5231122608328771780;5;3;34;28;2023;11;16;4;3;5;3;0;0;1;1;0;0;0;0;308791,396200000308454;5609212,655300000682473;6,297823852000022;50,603437539000026;1
57455;5231122607000536284;5;3;82;36;2023;11;9;4;3;5;2;0;0;1;1;0;0;0;0;390374,093399999663234;5638024,313300000503659;7,441561868000065;50,883479010000030;1
57456;5231122606400595394;5;3;78;28;2023;11;16;4;3;5;3;1;0;1;1;0;0;0;0;372523,979000000283122;5641009,236500000581145;7,186889685000040;50,906645411000056;1
57457;5231122606100081877;5;3;78;4;2023;11;12;4;3;6;4;0;1;1;0;1;0;0;0;367446,262900000438094;5649769,189600000157952;7,111521357000072;50,984233699000072;1
57458;5231122603220157280;5;3;66;20;2023;11;13;4;3;0;7;0;0;1;1;0;0;0;0;320008,802000000141561;5597012,153000000864267;6,462073196000063;50,497391748000041;1
57466;5231122601400977600;5;3;15;0;2023;11;20;4;3;5;3;2;1;1;1;0;0;0;0;350400,252999999560416;5659190,798900000751019;6,864951188000020;51,064721623000025;1
57467;5231122601400976976;5;3;15;0;2023;11;15;4;3;5;2;0;0;1;1;0;0;0;0;355874,921000000089407;5646804,544999999925494;6,947949112000060;50,954810699000063;1
57472;5231122600110599942;5;3;14;0;2023;11;10;4;2;5;2;0;0;1;1;0;0;0;0;364408,901899999938905;5622559,034700000658631;7,078356401000065;50,738971655000057;1
57473;5231122600110086268;5;3;14;0;2023;11;18;4;3;2;6;2;0;1;1;0;0;0;0;365238,802000000141561;5623054,683000000193715;7,089929755000071;50,743619670000044;1
57477;5231122514220099587;5;1;66;36;2023;11;9;4;3;5;2;0;0;1;1;0;0;0;0;323761,234100000001490;5681744,863500000908971;6,474081631000047;51,259778445000052;1
57478;5231122514210980968;5;1;66;12;2023;11;17;4;3;5;3;2;0;1;1;0;0;0;0;322082,263000000268221;5693402,938999999314547;6,444228179000049;51,363982485000065;1
57480;5231122513210980974;5;1;62;24;2023;11;14;4;3;0;7;0;0;1;0;0;0;0;0;337276,917999999597669;5676900,941700000315905;6,669815176000043;51,220275321000031;1
57484;5231122503400678896;5;1;22;0;2023;11;11;4;3;0;1;0;0;1;0;0;0;0;0;360381,121000000275671;5669325,065999999642372;7,003377626000031;51,158311285000082;1
57490;5231122502324981000;5;1;13;0;2023;11;11;4;3;0;3;0;0;1;1;0;0;0;0;362144,743099999614060;5710786,520600000396371;7,012524633000055;51,531336270000054;1
57494;5231122501128980977;5;1;12;0;2023;11;14;4;3;3;3;0;0;1;0;0;0;1;0;343795,768099999986589;5703385,251700000837445;6,751467807000040;51,460059724000075;1
57497;5231122411216194420;5;7;74;16;2023;11;9;4;3;2;6;0;0;1;0;0;0;0;1;473545,443799999542534;5712864,728399999439716;8,618326232000072;51,566237545000035;1
57502;5231122405148070247;5;7;54;48;2023;11;18;4;3;5;3;2;0;1;0;0;1;0;0;441905,786000000312924;5767049,373999999836087;8,152798484000073;52,051000646000034;1
57508;5231122317210794400;5;9;78;20;2023;11;21;4;2;0;1;2;0;1;0;0;0;0;0;411787,558600000105798;5715448,337600000202656;7,726817820000065;51,583183680000047;1
57509;5231122317140882400;5;9;78;28;2023;11;9;4;3;0;2;0;0;1;0;0;0;1;0;399898,212299999780953;5701720,378399999812245;7,559172333000049;51,457798748000073;1
57515;5231122303200587650;5;9;15;0;2023;11;9;4;3;5;3;0;0;1;1;0;0;0;0;412700,968000000342727;5727702,706000000238419;7,736940787000037;51,693484520000027;1
57519;5231122301201980958;5;9;13;0;2023;11;20;4;3;0;3;2;0;1;1;0;0;0;0;388150,747299999929965;5707667,982499999925494;7,388267921000022;51,509057785000039;1
57523;5231121706000427954;5;5;58;20;2023;11;11;3;3;5;3;0;0;1;1;0;0;0;0;391281,217400000430644;5760053,276300000026822;7,416984052000032;51,980505254000036;1
57524;5231121705000980965;5;5;54;20;2023;11;15;3;3;5;3;0;1;1;1;0;0;0;0;365932,935300000011921;5782657,319700000807643;7,039224386000058;52,178078530000050;1
57526;5231121705000209654;5;5;54;12;2023;11;12;3;3;0;1;0;0;1;0;0;0;0;0;351483,824900000356138;5746716,471200000494719;6,843644007000023;51,851467311000079;1
57527;5231121705000089360;5;5;54;4;2023;11;14;3;3;5;3;0;0;1;1;0;0;0;0;363084,670300000347197;5772350,685499999672174;7,001743817000033;52,084771149000062;1
57531;5231121702100491701;5;5;15;0;2023;11;14;3;3;5;2;0;1;1;1;0;0;0;0;405970,009999999776483;5756451,714999999850988;7,631777530000022;51,950813033000031;1
57532;5231121702100045124;5;5;15;0;2023;11;7;3;3;0;2;1;0;1;1;0;0;0;0;405971,241000000387430;5756360,381599999964237;7,631820425000058;51,949992293000037;1
57533;5231121701400796188;5;5;12;0;2023;11;14;3;3;5;3;0;1;1;1;0;0;0;0;354128,319000000134110;5711346,187999999150634;6,896800539000026;51,534351156000071;1
57536;5231121610121599691;5;3;70;12;2023;11;7;3;3;0;2;0;0;1;1;0;0;0;0;294877,014000000432134;5651654,449999999254942;6,077755241000034;50,979892199000062;1
57563;5231121600110895261;5;3;14;0;2023;11;8;3;3;5;2;0;1;1;1;0;0;0;0;364364,407999999821186;5622588,971000000834465;7,077715178000062;50,739230327000030;1
57570;5231121516100081427;5;1;58;32;2023;11;9;3;2;0;1;0;1;1;0;0;0;0;0;364187,877700000070035;5688745,961400000378489;7,050414123000053;51,333761760000073;1
57573;5231121513310795268;5;1;62;8;2023;11;8;3;3;5;3;0;0;1;1;0;0;0;0;333764,772900000214577;5665334,788799999281764;6,624913833000051;51,115347542000052;1
57576;5231121505100791455;5;1;14;0;2023;11;9;3;3;0;1;0;1;1;0;0;0;0;0;332341,545599999837577;5687538,551000000908971;6,594218984000065;51,314417496000033;1
57581;5231121502400100000;5;1;17;0;2023;11;7;3;3;5;3;0;1;1;1;0;0;0;0;352428,856999999843538;5699418,061499999836087;6,877299176000065;51,426728519000051;1
57585;5231121502209073562;5;1;13;0;2023;11;18;3;3;2;1;2;1;1;1;0;0;0;0;360205,604899999685585;5702067,085899999365211;6,988039712000045;51,452505064000036;1
57587;5231121502111689940;5;1;13;0;2023;11;14;3;3;0;3;0;1;1;1;0;0;0;0;361622,705900000408292;5703778,214500000700355;7,007752084000060;51,468229969000049;1
57594;5231121500200065400;5;1;11;0;2023;11;19;3;3;5;3;2;0;1;0;0;0;0;1;346611,500799999572337;5679807,177400000393391;6,802132812000025;51,248973653000064;1
57596;5231121406120031788;5;7;58;16;2023;11;15;3;3;0;3;0;0;1;1;0;0;0;0;476698,473500000312924;5776124,746400000527501;8,659551003000047;52,135149455000033;1
57602;5231121400100772243;5;7;11;0;2023;11;10;3;2;0;7;0;1;1;0;0;0;0;0;466687,702200000174344;5771924,659900000318885;8,513703671000030;52,096875871000066;1
57609;5231121303100769824;5;9;15;0;2023;11;18;3;3;3;6;2;1;1;1;0;0;0;0;416217,398299999535084;5724628,692500000819564;7,788542379000035;51,666386755000076;1
57612;5231122607400890943;5;3;82;68;2023;11;7;4;3;5;3;0;0;1;1;0;0;0;0;369295,830000000074506;5629483,240000000223517;7,145115817000033;50,802327905000027;1
57613;5231121303100576640;5;9;15;0;2023;11;7;3;3;5;2;2;0;1;1;0;0;0;0;415883,684700000099838;5724560,003499999642372;7,783734740000057;51,665719417000048;1
57620;5231121300800489951;5;9;54;36;2023;11;10;3;3;5;3;0;0;1;1;0;0;0;0;383260,605399999767542;5699763,245200000703335;7,320445284000073;51,437021678000065;1
57627;5231120705000991856;5;5;54;8;2023;11;16;2;3;0;2;0;0;1;0;0;0;0;0;335287,622000000439584;5745846,259999999776483;6,609110547000057;51,839106400000048;1
57628;5231120705000981063;5;5;54;4;2023;11;13;2;3;0;4;0;1;1;0;1;0;0;0;363976,827999999746680;5772084,533999999985099;7,014862371000049;52,082599602000073;1
57634;5231120702100900147;5;5;15;0;2023;11;17;2;3;2;6;2;0;1;1;0;0;0;0;405614,481800000183284;5757054,597400000318885;7,626440275000050;51,956171788000063;1
57635;5231120702100242443;5;5;15;0;2023;11;14;2;3;5;2;0;0;1;1;0;0;0;0;405211,877999999560416;5750210,692999999970198;7,622467940000035;51,894587088000037;1
57640;5231120608404780840;5;3;34;4;2023;11;8;2;3;0;7;0;1;1;1;0;0;0;0;303094,276399999856949;5637705,838099999353290;6,202196961000027;50,857476026000029;1
57649;5231120602700781946;5;3;62;28;2023;11;21;2;3;2;6;2;1;1;1;0;0;0;0;350780,254399999976158;5639365,294299999251962;6,878507270000057;50,886661719000074;1
57665;5231124601500599810;5;3;15;0;2023;11;0;6;3;0;3;2;1;1;1;0;0;0;0;357446,299200000241399;5644663,089199999347329;6,971145478000039;50,935956400000066;1
57666;5231120516400089277;5;1;58;24;2023;11;7;2;2;0;7;2;1;1;0;0;0;0;0;358241,977199999615550;5680582,383099999278784;6,968359037000027;51,258949539000071;1
57670;5231120515110981057;5;1;54;4;2023;11;18;2;3;5;3;1;1;1;1;0;0;0;0;305937,841000000014901;5739361,703999999910593;6,187225037000076;51,771447379000051;1
57700;5231120411132981094;5;7;74;32;2023;11;6;2;3;5;3;2;1;1;1;0;0;0;0;481557,111800000071526;5732382,692900000140071;8,732883518000051;51,742050209000070;1
57708;5231120406110078114;5;7;58;12;2023;11;17;2;3;0;1;2;1;1;0;0;0;0;0;476614,701600000262260;5772617,256200000643730;8,658568105000029;52,103611420000050;1
57711;5231120405108981077;5;7;54;8;2023;11;12;2;3;3;6;0;0;1;0;0;0;0;0;458263,743599999696016;5751466,601399999111891;8,393228960000044;51,912377477000064;1
57734;5231119705000981118;5;5;54;12;2023;11;8;1;3;0;1;0;1;1;0;0;0;0;0;352848,323599999770522;5745876,416400000452995;6,863798187000043;51,844280832000038;1
57737;5231119702100681338;5;5;15;0;2023;11;16;1;2;0;3;2;1;1;1;0;0;0;0;404758,187900000251830;5759087,959799999371171;7,613418886000034;51,974302418000036;1
57738;5231123301101094225;5;9;13;0;2023;11;13;5;3;2;3;0;0;1;1;0;0;0;0;393301,930999999865890;5707678,263000000268221;7,462463202000038;51,510146408000026;1
57742;5231119700000871500;5;5;13;0;2023;11;18;1;3;0;2;2;1;1;1;0;0;0;0;368981,658300000242889;5711007,224799999967217;7,110951974000045;51,534947626000076;1
57745;5231119608100485718;5;3;34;2;2023;11;21;1;3;3;6;2;0;1;1;0;0;0;0;295267,873599999584258;5627448,112600000575185;6,096863475000021;50,762631940000063;1
57746;5231119608100373715;5;3;34;2;2023;11;15;1;3;0;1;0;0;1;0;0;0;0;0;292887,944600000046194;5628355,897900000214577;6,062651830000050;50,769940351000059;1
57747;5231121317240277740;5;9;78;40;2023;11;7;3;3;5;3;1;0;1;1;0;0;0;0;405807,853799999691546;5724970,609099999070168;7,637976297000023;51,667811605000054;1
57762;5231119601600086593;5;3;15;0;2023;11;11;1;2;0;1;0;1;1;0;0;0;0;0;361548,436300000175834;5644075,889299999922514;7,029713585000025;50,931678513000065;1
57764;5231119601100774414;5;3;15;0;2023;11;18;1;3;5;3;2;1;1;0;0;0;0;0;356010,285500000230968;5646054,414599999785423;6,950171779000073;50,948103252000067;1
57765;5231119600140031652;5;3;14;0;2023;11;10;1;3;0;1;0;1;1;0;0;0;0;0;369716,642099999822676;5620557,881200000643730;7,154244184000049;50,722199862000082;1
57766;5231119515210786688;5;1;54;20;2023;11;1;1;3;4;6;2;1;1;0;0;0;0;0;321674,927799999713898;5708196,513900000602007;6,430936250000059;51,496742704000042;1
57770;5231119513130981116;5;1;62;22;2023;11;9;1;2;0;1;0;1;1;0;0;0;0;0;338869,315999999642372;5680138,700300000607967;6,691141954000045;51,249817678000056;1
57772;5231119503100981108;5;1;24;0;2023;11;13;1;3;5;3;0;1;1;1;0;0;0;0;370419,308000000193715;5682886,140000000596046;7,141943387000026;51,282552175000035;1
57784;5231119500100795633;5;1;11;0;2023;11;13;1;3;6;1;0;1;1;0;1;0;0;0;346694,268199999816716;5676231,282500000670552;6,804847978000055;51,216864596000050;1
57792;5231119405108082113;5;7;54;8;2023;11;15;1;3;5;3;0;1;1;1;0;0;0;0;456836,364199999719858;5752452,135099999606609;8,372355183000025;51,921129165000082;1
57810;5231118706000093452;5;5;58;12;2023;11;17;7;3;5;2;2;1;1;1;0;0;0;0;374262,402999999932945;5754838,904999999329448;7,171214479000071;51,930056124000032;1
57825;5231118605112981150;5;3;74;12;2023;11;14;7;3;8;1;0;1;1;0;0;0;0;0;398395,474499999545515;5653464,311899999156594;7,551243315000022;51,023746438000046;1
57833;5231118601500981138;5;3;15;0;2023;11;16;7;3;1;5;2;1;1;1;0;0;0;0;360118,740600000135601;5647224,198699999600649;7,008171631000039;50,959627880000028;1
57840;5231120516700981056;5;1;58;8;2023;11;17;2;3;5;3;2;1;1;1;0;0;0;0;359117,328499999828637;5672300,813300000503659;6,984150591000059;51,184743552000043;1
57856;5231118505200981145;5;1;14;0;2023;11;17;7;3;5;2;2;1;1;1;0;0;0;0;328889,314199999906123;5691433,325300000607967;6,542859660000033;51,348379457000078;1
57877;5231120601100486351;5;3;15;0;2023;11;16;2;3;0;2;2;1;1;1;0;0;0;0;356081,084300000220537;5644640,732699999585748;6,951737492000063;50,935416404000080;1
57889;5231118404102981136;5;7;66;40;2023;11;19;7;3;5;2;2;1;1;1;0;0;0;0;485551,601700000464916;5760015,333300000056624;8,789580903000058;51,990615380000065;1
57895;5231118316300682016;5;9;74;28;2023;11;15;7;3;5;2;0;1;1;1;0;0;0;0;453389,012500000186265;5725416,333100000396371;8,325865524000051;51,677782048000040;1
57905;5231118301202480661;5;9;13;0;2023;11;18;7;3;5;3;2;1;1;1;0;0;0;0;395043,041400000452995;5709166,224099999293685;7,487100273000067;51,523847157000034;1
57908;5231118300100477607;5;9;11;0;2023;11;1;7;3;0;1;2;0;1;0;0;0;0;0;376601,799899999983609;5704395,970100000500679;7,223075336000022;51,477246865000041;1
57922;5231117702100251184;5;5;15;0;2023;11;17;6;3;5;3;2;0;1;1;0;0;0;0;406154,416000000201166;5756694,427600000053644;7,634393702000068;51,953025795000030;1
57923;5231117701910953358;5;5;62;8;2023;11;14;6;3;0;7;0;0;1;1;0;0;0;0;386019,061700000427663;5724139,607100000604987;7,352216725000062;51,656676962000063;1
57925;5231117701500575472;5;5;62;24;2023;11;13;6;2;5;2;0;1;1;1;0;0;0;0;369955,322800000198185;5728474,674000000581145;7,118501125000023;51,692147777000059;1
57940;5231117607100981193;5;3;82;60;2023;11;15;6;3;3;6;0;1;1;1;0;0;0;1;373688,884999999776483;5628156,093599999323487;7,207882999000049;50,791373318000069;1
57947;5231117602900094841;5;3;62;40;2023;11;22;6;3;0;1;2;1;1;0;0;0;0;0;356914,036000000312924;5631032,075799999758601;6,968908991000035;50,813322341000060;1
57956;5231117601500799002;5;3;15;0;2023;11;13;6;3;4;6;0;0;1;0;0;0;0;0;358568,784900000318885;5644678,604599999263883;6,987104328000044;50,936372215000063;1
57957;5231117601400981193;5;3;15;0;2023;11;16;6;3;6;4;1;0;1;0;1;0;0;0;350143,858500000089407;5659715,342299999669194;6,861077388000069;51,069368365000059;1
57961;5231117600310976995;5;3;14;0;2023;11;14;6;3;0;3;0;0;1;1;0;0;0;0;363107,831199999898672;5620577,150499999523163;7,060664248000023;50,720853716000079;1
57963;5231117518120395732;5;1;70;44;2023;11;5;6;3;0;3;1;0;1;1;0;0;0;0;341394,235000000335276;5718660,267000000923872;6,710049512000069;51,596630617000073;1
57967;5231117516500981208;5;1;58;16;2023;11;12;6;3;5;3;0;0;1;1;0;0;0;0;355187,363499999977648;5670563,110799999907613;6,928656846000024;51,168145894000077;1
57971;5231117515111091854;5;1;54;24;2023;11;11;6;3;0;3;0;0;1;0;0;0;0;1;314537,923999999649823;5740497,547000000253320;6,311118163000060;51,784563799000068;1
57972;5231117515110882327;5;1;54;36;2023;11;10;6;2;0;3;0;0;1;1;0;0;0;0;304236,341000000014901;5742579,369999999180436;6,160780776000024;51,799750491000054;1
57973;5231117514219582323;5;1;66;36;2023;11;14;6;3;5;3;0;0;1;0;0;0;0;0;327017,160400000400841;5679942,783199999481440;6,521570481000026;51,244586273000039;1
57975;5231124502209795605;5;1;13;0;2023;11;13;6;3;2;6;0;1;1;1;0;0;0;0;360158,418999999761581;5700851,595000000670552;6,987841376000063;51,441570697000031;1
57979;5231117505200981225;5;1;14;0;2023;11;5;6;2;2;6;2;0;1;1;0;0;0;0;330036,614299999549985;5693161,552100000903010;6,558493049000049;51,364249722000068;1
57980;5231117503400981196;5;1;22;0;2023;11;13;6;3;3;2;0;0;1;1;0;0;0;0;359697,184100000187755;5669081,118699999526143;6,993698506000044;51,155951692000031;1
57982;5231117503300981197;5;1;20;0;2023;11;14;6;3;6;7;0;0;1;0;1;0;0;0;377608,131000000052154;5673817,875700000673532;7,248070423000058;51,202637469000081;1
57994;5231117411232051320;5;7;74;32;2023;11;11;6;3;3;2;0;0;1;1;0;0;0;0;480433,589900000020862;5733538,632999999448657;8,716546221000044;51,752405433000035;1
58000;5231117405104257682;5;7;54;4;2023;11;15;6;3;4;6;0;0;1;0;0;0;0;0;451069,545500000007451;5770661,890900000929832;8,285905595000031;52,084362622000071;1
58005;5231117400100038705;5;7;11;0;2023;11;15;6;3;5;3;0;0;1;1;0;0;0;0;469485,027999999932945;5767754,291999999433756;8,554910988000074;52,059543259000066;1
58012;5231117303100573476;5;9;15;0;2023;11;16;6;3;5;2;2;0;1;1;0;0;0;0;416383,223100000061095;5724674,720300000160933;7,790928537000070;51,666825223000046;1
58019;5231120709300742420;5;5;66;84;2023;11;13;2;3;5;3;0;0;1;1;0;0;0;0;390085,684999999590218;5775028,264000000432134;7,394767434000073;52,114855706000071;1
58027;5231117301101867530;5;9;13;0;2023;11;11;6;3;0;5;0;0;1;1;0;0;0;1;393029,924899999983609;5706784,271199999377131;7,458816249000051;51,502059365000036;1
58029;5231116711400981278;5;5;70;20;2023;11;5;5;3;0;7;2;1;1;0;0;0;0;0;431659,257399999536574;5743042,717000000178814;8,008165062000046;51,834019336000040;1
58032;5231116705000981260;5;5;54;36;2023;11;9;5;3;0;2;0;1;1;0;0;0;0;0;369214,309999999590218;5766767,906999999657273;7,093287946000032;52,036087139000074;1
58036;5231116700000898875;5;5;13;0;2023;11;17;5;3;5;2;1;0;1;1;0;0;0;0;365626,497000000439584;5709881,654500000178814;7,063035421000052;51,524044023000044;1
58055;5231116600350981273;5;3;82;32;2023;11;1;5;3;8;1;2;1;1;0;0;0;0;0;361392,721400000154972;5612047,384299999102950;7,039579576000051;50,643784044000029;1
58057;5231117518210050004;5;1;70;28;2023;11;19;6;3;5;3;2;0;1;1;0;0;0;0;328137,237399999983609;5701412,258600000292063;6,527239708000025;51,437798564000047;1
58058;5231116518400981261;5;1;70;8;2023;11;10;5;3;3;6;0;1;1;0;0;0;0;0;343464,577999999746680;5714759,604000000283122;6,741654547000053;51,562163787000031;1
58063;5231116514111981241;5;1;66;32;2023;11;18;5;3;4;6;2;0;1;0;0;1;0;0;311719,560100000351667;5680271,006400000303984;6,302469924000036;51,242691078000064;1
58066;5231116513210271842;5;1;62;24;2023;11;16;5;3;0;2;0;1;1;1;0;0;0;0;344434,631199999712408;5669924,230799999088049;6,775250278000044;51,159581957000057;1
58072;5231116503400981242;5;1;22;0;2023;11;15;5;3;5;3;0;0;1;1;0;0;0;0;360285,582700000144541;5669271,588700000196695;7,002033034000021;51,157807375000061;1
58077;5231116502111087352;5;1;13;0;2023;11;16;5;3;1;3;1;0;1;1;0;0;0;0;364203,630699999630451;5701347,593399999663234;7,045820057000071;51,447012294000046;1
58085;5231116411104626647;5;7;74;4;2023;11;16;5;3;5;3;1;0;1;1;0;0;0;0;496369,625900000333786;5732282,622300000861287;8,947420439000041;51,741442208000080;1
58088;5231116405228696974;5;7;54;28;2023;11;18;5;3;9;1;2;1;1;0;0;0;0;0;451515,330400000326335;5743986,286900000646710;8,296177384000032;51,844579355000064;1
58089;5231116405108687004;5;7;54;8;2023;11;17;5;3;4;6;1;0;1;0;0;0;0;1;459814,065200000070035;5750991,734899999573827;8,415821990000040;51,908222154000043;1
58092;5231116400100647915;5;7;11;0;2023;11;17;5;3;5;3;1;0;1;1;0;0;0;0;469083,294499999843538;5766508,563899999484420;8,549164275000066;52,048321146000035;1
58094;5231116316300574558;5;9;74;28;2023;11;12;5;3;0;1;0;1;1;0;0;0;0;0;455430,184999999590218;5727176,098999999463558;8,355160185000045;51,693769577000069;1
58098;5231116313130713513;5;9;58;44;2023;11;8;5;3;5;3;0;1;1;1;0;0;0;0;430580,916500000283122;5686567,414599999785423;8,003683394000063;51,326160463000065;1
58100;5231116310130981235;5;9;54;20;2023;11;17;5;3;8;7;2;1;1;0;0;0;0;0;391269,945600000210106;5697682,351099999621511;7,436268262000056;51,419911544000058;1
58103;5231117602400981218;5;3;62;32;2023;11;8;6;3;5;3;0;1;1;1;0;0;0;0;336178,253200000151992;5642589,023099999874830;6,669636236000031;50,911671832000081;1
58107;5231122601100976465;5;3;15;0;2023;11;8;4;3;0;1;0;0;1;0;0;0;0;0;355209,100100000388920;5644538,042600000277162;6,939376717000073;50,934275286000059;1
58111;5231116301306582436;5;9;13;0;2023;11;15;5;3;0;7;1;0;1;0;0;0;0;0;401801,358699999749660;5711847,377299999818206;7,583736861000034;51,549163474000068;1
58121;5231115709700491697;5;5;66;28;2023;11;20;4;2;0;7;2;1;1;1;0;0;0;0;411304,346599999815226;5793403,994899999350309;7,699745091000068;52,283834045000049;1
58123;5231115709300981305;5;5;66;84;2023;11;16;4;2;5;3;1;1;1;1;0;0;0;0;390001,856200000271201;5775781,422100000083447;7,393300274000069;52,121607848000053;1
58124;5231115709110587268;5;5;66;12;2023;11;5;4;3;5;3;2;1;1;1;0;0;0;0;401047,565999999642372;5777771,505999999120831;7,554002857000057;52,141582094000057;1
58128;5231115705000576688;5;5;54;20;2023;11;11;4;3;8;1;0;1;1;0;0;0;0;0;362379,185300000011921;5786859,000499999150634;6,985577311000043;52,214956086000029;1
58133;5231115702100670611;5;5;15;0;2023;11;10;4;3;0;7;0;0;1;1;0;0;0;0;404320,620199999772012;5756416,250299999490380;7,607794862000048;51,950212971000042;1
58141;5231115700000767055;5;5;13;0;2023;11;15;4;3;5;3;0;1;1;1;0;0;0;0;363011,441700000315905;5711327,643999999389052;7,024801388000071;51,536409927000079;1
58143;5231115610221981307;5;3;70;20;2023;11;15;4;3;0;7;0;0;1;0;0;0;0;0;302161,076000000350177;5659758,300899999216199;6,176969516000042;51,055225957000061;1
58155;5231115602800090357;5;3;62;12;2023;11;21;4;3;0;1;2;0;1;0;0;0;0;0;352551,383999999612570;5633189,559000000357628;6,906157722000046;50,831616999000062;1
58164;5231115601600879338;5;3;15;0;2023;11;13;4;3;5;3;0;0;1;1;0;0;0;0;366557,507000000216067;5636441,373600000515580;7,103744226000060;50,864242296000043;1
58166;5231115601100679200;5;3;15;0;2023;11;19;4;3;0;5;2;1;1;1;0;0;0;1;355199,514499999582767;5644865,727800000458956;6,939110182000036;50,937217714000042;1
58170;5231115600110976997;5;3;14;0;2023;11;12;4;2;5;3;0;0;1;0;0;0;0;0;364884,846099999733269;5620247,423399999737740;7,085944694000034;50,718306066000082;1
58173;5231115516100086757;5;1;58;32;2023;11;17;4;3;4;2;2;0;1;1;0;0;0;0;368447,297600000165403;5685843,359400000423193;7,112593253000057;51,308677182000054;1
58176;5231115514110981306;5;1;66;32;2023;11;16;4;3;5;3;2;1;1;1;0;0;0;0;317334,750000000000000;5682787,259999999776483;6,381543918000034;51,267119388000026;1