OID_;UIDENTSTLAE;ULAND;UREGBEZ;UKREIS;UGEMEINDE;UJAHR;UMONAT;USTUNDE;UWOCHENTAG;UKATEGORIE;UART;UTYP1;ULICHTVERH;IstStrassenzustand;IstRad;IstPKW;IstFuss;IstKrad;IstGkfz;IstSonstige;LINREFX;LINREFY;XGCSWGS84;YGCSWGS84;PLST
58178;5231115513210890850;5;1;62;24;2023;11;18;4;3;5;3;2;1;1;1;0;0;0;0;338548,758799999952316;5673160,858899999409914;6,689694488000043;51,187032265000028;1
58185;5231115503400880872;5;1;22;0;2023;11;6;4;3;5;3;2;1;1;1;0;0;0;0;365108,547000000253320;5670803,577600000426173;7,070385918000056;51,172732963000044;1
58191;5231115502214195134;5;1;13;0;2023;11;12;4;2;0;7;0;1;1;0;0;0;0;0;359423,080799999646842;5701441,511800000444055;6,977033476000031;51,446689792000029;1
58193;5231115502213981308;5;1;13;0;2023;11;15;4;3;5;3;0;1;1;1;0;0;0;0;361547,508899999782443;5700711,349899999797344;7,007870574000037;51,440651642000034;1
58203;5231115500200274131;5;1;11;0;2023;11;6;4;3;5;3;2;1;1;1;0;0;0;0;344554,385400000028312;5680365,622800000011921;6,772438083000054;51,253434511000080;1
58207;5231115411133981304;5;7;74;32;2023;11;16;4;3;0;1;1;1;1;0;0;0;0;0;485285,674999999813735;5734848,213999999687076;8,786781126000051;51,764328711000076;1
58214;5231115407220981233;5;7;62;32;2023;11;15;4;3;0;1;0;1;1;0;0;0;0;0;505984,944500000216067;5747304,360500000417233;9,086940791000075;51,876486085000067;1
58216;5231115405228981335;5;7;54;28;2023;11;7;4;3;2;2;1;1;1;1;0;0;0;0;452508,300999999977648;5744322,458000000566244;8,310544424000057;51,847687069000074;1
58218;5231115405108981285;5;7;54;8;2023;11;19;4;3;0;3;2;1;1;1;0;0;0;0;457525,616000000387430;5750601,299000000581145;8,382605246000026;51,904542104000029;1
58222;5231115404101981300;5;7;66;20;2023;11;12;4;3;0;3;0;1;1;1;0;0;0;0;491584,647499999962747;5753586,987500000745058;8,877600325000060;51,932942333000028;1
58230;5231115316200994445;5;9;74;48;2023;11;15;4;3;0;1;1;1;1;0;0;0;0;0;427660,206500000320375;5718954,681399999186397;7,955141205000075;51,616967195000029;1
58239;5231115310210085328;5;9;54;24;2023;11;7;4;2;5;2;1;1;1;1;0;0;0;0;381598,968700000084937;5683384,872800000011921;7,302004019000037;51,289468440000064;1
58241;5231115307000981284;5;9;62;24;2023;11;21;4;3;0;1;2;1;1;0;0;0;0;0;406448,088000000454485;5691558,273000000044703;7,656101326000055;51,367568124000059;1
58242;5231124608200377498;5;3;34;2;2023;11;7;6;3;2;6;2;1;1;1;0;0;0;0;296615,408400000073016;5628337,930700000375509;6,115454029000034;50,771097619000045;1
58254;5231115300800596575;5;9;54;36;2023;11;12;4;3;0;1;0;1;1;0;0;0;0;1;383804,424999999813735;5701718,816999999806285;7,327623641000059;51,454710122000051;1
58256;5231115300500096677;5;9;11;0;2023;11;8;4;3;5;2;1;1;1;1;0;0;0;0;376844,311800000257790;5703720,369500000029802;7,226801188000024;51,471227783000074;1
58259;5231114711100476704;5;5;70;44;2023;11;13;3;2;0;1;0;0;1;0;0;0;0;0;416647,716699999757111;5759179,272800000384450;7,786445849000074;51,977033789000075;1
58263;5231114706000489266;5;5;58;16;2023;11;15;3;3;5;3;0;1;1;1;0;0;0;0;381964,112900000065565;5744531,155799999833107;7,286702205000040;51,839105837000034;1
58267;5231114702100879098;5;5;15;0;2023;11;15;3;3;4;6;0;0;1;0;0;0;0;0;405147,469299999997020;5757342,315099999308586;7,619566693000024;51,958678450000036;1
58268;5231114702100838624;5;5;15;0;2023;11;19;3;3;5;3;2;1;1;1;0;0;0;0;406370,100899999961257;5750933,710899999365211;7,639098573000069;51,901281780000033;1
58270;5231114702100174772;5;5;15;0;2023;11;18;3;2;5;2;2;1;1;1;0;0;0;0;405057,497399999760091;5757473,458499999716878;7,618221454000036;51,959841865000044;1
58271;5231114702100076702;5;5;15;0;2023;11;18;3;2;5;3;2;1;1;1;0;0;0;0;411762,733300000429153;5754364,753100000321865;7,716578893000076;51,933002952000038;1
58272;5231124500200087043;5;1;11;0;2023;11;11;6;3;5;3;0;1;1;1;0;0;0;0;350267,127799999900162;5679270,526799999177456;6,854698016000043;51,245122871000035;1
58277;5231114701200885430;5;5;62;20;2023;11;15;3;3;2;6;1;1;1;0;0;0;0;1;367804,792000000365078;5718571,603700000792742;7,091148030000056;51,602651585000046;1
58282;5231114610211499743;5;3;70;4;2023;11;17;3;3;5;2;2;1;1;1;0;0;0;0;311616,266999999992549;5662355,026000000536442;6,310373284000036;51,081730297000036;1
58290;5231114608100285692;5;3;34;2;2023;11;21;3;3;5;3;2;1;1;1;0;0;0;0;293598,563000000081956;5628295,621999999508262;6,072749863000070;50,769652239000038;1
58292;5231114606700086370;5;3;78;20;2023;11;11;3;1;5;3;0;0;1;1;0;0;0;0;367327,461400000378489;5656597,688899999484420;7,107332346000021;51,045577967000042;1
58293;5231114606100081742;5;3;78;20;2023;11;19;3;2;5;3;2;1;1;1;0;0;0;0;367095,086699999868870;5654853,865700000897050;7,104659030000050;51,029851613000062;1
58305;5231114600380886252;5;3;14;0;2023;11;11;3;3;0;1;0;1;1;0;0;0;0;0;369540,423999999649823;5616599,563599999994040;7,153147645000047;50,686581864000061;1
58310;5231114600110986338;5;3;14;0;2023;11;9;3;3;0;7;0;0;1;0;0;0;0;0;364636,005300000309944;5621787,673900000751019;7,081856353000035;50,732091749000062;1
58313;5231114518200092094;5;1;70;24;2023;11;17;3;3;5;3;2;1;1;1;0;0;0;0;333270,502000000327826;5706022,384999999776483;6,598852877000070;51,480749415000048;1
58315;5231114518100144405;5;1;70;48;2023;11;17;3;2;5;3;2;1;1;1;0;0;0;0;338679,912999999709427;5726046,383999999612570;6,667492247000041;51,662217369000075;1
58320;5231114515212495941;5;1;54;32;2023;11;17;3;3;5;3;2;1;1;1;0;0;0;0;309019,683500000275671;5715031,428999999538064;6,245130938000045;51,553996310000059;1
58324;5231114515110981370;5;1;54;24;2023;11;17;3;3;4;2;2;1;1;1;0;0;0;0;312692,583599999547005;5735340,668600000441074;6,287175268000055;51,737634096000079;1
58326;5231114513340071716;5;1;62;28;2023;11;10;3;3;5;3;0;1;1;1;0;0;0;0;339060,772900000214577;5655565,809499999508262;6,704862335000030;51,029083604000050;1
58340;5231114502103189940;5;1;13;0;2023;11;17;3;3;0;3;2;1;1;1;0;0;0;0;361288,168999999761581;5703137,850999999791384;7,003190099000051;51,462393558000031;1
58341;5231114502103187323;5;1;13;0;2023;11;18;3;3;3;3;2;1;1;1;0;0;0;0;361561,096199999563396;5704103,239800000563264;7,006738334000033;51,471135684000046;1
58344;5231114501311882227;5;1;12;0;2023;11;17;3;3;0;2;2;1;1;1;0;0;0;0;345752,196000000461936;5700217,745999999344349;6,780987914000036;51,432135988000027;1
58345;5231122600130581296;5;3;82;8;2023;11;13;4;3;5;3;0;0;1;1;0;0;0;0;381833,896499999798834;5612248,282600000500679;7,328486958000042;50,650094343000035;1
58353;5231114500200772114;5;1;11;0;2023;11;17;3;3;5;3;2;1;1;1;0;0;0;0;346202,191300000064075;5679718,163000000640750;6,796310807000054;51,248063590000072;1
58354;5231114500200074158;5;1;11;0;2023;11;9;3;3;5;2;0;0;1;0;0;0;1;0;346996,292200000025332;5676664,330199999734759;6,808984411000040;51,220836792000057;1
58357;5231114411133052613;5;7;74;32;2023;11;17;3;2;2;6;2;1;1;1;0;0;0;0;488294,418600000441074;5730905,249299999326468;8,830512010000064;51,728947289000075;1
58361;5231114406220890740;5;7;58;24;2023;11;19;3;3;4;6;2;1;1;0;0;0;0;0;483370,702600000426173;5783282,676599999889731;8,756684281000048;52,199744802000055;1
58365;5231114405244990716;5;7;54;44;2023;11;6;3;3;5;3;2;0;1;1;0;0;0;0;465752,104000000283122;5747122,362999999895692;8,502522985000041;51,873830219000070;1
58366;5231114405244981374;5;7;54;44;2023;11;16;3;3;5;3;0;0;1;1;0;0;0;0;469499,199000000022352;5745716,756999999284744;8,557074707000027;51,861410091000039;1
58378;5231114317000794482;5;9;78;12;2023;11;18;3;2;0;3;0;0;1;1;0;0;0;0;414419,600999999791384;5702841,950899999588728;7,767859872000031;51,470263172000045;1
58379;5231114316500557674;5;9;74;20;2023;11;8;3;3;5;3;0;1;1;1;0;0;0;0;465697,832999999634922;5721394,073999999091029;8,504274232000057;51,642504052000049;1
58393;5231114301301573352;5;9;78;24;2023;11;18;3;1;0;5;2;1;1;0;0;0;0;0;397974,949599999934435;5719518,717199999839067;7,526340682000068;51,617439366000042;1
58395;5231114300600689966;5;9;16;0;2023;11;20;3;3;1;5;2;1;1;1;0;0;0;0;379311,654799999669194;5712369,825600000098348;7,259347485000035;51,549497006000081;1
58399;5231114300300981360;5;9;54;36;2023;11;16;3;3;5;2;2;1;1;1;0;0;0;0;384374,185200000181794;5699239,552500000223517;7,336630303000049;51,432543096000074;1
58403;5231123608200077604;5;3;34;2;2023;11;15;5;3;0;1;0;0;1;0;0;0;0;0;296347,763899999670684;5626963,968000000342727;6,112423534000072;50,758663581000064;1
58404;5231113709500072448;5;5;66;76;2023;11;21;2;3;0;1;2;1;1;0;0;0;0;0;393661,928100000135601;5794100,478000000119209;7,440987350000057;52,286963337000032;1
58407;5231122407100294302;5;7;62;20;2023;11;6;4;2;0;1;2;2;1;0;0;0;0;0;525555,577700000256300;5735938,541999999433756;9,370392186000061;51,773742097000081;1
58410;5231113706000881061;5;5;58;16;2023;11;17;2;3;5;3;2;1;1;1;0;0;0;0;379736,258000000379980;5741844,039000000804663;7,255314312000053;51,814481245000081;1
58412;5231113705000291823;5;5;54;4;2023;11;7;2;2;0;3;2;0;1;1;0;0;0;0;358098,976999999955297;5776304,839600000530481;6,927382155000032;52,119043389000069;1
58413;5231113705000091776;5;5;54;48;2023;11;14;2;3;1;2;0;1;1;1;0;0;0;0;340634,197999999858439;5745194,187000000849366;6,686949923000043;51,834799538000027;1
58421;5231113702100068373;5;5;15;0;2023;11;16;2;3;5;3;0;1;1;0;0;1;0;0;404388,851599999703467;5759062,439799999818206;7,608050712000022;51,974009615000057;1
58428;5231113609128194793;5;3;58;28;2023;11;8;2;3;0;1;0;1;1;0;0;0;0;0;322836,604000000283122;5625545,842900000512600;6,488276125000027;50,754614122000078;1
58430;5231113609108885730;5;3;58;8;2023;11;17;2;3;5;3;2;1;1;1;0;0;0;0;323416,536999999545515;5631128,646999999880791;6,493808535000028;50,804948084000046;1
58431;5231113608328571727;5;3;34;28;2023;11;13;2;2;5;3;0;1;1;1;0;0;0;0;307108,014999999664724;5612842,489000000059605;6,272175882000056;50,635490001000051;1
58439;5231124301301980893;5;9;78;24;2023;11;13;6;2;5;3;0;1;1;0;0;0;1;0;399120,652999999932945;5720049,030999999493361;7,542730828000060;51,622412672000053;1
58440;5231113607100973822;5;3;82;60;2023;11;16;2;3;5;2;2;1;1;1;0;0;0;0;373235,968000000342727;5628048,736999999731779;7,201497373000052;50,790309481000065;1
58443;5231113602700586628;5;3;62;28;2023;11;9;2;3;1;5;0;0;1;0;0;0;0;1;346242,995600000023842;5637913,494400000199676;6,814659985000048;50,872425911000050;1
58457;5231125317250980847;5;9;78;32;2023;11;11;7;3;0;5;0;1;1;1;0;0;0;0;393653,527999999932945;5729302,345000000670552;7,460968500000035;51,704577065000080;1
58469;5231113516300881432;5;1;58;28;2023;11;7;2;3;5;3;0;1;1;1;0;0;0;0;348937,606700000353158;5688920,716499999165535;6,831581891000042;51,331485276000080;1
58476;5231113513210474141;5;1;62;24;2023;11;7;2;3;0;2;1;1;1;1;0;0;0;0;338608,038200000301003;5673373,736300000920892;6,690446367000050;51,188961687000074;1
58477;5231113513110981437;5;1;62;16;2023;11;13;2;3;5;3;0;1;1;1;0;0;0;0;334705,288999999873340;5679155,966000000014901;6,631982866000044;51,239796778000027;1
58520;5231113404101981464;5;7;66;20;2023;11;7;2;3;3;3;1;0;1;1;0;0;0;0;488995,017699999734759;5754949,890799999237061;8,839891185000056;51,945151035000038;1
58535;5231113301101981427;5;9;13;0;2023;11;6;2;3;0;3;1;1;1;1;0;0;0;0;394135,582600000314415;5707608,666799999773502;7,474492558000065;51,509677655000075;1
58538;5231123600110382162;5;3;14;0;2023;11;17;5;3;0;2;2;1;1;1;0;0;0;0;365013,248200000263751;5623204,562500000000000;7,086679795000066;50,744914375000064;1
58543;5231112705000421215;5;5;54;4;2023;11;17;1;3;5;3;2;0;1;1;0;0;0;0;363046,240000000223517;5772330,414799999445677;7,001191442000049;52,084579504000033;1
58547;5231112701110981500;5;5;62;32;2023;11;13;1;3;0;1;0;1;1;0;0;0;0;0;378867,433799999766052;5718352,069000000134110;7,250880679000034;51,603166756000064;1
58549;5231112701110500000;5;5;62;32;2023;11;13;1;3;5;2;0;0;1;1;0;0;0;0;373833,436099999584258;5720938,385299999266863;7,177298951000068;51,625304724000046;1
58554;5231112605112990281;5;3;74;12;2023;11;13;1;2;0;3;0;0;1;1;0;0;0;0;403371,441700000315905;5651873,083100000396371;7,622595976000071;51,010299467000038;1
58561;5231112601700790400;5;3;16;0;2023;11;8;1;3;0;3;0;0;1;1;0;0;0;0;356496,974000000394881;5657438,471999999135733;6,952596148000055;51,050530488000049;1
58564;5231117700000971516;5;5;13;0;2023;11;17;6;3;5;2;2;1;1;1;0;0;0;0;365411,821000000461936;5709899,695000000298023;7,059935929000062;51,524155026000074;1
58566;5231112601200960194;5;3;15;0;2023;11;9;1;3;5;2;0;0;1;1;0;0;0;0;358642,607099999673665;5640279,234500000253320;6,989859019000050;50,896852802000069;1
58569;5231117501311082365;5;1;12;0;2023;11;18;6;3;0;1;2;0;1;0;0;0;0;0;344413,423000000417233;5700539,393999999389052;6,761602726000035;51,434659972000077;1
58571;5231112601100365765;5;3;15;0;2023;11;13;1;3;0;1;0;0;1;0;0;0;0;0;355187,925999999977648;5644093,257999999448657;6,939252300000021;50,930272788000082;1
58589;5231117601200599153;5;3;15;0;2023;11;13;6;3;0;1;0;1;1;0;0;0;0;0;353845,473299999721348;5644324,478900000452995;6,920069215000069;50,932012106000059;1
58600;5231111709700645600;5;5;66;28;2023;11;18;7;3;5;3;2;1;1;1;0;0;0;0;411238,633999999612570;5793449,678999999538064;7,698770001000071;52,284234054000081;1
58603;5231111705000182336;5;5;54;8;2023;11;20;7;2;5;3;2;0;1;1;0;0;0;0;334335,302500000223517;5745608,127100000157952;6,595414236000067;51,836685515000056;1
58605;5231111701610981515;5;5;62;12;2023;11;17;7;3;5;3;2;1;1;1;0;0;0;0;362295,401100000366569;5736271,446499999612570;7,004663692000065;51,760382444000072;1
58608;5231111701300886111;5;5;62;14;2023;11;18;7;3;5;2;2;0;1;1;0;0;0;0;360180,679899999871850;5715567,048499999567866;6,982326900000032;51,573811491000072;1
58613;5231111608404580840;5;3;34;4;2023;11;14;7;3;5;2;0;0;1;1;0;0;0;0;303127,915799999609590;5637823,577700000256300;6,202611010000055;50,858545014000072;1
58621;5231111602900686661;5;3;62;40;2023;11;16;7;3;5;2;0;1;1;1;0;0;0;0;356932,650000000372529;5631055,922000000253320;6,969163741000045;50,813541248000035;1
58622;5231111602500981521;5;3;62;24;2023;11;14;7;3;5;3;2;1;1;1;0;0;0;0;346988,762099999934435;5643634,395300000905991;6,822854352000036;50,924032781000051;1
58632;5231111600360981536;5;3;82;12;2023;11;10;7;3;1;5;0;1;1;1;0;0;0;0;354103,415300000458956;5626834,606799999251962;6,930707059000042;50,774898783000026;1
58644;5231111500200272337;5;1;11;0;2023;11;22;7;3;5;2;2;0;1;1;0;0;0;0;348051,077999999746680;5679004,239000000059605;6,823084911000024;51,242144100000075;1
58645;5231125300200643600;5;9;11;0;2023;11;14;7;3;5;3;0;1;1;1;0;0;0;0;371325,647499999962747;5701594,281999999657273;7,148160712000049;51,450892371000066;1
58648;5231111407301090660;5;7;62;36;2023;11;15;7;3;0;1;0;0;1;0;0;0;0;0;509884,755300000309944;5704212,527400000020862;9,142371171000036;51,488973891000057;1
58657;5231111317140981537;5;9;78;28;2023;11;10;7;3;5;2;0;0;1;1;0;0;0;0;400240,407599999569356;5700381,833100000396371;7,564473575000022;51,445827006000059;1
58672;5231110709500981576;5;5;66;76;2023;11;13;6;3;7;7;0;1;1;0;0;0;0;0;395374,148299999535084;5793955,715800000354648;7,466125158000068;52,285990966000043;1
58673;5231110709110196547;5;5;66;8;2023;11;11;6;3;5;2;0;0;1;1;0;0;0;0;399090,220300000160933;5781291,195199999958277;7,524364298000023;52,172862049000059;1
58677;5231110705000981580;5;5;54;68;2023;11;13;6;2;0;3;0;1;1;0;0;0;0;1;350739,290400000289083;5765636,289899999275804;6,824633052000024;52,021255641000039;1
58683;5231117500200981220;5;1;11;0;2023;11;9;6;3;5;3;0;0;1;1;0;0;0;0;344642,059000000357628;5678868,165999999269843;6,774343302000034;51,240003265000041;1
58700;5231110609236580828;5;3;58;36;2023;11;8;6;3;0;7;0;1;1;0;0;0;0;0;310517,593299999833107;5651496,137599999085069;6,300382769000066;50,983829243000059;1
58704;5231120300200090140;5;9;11;0;2023;11;13;2;3;0;7;0;1;1;1;0;0;0;0;371792,952700000256300;5702689,323300000280142;7,154485321000038;51,460839649000036;1
58715;5231122513110399988;5;1;62;16;2023;11;12;4;2;0;3;0;0;1;1;0;0;0;0;332844,008799999952316;5675237,610200000926852;6,607169868000028;51,204050815000073;1
58724;5231110601600981544;5;3;15;0;2023;11;20;6;3;5;3;2;1;1;1;0;0;0;0;366565,812500000000000;5636455,472200000658631;7,103857039000047;50,864370928000028;1
58730;5231110601100981562;5;3;15;0;2023;11;17;6;3;2;6;2;1;1;1;0;0;0;0;355305,602400000207126;5644177,750099999830127;6,940892198000029;50,931061632000080;1
58731;5231110601100798995;5;3;15;0;2023;11;14;6;3;5;2;0;0;1;0;0;0;0;1;355436,511900000274181;5643893,645600000396371;6,942866521000042;50,928541265000035;1
58733;5231110600350981577;5;3;82;32;2023;11;10;6;3;3;6;0;0;1;1;0;0;0;0;360426,177299999631941;5609376,636099999770522;7,026923082000053;50,619549360000065;1
58737;5231117501318579018;5;1;12;0;2023;11;15;6;3;3;2;0;0;1;1;0;0;0;0;343901,500199999660254;5699371,524299999698997;6,754758464000076;51,424025944000050;1
58739;5231110518200591600;5;1;70;24;2023;11;17;6;3;0;3;1;1;1;1;0;0;0;0;333153,997100000269711;5702254,013100000098348;6,598954936000041;51,446860479000065;1
58741;5231110516600981566;5;1;58;4;2023;11;14;6;3;0;1;0;1;1;0;0;0;0;0;356216,071999999694526;5675499,230000000447035;6,941384644000038;51,212763371000051;1
58748;5231110514211364453;5;1;66;12;2023;11;19;6;3;0;1;2;1;1;0;0;0;0;0;320522,004300000146031;5698363,892100000753999;6,419332502000032;51,408054835000030;1
58750;5231110514110496033;5;1;66;32;2023;11;19;6;3;0;7;2;0;1;1;0;0;0;0;318802,377000000327826;5680627,792999999597669;6,403652308000062;51,248189628000034;1
58754;5231110513210786767;5;1;62;24;2023;11;19;6;3;5;3;2;0;1;1;0;0;0;0;338924,454599999822676;5671178,865700000897050;6,695954165000046;51,169330158000037;1
58757;5231110506100981311;5;1;16;0;2023;11;14;6;3;6;4;0;1;1;0;1;0;0;0;321683,994099999777973;5670202,698599999770522;6,450077340000064;51,155446469000026;1
58760;5231110505200981560;5;1;14;0;2023;11;18;6;3;5;2;2;1;1;1;0;0;0;0;336201,135900000110269;5691184,674000000581145;6,647874336000029;51,348299867000037;1
58761;5231113501325269486;5;1;12;0;2023;11;14;2;2;5;2;0;1;1;1;0;0;0;0;345030,366000000387430;5693422,788200000301003;6,773579822000045;51,370885824000027;1
58766;5231110503300045066;5;1;20;0;2023;11;22;6;3;2;7;2;1;1;1;0;0;0;0;374488,903599999845028;5671170,687200000509620;7,204369889000077;51,178168290000031;1
58772;5231110502135167063;5;1;13;0;2023;11;7;6;3;0;6;0;1;1;0;0;0;0;0;366507,869400000199676;5703511,472500000149012;7,078142264000064;51,467006347000051;1
58792;5231110410220696541;5;7;70;8;2023;11;5;6;3;5;2;2;1;1;1;0;0;0;0;474704,402499999850988;5804242,582599999383092;8,628309540000032;52,387851490000060;1
58793;5231110410130887125;5;7;70;28;2023;11;17;6;3;6;1;2;1;1;0;1;0;0;0;501770,558799999766052;5800465,542799999937415;9,025996730000031;52,354475914000034;1
58798;5231110410110096891;5;7;70;24;2023;11;20;6;3;9;1;2;1;1;0;0;0;0;0;491169,621399999596179;5793895,752699999138713;8,870518186000027;52,295342363000032;1
58805;5231110405108776400;5;7;54;8;2023;11;5;6;3;5;3;2;1;1;1;0;0;0;0;456791,025000000372529;5751753,748999999836087;8,371783588000028;51,914846778000026;1
58807;5231110404301087361;5;7;66;48;2023;11;7;6;3;0;3;1;1;1;1;0;0;0;0;478325,923499999567866;5763082,539599999785423;8,684157206000066;52,017957076000073;1
58814;5231110316300594300;5;9;74;28;2023;11;6;6;3;2;6;2;1;1;1;0;0;0;0;460907,607099999673665;5729321,601199999451637;8,434162946000072;51,713467956000045;1
58815;5231115515110026561;5;1;54;24;2023;11;12;4;3;1;3;0;0;1;0;0;0;0;1;312981,999900000169873;5734943,334300000220537;6,291575400000056;51,734162145000028;1
58820;5231124400100172243;5;7;11;0;2023;11;13;6;2;8;1;0;1;1;0;0;0;0;0;463178,342000000178814;5767720,242200000211596;8,462929826000050;52,058853859000067;1
58821;5231110303100061997;5;9;15;0;2023;11;13;6;3;0;5;0;0;1;1;0;0;0;0;417189,126699999906123;5725352,450799999758601;7,802418219000060;51,673037043000079;1
58830;5231110300800636134;5;9;54;36;2023;11;9;6;3;5;3;0;1;1;1;0;0;0;0;381549,165000000037253;5699925,892200000584126;7,295779633000052;51,438128259000052;1
58837;5231109711400487327;5;5;70;28;2023;11;7;5;3;5;3;1;1;1;1;0;0;0;0;444702,122000000439584;5739607,571000000461936;8,197983402000034;51,804579909000040;1
58840;5231109706300176678;5;5;58;44;2023;11;13;5;3;0;3;0;0;1;1;0;0;0;0;396145,832100000232458;5745918,045099999755621;7,492051927000034;51,854388974000074;1
58845;5231109702100487222;5;5;15;0;2023;11;21;5;3;1;5;2;1;1;1;0;0;0;0;405428,299599999561906;5755334,712500000372529;7,624204877000068;51,940681069000050;1
58846;5231109702100479182;5;5;15;0;2023;11;11;5;3;4;2;0;1;1;1;0;0;0;0;405032,356100000441074;5758075,273900000378489;7,617689256000062;51,965246927000067;1
58848;5231109702100373310;5;5;15;0;2023;11;6;5;2;5;3;2;1;1;1;0;0;0;0;407196,410000000149012;5761116,721000000834465;7,648356134000039;51,992950423000082;1
58853;5231112405232790682;5;7;54;32;2023;11;11;1;3;0;1;0;0;1;0;0;0;0;0;467466,403800000436604;5741067,425200000405312;8,527993327000047;51,819493592000072;1
58865;5231109607400299994;5;3;82;68;2023;11;11;5;3;5;3;0;1;1;1;0;0;0;0;370989,140999999828637;5630689,674000000581145;7,168709168000021;50,813551080000082;1
58866;5231109607400267695;5;3;82;68;2023;11;16;5;3;0;6;0;1;1;0;0;0;0;0;370438,133999999612570;5630322,560000000521541;7,161021605000030;50,810128407000036;1
58874;5231219705000420350;5;5;54;24;2023;12;16;3;3;6;4;1;1;1;0;1;0;0;0;370395,231599999591708;5776109,616399999707937;7,106945434000068;52,120308402000035;1
58876;5231219702100574470;5;5;15;0;2023;12;16;3;3;6;4;2;1;1;0;1;0;0;0;407443,405600000172853;5758080,672599999234080;7,652771443000063;51,965702119000071;1
58879;5231219701300785474;5;5;62;14;2023;12;5;3;3;5;3;2;1;1;1;0;0;0;0;361479,186800000257790;5713531,456900000572205;7,001855016000036;51,555839900000080;1
58880;5231219701200080610;5;5;62;20;2023;12;15;3;3;5;3;2;1;1;1;0;0;0;0;371013,555700000375509;5718120,937699999660254;7,137620492000053;51,599345594000056;1
58881;5231219701110978260;5;5;62;32;2023;12;22;3;3;5;3;2;1;1;1;0;0;0;0;376063,920300000347197;5716607,412799999117851;7,211036043000036;51,586877202000039;1
58887;5231219607500979844;5;3;82;56;2023;12;17;3;3;5;3;2;1;1;1;0;0;0;0;372948,975899999961257;5627463,104399999603629;7,197630210000057;50,784982763000073;1
58895;5231219603116786464;5;3;66;16;2023;12;5;3;3;5;3;2;1;1;1;0;0;0;0;347427,052500000223517;5613258,645999999716878;6,841696924000075;50,651180053000076;1
58901;5231219601300877938;5;3;15;0;2023;12;20;3;3;5;3;2;0;1;1;0;0;0;0;350171,394000000320375;5648969,673000000417233;6,865909827000053;50,972812701000066;1
58903;5231219601200725586;5;3;15;0;2023;12;14;3;3;5;3;0;1;1;1;0;0;0;0;357482,205000000074506;5635385,618000000715256;6,975275992000036;50,852588329000071;1
58905;5231219601100979871;5;3;15;0;2023;12;8;3;3;1;5;1;0;1;1;0;0;0;0;355188,775200000032783;5644724,436300000175834;6,939013590000059;50,935945262000075;1
58907;5231219600360793474;5;3;82;12;2023;12;9;3;3;0;1;0;0;1;0;0;0;0;0;362001,934299999848008;5626144,739399999380112;7,042921091000039;50,770631676000050;1
58912;5231219518302975237;5;1;70;40;2023;12;10;3;3;5;2;0;1;1;1;0;0;0;0;318728,522900000214577;5719922,590700000524521;6,382494295000072;51,601132673000052;1
58913;5231219516900095565;5;1;58;20;2023;12;13;3;2;0;7;0;1;1;0;0;0;0;0;354803,836000000126660;5662658,810200000181794;6,926359942000033;51,097017524000080;1
58915;5231219516400395767;5;1;58;24;2023;12;11;3;3;7;1;0;1;1;0;0;0;0;0;360379,246100000105798;5677414,670900000259280;7,000205049000044;51,231009886000038;1
58921;5231219515110979875;5;1;54;24;2023;12;7;3;2;5;3;2;1;1;1;0;0;0;0;312716,554999999701977;5735286,477700000628829;6,287551194000059;51,737155401000052;1
58927;5231219508000686034;5;1;19;0;2023;12;14;3;3;5;3;0;1;1;1;0;0;0;0;350751,174999999813735;5705552,228000000119209;6,850597004000065;51,481407587000035;1
58929;5231219506100955123;5;1;16;0;2023;12;13;3;3;0;5;0;0;1;0;0;0;0;1;321100,701500000432134;5668662,656099999323487;6,442510375000040;51,141429757000026;1
58932;5231219503100978270;5;1;24;0;2023;12;15;3;3;3;6;1;1;1;1;0;0;0;0;371159,764000000432134;5680290,313999999314547;7,153490444000056;51,259390397000061;1
58935;5231219502408805304;5;1;17;0;2023;12;20;3;3;5;2;2;1;1;1;0;0;0;0;351574,434399999678135;5699396,170800000429153;6,865027258000055;51,426308695000046;1
58936;5231219502400979841;5;1;17;0;2023;12;7;3;3;0;3;0;1;1;1;0;0;0;0;354315,238900000229478;5698252,837400000542402;6,904892746000030;51,416746067000076;1
58944;5231219500200979830;5;1;11;0;2023;12;18;3;2;5;3;2;1;1;1;0;0;0;0;347195,800999999977648;5677385,689999999478459;6,811531635000051;51,227372069000069;1
58949;5231219410120596822;5;7;70;32;2023;12;17;3;3;4;2;2;1;1;1;0;0;0;0;501550,350999999791384;5787867,746999999508262;9,022705471000052;52,241216084000030;1
58970;5231219301103080493;5;9;13;0;2023;12;18;3;3;3;6;2;1;1;0;0;0;0;1;392990,357699999585748;5703642,526000000536442;7,459198748000063;51,473812329000054;1
58971;5231219301101780600;5;9;13;0;2023;12;14;3;3;5;3;0;1;1;1;0;0;0;0;392539,120400000363588;5706953,633999999612570;7,451696098000070;51,503488565000055;1
58978;5231218706100981082;5;5;58;12;2023;12;17;2;3;0;2;2;0;1;1;0;0;0;0;376544,506199999712408;5753226,079399999231100;7,204967066000052;51,916073042000050;1
58982;5231218702100092507;5;5;15;0;2023;12;9;2;3;5;7;0;0;1;0;0;0;0;0;405912,152599999681115;5757914,010099999606609;7,630535431000055;51,963947021000081;1