OID_;UIDENTSTLAE;ULAND;UREGBEZ;UKREIS;UGEMEINDE;UJAHR;UMONAT;USTUNDE;UWOCHENTAG;UKATEGORIE;UART;UTYP1;ULICHTVERH;IstStrassenzustand;IstRad;IstPKW;IstFuss;IstKrad;IstGkfz;IstSonstige;LINREFX;LINREFY;XGCSWGS84;YGCSWGS84;PLST
59009;5231218600320599010;5;3;82;72;2023;12;17;2;3;3;6;2;0;1;1;0;0;0;0;364694,610999999567866;5608261,382799999788404;7,087633772000061;50,610531337000054;1
59020;5231218505200979888;5;1;14;0;2023;12;17;2;3;0;1;2;0;1;0;0;0;0;0;334946,891800000332296;5692530,661900000646710;6,629255677000060;51,360029703000066;1
59022;5231218501115978287;5;1;12;0;2023;12;7;2;3;5;3;1;0;1;1;0;0;0;0;344877,036700000055134;5706774,032899999991059;6,765531848000023;51,490805008000052;1
59025;5231218500300987395;5;1;11;0;2023;12;7;2;3;6;7;1;0;1;0;1;0;0;0;345820,094499999657273;5675664,902400000020862;6,792584283000053;51,211540019000040;1
59033;5231218404101090720;5;7;66;20;2023;12;11;2;2;0;5;0;0;1;1;0;0;0;1;491781,430999999865890;5756095,316600000485778;8,880402532000062;51,955497723000065;1
59038;5231218316100979886;5;9;74;40;2023;12;17;2;2;5;3;1;0;1;1;0;0;0;0;438884,677199999801815;5713013,719200000166893;8,118276911000066;51,564885620000041;1
59048;5231218303200979896;5;9;15;0;2023;12;16;2;2;5;2;0;0;1;1;0;0;0;0;414873,735000000335276;5727287,671000000089407;7,768470141000023;51,690087342000027;1
59051;5231218301301171421;5;9;78;24;2023;12;17;2;3;0;1;2;0;1;0;0;0;0;0;398011,509499999694526;5719347,078800000250340;7,526918525000042;51,615903207000031;1
59067;5231217601600979928;5;3;15;0;2023;12;15;1;3;5;3;0;0;1;1;0;0;0;0;365886,165000000037253;5634438,107999999076128;7,094943795000063;50,846082110000054;1
59069;5231217601200999810;5;3;15;0;2023;12;22;1;3;5;2;2;0;1;1;0;0;0;0;354284,118900000117719;5644196,710999999195337;6,926358298000025;50,930974878000029;1
59071;5231217518400978301;5;1;70;8;2023;12;12;1;3;5;7;0;0;1;1;0;0;0;0;345985,012000000104308;5715813,652000000700355;6,777525391000040;51,572328135000078;1
59086;5231217411132978131;5;7;74;32;2023;12;16;1;3;5;3;1;0;1;1;0;0;0;0;484048,327499999664724;5731926,196499999612570;8,768985484000041;51,738022182000066;1
59108;5231216700000073493;5;5;13;0;2023;12;13;7;3;3;2;0;0;1;1;0;0;0;0;368039,359500000253320;5707498,444599999114871;7,098687642000073;51,503195657000049;1
59116;5231216602200090343;5;3;62;4;2023;12;12;7;3;5;3;0;0;1;1;0;0;0;0;329147,542000000365078;5652641,265900000929832;6,565000752000060;50,999947668000061;1
59129;5231216513310578715;5;1;62;8;2023;12;10;7;3;0;3;0;0;1;1;0;0;0;0;330634,866499999538064;5662884,636299999430776;6,581387264000057;51,092418151000061;1
59139;5231216411220979953;5;7;74;20;2023;12;10;7;3;5;3;0;0;1;1;0;0;0;0;473607,883000000379980;5738531,347999999299645;8,617286420000028;51,797015421000026;1
59141;5231216407120978320;5;7;62;8;2023;12;10;7;2;5;3;0;0;1;1;0;0;0;0;525561,478000000119209;5724520,219000000506639;9,369639572000040;51,671077430000082;1
59147;5231216301101994225;5;9;13;0;2023;12;17;7;3;6;7;2;0;1;0;1;0;0;0;393571,190000000409782;5707649,405799999833107;7,466350482000053;51,509937808000075;1
59150;5231216300100389320;5;9;11;0;2023;12;14;7;3;3;6;0;0;1;1;0;0;0;0;377143,597199999727309;5704349,273000000044703;7,230889408000053;51,476945103000048;1
59151;5231215711400102811;5;5;70;28;2023;12;13;6;3;5;3;0;1;1;1;0;0;0;0;441097,802000000141561;5742573,448999999091029;8,145209558000033;51,830875741000057;1
59152;5231215711300979982;5;5;70;48;2023;12;10;6;3;0;7;0;1;1;0;0;0;0;0;448393,529000000096858;5731682,367000000551343;8,252694503000043;51,733680927000080;1
59160;5231215705000979964;5;5;54;48;2023;12;23;6;2;0;7;2;1;1;0;0;0;0;0;339874,015700000338256;5745509,456900000572205;6,675780447000022;51,837414459000058;1
59163;5231215705000021120;5;5;54;20;2023;12;12;6;3;5;2;0;0;1;1;0;0;0;0;365258,358400000259280;5786239,802200000733137;7,027940299000022;52,210104005000062;1
59166;5231215702100974756;5;5;15;0;2023;12;20;6;3;4;6;2;0;1;0;0;0;0;0;401240,725700000301003;5756019,869100000709295;7,563109017000045;51,946111883000071;1
59169;5231215701300499235;5;5;62;14;2023;12;17;6;3;0;7;2;0;1;0;0;0;0;0;357176,895600000396371;5714101,244500000029802;6,939606112000035;51,559887111000080;1
59176;5231215602500454806;5;3;62;24;2023;12;8;6;3;5;3;0;1;1;1;0;0;0;0;345680,051500000059605;5642799,769700000062585;6,804600827000058;50,916184264000037;1
59181;5231215601700186551;5;3;16;0;2023;12;17;6;2;0;1;2;0;1;0;0;0;0;0;359936,724200000055134;5654961,485899999737740;7,002597590000050;51,029119034000075;1
59184;5231215515111979980;5;1;54;8;2023;12;13;6;3;0;1;0;1;1;0;0;0;0;0;304716,417299999855459;5750765,596899999305606;6,163114567000036;51,873432246000050;1
59191;5231215502209705600;5;1;13;0;2023;12;7;6;3;5;2;2;0;1;1;0;0;0;0;359987,652999999932945;5700415,514000000432134;6,985558346000062;51,437609776000045;1
59201;5231215410110290671;5;7;70;24;2023;12;12;6;3;5;2;0;0;1;1;0;0;0;0;493244,339800000190735;5793048,293500000610948;8,900957182000070;52,287752716000057;1
59206;5231215316300094300;5;9;74;28;2023;12;12;6;3;5;2;0;0;1;1;0;0;0;0;454047,237300000153482;5728324,118699999526143;8,335001731000034;51,703979692000075;1
59209;5231215313122073332;5;9;58;8;2023;12;20;6;2;0;1;2;0;1;0;0;0;0;0;458364,128999999724329;5689690,039000000804663;8,402037318000055;51,356950417000064;1
59214;5231215301203869273;5;9;13;0;2023;12;18;6;3;0;7;2;0;1;0;0;0;0;0;393251,057900000363588;5711649,460400000214577;7,460526777000041;51,545831662000069;1
59221;5231214702100876646;5;5;15;0;2023;12;7;5;3;8;1;2;1;1;0;0;0;0;0;400337,509499999694526;5756826,280500000342727;7,549738434000062;51,953198950000058;1
59222;5231214701700379216;5;5;62;16;2023;12;12;5;3;3;2;0;1;1;0;0;0;0;1;375100,560600000433624;5734400,078800000250340;7,190777554000022;51,746567186000050;1
59240;5231214601600980000;5;3;15;0;2023;12;13;5;3;5;3;0;1;1;1;0;0;0;0;363695,637000000104308;5643575,376099999994040;7,060438409000028;50,927691606000053;1
59265;5231214502339196507;5;1;13;0;2023;12;6;5;3;5;3;2;1;1;0;0;0;0;1;363298,777200000360608;5707186,434599999338388;7,030548048000071;51,499265103000027;1
59269;5231214501327882320;5;1;12;0;2023;12;12;5;3;5;2;0;1;1;0;0;0;0;1;343226,683000000193715;5693434,925000000745058;6,747682670000074;51,370499802000040;1
59278;5231214500200561178;5;1;11;0;2023;12;8;5;3;0;1;2;1;1;0;0;0;0;0;345536,082999999634922;5678388,866000000387430;6,787347513000043;51,235939303000066;1
59280;5231214410230980010;5;7;70;4;2023;12;11;5;2;5;2;0;1;1;1;0;0;0;0;487453,069000000134110;5783141,606300000101328;8,816421284000057;52,198584535000066;1
59303;5231218601200276460;5;3;15;0;2023;12;18;2;3;0;5;2;0;1;0;0;0;0;0;354776,645999999716878;5643176,831399999558926;6,933768659000066;50,921933681000041;1
59317;5231213709500051487;5;5;66;76;2023;12;7;4;3;5;2;2;1;1;1;0;0;0;0;393177,269000000320375;5793374,716000000014901;7,434114679000061;52,280346800000075;1
59320;5231213705000682366;5;5;54;12;2023;12;15;4;3;5;3;0;0;1;1;0;0;0;0;352219,794099999591708;5745993,075400000438094;6,854630861000032;51,845163006000064;1
59325;5231213702100978331;5;5;15;0;2023;12;17;4;3;5;2;1;0;1;1;0;0;0;0;405970,009999999776483;5756451,714999999850988;7,631777530000022;51,950813033000031;1
59338;5231213607100979988;5;3;82;60;2023;12;11;4;3;5;2;0;0;1;1;0;0;0;0;374052,816800000146031;5627987,326899999752641;7,213101674000029;50,789935560000060;1
59339;5231213607000980024;5;3;82;60;2023;12;16;4;3;6;7;1;0;1;0;1;0;0;0;373765,077899999916553;5628107,686000000685453;7,208980101000066;50,790954809000027;1
59342;5231213606700599860;5;3;78;8;2023;12;14;4;3;3;2;0;0;1;1;0;0;0;0;368641,946200000122190;5660791,307800000533462;7,124550704000058;51,083570549000058;1
59355;5231213601400980057;5;3;15;0;2023;12;7;4;3;5;3;2;1;1;1;0;0;0;0;349366,138100000098348;5653633,171099999919534;6,852514620000022;51,014509756000052;1
59357;5231213601200979647;5;3;15;0;2023;12;13;4;3;0;6;0;0;1;0;0;0;0;1;354078,576700000092387;5644439,014200000092387;6,923338332000071;50,933100421000063;1
59361;5231213600111000000;5;3;14;0;2023;12;19;4;3;5;3;0;1;1;1;0;0;0;0;365189,427000000141561;5620898,135999999940395;7,090019047000055;50,724225360000048;1
59363;5231213518400978360;5;1;70;8;2023;12;7;4;3;5;7;2;1;1;1;0;0;0;0;344933,756199999712408;5714907,998500000685453;6,762767532000055;51,563902911000071;1
59373;5231213513210980026;5;1;62;24;2023;12;16;4;3;0;1;2;1;1;0;0;0;0;0;337954,719299999997020;5675187,123099999502301;6,680286942000066;51,205069796000032;1
59403;5231213303100566260;5;9;15;0;2023;12;13;4;3;5;3;0;1;1;1;0;0;0;0;421062,750000000000000;5727250,611999999731779;7,857995680000045;51,690658579000058;1
59415;5231212711400980070;5;5;70;28;2023;12;18;3;3;5;3;2;1;1;1;0;0;0;0;441472,609199999831617;5742616,437699999660254;8,150640853000027;51,831301619000044;1
59417;5231212711300502925;5;5;70;48;2023;12;17;3;3;5;3;2;1;1;1;0;0;0;0;448877,745500000193715;5729127,704600000753999;8,260080754000057;51,710757265000041;1
59424;5231212706000980074;5;5;58;44;2023;12;14;3;3;0;3;0;1;1;1;0;0;0;0;395789,066899999976158;5746291,812699999660254;7,486760983000067;51,857681912000032;1
59425;5231212705000601327;5;5;54;4;2023;12;9;3;3;0;1;0;1;1;0;0;0;0;0;357163,201000000350177;5777228,246999999508262;6,913336302000062;52,127099069000053;1
59426;5231212705000321164;5;5;54;56;2023;12;14;3;3;0;2;0;0;1;1;0;0;0;0;356882,290000000037253;5762802,921000000089407;6,915281157000038;51,997416450000060;1
59432;5231212702100568373;5;5;15;0;2023;12;9;3;3;5;3;0;0;1;0;0;0;0;1;406630,883999999612570;5758715,395999999716878;7,640775564000023;51,971271436000052;1
59456;5231212607500690217;5;3;82;56;2023;12;12;3;3;0;1;0;1;1;0;0;0;0;0;371255,107300000265241;5626697,497500000521541;7,173881744000028;50,777727617000039;1
59457;5231212607500086341;5;3;82;56;2023;12;11;3;3;5;3;0;1;1;1;0;0;0;0;372474,338100000284612;5626810,669099999591708;7,191126824000037;50,779014239000048;1
59463;5231214501323978350;5;1;12;0;2023;12;3;5;3;0;7;2;1;1;0;0;0;0;0;344250,901700000278652;5696489,883899999782443;6,761045557000045;51,398230553000076;1
59472;5231212600140099573;5;3;14;0;2023;12;14;3;3;5;2;0;0;1;1;0;0;0;0;368071,864400000311434;5622215,431099999696016;7,130362270000035;50,736727023000071;1
59473;5231212600110995272;5;3;14;0;2023;12;12;3;3;3;2;0;0;1;0;0;0;0;1;365516,292600000277162;5621373,920900000259280;7,094473796000045;50,728577438000059;1
59484;5231212515110096503;5;1;54;24;2023;12;17;3;3;0;3;2;1;1;1;0;0;0;0;313345,324199999682605;5734725,949599999934435;6,296947359000058;51,732330819000026;1
59490;5231212506100980073;5;1;16;0;2023;12;17;3;3;1;5;2;1;1;1;0;0;0;0;321050,360700000077486;5671450,289999999105930;6,440405498000075;51,166456139000047;1
59505;5231212500300674628;5;1;11;0;2023;12;13;3;3;5;2;0;1;1;1;0;0;0;0;348944,855000000447035;5671024,229000000283122;6,839239387000021;51,170674924000082;1
59508;5231212500200001306;5;1;11;0;2023;12;12;3;3;3;7;0;0;1;1;0;0;0;0;347172,913900000043213;5677181,292099999263883;6,811291260000075;51,225529307000045;1
59515;5231212405108082102;5;7;54;8;2023;12;12;3;3;5;3;0;0;1;1;0;0;0;0;457449,076999999582767;5749424,728000000119209;8,381638012000053;51,893958197000075;1
59517;5231212400300978371;5;7;11;0;2023;12;6;3;3;5;3;2;1;1;1;0;0;0;0;468035,108300000429153;5755746,607499999925494;8,534883756000056;51,951504575000058;1
59521;5231212315110999397;5;9;70;40;2023;12;15;3;3;5;3;0;1;1;1;0;0;0;0;432015,713999999687076;5636761,006999999284744;8,033655157000055;50,878521936000027;1
59524;5231212310130189345;5;9;54;20;2023;12;13;3;3;2;2;0;0;1;1;0;0;0;0;386651,083999999798834;5694976,861899999901652;7,370733747000031;51,394689189000076;1
59530;5231212301103980098;5;9;13;0;2023;12;5;3;3;7;7;2;1;1;0;0;0;0;0;392601,606999999843538;5700333,370999999344349;7,454608477000022;51,443994274000033;1
59531;5231212301103980081;5;9;13;0;2023;12;14;3;3;0;7;0;1;1;0;0;0;0;1;391800,796299999579787;5704514,238299999386072;7,441810349000036;51,481421405000049;1
59533;5231212301101978367;5;9;13;0;2023;12;17;3;2;5;3;1;1;1;1;0;0;0;0;394160,983000000007451;5707121,187000000849366;7,475004755000043;51,505300687000044;1
59540;5231211702100980046;5;5;15;0;2023;12;21;2;3;5;6;2;0;1;0;0;0;0;1;403811,035000000149012;5760936,160000000149012;7,599115932000075;51,990751457000044;1
59542;5231211702100591806;5;5;15;0;2023;12;15;2;3;5;3;0;1;1;1;0;0;0;0;405648,785099999979138;5755620,469100000336766;7,627333016000023;51,943287016000056;1
59548;5231211701110277987;5;5;62;32;2023;12;17;2;3;5;3;2;1;1;1;0;0;0;0;375309,176300000399351;5718832,760800000280142;7,199356466000040;51,606710202000045;1
59569;5231211518100985872;5;1;70;48;2023;12;8;2;3;4;6;2;1;1;0;0;0;0;0;336531,908400000073016;5723684,769899999722838;6,637566554000045;51,640380357000026;1
59573;5231211515110327550;5;1;54;4;2023;12;8;2;2;5;2;1;1;1;1;0;0;0;0;307967,486999999731779;5733567,910000000149012;6,219803851000052;51,720114622000040;1
59575;5231211515000980103;5;1;54;36;2023;12;17;2;3;5;3;2;1;1;1;0;0;0;0;304016,713299999944866;5740451,188300000503659;6,158801716000028;51,780562054000029;1
59587;5231211502325417440;5;1;13;0;2023;12;20;2;3;5;3;2;1;1;1;0;0;0;0;361561,096400000154972;5704103,254599999636412;7,006738331000065;51,471135817000061;1
59589;5231211501317980127;5;1;12;0;2023;12;11;2;2;0;1;0;0;1;0;0;0;0;0;345363,612700000405312;5698890,812599999830127;6,775981391000073;51,420107501000075;1
59601;5231211500300576682;5;1;11;0;2023;12;13;2;3;1;5;0;0;1;1;0;0;0;0;345135,227400000207126;5675711,127299999818206;6,782766841000068;51,211770066000042;1
59610;5231211400100229613;5;7;11;0;2023;12;7;2;3;5;3;1;1;1;1;0;0;0;0;469361,388500000350177;5767474,536100000143051;8,553132750000032;52,057021263000081;1
59611;5231211317210607884;5;9;78;20;2023;12;10;2;3;0;1;0;1;1;0;0;0;0;0;407773,920099999755621;5714890,690400000661612;7,669051356000068;51,577528328000028;1
59613;5231211316300980104;5;9;74;16;2023;12;17;2;2;0;7;2;1;1;1;0;0;0;0;454069,513000000268221;5717958,689699999988079;8,336686049000036;51,610787178000066;1
59617;5231211307000590510;5;9;62;48;2023;12;5;2;3;0;3;2;1;1;1;0;0;0;0;415735,669999999925494;5681980,163000000640750;7,791751347000059;51,282915141000046;1
59623;5231211300600793823;5;9;16;0;2023;12;7;2;2;5;2;1;1;1;1;0;0;0;0;378105,398699999786913;5714734,786199999973178;7,241138806000038;51,570492543000057;1
59628;5231210705000791747;5;5;54;64;2023;12;16;1;3;0;1;2;1;1;0;0;0;0;0;361702,379999999888241;5750706,574999999254942;6,990310456000032;51,889946154000029;1
59633;5231210609108589878;5;3;58;8;2023;12;12;1;3;5;2;0;0;1;1;0;0;0;0;323314,259999999776483;5626522,731000000610948;6,494572276000042;50,763536337000062;1
59649;5231210516700980150;5;1;58;8;2023;12;20;1;3;5;3;2;1;1;0;0;0;0;1;359176,890700000338256;5673357,699200000613928;6,984587880000049;51,194256082000038;1
59695;5231209601600499064;5;3;15;0;2023;12;14;7;2;2;2;1;1;1;1;0;0;0;0;359373,776499999687076;5644789,538399999961257;6,998510925000062;50,937566051000033;1
59701;5231209600000075603;5;3;82;24;2023;12;16;7;3;2;1;2;1;1;1;0;0;0;0;373531,750199999660254;5621763,786800000816584;7,207851506000054;50,733882067000081;1
59705;5231209515210980194;5;1;54;12;2023;12;12;7;3;3;2;0;1;1;1;0;0;0;0;316733,963200000114739;5711462,580099999904633;6,358136396000020;51,524499045000027;1
59706;5231209515110980200;5;1;54;40;2023;12;9;7;3;2;2;0;1;1;1;0;0;0;0;296793,079699999652803;5744022,764599999412894;6,052134209000030;51,810056770000074;1
59721;5231209503400391125;5;1;22;0;2023;12;14;7;3;2;6;0;1;1;1;0;0;0;0;366459,120000000111759;5669997,550000000745058;7,089993574000061;51,165805984000031;1
59725;5231213516800980055;5;1;58;20;2023;12;7;4;3;5;3;2;1;1;1;0;0;0;0;356148,298799999989569;5666826,196299999952316;6,943885649000038;51,134806725000033;1
59739;5231209410230036410;5;7;70;4;2023;12;9;7;2;8;7;0;1;1;0;0;0;0;0;486388,033599999733269;5785344,268100000917912;8,800749895000024;52,218362481000042;1
59743;5231209405108980198;5;7;54;8;2023;12;10;7;3;0;1;0;1;1;0;0;0;0;0;458175,610999999567866;5751867,755599999800324;8,391899028000068;51,915977475000034;1
59744;5231209404103690702;5;7;66;20;2023;12;13;7;3;2;6;0;1;1;1;0;0;0;0;495571,140399999916553;5750789,371899999678135;8,935619027000030;51,907834766000065;1
59759;5231218608416032856;5;3;34;16;2023;12;6;2;3;5;3;2;0;1;0;1;0;0;0;294214,150999999605119;5637028,793999999761581;6,076572777000024;50,848304389000077;1
59764;5231208711300094320;5;5;70;8;2023;12;12;6;3;1;5;0;1;1;0;0;0;0;1;433571,574799999594688;5734473,088800000026822;8,037555990000044;51,757209103000037;1
59767;5231208706000057496;5;5;58;12;2023;12;16;6;3;0;1;2;0;1;1;0;0;0;0;372808,848000000230968;5756734,339999999850988;7,149384220000059;51,946758950000060;1
59768;5231208705000096700;5;5;54;48;2023;12;5;6;3;3;3;2;1;1;1;0;0;0;0;339117,734000000171363;5745627,960000000894070;6,664757776000044;51,838261726000042;1
59770;5231208702100980220;5;5;15;0;2023;12;14;6;3;5;3;1;1;1;0;0;0;0;1;398068,235000000335276;5758089,279999999329448;7,516353636000076;51,964139513000077;1
59772;5231208701700198880;5;5;62;16;2023;12;17;6;3;5;2;2;1;1;1;0;0;0;0;374158,547399999573827;5733881,910299999639392;7,177326963000041;51,741699727000082;1
59773;5231208701400061211;5;5;12;0;2023;12;11;6;3;0;1;0;1;1;0;0;1;0;0;356043,775999999605119;5709967,975700000301003;6,924961546000077;51,522458508000057;1
59778;5231208609132080727;5;3;58;32;2023;12;16;6;3;0;5;1;0;1;1;0;0;0;0;315607,430700000375509;5632497,355299999937415;6,382409743000039;50,814811398000074;1
59782;5231208608200089793;5;3;34;2;2023;12;12;6;3;5;3;0;1;1;0;0;0;0;1;301470,191200000233948;5628796,392999999225140;6,183970756000065;50,776897158000054;1
59787;5231208607200095371;5;3;82;20;2023;12;8;6;3;5;3;1;1;1;1;0;0;0;0;379589,755499999970198;5625927,754499999806285;7,292294488000039;50,772599027000069;1
59788;5231208606700095686;5;3;78;16;2023;12;11;6;3;4;2;0;1;1;1;0;0;0;0;359940,117999999783933;5663673,274000000208616;6,999272084000040;51,107411970000044;1
59797;5231208602500086444;5;3;62;24;2023;12;12;6;3;5;3;0;1;1;1;0;0;0;0;346463,684500000439584;5644965,934900000691414;6,814828172000034;50,935858590000066;1
59799;5231208602300979772;5;3;62;36;2023;12;6;6;3;0;7;2;1;1;0;0;1;0;0;343588,048799999989569;5646425,976299999281764;6,773307164000073;50,948205496000071;1
59814;5231208518100995933;5;1;70;48;2023;12;8;6;3;5;3;0;1;1;1;0;0;0;0;334986,939000000245869;5727015,497999999672174;6,613687692000042;51,669851457000050;1
59816;5231208514110980210;5;1;66;32;2023;12;22;6;3;0;1;2;1;1;0;0;0;0;0;319357,291899999603629;5680359,847300000488758;6,411730066000075;51,245958699000028;1
59819;5231208513210091164;5;1;62;24;2023;12;13;6;3;5;3;0;1;1;1;0;0;0;0;338332,701299999840558;5671990,051000000908971;6,687132248000069;51,176451625000027;1
59820;5231208513120980222;5;1;62;20;2023;12;15;6;3;5;2;2;1;1;1;0;0;0;0;325704,164400000125170;5674230,571399999782443;6,505553993000035;51,192870260000063;1
59821;5231208508000799328;5;1;19;0;2023;12;8;6;3;5;2;1;1;1;1;0;0;0;0;352654,485500000417233;5711604,399199999868870;6,875458169000069;51,536288585000079;1
59825;5231208505200091242;5;1;14;0;2023;12;12;6;2;0;1;0;1;1;0;0;0;0;0;328649,947700000368059;5689353,858500000089407;6,540426347000050;51,329626077000057;1
59840;5231208405244980213;5;7;54;44;2023;12;19;6;3;6;6;2;1;1;0;1;0;0;0;465448,086199999786913;5746314,005100000649691;8,498187969000071;51,866543672000034;1
59854;5231208316200994445;5;9;74;52;2023;12;12;6;3;0;2;0;1;1;1;0;0;0;0;424878,321200000122190;5712132,344000000506639;7,916428006000046;51,555270075000067;1
59894;5231207702100591806;5;5;15;0;2023;12;19;5;3;5;3;2;0;1;1;0;0;0;0;404952,797000000253320;5756364,456000000238419;7,617004916000042;51,949855812000067;1
59896;5231207702100476643;5;5;15;0;2023;12;14;5;2;5;2;0;0;1;1;0;0;0;0;405200,425999999977648;5750139,330000000074506;7,622321183000054;51,893943692000050;1
59897;5231207702100072722;5;5;15;0;2023;12;9;5;2;1;5;0;1;1;1;0;0;0;0;405232,266999999992549;5755309,269999999552965;7,621360968000033;51,940419026000029;1
59902;5231207701120567338;5;5;62;32;2023;12;11;5;2;5;3;0;0;1;1;0;0;0;0;376225,757000000216067;5715792,508999999612570;7,213658147000046;51,579589050000038;1
59903;5231207701110585388;5;5;62;32;2023;12;13;5;3;1;5;0;0;1;1;0;0;0;0;375294,781299999915063;5719915,661800000816584;7,198763436000036;51,616439164000042;1
59904;5231207700000598875;5;5;13;0;2023;12;23;5;3;0;7;2;0;1;0;0;0;0;0;367761,454800000414252;5713692,918999999761581;7,092359867000027;51,558798572000057;1
59910;5231207607300980250;5;3;82;16;2023;12;9;5;3;5;3;0;1;1;0;0;1;0;0;390433,302600000053644;5625783,145199999213219;7,446061666000048;50,773448905000066;1
59919;5231219515111979843;5;1;54;8;2023;12;17;3;3;0;3;2;1;1;1;0;0;0;0;313479,268099999986589;5745341,827099999412894;6,293181346000040;51,827719520000073;1
59920;5231217316100794251;5;9;74;40;2023;12;20;1;3;0;7;2;0;1;1;0;0;0;0;436950,086000000126660;5713620,145999999716878;8,090261088000034;51,570124697000040;1
59922;5231207602500376582;5;3;62;24;2023;12;9;5;3;0;1;0;2;1;0;0;0;0;0;346367,694699999876320;5641941,589600000530481;6,814737127000058;50,908656048000068;1
59925;5231213301202980035;5;9;13;0;2023;12;15;4;3;0;4;0;1;1;0;1;0;0;0;393349,181499999947846;5709284,401200000196695;7,462657771000067;51,524592041000062;1
59929;5231207601700980261;5;3;15;0;2023;12;10;5;3;0;1;0;2;1;0;0;0;0;0;354203,125699999742210;5644819,188500000163913;6,924957494000068;50,936548430000073;1
59930;5231207601700445446;5;3;16;0;2023;12;9;5;3;5;3;0;1;1;1;0;0;0;0;356579,228400000371039;5657413,434200000017881;6,953778816000067;51,050326027000040;1
59935;5231207601500980273;5;3;15;0;2023;12;7;5;3;3;1;0;1;1;1;0;0;0;1;357918,654400000348687;5644684,630999999120831;6,977855254000076;50,936266565000039;1
59937;5231207601300277530;5;3;15;0;2023;12;9;5;3;0;1;0;2;1;0;0;0;0;0;351173,639100000262260;5645022,546599999070168;6,881788689000075;50,937602045000062;1
59939;5231207601100578522;5;3;15;0;2023;12;17;5;3;3;6;1;0;1;1;0;0;0;0;356731,224999999627471;5644689,992000000551343;6,960964687000057;50,936020970000072;1
59959;5231207506100980270;5;1;16;0;2023;12;7;5;3;0;1;1;2;1;0;0;0;0;0;323213,976200000382960;5673049,400699999183416;6,470533758000045;51,181494430000043;1
59960;5231207506100099737;5;1;16;0;2023;12;15;5;3;5;3;0;1;1;0;0;0;0;1;321148,218600000254810;5673429,666500000283122;6,440818906000061;51,184267986000066;1
59973;5231215400200704092;5;7;11;0;2023;12;9;6;3;6;4;0;1;1;0;1;0;0;0;467539,082000000402331;5763040,375000000000000;8,526976124000043;52,017051748000029;1
59983;5231207410110096891;5;7;70;24;2023;12;16;5;3;5;3;2;1;1;1;0;0;0;0;495661,432199999690056;5794124,275699999183416;8,936379600000066;52,297450739000055;1
59986;5231207405228182008;5;7;54;28;2023;12;10;5;3;4;6;0;1;1;0;0;1;0;0;450928,275999999605119;5745236,234999999403954;8,287478736000025;51,855765712000050;1
59987;5231207405108980270;5;7;54;8;2023;12;7;5;3;4;2;0;1;1;1;0;0;0;0;456098,912399999797344;5749738,675200000405312;8,361978358000044;51,896676034000052;1
59990;5231207405108794428;5;7;54;8;2023;12;8;5;3;0;1;1;1;1;0;0;0;0;0;458768,436099999584258;5750586,555600000545382;8,400671182000053;51,904502925000031;1
59993;5231207400100980254;5;7;11;0;2023;12;12;5;2;5;3;0;0;1;1;0;0;0;0;468986,454900000244379;5767539,396800000220537;8,547658599000044;52,057583538000074;1
59995;5231218303100041178;5;9;15;0;2023;12;15;2;3;5;2;0;0;1;1;0;0;0;0;417454,226599999703467;5725605,109999999403954;7,806191383000055;51,675347343000055;1
59996;5231207317250294250;5;9;78;32;2023;12;17;5;3;5;3;2;0;1;1;0;0;0;0;394124,599000000394881;5727126,607799999415874;7,468443521000040;51,685110164000037;1
60000;5231207314310099405;5;9;66;20;2023;12;6;5;2;2;6;2;1;1;1;0;0;0;0;434411,248399999924004;5662622,351199999451637;8,063029743000072;51,111326203000033;1
60007;5231219608436185720;5;3;34;36;2023;12;7;3;3;5;2;2;0;1;1;0;0;0;0;297648,400999999605119;5634130,053500000387430;6,126894449000076;50,823480839000069;1
60017;5231206711300980288;5;5;70;48;2023;12;16;4;3;5;2;2;1;1;1;0;0;0;0;449036,938500000163913;5729285,223799999803305;8,262361594000026;51,712187951000033;1
60022;5231215709500579092;5;5;66;76;2023;12;10;6;3;5;3;0;1;1;1;0;0;0;0;393195,435700000263751;5793331,506400000303984;7,434394561000033;52,279961999000079;1
60024;5231206706000872374;5;5;58;12;2023;12;10;4;2;5;3;0;1;1;0;0;0;1;0;372697,125000000000000;5756202,039000000804663;7,147956667000074;51,941949956000030;1
60035;5231206605152091586;5;3;74;52;2023;12;6;4;3;5;3;2;1;1;1;0;0;0;0;387346,898400000296533;5664268,860899999737740;7,390400958000043;51,118807986000036;1
60036;5231213608312789910;5;3;34;32;2023;12;11;4;3;0;1;0;1;1;0;0;0;0;0;302909,477599999867380;5629752,609999999403954;6,203847579000069;50,785976856000048;1
60045;5231206601200087597;5;3;15;0;2023;12;17;4;3;6;4;1;1;1;0;1;0;0;0;353608,347000000067055;5644209,661000000312924;6,916743158000031;50,930920142000048;1
60048;5231213610221694783;5;3;70;20;2023;12;6;4;3;4;6;2;1;1;0;0;0;0;0;306601,552600000053644;5658600,142799999564886;6,240871249000065;51,046335841000030;1
60053;5231206515000591542;5;1;54;36;2023;12;5;4;3;5;2;2;1;1;1;0;0;0;0;302097,526999999769032;5741512,484999999403954;6,130411317000039;51,789417227000058;1