OID_;UIDENTSTLAE;ULAND;UREGBEZ;UKREIS;UGEMEINDE;UJAHR;UMONAT;USTUNDE;UWOCHENTAG;UKATEGORIE;UART;UTYP1;ULICHTVERH;IstStrassenzustand;IstRad;IstPKW;IstFuss;IstKrad;IstGkfz;IstSonstige;LINREFX;LINREFY;XGCSWGS84;YGCSWGS84;PLST
60070;5231206501319569392;5;1;12;0;2023;12;10;4;3;6;6;0;1;1;0;1;0;0;0;344227,609799999743700;5696422,665599999949336;6,760740506000047;51,397620201000052;1
60078;5231206405108980318;5;7;54;8;2023;12;7;4;3;5;3;2;1;1;1;0;0;0;0;459321,252600000239909;5747996,627699999138713;8,409011820000046;51,881258447000050;1
60085;5231206317250089430;5;9;78;32;2023;12;10;4;3;0;2;0;1;1;1;0;0;0;0;394473,660600000061095;5725034,410900000482798;7,474123220000024;51,666370656000026;1
60087;5231219500300501984;5;1;11;0;2023;12;11;3;3;4;2;0;1;1;1;0;0;0;0;344257,227400000207126;5674425,966499999165535;6,770764297000028;51,199983662000079;1
60089;5231206317140980323;5;9;78;28;2023;12;5;4;3;5;3;2;1;1;1;0;0;0;0;400765,656499999575317;5697513,004000000655651;7,572833198000069;51,420131279000032;1
60092;5231206316100394241;5;9;74;40;2023;12;15;4;3;5;3;0;1;1;1;0;0;0;0;430318,180999999865890;5711188,573000000789762;7,995067252000069;51,547483564000061;1
60108;5231206301301867125;5;9;78;24;2023;12;7;4;3;5;2;2;1;1;1;0;0;0;0;397937,381599999964237;5720228,243699999526143;7,525591527000074;51,623810178000042;1
60109;5231206301301673405;5;9;78;24;2023;12;12;4;3;5;3;0;1;1;1;0;0;0;0;398132,944099999964237;5719599,554500000551343;7,528598456000054;51,618194595000034;1
60116;5231205711200791770;5;5;70;16;2023;12;7;3;3;5;2;2;1;1;1;0;0;0;0;413031,198800000362098;5738946,911100000143051;7,738905907000060;51,794611929000041;1
60120;5231212702100545124;5;5;15;0;2023;12;13;3;3;0;7;0;1;1;0;1;0;0;0;409673,130300000309944;5753888,539300000295043;7,686318926000069;51,928387190000080;1
60121;5231205709300978444;5;5;66;68;2023;12;7;3;3;4;1;0;1;1;0;0;0;0;0;376885,443799999542534;5785250,280099999159575;7,198377000000050;52,203932273000078;1
60122;5231205709110980342;5;5;66;8;2023;12;17;3;3;4;2;2;1;1;1;0;0;0;0;399310,322999999858439;5781224,858999999240041;7,527601465000032;52,172306045000028;1
60123;5231205705000796576;5;5;54;4;2023;12;5;3;3;5;3;2;1;1;1;0;0;0;0;364092,299899999983609;5770301,807399999350309;7,017256511000028;52,066609353000047;1
60128;5231205701400175487;5;5;12;0;2023;12;7;3;3;5;3;0;1;1;1;0;0;0;0;356005,859000000171363;5710823,090500000864267;6,924065841000072;51,530132717000072;1
60138;5231205608200999700;5;3;34;2;2023;12;17;3;3;1;5;2;1;1;1;0;0;0;0;296960,902200000360608;5627426,942700000479817;6,120850106000034;50,763036598000042;1
60155;5231206709000672364;5;5;66;4;2023;12;15;4;3;0;3;0;1;1;1;0;0;0;0;394763,779900000430644;5767222,951199999079108;7,465469128000052;52,045614789000069;1
60171;5231207608100794825;5;3;34;2;2023;12;8;5;3;0;3;0;0;1;1;0;0;0;0;291857,880699999630451;5628820,760999999940395;6,047800679000034;50,773746636000055;1
60181;5231205515210574000;5;1;54;12;2023;12;7;3;3;8;6;2;1;1;1;0;0;0;0;316273,305599999614060;5714413,312999999150634;6,349963616000025;51,550853020000034;1
60182;5231207709110296848;5;5;66;8;2023;12;12;5;3;0;3;0;1;1;0;0;0;0;0;399259,201200000010431;5780329,630300000309944;7,527119929000037;52,164250644000049;1
60185;5231205514118980358;5;1;66;16;2023;12;11;3;3;5;3;0;1;1;1;0;0;0;0;309864,317999999970198;5687650,336999999359250;6,271996214000069;51,308356140000058;1
60186;5231205514110978343;5;1;66;32;2023;12;18;3;3;4;2;2;0;1;1;0;0;0;0;317365,700000000186265;5680444,301000000908971;6,383182973000032;51,246083178000049;1
60188;5231205513320774104;5;1;62;4;2023;12;7;3;3;5;2;2;0;1;1;0;0;0;0;347559,879800000227988;5664457,959200000390410;6,822222562000036;51,111304448000055;1
60190;5231205513110980360;5;1;62;20;2023;12;7;3;3;5;2;2;1;1;1;0;0;0;0;325703,849100000225008;5674230,559599999338388;6,505549491000068;51,192870058000040;1
60194;5231205505100980354;5;1;14;0;2023;12;12;3;3;5;2;0;1;1;1;0;0;0;0;330137,012799999676645;5688289,138499999418855;6,562258435000047;51,320506879000050;1
60204;5231205501327991192;5;1;12;0;2023;12;7;3;3;9;1;2;1;1;1;0;0;0;0;343261,433000000193715;5692500,565300000831485;6,748593410000069;51,362114186000042;1
60221;5231205405228296885;5;7;54;28;2023;12;17;3;3;5;3;2;1;1;1;0;0;0;0;450057,475100000388920;5745915,500000000000000;8,274737606000031;51,861795361000077;1
60226;5231205404101221711;5;7;66;4;2023;12;6;3;3;5;3;2;2;1;1;0;0;0;0;483661,237300000153482;5752405,536800000816584;8,762412761000064;51,922143698000070;1
60232;5231207405148396961;5;7;54;48;2023;12;12;5;3;5;3;0;1;1;1;0;0;0;0;444047,793399999849498;5767656,294399999082088;8,183932978000030;52,056677246000049;1
60262;5231205300100077628;5;9;11;0;2023;12;18;3;3;1;5;2;0;1;1;0;0;0;0;376521,251199999824166;5705553,325400000438094;7,221511364000037;51,487630927000055;1
60266;5231204709700970494;5;5;66;28;2023;12;19;2;2;5;3;2;1;1;1;0;0;0;0;411959,634899999946356;5792224,945699999108911;7,709656664000022;52,273341819000052;1
60269;5231204709300980388;5;5;66;24;2023;12;17;2;3;5;3;2;2;1;1;0;0;0;0;383953,912999999709427;5771169,405999999493361;7,306571883000061;52,078923802000077;1
60270;5231204706300594956;5;5;58;24;2023;12;14;2;2;3;6;0;1;1;0;0;0;0;0;393032,768000000156462;5736957,470000000670552;7,449635046000026;51,773263871000040;1
60277;5231215709700591794;5;5;66;28;2023;12;18;6;3;0;1;2;0;1;0;0;0;0;0;412715,151800000108778;5792856,849600000306964;7,720563154000047;52,279142019000062;1
60279;5231219501212476407;5;1;12;0;2023;12;21;3;2;4;2;2;1;1;1;0;0;0;0;341678,946499999612570;5698165,879899999126792;6,723355794000042;51,412577093000039;1
60287;5231204607100390880;5;3;82;60;2023;12;19;2;3;5;3;2;1;1;1;0;0;0;0;372316,387199999764562;5630391,153300000354648;7,187642991000075;50,811162010000032;1
60315;5231204518120844171;5;1;70;44;2023;12;17;2;3;5;3;2;1;1;1;0;0;0;0;337619,569000000134110;5722699,620999999344349;6,653728112000067;51,631844862000037;1
60316;5231204518100980394;5;1;70;48;2023;12;14;2;3;5;3;0;0;1;1;0;0;0;0;334986,939000000245869;5727015,497999999672174;6,613687692000042;51,669851457000050;1
60322;5231204515111082345;5;1;54;44;2023;12;8;2;3;0;7;0;2;1;0;0;0;0;0;322123,280700000002980;5739213,941400000825524;6,421627798000031;51,775496800000042;1
60323;5231204515110591427;5;1;54;36;2023;12;16;2;3;5;2;1;1;1;1;0;0;0;0;301841,520100000314415;5740977,947499999776483;6,127009455000064;51,784526490000076;1
60325;5231204514110578930;5;1;66;32;2023;12;17;2;3;5;2;2;1;1;1;0;0;0;0;318894,158900000154972;5681798,203700000420213;6,404373690000057;51,258732430000066;1
60328;5231208709110696500;5;5;66;8;2023;12;17;6;3;5;2;2;0;1;1;0;0;0;0;398614,017400000244379;5781228,630100000649691;7,517421848000026;52,172212443000035;1
60334;5231204508000395110;5;1;19;0;2023;12;13;2;3;5;3;0;0;1;0;0;0;1;0;351862,261400000192225;5710242,439099999144673;6,864616643000033;51,523843460000080;1
60335;5231204506100391428;5;1;16;0;2023;12;16;2;3;5;3;1;1;1;1;0;0;0;0;320937,520499999634922;5671372,590800000354648;6,438831906000075;51,165722838000079;1
60363;5231204406210590663;5;7;58;4;2023;12;17;2;3;1;5;1;2;1;1;0;0;0;0;472865,038999999873340;5783211,110600000247359;8,602976997000042;52,198684347000039;1
60382;5231204303100980403;5;9;15;0;2023;12;12;2;3;4;2;0;0;1;1;0;0;0;0;420545,579400000162423;5723840,627100000157952;7,851291132000028;51,659931055000072;1
60390;5231204301101194308;5;9;13;0;2023;12;15;2;3;2;2;0;0;1;1;0;0;0;0;392811,488099999725819;5708101,717000000178814;7,455269842000064;51,513859769000078;1
60394;5231203702100576732;5;5;15;0;2023;12;13;1;2;0;1;0;0;1;0;0;0;0;0;407885,113900000229478;5758266,108699999749660;7,659149173000060;51,967442290000065;1
60397;5231203608100994908;5;3;34;2;2023;12;12;1;3;5;2;0;0;1;1;0;0;0;0;293535,400000000372529;5630183,171000000089407;6,070795618000034;50,786582006000060;1
60407;5231203601500525034;5;3;15;0;2023;12;18;1;2;5;3;2;0;1;1;0;0;0;0;361510,259999999776483;5647894,877000000327826;7,027718163000031;50,965991547000044;1
60412;5231203518120980435;5;1;70;44;2023;12;15;1;3;5;3;0;0;1;1;0;0;0;0;337999,315999999642372;5719298,461999999359250;6,660782465000068;51,601398174000053;1
60416;5231203514214051384;5;1;66;8;2023;12;9;1;3;5;3;0;0;1;1;0;0;0;0;317164,285799999721348;5689817,114800000563264;6,375502289000053;51,330211180000049;1
60434;5231203405108096860;5;7;54;8;2023;12;20;1;3;0;1;2;2;1;0;0;0;0;0;456813,077899999916553;5751989,821000000461936;8,372074588000032;51,916970905000028;1
60441;5231203307000090162;5;9;62;24;2023;12;16;1;3;0;3;2;2;1;1;0;0;0;0;409566,563500000163913;5692114,270700000226498;7,700745018000021;51,373071512000081;1
60450;5231202711200978463;5;5;70;4;2023;12;10;7;3;5;3;0;0;1;1;0;0;0;0;422688,362800000235438;5735956,570199999958277;7,879575382000041;51,769148381000036;1
60451;5231202706000054102;5;5;58;12;2023;12;19;7;3;0;1;2;0;1;0;0;0;0;0;373584,624499999918044;5756431,237099999561906;7,160776820000024;51,944211975000030;1
60455;5231202702100865385;5;5;15;0;2023;12;15;7;2;0;3;0;0;1;1;0;0;0;0;401401,097000000067055;5761705,593000000342727;7,563808372000040;51,997244630000068;1
60456;5231202702100765836;5;5;15;0;2023;12;19;7;2;6;1;2;0;1;0;1;0;0;0;400289,070100000128150;5756846,083200000226498;7,549028055000065;51,953368257000079;1
60457;5231202702100076646;5;5;15;0;2023;12;12;7;3;5;3;0;0;1;1;0;0;0;0;405149,731999999843538;5756982,607000000774860;7,619698923000044;51,955445631000032;1
60494;5231202316300980468;5;9;74;20;2023;12;8;7;3;5;1;0;0;1;1;0;0;0;0;466177,384600000455976;5721588,180400000885129;8,511185544000057;51,644278347000068;1
60506;5231201709700081617;5;5;66;28;2023;12;7;6;3;0;1;2;0;1;0;0;0;0;0;412162,194799999706447;5792988,009099999442697;7,712425853000070;52,280232832000081;1
60509;5231218602700690704;5;3;62;28;2023;12;18;2;3;5;3;2;0;1;1;0;0;0;0;352448,670099999755621;5639843,742900000885129;6,902017234000027;50,891389900000036;1
60510;5231201709110753167;5;5;66;8;2023;12;18;6;3;5;3;2;0;1;1;0;0;0;0;399236,787299999967217;5780868,593800000846386;7,526632326000026;52,169090610000069;1
60516;5231201702100980473;5;5;15;0;2023;12;22;6;3;3;2;2;2;1;1;0;0;0;0;406998,513000000268221;5755623,489000000059605;7,646962732000077;51,943541428000060;1
60527;5231201701300699917;5;5;62;14;2023;12;7;6;3;5;2;1;0;1;1;0;0;0;0;361206,065999999642372;5715222,468000000342727;6,997250172000065;51,570968422000078;1
60538;5231201607100095332;5;3;82;60;2023;12;16;6;3;5;3;1;0;1;1;0;0;0;0;373654,076999999582767;5629282,781999999657273;7,207001828000045;50,801492868000082;1
60542;5231201602500280705;5;3;62;24;2023;12;9;6;3;5;3;0;0;1;1;0;0;0;0;346257,362800000235438;5641883,502399999648333;6,813193458000057;50,908104698000045;1
60548;5231206711100002755;5;5;70;36;2023;12;20;4;3;5;2;2;1;1;1;0;0;0;0;434191,209499999880791;5760182,777000000700355;8,041631220000056;51,988409820000072;1
60551;5231201601500690208;5;3;15;0;2023;12;13;6;3;0;3;0;1;1;1;0;0;0;0;361840,184799999929965;5647993,335599999874830;7,032376378000038;50,966955639000048;1
60552;5231201601500273791;5;3;15;0;2023;12;17;6;3;5;3;2;0;1;1;0;0;0;0;365763,939000000245869;5649582,299000000581145;7,087636698000040;50,982164209000075;1
60553;5231201601300980510;5;3;15;0;2023;12;7;6;3;0;1;0;0;1;0;0;0;0;0;354609,130800000391901;5644811,922800000756979;6,930734793000056;50,936585638000054;1
60555;5231201601200064423;5;3;15;0;2023;12;14;6;3;1;1;1;0;1;1;0;0;0;0;353418,535500000230968;5643159,008899999782443;6,914466309000034;50,921430093000026;1
60564;5231201516500086694;5;1;58;16;2023;12;14;6;3;0;3;0;0;1;0;0;0;0;0;355143,489500000141561;5670633,426999999210238;6,928001403000053;51,168766670000082;1
60570;5231201515110596103;5;1;54;40;2023;12;8;6;3;5;2;1;1;1;1;0;0;0;0;294704,777999999932945;5741083,756999999284744;6,023623168000029;51,782904224000049;1
60592;5231201405236406298;5;7;54;36;2023;12;15;6;2;5;2;0;0;1;1;0;0;0;0;473081,561900000087917;5751056,939300000667572;8,608678812000051;51,909607606000066;1
60596;5231201400100980504;5;7;11;0;2023;12;7;6;3;4;6;0;1;1;0;0;0;0;0;469570,216000000014901;5768122,813799999654293;8,556120652000061;52,062861175000080;1
60599;5231201317210935333;5;9;78;20;2023;12;7;6;3;5;3;1;1;1;1;0;0;0;0;406173,514000000432134;5716313,446000000461936;7,645581943000025;51,590053462000071;1
60602;5231201313220048281;5;9;58;24;2023;12;18;6;2;5;3;1;0;1;0;0;0;1;0;484118,006000000052154;5696270,664000000804663;8,771607183000071;51,417426154000054;1
60611;5231201301204589253;5;9;13;0;2023;12;8;6;3;0;1;1;0;1;0;0;0;0;0;385065,921000000089407;5708690,453999999910593;7,343502346000037;51,517628653000031;1
60615;5231130709500936092;5;5;66;76;2023;11;16;5;3;5;3;2;0;1;1;0;0;0;0;394504,573099999688566;5792905,056600000709295;7,453710481000030;52,276382194000064;1
60617;5231130706000876730;5;5;58;24;2023;11;16;5;3;5;3;0;0;1;1;0;0;0;0;392539,747999999672174;5736057,437000000849366;7,442770600000074;51,765079951000075;1
60618;5231130706000396665;5;5;58;16;2023;11;16;5;3;3;2;2;1;1;1;0;0;0;0;380546,010999999940395;5744602,986999999731779;7,266103682000050;51,839449850000051;1
60620;5231130702100974643;5;5;15;0;2023;11;13;5;3;3;6;0;1;1;1;0;0;0;0;405455,252999999560416;5759121,153999999165535;7,623554810000030;51,974719809000078;1
60621;5231130702100472424;5;5;15;0;2023;11;16;5;3;0;4;0;0;1;0;1;0;0;0;408557,686999999918044;5753984,114900000393391;7,670075621000024;51,929064161000042;1
60622;5231130702000370628;5;5;15;0;2023;11;10;5;3;6;1;0;1;1;0;1;0;0;0;405152,082100000232458;5757197,494799999520183;7,619673788000057;51,957377533000056;1
60643;5231130608100275605;5;3;34;2;2023;11;7;5;3;4;6;2;1;1;0;0;0;0;0;299529,120699999853969;5618939,456399999558926;6,161833022000053;50,687696011000071;1
60646;5231130606100099108;5;3;78;4;2023;11;12;5;3;6;6;0;1;1;0;1;0;0;0;368120,092400000430644;5649984,413699999451637;7,121037683000054;50,986322820000055;1
60655;5231219405108979836;5;7;54;8;2023;12;17;3;3;5;3;2;1;1;1;0;0;0;0;461107,114099999889731;5750650,932199999690056;8,434656350000068;51,905249899000069;1
60663;5231130601100086374;5;3;15;0;2023;11;15;5;3;0;1;0;0;1;0;0;0;0;0;354532,996000000275671;5643557,071000000461936;6,930152752000026;50,925289421000059;1
60666;5231130600110099991;5;3;14;0;2023;11;16;5;3;0;2;1;0;1;0;0;0;0;0;366343,138000000268221;5622364,925300000235438;7,105823361000034;50,737675404000072;1
60677;5231207607100923801;5;3;82;60;2023;12;17;5;3;5;3;2;1;1;1;0;0;0;0;375048,830000000074506;5627950,114000000059605;7,227238195000041;50,789816626000061;1
60680;5231130514218446073;5;1;66;36;2023;11;10;5;3;5;3;0;0;1;1;0;0;0;0;323224,287999999709427;5683956,406999999657273;6,465300547000027;51,279479136000077;1
60682;5231130514110980583;5;1;66;32;2023;11;17;5;3;5;2;2;1;1;1;0;0;0;0;318227,422299999743700;5682044,986400000751019;6,394703144000061;51,260737067000036;1
60685;5231130513210980588;5;1;62;24;2023;11;12;5;3;4;2;0;0;1;1;0;0;0;0;338913,123900000005960;5677537,336699999868870;6,692939099000057;51,226457238000080;1
60687;5231130506100591063;5;1;16;0;2023;11;20;5;3;1;7;2;0;1;1;0;0;0;0;321222,361499999649823;5671403,130599999800324;6,442886514000065;51,166086272000030;1
60691;5231206404101887358;5;7;66;20;2023;12;7;4;3;0;7;2;0;1;1;0;0;0;0;490251,447999999858439;5756066,744999999180436;8,858138939000071;51,955216118000067;1
60704;5231130500200887246;5;1;11;0;2023;11;17;5;3;5;3;2;0;1;1;0;0;0;0;345085,786000000312924;5680724,442999999970198;6,779891651000071;51,256803243000036;1
60719;5231130405232980607;5;7;54;32;2023;11;11;5;3;4;2;0;0;1;1;0;0;0;0;460642,730499999597669;5740483,298800000920892;8,429064756000059;51,813802871000064;1
60725;5231219608200689862;5;3;34;2;2023;12;13;3;3;6;4;0;1;1;0;1;0;0;0;295656,016300000250340;5628753,962899999693036;6,101634680000075;50,774497030000077;1
60742;5231130301301390828;5;9;78;24;2023;11;14;5;3;5;3;0;1;1;1;0;0;0;0;397996,356499999761581;5720558,259199999272823;7,526347066000028;51,626787235000052;1
60757;5231129705000065975;5;5;54;8;2023;11;17;4;3;5;2;1;0;1;1;0;0;0;0;333846,163999999873340;5745558,598999999463558;6,588345062000030;51,836095300000068;1
60784;5231213607400980044;5;3;82;68;2023;12;13;4;3;5;2;0;0;1;1;0;0;0;0;368160,435999999754131;5631904,960999999195337;7,128141964000065;50,823837073000050;1
60793;5231209709700779180;5;5;66;76;2023;12;18;7;2;5;3;2;1;1;1;0;0;0;0;396369,472000000067055;5788267,346999999135733;7,482458061000045;52,235055914000043;1
60795;5231129601400980651;5;3;15;0;2023;11;16;4;2;8;1;0;1;1;0;0;0;0;0;356583,513899999670684;5655045,727099999785423;6,954777308000075;51,029049219000058;1
60797;5231129601100980654;5;3;15;0;2023;11;14;4;3;0;4;0;1;1;0;1;0;0;0;355091,226999999955297;5644661,235799999907613;6,937651355000071;50,935352791000071;1
60813;5231129514119980668;5;1;66;16;2023;11;7;4;3;4;3;0;1;1;1;0;0;0;0;308283,404799999669194;5687090,644799999892712;6,249642452000046;51,302798895000080;1
60816;5231203500300068378;5;1;11;0;2023;12;18;1;3;0;1;2;0;1;0;0;0;0;0;351045,047899999655783;5675871,037000000476837;6,867248533000065;51,214779052000040;1
60822;5231129505200980656;5;1;14;0;2023;11;12;4;3;6;4;0;1;1;0;1;0;0;0;329037,997100000269711;5689459,995400000363588;6,545940022000025;51,330696363000072;1
60841;5231129500200102216;5;1;11;0;2023;11;10;4;3;0;1;0;0;1;1;0;0;0;0;350776,042899999767542;5677056,068099999800324;6,862906542000076;51,225357390000056;1
60846;5231214702100980018;5;5;15;0;2023;12;7;5;3;5;3;2;1;1;1;0;0;0;0;401580,505099999718368;5757086,318600000813603;7,567745541000022;51,955757587000051;1
60863;5231129317220089440;5;9;78;4;2023;11;17;4;3;5;3;2;1;1;1;0;0;0;0;405092,168999999761581;5719453,498999999836087;7,629127249000021;51,618098255000064;1
60867;5231129316200594500;5;9;74;52;2023;11;11;4;3;0;3;0;0;1;1;0;0;0;0;425519,475800000131130;5711485,817600000649691;7,925811327000076;51,549542783000049;1
60880;5231217601100979924;5;3;15;0;2023;12;15;1;3;0;1;0;0;1;0;0;0;0;0;355227,792000000365078;5644441,928400000557303;6,939680731000067;50,933416221000073;1
60884;5231129301301680423;5;9;78;24;2023;11;7;4;3;5;3;1;1;1;1;0;0;0;0;397537,760300000198185;5720808,355599999427795;7,519650896000030;51,628951909000079;1
60888;5231129300600299525;5;9;16;0;2023;11;15;4;3;5;3;1;1;1;1;0;0;0;0;376437,906000000424683;5711030,191999999806285;7,218391939000071;51,536835308000036;1
60893;5231128711200051246;5;5;70;4;2023;11;7;3;3;5;3;2;1;1;1;0;0;0;0;424569,300999999977648;5735056,567999999970198;7,907024536000051;51,761314260000063;1
60894;5231128711100976704;5;5;70;52;2023;11;7;3;3;5;3;1;1;1;1;0;0;0;0;431176,100100000388920;5755932,987500000745058;7,998581473000058;51,949840360000053;1
60896;5231128711100587232;5;5;70;52;2023;11;18;3;3;5;2;2;0;1;1;0;0;0;0;430858,741999999620020;5757506,338999999687076;7,993647890000034;51,963944858000048;1
60897;5231128709700681056;5;5;66;28;2023;11;21;3;3;0;7;2;1;1;0;0;0;0;0;412042,843000000342727;5792919,946000000461936;7,710694566000029;52,279601978000073;1
60898;5231128709500520044;5;5;66;60;2023;11;16;3;3;6;1;0;0;1;0;1;0;0;0;389206,792000000365078;5790538,688999999314547;7,376868682000065;52,254073674000040;1
60899;5231128709110793607;5;5;66;8;2023;11;8;3;3;0;7;0;1;1;0;0;0;0;0;399889,611999999731779;5782140,687000000849366;7,535799179000037;52,180642679000073;1
60902;5231209405108980147;5;7;54;8;2023;12;17;7;3;6;6;2;1;1;0;1;0;0;0;460258,156399999745190;5748335,607300000265241;8,422583526000039;51,884373675000063;1
60903;5231128705000991843;5;5;54;12;2023;11;14;3;3;3;2;0;0;1;1;0;0;0;0;352211,360299999825656;5746060,253100000321865;6,854479809000054;51,845764357000064;1
60904;5231128705000920881;5;5;54;20;2023;11;19;3;3;5;2;2;0;1;1;0;0;0;0;365741,786999999545515;5787033,176000000908971;7,034696479000047;52,217350722000049;1
60905;5231208515110056264;5;1;54;36;2023;12;18;6;3;5;3;2;1;1;0;0;0;0;1;303735,163700000382960;5740425,384700000286102;6,154740062000030;51,780231678000064;1
60909;5231128702100442557;5;5;15;0;2023;11;7;3;3;5;3;0;1;1;1;0;0;0;0;405404,313000000081956;5756016,687000000849366;7,623668405000046;51,946806885000058;1
60914;5231212601100990340;5;3;15;0;2023;12;14;3;3;5;7;0;0;1;1;0;0;0;0;355666,645999999716878;5644691,273000000044703;6,945823211000061;50,935767027000054;1
60919;5231128701200757170;5;5;62;20;2023;11;7;3;3;3;3;2;1;1;0;0;0;0;1;369500,190999999642372;5719999,126000000163913;7,115083245000051;51,615875697000035;1
60920;5231128701120085384;5;5;62;32;2023;11;17;3;3;5;3;2;0;1;1;0;0;0;0;376138,324500000104308;5716294,210200000554323;7,212219980000043;51,584078743000077;1
60922;5231128701110980705;5;5;62;32;2023;11;7;3;3;1;5;1;0;1;1;0;0;0;0;376036,641699999570847;5719206,974500000476837;7,209723840000038;51,610233943000026;1
60928;5231128608436256744;5;3;34;36;2023;11;6;3;3;5;2;2;1;1;1;0;0;0;0;301230,294800000265241;5635433,220300000160933;6,176979304000042;50,836426243000062;1
60930;5231128608200885695;5;3;34;2;2023;11;18;3;3;3;2;2;2;1;1;0;0;0;0;294737,459599999710917;5629615,449500000104308;6,088143172000059;50,781909943000073;1
60931;5231128608100099655;5;3;34;2;2023;11;12;3;3;6;6;0;0;1;0;1;0;0;0;295167,661000000312924;5628108,518999999389052;6,095076822000067;50,768527885000026;1
60932;5231128607500599944;5;3;82;56;2023;11;13;3;3;2;6;0;0;1;1;0;0;0;0;370313,589999999850988;5627105,210999999195337;7,160390761000031;50,781182443000034;1
60942;5231215410110072273;5;7;70;24;2023;12;13;6;2;5;3;0;1;1;1;0;0;0;0;489609,493300000205636;5795191,128100000321865;8,847601785000052;52,306961097000055;1
60943;5231128601100980697;5;3;15;0;2023;11;12;3;3;3;5;0;0;1;1;0;0;0;0;355281,094299999997020;5645300,777499999850988;6,940097666000042;50,941147887000056;1
60954;5231128518200089643;5;1;70;24;2023;11;7;3;3;4;2;2;1;1;1;0;0;0;0;337612,860999999567866;5701088,278999999165535;6,663598106000052;51,437683171000060;1
60957;5231128518120980698;5;1;70;8;2023;11;9;3;3;5;7;0;0;1;1;0;0;0;0;342160,940999999642372;5717194,540999999269843;6,721768916000030;51,583677185000056;1
60963;5231128514219546153;5;1;66;36;2023;11;8;3;3;5;7;0;0;1;1;0;0;0;0;327208,455199999734759;5679886,439699999988079;6,524335722000046;51,244138073000045;1
60971;5231128502323177666;5;1;13;0;2023;11;21;3;3;0;5;2;0;1;1;0;0;0;0;358817,734000000171363;5704780,904999999329448;6,966994739000029;51,476547412000059;1
60975;5231212608312589844;5;3;34;12;2023;12;7;3;3;5;3;2;0;1;1;0;0;0;0;307808,168999999761581;5634649,084100000560284;6,270697334000033;50,831604305000042;1
60996;5231128405244980693;5;7;54;44;2023;11;7;3;3;5;2;0;1;1;1;0;0;0;0;466569,139700000174344;5748413,013499999418855;8,514265554000076;51,885483802000067;1
60998;5231128405108582152;5;7;54;8;2023;11;7;3;2;5;3;1;1;1;1;0;0;0;0;453641,750000000000000;5750406,028999999165535;8,326180858000043;51,902476871000033;1
61001;5231128317250952447;5;9;78;32;2023;11;12;3;3;5;3;0;1;1;1;0;0;0;0;394115,306699999608099;5727127,337400000542402;7,468308932000070;51,685114970000029;1
61009;5231128303200502781;5;9;15;0;2023;11;10;3;2;5;1;0;1;1;1;0;0;0;0;415857,317499999888241;5724935,186200000345707;7,783263221000027;51,669088152000029;1
61025;5231127709700691754;5;5;66;28;2023;11;19;2;3;0;7;2;1;1;0;0;0;0;0;412173,441999999806285;5792888,638000000268221;7,712616561000061;52,279341456000054;1
61026;5231127709700648421;5;5;66;28;2023;11;8;2;3;0;2;0;1;1;1;0;0;0;0;412908,926099999807775;5794005,082299999892712;7,723106075000032;52,289493400000026;1
61028;5231127709500980758;5;5;66;76;2023;11;13;2;3;0;1;0;1;1;0;0;0;0;0;393261,184999999590218;5793024,268999999389052;7,435455225000055;52,277213573000040;1
61029;5231127709500511962;5;5;66;76;2023;11;7;2;3;4;1;1;1;1;0;0;0;0;0;393344,939000000245869;5793993,597999999299645;7,436375700000042;52,285941359000049;1
61030;5231127709500496635;5;5;66;76;2023;11;23;2;3;0;7;2;1;1;1;0;0;0;0;393879,534799999557436;5793184,337500000372529;7,444464797000023;52,278771855000059;1
61031;5231127709500024206;5;5;66;76;2023;11;18;2;3;5;2;2;1;1;1;0;0;0;0;392804,047000000253320;5793219,307000000029802;7,428695358000027;52,278877460000047;1
61033;5231127709110342438;5;5;66;8;2023;11;8;2;3;5;3;0;1;1;1;0;0;0;0;399054,101300000213087;5781294,900399999693036;7,523835206000058;52,172888744000034;1
61046;5231127702100570611;5;5;15;0;2023;11;18;2;3;1;6;2;1;1;1;0;0;0;0;407048,086000000126660;5756922,700999999418855;7,647332371000061;51,955227718000060;1
61047;5231127702100472461;5;5;15;0;2023;11;11;2;3;0;1;0;1;1;0;0;0;0;0;403411,046900000423193;5766766,498800000175834;7,591647560000069;52,043086391000031;1
61055;5231127701400973561;5;5;12;0;2023;11;17;2;3;5;3;2;1;1;1;0;0;0;0;356688,778300000354648;5708709,259999999776483;6,934764137000059;51,511311901000056;1
61065;5231127700000092100;5;5;13;0;2023;11;13;2;3;5;3;0;1;1;1;0;0;0;0;363131,437599999830127;5719644,734600000083447;7,023290045000067;51,611178629000051;1
61071;5231127609108980784;5;3;58;8;2023;11;5;2;3;0;1;2;1;1;0;0;0;0;0;321438,029900000430644;5630656,671299999579787;6,465986892000046;50,800101525000059;1
61073;5231212709700772367;5;5;66;28;2023;12;17;3;3;2;6;2;1;1;1;0;0;0;0;410586,545599999837577;5788400,952899999916553;7,690550701000063;52,238749366000036;1