OID_;UIDENTSTLAE;ULAND;UREGBEZ;UKREIS;UGEMEINDE;UJAHR;UMONAT;USTUNDE;UWOCHENTAG;UKATEGORIE;UART;UTYP1;ULICHTVERH;IstStrassenzustand;IstRad;IstPKW;IstFuss;IstKrad;IstGkfz;IstSonstige;LINREFX;LINREFY;XGCSWGS84;YGCSWGS84;PLST
61079;5231127607200390935;5;3;82;20;2023;11;17;2;3;5;3;2;1;1;1;0;0;0;0;378726,903800000436604;5626417,381400000303984;7,279901584000072;50,776820414000042;1
61105;5231207500200961178;5;1;11;0;2023;12;15;5;3;5;3;0;0;1;1;0;0;0;0;350938,821999999694526;5676627,882999999448657;6,865414083000076;51,221552289000044;1
61106;5231127601500090291;5;3;15;0;2023;11;7;2;3;5;3;1;1;1;1;0;0;0;0;357891,002999999560416;5643519,587999999523163;6,977916191000077;50,925789510000072;1
61107;5231211307000399550;5;9;62;8;2023;12;17;2;3;0;1;2;1;1;0;0;0;1;0;421312,267799999564886;5688134,036499999463558;7,870337906000032;51,339037862000055;1
61115;5231127601000980717;5;3;15;0;2023;11;20;2;3;5;3;2;1;1;1;0;0;0;0;356550,178999999538064;5643026,188999999314547;6,959044439000024;50,921023536000064;1
61119;5231127600110086322;5;3;14;0;2023;11;10;2;3;5;2;0;1;1;1;0;0;0;0;364019,718600000254810;5621359,854599999263883;7,073286451000058;50,728102638000053;1
61121;5231127518310675948;5;1;70;32;2023;11;5;2;2;5;3;2;1;1;1;0;0;0;0;331875,489000000059605;5715669,427999999374151;6,574178648000043;51,567002097000056;1
61130;5231127515210980783;5;1;54;12;2023;11;7;2;3;5;3;2;1;1;1;0;0;0;0;313265,410400000400841;5710572,296800000593066;6,308666127000038;51,515366682000035;1
61142;5231127513210789891;5;1;62;24;2023;11;16;2;3;0;1;2;1;1;0;0;0;0;0;337390,517300000414252;5674416,965600000694394;6,672566319000055;51,197989789000076;1
61153;5231127503200890004;5;1;24;0;2023;11;20;2;3;5;3;2;1;1;1;0;0;0;0;376402,156299999915063;5681729,179400000721216;7,228086507000057;51,273483300000066;1
61168;5231127501318980765;5;1;12;0;2023;11;10;2;3;5;2;0;1;1;1;0;0;0;0;344669,453700000420213;5699430,081199999898672;6,765769601000045;51,424763053000049;1
61169;5231214516300891253;5;1;58;28;2023;12;8;5;3;4;6;0;1;1;0;0;0;0;0;349296,533099999651313;5683743,190999999642372;6,838917484000035;51,285057258000052;1
61171;5231127501213980780;5;1;12;0;2023;11;8;2;3;0;6;1;1;1;1;0;0;0;0;338931,312199999578297;5697995,686799999326468;6,683956724000041;51,410274191000042;1
61173;5231127501115773964;5;1;12;0;2023;11;17;2;3;0;6;2;1;1;1;0;0;0;0;345250,931699999608099;5707601,738399999216199;6,770550294000031;51,498344326000051;1
61192;5231127500200454025;5;1;11;0;2023;11;16;2;3;5;2;1;1;1;1;0;0;0;0;347246,924999999813735;5681259,031999999657273;6,810610686000075;51,262189883000076;1
61194;5231128502400478732;5;1;17;0;2023;11;13;3;3;0;1;0;0;1;0;0;0;0;0;351892,569400000385940;5699776,699300000444055;6,869440865000058;51,429811205000078;1
61202;5231130601600974403;5;3;15;0;2023;11;16;5;2;3;6;2;1;1;0;0;0;0;0;362137,185200000181794;5645057,472400000318885;7,037715361000039;50,940641341000060;1
61203;5231127410110980735;5;7;70;24;2023;11;16;2;3;5;2;2;1;1;1;0;0;0;0;491812,366000000387430;5796308,009199999272823;8,879884193000066;52,317039637000050;1
61206;5231127410110096860;5;7;70;24;2023;11;17;2;3;5;3;2;1;1;1;0;0;0;0;493255,268099999986589;5792753,155700000002980;8,901123306000045;52,285099412000079;1
61212;5231127405236090716;5;7;54;36;2023;11;12;2;3;5;3;0;0;1;1;0;0;0;0;474945,516400000080466;5750288,241599999368191;8,635830947000045;51,902783272000079;1
61215;5231127405116590670;5;7;54;16;2023;11;6;2;3;5;3;2;1;1;1;0;0;0;0;447083,022800000384450;5756579,602299999445677;8,229908744000056;51,957394514000043;1
61227;5231127317130118786;5;9;78;12;2023;11;7;2;3;5;3;1;1;1;1;0;0;0;0;415094,798000000417233;5703294,390000000596046;7,777469880000069;51,474432199000034;1
61250;5231202601200426637;5;3;15;0;2023;12;16;7;3;6;7;0;0;1;0;1;0;0;0;353251,268699999898672;5644000,233999999240041;6,911749595000060;50,928947362000031;1
61254;5231127307000369284;5;9;62;16;2023;11;14;2;3;5;7;0;1;1;1;0;0;0;0;413878,951999999582767;5692477,156999999657273;7,762597133000043;51,377004311000064;1
61258;5231127303200980800;5;9;15;0;2023;11;6;2;3;5;3;2;1;1;1;0;0;0;0;419436,497399999760091;5728949,805900000035763;7,834080956000037;51,705702553000037;1
61274;5231127701200454353;5;5;62;20;2023;11;15;2;3;5;2;0;1;1;0;0;0;0;1;371164,701600000262260;5717609,984400000423193;7,139989227000058;51,594788334000043;1
61275;5231127301203373368;5;9;13;0;2023;11;7;2;2;0;7;1;1;1;0;0;0;0;0;394900,648500000126660;5711552,998099999502301;7,484336032000044;51,545274257000074;1
61282;5231127300500393778;5;9;11;0;2023;11;6;2;3;5;2;2;1;1;1;0;0;0;0;376711,950100000016391;5701606,166099999099970;7,225633646000063;51,452197619000060;1
61284;5231214405108281100;5;7;54;8;2023;12;11;5;3;8;1;0;0;1;0;0;0;0;0;457459,161199999973178;5749406,909299999475479;8,381786748000025;51,893798766000032;1
61293;5231126702100681016;5;5;15;0;2023;11;23;1;3;0;3;2;1;1;1;0;0;0;0;405575,873999999836087;5757005,475999999791384;7,625892104000059;51,955723709000040;1
61300;5231126608408080797;5;3;34;8;2023;11;12;1;3;0;1;0;1;1;0;0;0;0;0;301511,431800000369549;5644197,540300000458956;6,176210111000046;50,915241913000045;1
61307;5231126602800315207;5;3;62;12;2023;11;10;1;3;0;1;0;1;1;0;0;0;0;0;352533,593100000172853;5633200,987400000914931;6,905900665000047;50,831715171000042;1
61315;5231126601500980793;5;3;15;0;2023;11;18;1;3;0;7;2;1;1;0;0;0;0;1;360391,112999999895692;5648479,676999999210238;7,011565748000066;50,970977090000076;1
61321;5231126518300582180;5;1;70;20;2023;11;0;1;3;0;1;2;1;1;0;0;0;0;0;329389,296799999661744;5709695,769999999552965;6,541236628000036;51,512591858000064;1
61602;5231231600140895322;5;3;14;0;2023;12;17;1;3;0;1;2;0;1;0;0;0;0;0;368182,503399999812245;5621949,135399999096990;7,132024555000044;50,734358646000032;1
61607;5231231501325978151;5;1;12;0;2023;12;9;1;3;5;2;0;0;1;1;0;0;0;0;345516,850999999791384;5693795,377000000327826;6,780401469000026;51,374366149000082;1
61608;5231231410230478160;5;7;70;4;2023;12;9;1;3;5;3;0;0;1;1;0;0;0;0;486165,231100000441074;5786187,478700000792742;8,797454077000054;52,225937867000027;1
61617;5231230705000068648;5;5;54;16;2023;12;13;7;3;5;3;0;1;1;1;0;0;0;0;362106,736999999731779;5757875,555999999865890;6,993311150000068;51,954463681000050;1
61619;5231230702100476700;5;5;15;0;2023;12;11;7;3;5;2;0;1;1;1;0;0;0;0;405779,593399999663234;5755728,420099999755621;7,629205906000038;51,944279499000061;1
61620;5231230702100176382;5;5;15;0;2023;12;11;7;3;5;3;0;1;1;1;0;0;0;0;407900,576000000350177;5760301,456000000238419;7,658827922000057;51,985739632000048;1
61625;5231230602250085757;5;3;62;16;2023;12;13;7;3;4;6;0;0;1;1;0;0;0;0;329419,223399999551475;5647314,800499999895692;6,571367978000069;50,952172945000029;1
61634;5231230513210979628;5;1;62;24;2023;12;10;7;3;5;2;0;0;1;1;0;0;0;0;342057,245000000111759;5671970,205000000074506;6,740380626000047;51,177314210000077;1
61636;5231230602100269761;5;3;62;8;2023;12;14;7;2;5;3;0;0;1;1;0;0;0;0;337122,470999999903142;5654044,121999999508262;6,677928037000072;51,014865181000062;1
61639;5231230501326081910;5;1;12;0;2023;12;11;7;3;0;1;0;0;1;0;0;0;0;0;345700,419999999925494;5691420,403999999165535;6,784067414000049;51,353076446000046;1
61647;5231230407101979630;5;7;62;20;2023;12;11;7;3;1;5;0;0;1;1;0;0;0;0;526082,477199999615550;5736571,040999999269843;9,378076198000031;51,779404656000054;1
61648;5231230405108032031;5;7;54;8;2023;12;16;7;3;4;2;1;1;1;1;0;0;0;0;456762,566899999976158;5749947,278500000014901;8,371596561000047;51,898603387000037;1
61651;5231230316300094300;5;9;74;4;2023;12;23;7;3;8;1;2;0;1;0;0;0;0;0;453335,768600000068545;5712430,124500000849366;8,326825316000054;51,561019650000048;1
61662;5231230300100280684;5;9;11;0;2023;12;17;7;3;0;1;1;0;1;0;0;0;0;0;376069,714100000448525;5704196,879200000315905;7,215487172000053;51,475341239000045;1
61665;5231229709500711932;5;5;66;76;2023;12;20;6;3;0;1;2;1;1;0;0;0;0;0;398168,262900000438094;5787966,052699999883771;7,508880150000039;52,232683655000073;1
61666;5231229709300587312;5;5;66;84;2023;12;16;6;3;3;2;2;1;1;1;0;0;0;0;386097,779000000096858;5778640,182600000873208;7,335342965000052;52,146508814000072;1
61673;5231229702100779193;5;5;15;0;2023;12;10;6;3;0;7;0;1;1;1;0;0;0;0;404980,819799999706447;5756419,763199999928474;7,617397246000053;51,950357724000071;1
61679;5231229607400090863;5;3;82;68;2023;12;17;6;3;4;7;2;1;1;1;0;0;0;0;370818,576399999670684;5630795,229100000113249;7,166252189000033;50,814461811000058;1
61696;5231229514217986194;5;1;66;36;2023;12;13;6;3;4;3;0;1;1;1;0;0;0;0;329480,157999999821186;5684116,371200000867248;6,554834773000039;51,282822943000042;1
61699;5231229506100891101;5;1;16;0;2023;12;15;6;3;5;3;1;1;1;1;0;0;0;0;321775,048399999737740;5675198,625499999150634;6,448900756000057;51,200354806000064;1
61717;5231229411232072223;5;7;74;32;2023;12;16;6;2;8;7;2;1;1;0;0;0;0;0;477380,825299999676645;5734344,507099999114871;8,672269852000056;51,759536235000041;1
61720;5231229405108006703;5;7;54;8;2023;12;18;6;3;5;2;2;1;1;1;0;0;0;0;456775,449900000356138;5751654,968000000342727;8,371569554000075;51,913957474000028;1
61723;5231229404103290702;5;7;66;60;2023;12;15;6;2;0;1;0;1;1;0;0;0;0;0;512198,576600000262260;5748401,001499999314547;9,177242053000043;51,886244783000052;1
61734;5231231601400190330;5;3;15;0;2023;12;14;1;3;4;7;0;0;1;1;0;0;0;0;356127,555200000293553;5648918,449300000444055;6,950707688000023;50,973871058000043;1
61742;5231231316100094368;5;9;74;40;2023;12;11;1;2;5;3;0;0;1;0;0;1;0;0;435163,223000000230968;5716611,381999999284744;8,063929880000046;51,596814436000045;1
61755;5231228601700978174;5;3;16;0;2023;12;14;5;3;5;3;0;0;1;1;0;0;0;0;356578,532999999821186;5657950,573999999091029;6,953556077000030;51,055152956000029;1
61761;5231228515110091716;5;1;54;36;2023;12;12;5;3;5;2;0;0;1;1;0;0;0;0;302074,475999999791384;5741344,200999999418855;6,130173513000045;51,787897884000074;1
61765;5231228505200978177;5;1;14;0;2023;12;11;5;3;5;2;0;0;1;1;0;0;0;0;329217,144500000402331;5689506,664599999785423;6,548486679000064;51,331169453000030;1
61766;5231228502325696577;5;1;13;0;2023;12;14;5;3;5;3;0;0;1;1;0;0;0;0;361027,467699999921024;5706068,869599999859929;6,998286714000074;51,488668551000046;1
61778;5231228405236979660;5;7;54;36;2023;12;15;5;3;0;6;0;0;1;0;0;0;0;0;474133,398400000296533;5750159,221899999305606;8,624036696000076;51,901586152000050;1
61779;5231228405148979657;5;7;54;48;2023;12;17;5;3;5;3;2;0;1;0;0;0;0;1;443287,100599999539554;5765879,496300000697374;8,173134350000055;52,040626585000041;1
61782;5231228317250978173;5;9;78;32;2023;12;15;5;3;5;3;0;0;1;1;0;0;0;0;393172,143199999816716;5729501,905899999663234;7,453943540000068;51,706279303000031;1
61783;5231228317210992215;5;9;78;20;2023;12;13;5;3;5;3;0;0;1;1;0;0;0;0;407192,395200000144541;5715873,918800000101328;7,660401719000049;51,586271256000032;1
61793;5231227711100596650;5;5;70;52;2023;12;16;4;3;6;6;1;1;1;0;1;0;0;0;424341,692999999970198;5758540,699999999254942;7,898582321000049;51,972394346000044;1
61795;5231227709300979672;5;5;66;84;2023;12;19;4;3;7;7;2;1;1;0;0;0;0;0;390277,147599999792874;5776921,968699999153614;7,396951769000054;52,131912926000041;1
61806;5231228607500890872;5;3;82;56;2023;12;17;5;3;0;7;2;0;1;0;0;0;0;0;371034,041100000031292;5624529,740000000223517;7,171507757000029;50,758194099000036;1
61809;5231227601600979671;5;3;15;0;2023;12;20;4;3;1;5;2;0;1;1;0;0;0;1;359455,480100000277162;5644797,608799999579787;6,999669916000073;50,937658499000065;1
61812;5231227601300979676;5;3;15;0;2023;12;6;4;3;7;7;2;1;1;0;0;0;0;0;349313,304399999789894;5649471,850099999457598;6,853488619000075;50,977101515000072;1
61814;5231227600110976000;5;3;14;0;2023;12;16;4;3;0;1;1;0;1;0;0;0;0;0;365612,476400000043213;5622875,858699999749660;7,095288220000043;50,742099019000079;1
61819;5231227514219075950;5;1;66;36;2023;12;13;4;3;5;3;0;1;1;1;0;0;0;0;327715,640200000256300;5678598,145700000226498;6,532214832000022;51,232717720000039;1
61837;5231227303100077923;5;9;15;0;2023;12;13;4;2;0;1;0;1;1;0;0;0;0;0;421757,276999999769032;5727304,383999999612570;7,868029388000025;51,691239204000055;1
61840;5231227300300090164;5;9;11;0;2023;12;12;4;3;3;2;0;1;1;1;0;0;0;0;382938,007100000046194;5703461,721200000494719;7,314582173000076;51,470196671000053;1
61899;5231225601400986420;5;3;15;0;2023;12;19;2;3;7;7;2;1;1;0;0;0;0;0;356365,525999999605119;5647283,769700000062585;6,954740450000031;50,959239893000074;1
61940;5231224702100978133;5;5;15;0;2023;12;20;1;2;3;6;2;0;1;1;0;0;0;0;401244,124200000427663;5756010,603700000792742;7,563161108000031;51,946029207000038;1
61949;5231224601500978201;5;3;15;0;2023;12;15;1;3;6;4;0;0;1;0;1;0;0;0;359942,970399999991059;5647455,152699999511242;7,005581493000022;50,961660792000032;1
61959;5231224506100978205;5;1;16;0;2023;12;10;1;3;5;3;0;1;1;1;0;0;0;0;318787,299399999901652;5675756,098600000143051;6,405899480000073;51,204422811000029;1
61961;5231224502400978203;5;1;17;0;2023;12;14;1;3;0;6;0;0;1;0;1;0;0;0;350633,002600000239909;5698617,333100000396371;6,851824048000026;51,419063101000063;1
61971;5231224404301978197;5;7;66;44;2023;12;19;1;3;0;6;2;1;1;0;1;0;0;0;493830,498599999584258;5764067,470899999141693;8,910077270000045;52,027201559000048;1
61994;5231223702100778293;5;5;15;0;2023;12;15;7;3;3;2;0;1;1;1;0;0;0;0;403980,865199999883771;5761394,820499999448657;7,601460064000037;51,994903417000046;1
61997;5231223701400990526;5;5;12;0;2023;12;20;7;3;5;3;2;1;1;1;0;0;0;0;356386,034699999727309;5710082,038499999791384;6,929845028000045;51,523570586000062;1
62010;5231223601200781913;5;3;15;0;2023;12;12;7;3;0;1;0;1;1;0;0;0;0;0;353453,092500000260770;5643034,815999999642372;6,915007533000050;50,920322792000036;1
62018;5231223513210791164;5;1;62;24;2023;12;18;7;3;5;2;2;1;1;1;0;0;0;0;339803,944299999624491;5673030,767300000414252;6,707698256000072;51,186216544000047;1
62073;5231222702100291795;5;5;15;0;2023;12;22;6;3;0;7;2;1;1;0;0;0;0;0;406713,790799999609590;5757661,209100000560284;7,642268522000052;51,961809817000074;1
62074;5231222702100079176;5;5;15;0;2023;12;10;6;3;5;3;0;1;1;1;0;0;0;0;401578,336000000126660;5757085,122999999672174;7,567714328000022;51,955746457000032;1
62079;5231222701500371940;5;5;62;24;2023;12;9;6;2;5;2;0;1;1;1;0;0;0;0;368580,457000000402331;5724419,979000000283122;7,100146826000071;51,655390056000044;1
62091;5231222607500967673;5;3;82;56;2023;12;12;6;3;5;3;0;1;1;1;0;0;0;0;369495,226999999955297;5627038,481000000610948;7,148812371000076;50,780399057000068;1
62106;5231222601500814042;5;3;15;0;2023;12;12;6;3;5;2;0;1;1;1;0;0;0;0;362816,710900000296533;5648300,740299999713898;7,046159098000032;50,969951763000040;1
62111;5231222518200179226;5;1;70;24;2023;12;13;6;3;5;3;0;1;1;1;0;0;0;0;335046,881000000052154;5703240,389000000432134;6,625709866000022;51,456276629000058;1
62112;5231222516900391366;5;1;58;20;2023;12;17;6;3;5;2;2;1;1;0;0;1;0;0;357658,569400000385940;5664785,774000000208616;6,966263462000029;51,116847600000028;1
62128;5231222502209795193;5;1;13;0;2023;12;18;6;3;2;7;2;1;1;1;0;0;0;0;360190,285699999891222;5700732,625000000000000;6,988346584000055;51,440509467000027;1
62130;5231222501323081910;5;1;12;0;2023;12;9;6;2;5;3;0;0;1;1;0;0;0;0;344057,449900000356138;5694664,847699999809265;6,759068468000066;51,381779441000049;1
62131;5231222501315978216;5;1;12;0;2023;12;17;6;3;5;3;2;1;1;0;0;1;0;0;346216,171000000089407;5699320,220000000670552;6,788046914000063;51,424197711000033;1
62148;5231222410210033657;5;7;70;20;2023;12;16;6;3;5;3;2;1;1;1;0;0;0;0;470174,818199999630451;5794766,099199999123812;8,562595916000021;52,302428318000068;1
62150;5231222407155687150;5;7;62;16;2023;12;20;6;2;8;6;2;1;1;0;0;0;1;0;510214,372000000439584;5723191,854000000283122;9,147670608000055;51,659622233000050;1
62156;5231222317140599566;5;9;78;28;2023;12;16;6;3;5;3;2;1;1;1;0;0;0;0;398482,175999999977648;5698271,187100000679493;7,539786786000036;51,426542158000075;1
62157;5231222316300587000;5;9;74;28;2023;12;12;6;3;5;3;0;1;1;1;0;0;0;0;455569,131799999624491;5724436,659700000658631;8,357519028000070;51,669150618000060;1
62158;5231222316100782384;5;9;74;40;2023;12;9;6;2;5;2;0;1;1;1;0;0;0;0;437479,569600000046194;5712983,249199999496341;8,098013234000064;51,564457637000032;1
62170;5231222303200979752;5;9;15;0;2023;12;8;6;3;5;3;0;1;1;1;0;0;0;0;414585,177299999631941;5727348,858300000429153;7,764281614000026;51,690593545000070;1
62171;5231222303100096700;5;9;15;0;2023;12;10;6;3;5;2;0;1;1;1;0;0;0;0;417223,768000000156462;5727166,378000000491738;7,802488952000033;51,689348417000076;1
62187;5231222300500978213;5;9;11;0;2023;12;21;6;3;0;1;2;1;1;0;0;0;0;0;376320,161399999633431;5703081,354699999094009;7,219481984000026;51,465370352000036;1
62190;5231222300300089952;5;9;11;0;2023;12;17;6;3;5;3;2;1;1;1;0;0;0;0;382351,454199999570847;5704512,616800000891089;7,305791194000051;51,479520291000028;1
62193;5231222300100896624;5;9;11;0;2023;12;7;6;3;0;1;2;1;1;0;0;0;0;0;377437,813500000163913;5705633,374099999666214;7,234678236000036;51,488549761000058;1
62200;5231221705000979784;5;5;54;48;2023;12;11;5;3;0;3;0;1;1;1;0;0;0;0;341675,148000000044703;5745014,088999999687076;6,702127607000023;51,833477565000067;1
62206;5231221702100291836;5;5;15;0;2023;12;17;5;2;0;7;2;1;1;0;0;0;0;0;406074,437500000000000;5757733,078400000929832;7,632946271000037;51,962348167000073;1
62207;5231221702100191833;5;5;15;0;2023;12;6;5;3;0;3;2;1;1;1;0;0;0;0;409072,111999999731779;5752860,084000000730157;7,677852115000064;51,919044881000048;1
62210;5231221701500395098;5;5;62;24;2023;12;19;5;3;5;3;2;1;1;1;0;0;0;0;371349,250099999830127;5725610,686200000345707;7,139712360000033;51,666731138000046;1
62230;5231221602800990924;5;3;62;20;2023;12;17;5;3;7;1;2;1;1;0;0;0;0;0;347750,611700000241399;5632791,672199999913573;6,838200652000069;50,826798660000065;1
62244;5231221601200072648;5;3;15;0;2023;12;16;5;3;0;7;0;1;1;0;0;0;0;0;354207,518899999558926;5644389,904500000178814;6,925191713000061;50,932691695000074;1
62255;5231221515110082238;5;1;54;4;2023;12;17;5;3;6;7;2;1;1;0;1;0;0;0;305237,348299999721348;5738926,118200000375509;6,177329427000075;51,767292417000078;1
62259;5231221514210085922;5;1;66;12;2023;12;18;5;3;0;3;2;1;1;0;0;0;0;1;320237,838100000284612;5693749,532299999147654;6,417586722000067;51,366515189000040;1
62265;5231221503300776210;5;1;20;0;2023;12;6;5;3;5;3;2;1;1;1;0;0;0;0;377829,190999999642372;5673590,278000000864267;7,251310594000074;51,200639142000057;1
62279;5231221500200295540;5;1;11;0;2023;12;21;5;3;0;7;2;1;1;0;0;0;0;0;345414,752299999818206;5682729,271999999880791;6,783735679000074;51,274906633000057;1
62292;5231221407101979778;5;7;62;20;2023;12;15;5;3;5;3;0;1;1;1;0;0;0;0;526626,906999999657273;5737204,588999999687076;9,386016350000034;51,785075300000074;1
62293;5231221406110882116;5;7;58;12;2023;12;10;5;3;2;6;0;1;1;1;0;0;0;0;475920,569500000216067;5774615,798200000077486;8,648292426000069;52,121549762000029;1
62300;5231221400200978228;5;7;11;0;2023;12;21;5;3;0;7;2;1;1;0;0;0;0;0;473312,144700000062585;5761556,450600000098348;8,611215114000061;52,004017898000029;1
62303;5231221316500353253;5;9;74;20;2023;12;14;5;3;5;3;0;1;1;1;0;0;0;0;465865,997999999672174;5721575,162000000476837;8,506686742000056;51,644142479000038;1
62321;5231221301302089244;5;9;13;0;2023;12;13;5;3;4;6;0;1;1;1;0;0;0;0;398718,694000000134110;5710796,528000000864267;7,539595120000058;51,539172736000069;1
62322;5231221301204979796;5;9;13;0;2023;12;2;5;3;5;3;2;0;1;1;0;0;0;0;386439,553799999877810;5706290,544099999591708;7,364064064000047;51,496335976000069;1
62325;5231221301101978231;5;9;13;0;2023;12;17;5;3;5;2;2;1;1;1;0;0;0;0;393689,935300000011921;5707621,340399999171495;7,468069418000027;51,509707897000055;1
62327;5231221301101154085;5;9;13;0;2023;12;15;5;3;1;5;0;0;1;1;0;0;0;0;392529,085500000044703;5708052,778400000184774;7,451216560000034;51,513366236000081;1
62340;5231220706100972374;5;5;58;16;2023;12;16;4;3;5;3;1;1;1;0;0;0;0;1;382327,896399999968708;5743286,329500000923872;7,292403314000069;51,827995088000080;1
62344;5231220702100991833;5;5;15;0;2023;12;11;4;3;5;2;0;1;1;0;0;0;1;0;407061,588000000454485;5757345,232999999076128;7,647414494000031;51,959027910000032;1
62346;5231220702100372392;5;5;15;0;2023;12;8;4;3;5;2;1;1;1;1;0;0;0;0;407646,849999999627471;5754822,064999999478459;7,656607510000072;51,936445771000081;1
62347;5231220702100091864;5;5;15;0;2023;12;16;4;3;6;6;1;1;1;0;1;0;0;0;401450,363800000399351;5759087,843200000002980;7,565277897000044;51,973724627000081;1
62349;5231220701800377640;5;5;62;4;2023;12;5;4;3;5;3;2;1;1;1;0;0;0;0;380942,018000000156462;5714223,740000000223517;7,282222524000076;51,566505615000040;1
62351;5231220700000999903;5;5;13;0;2023;12;13;4;2;0;7;0;0;1;0;0;0;0;1;370989,914200000464916;5712985,684900000691414;7,139165508000076;51,553190387000029;1
62356;5231220609108889826;5;3;58;8;2023;12;11;4;3;3;1;0;1;1;1;0;0;0;0;322339,456399999558926;5631014,046700000762939;6,478593087000036;50,803589262000060;1
62359;5231220608312287645;5;3;34;12;2023;12;12;4;3;5;3;0;0;1;1;0;0;0;0;306059,798000000417233;5633733,085000000894070;6,246383758000036;50,822793388000036;1
62368;5231220601400979800;5;3;15;0;2023;12;21;4;3;0;1;2;1;1;0;0;0;0;0;354671,897699999623001;5646015,684299999848008;6,931147255000042;50,947419331000049;1
62370;5231220601200726410;5;3;15;0;2023;12;10;4;3;0;1;0;1;1;0;0;0;0;0;357469,631199999712408;5642101,587700000032783;6,972478564000028;50,912942008000073;1
62371;5231220601100978258;5;3;15;0;2023;12;0;4;3;0;6;2;0;1;1;0;0;0;0;356105,512799999676645;5643381,587999999523163;6,952581957000064;50,924106741000060;1
62374;5231220518200979820;5;1;70;24;2023;12;8;4;3;5;3;2;1;1;1;0;0;0;0;336487,226999999955297;5705327,600999999791384;6,645457503000046;51,475446342000055;1
62394;5231220502208275244;5;1;13;0;2023;12;22;4;3;0;7;2;1;1;0;0;0;0;0;358263,458999999798834;5701643,610999999567866;6,960276358000044;51,448216844000058;1
62399;5231220501315978244;5;1;12;0;2023;12;17;4;3;0;2;2;1;1;1;0;0;0;0;346008,170599999837577;5700246,679999999701977;6,784654829000033;51,432465586000035;1
62401;5231230701700681151;5;5;62;16;2023;12;12;7;3;5;2;0;0;1;1;0;0;0;0;374140,617800000123680;5733867,876700000837445;7,177072492000036;51,741569583000057;1
62410;5231220500200873580;5;1;11;0;2023;12;12;4;3;5;3;0;0;1;1;0;0;0;0;346156,650999999605119;5679689,281999999657273;6,795671214000038;51,247791800000073;1
62412;5231220500200094870;5;1;11;0;2023;12;20;4;3;0;5;2;0;1;0;1;0;0;0;346963,190700000151992;5680844,364399999380112;6,806724560000021;51,258387788000050;1
62413;5231220500100587438;5;1;11;0;2023;12;19;4;3;5;2;2;1;1;1;0;0;0;0;343037,814000000245869;5678018,075999999418855;6,751752279000073;51,231925934000060;1
62444;5231220301302978255;5;9;13;0;2023;12;9;4;3;5;2;0;0;1;1;0;0;0;0;395639,581500000320375;5708081,017999999225140;7,496017278000068;51,514203230000078;1
62456;5231220300500978250;5;9;11;0;2023;12;14;4;3;0;7;0;1;1;0;0;0;0;0;376191,302600000053644;5703675,335699999704957;7,217419802000052;51,470680534000053;1
62457;5231220300200299387;5;9;11;0;2023;12;12;4;3;5;3;0;1;1;1;0;0;0;0;370131,875199999660254;5705143,515900000929832;7,129686092000043;51,482516753000027;1
62465;5231219709700896558;5;5;66;76;2023;12;17;3;3;4;6;2;1;1;0;0;0;0;0;395112,992999999783933;5788296,596999999135733;7,464056515000038;52,235080863000064;1
62472;5231219709110996547;5;5;66;4;2023;12;7;3;3;5;3;2;1;1;1;0;0;0;0;394745,660000000149012;5767524,367900000885129;7,465112183000031;52,048320379000074;1
62474;5231219709110978275;5;5;66;8;2023;12;7;3;3;5;3;1;1;1;1;0;0;0;0;397928,785299999639392;5780573,960699999704957;7,507602217000056;52,166202181000074;1
62477;5231219705000978167;5;5;54;32;2023;12;7;3;3;4;6;2;1;1;0;0;0;0;0;324715,351999999955297;5746309,533900000154972;6,455572000000075;51,840049863000047;1
170340;5230118515110022282;5;1;54;36;2023;1;13;4;3;1;1;0;0;1;1;0;0;0;0;301173,728000000119209;5739903,078099999576807;6,117956231000051;51,774637408000046;1
170341;5230118514118096000;5;1;66;16;2023;1;7;4;3;1;5;0;2;1;1;0;0;0;0;310480,593299999833107;5687045,320800000801682;6,281148978000033;51,303127478000079;1
170345;5230118505100082352;5;1;14;0;2023;1;8;4;2;0;7;2;2;1;0;0;0;0;0;331503,902700000442564;5689034,692600000649691;6,581503678000047;51,327611401000070;1
170349;5230118502321017057;5;1;13;0;2023;1;11;4;3;0;5;0;0;1;1;0;0;0;0;356936,786600000225008;5704027,430099999532104;6,940233116000059;51,469304193000028;1
170353;5230118501134295522;5;1;12;0;2023;1;8;4;3;5;3;0;0;1;1;0;0;0;0;343648,089499999769032;5711580,135800000280142;6,745712781000066;51,533648170000049;1
170358;5230118411132577876;5;7;74;32;2023;1;16;4;3;5;2;0;0;1;1;0;0;0;0;483302,885999999940395;5730227,672000000253320;8,758271467000043;51,722728535000044;1
170360;5230118405140387158;5;7;54;40;2023;1;6;4;3;1;5;2;0;1;1;0;0;0;0;454965,150700000114739;5760095,725400000810623;8,344145725000033;51,989700178000078;1
170361;5230118405108378111;5;7;54;8;2023;1;14;4;3;5;3;0;0;1;1;0;0;0;0;456452,907700000330806;5751343,394300000742078;8,366919899000038;51,911131129000069;1
170362;5230118405108078047;5;7;54;8;2023;1;10;4;3;0;6;0;0;1;1;0;0;0;0;458150,902999999932945;5752735,139000000432134;8,391434375000074;51,923773894000078;1