OID_;UIDENTSTLAE;ULAND;UREGBEZ;UKREIS;UGEMEINDE;UJAHR;UMONAT;USTUNDE;UWOCHENTAG;UKATEGORIE;UART;UTYP1;ULICHTVERH;IstStrassenzustand;IstRad;IstPKW;IstFuss;IstKrad;IstGkfz;IstSonstige;LINREFX;LINREFY;XGCSWGS84;YGCSWGS84;PLST
170369;5230117709000992038;5;5;66;12;2023;1;16;3;3;5;3;0;0;1;1;0;0;0;0;406225,413999999873340;5771863,104000000283122;7,631270661000030;52,089379385000029;1
170373;5230117701610989512;5;5;62;12;2023;1;10;3;2;5;3;0;0;1;1;0;0;0;0;358664,887600000016391;5725272,581299999728799;6,956553482000061;51,660645842000065;1
170375;5230117701400348096;5;5;12;0;2023;1;14;3;3;5;2;0;0;1;1;0;0;0;0;359107,075799999758601;5712075,344799999147654;6,968243737000023;51,542167841000037;1
170376;5230117701120995124;5;5;62;32;2023;1;9;3;3;5;3;0;1;1;1;0;0;0;0;374155,614099999889731;5713880,055299999192357;7,184482317000061;51,561943239000072;1
170383;5230117609108377587;5;3;58;8;2023;1;11;3;3;5;3;0;0;1;1;0;0;0;0;323860,910000000149012;5631075,291999999433756;6,500134554000056;50,804603985000028;1
170384;5230117609108200000;5;3;58;8;2023;1;15;3;3;6;4;0;0;1;0;1;0;0;0;318694,644999999552965;5636406,161199999973178;6,424254170000040;50,850901384000053;1
170386;5230117608200571773;5;3;34;2;2023;1;7;3;3;0;7;2;2;1;0;0;0;0;0;294491,406600000336766;5632366,356000000610948;6,083118825000042;50,806529142000045;1
170387;5230117608200089778;5;3;34;2;2023;1;7;3;3;0;1;1;2;1;0;0;0;0;0;299152,191399999894202;5626095,717399999499321;6,152608205000035;50,751842385000032;1
170388;5230117608100885806;5;3;34;2;2023;1;7;3;3;0;1;2;2;1;0;0;0;0;0;293650,467500000260770;5627442,384299999102950;6,073963383000034;50,762007667000034;1
170389;5230117608100794773;5;3;34;2;2023;1;8;3;2;0;1;1;2;1;0;0;0;0;0;293361,696999999694526;5627307,575799999758601;6,069950001000052;50,760694194000052;1
170390;5230117608100694860;5;3;34;2;2023;1;8;3;3;0;2;0;2;1;0;0;0;0;0;295345,447999999858439;5626887,754000000655651;6,098273505000066;50,757626537000078;1
170391;5230117608100585867;5;3;34;2;2023;1;7;3;3;0;1;2;2;1;0;0;0;0;0;293638,912299999967217;5627422,535299999639392;6,073810886000047;50,761825292000026;1
170392;5230117608100480781;5;3;34;2;2023;1;7;3;3;0;1;2;2;1;0;0;0;0;0;293617,500599999912083;5627452,145899999886751;6,073491090000061;50,762083615000051;1
170393;5230117608100394761;5;3;34;2;2023;1;8;3;2;0;1;0;2;1;0;0;0;0;0;295338,516999999992549;5626875,408999999985099;6,098182230000020;50,757513218000042;1
170394;5230117608100094775;5;3;34;2;2023;1;8;3;3;0;1;1;2;1;0;0;0;0;0;293318,752000000327826;5627479,542799999937415;6,069245354000032;50,762223355000060;1
170395;5230117608100094774;5;3;34;2;2023;1;8;3;3;0;1;1;2;1;0;0;0;0;0;293647,314799999818206;5627438,322200000286102;6,073921017000032;50,761970064000081;1
170398;5230117602800699710;5;3;62;12;2023;1;8;3;3;5;2;1;1;1;1;0;0;0;0;351430,525000000372529;5631976,448000000789762;6,890743955000062;50,820428569000057;1
170399;5230117602500447523;5;3;62;24;2023;1;14;3;3;7;1;0;0;1;0;0;0;0;0;345749,865199999883771;5641602,186300000175834;6,806099433000043;50,905441398000050;1
170400;5230117602400280808;5;3;62;32;2023;1;13;3;3;7;1;0;0;1;0;0;0;0;0;339286,085500000044703;5642320,572899999096990;6,713925383000060;50,910133366000082;1
170402;5230117601600992040;5;3;15;0;2023;1;14;3;3;0;7;0;0;1;1;0;0;0;0;364164,609299999661744;5639654,878799999132752;7,068566947000022;50,892566676000058;1
170403;5230117601500699014;5;3;15;0;2023;1;14;3;3;6;6;0;0;1;0;1;0;0;0;356759,305999999865890;5645271,678999999538064;6,961135384000045;50,941255507000051;1
170405;5230117601300990557;5;3;15;0;2023;1;8;3;3;2;2;1;0;1;1;0;0;0;0;352715,722000000067055;5647084,987999999895692;6,902886878000061;50,956532209000045;1
170406;5230117601300969764;5;3;15;0;2023;1;8;3;3;7;1;1;0;1;0;0;0;0;0;354645,702300000004470;5646231,333799999207258;6,930688524000061;50,949350706000075;1
170407;5230117601200599188;5;3;15;0;2023;1;8;3;3;5;3;0;1;1;1;0;0;0;0;359591,995000000111759;5637383,031999999657273;7,004463439000062;50,871055610000042;1
170408;5230117600350091000;5;3;82;32;2023;1;7;3;3;5;3;2;1;1;1;0;0;0;0;359919,153900000266731;5610043,972200000658631;7,019508130000077;50,625425616000030;1
170409;5230117600310991847;5;3;14;0;2023;1;17;3;3;5;3;0;0;1;0;0;1;0;0;363845,596099999733269;5619593,464999999850988;7,071472731000028;50,712185841000064;1
170411;5230117600110234435;5;3;14;0;2023;1;12;3;3;5;3;0;0;1;1;0;0;0;0;363682,782100000418723;5621132,165100000798702;7,068599436000056;50,725977245000081;1
170412;5230117518400786782;5;1;70;8;2023;1;6;3;3;5;3;2;1;1;1;0;0;0;0;343452,669900000095367;5716545,646600000560284;6,740687186000059;51,578207405000057;1
170414;5230117515110279067;5;1;54;36;2023;1;21;3;2;0;1;2;1;1;0;0;0;0;0;302709,386199999600649;5741386,337799999862909;6,139343058000065;51,788500489000057;1
170415;5230117513330245627;5;1;62;12;2023;1;7;3;2;0;1;2;2;1;0;0;0;0;0;327683,466799999587238;5666161,423599999397993;6,537716623000051;51,120977794000055;1
170417;5230117513310195447;5;1;62;8;2023;1;8;3;3;5;2;0;0;1;1;0;0;0;0;331918,624599999748170;5661132,001900000497699;6,600517902000036;51,077049309000074;1
170420;5230117506100992047;5;1;16;0;2023;1;8;3;2;0;1;0;2;1;0;0;0;0;0;314558,702700000256300;5675279,541300000622869;6,345681226000067;51,198785198000053;1
170421;5230117506100791424;5;1;16;0;2023;1;9;3;3;0;1;0;2;1;0;0;0;0;0;316090,175999999977648;5670128,027000000700355;6,370212699000035;51,153005460000031;1
170422;5230117506100472074;5;1;16;0;2023;1;11;3;2;5;3;0;1;1;1;0;0;0;0;321159,245099999941885;5674327,119799999520183;6,440529701000060;51,192333465000047;1
170431;5230117500200992040;5;1;11;0;2023;1;14;3;2;5;3;0;0;1;1;0;0;0;0;346678,196200000122190;5676952,584400000050664;6,804309573000069;51,223341576000053;1
170433;5230117500100581927;5;1;11;0;2023;1;14;3;3;5;3;0;0;1;1;0;0;0;0;347107,412100000306964;5675723,268699999898672;6,810975630000030;51,212410564000038;1
170434;5230117411132572233;5;7;74;32;2023;1;6;3;2;4;5;2;1;1;1;0;0;0;0;483223,725999999791384;5730767,060000000521541;8,757099469000025;51,727575972000068;1
170436;5230117317250518406;5;9;78;32;2023;1;6;3;3;5;2;2;1;1;1;0;0;0;0;393996,560899999924004;5724901,489600000903010;7,467267492000076;51,665086118000033;1
170438;5230117506100691440;5;1;16;0;2023;1;10;3;2;0;1;0;2;1;0;0;0;0;0;318200,917999999597669;5675703,219000000506639;6,397541355000044;51,203761498000063;1
170439;5230117316200094251;5;9;74;52;2023;1;5;3;3;5;2;2;1;1;1;0;0;0;0;423771,394000000320375;5712969,327999999746680;7,900283099000035;51,562646042000040;1
170440;5230117313121073332;5;9;58;32;2023;1;18;3;3;0;1;2;2;1;0;0;0;0;0;454009,742999999783933;5689409,209000000730157;8,339541412000074;51,354089532000046;1
170442;5230117307000770000;5;9;62;24;2023;1;17;3;3;1;1;2;2;1;1;0;0;0;0;410456,747999999672174;5692774,315999999642372;7,713364446000071;51,379146181000067;1
170446;5230116711211886958;5;5;70;4;2023;1;15;2;3;6;4;0;0;1;0;1;0;0;0;423759,778900000266731;5735960,628000000491738;7,895098655000027;51,769331804000046;1
170447;5230116709500328401;5;5;66;76;2023;1;15;2;3;1;3;0;1;1;1;0;0;0;0;393767,678799999877810;5793925,371300000697374;7,442592324000032;52,285410071000058;1
170448;5230116709300138293;5;5;66;84;2023;1;7;2;3;3;6;1;0;1;1;0;0;0;0;390159,881699999794364;5773996,637399999424815;7,396183348000022;52,105598950000058;1
170449;5230116705000016031;5;5;54;12;2023;1;7;2;3;0;2;2;0;1;0;0;0;0;0;354042,310100000351667;5747489,993899999186397;6,880437173000075;51,859092263000036;1
170450;5230116700000495020;5;5;13;0;2023;1;15;2;3;5;2;0;1;1;1;0;0;0;0;362789,273599999956787;5715419,744599999859929;7,020003513000063;51,573128708000070;1
170451;5230116608332689844;5;3;34;32;2023;1;8;2;3;5;2;1;0;1;1;0;0;0;0;305365,477300000376999;5628976,190500000491738;6,239058798000030;50,779832357000032;1
170453;5230116606100581742;5;3;78;4;2023;1;15;2;3;2;3;0;1;1;1;0;0;0;0;368384,422299999743700;5650626,776100000366569;7,124568846000045;50,992156674000057;1
170455;5230116602500611105;5;3;62;24;2023;1;17;2;3;0;1;2;1;1;0;0;0;0;0;342382,660500000230968;5645234,627499999478459;6,756676659000050;50,937172091000036;1
170456;5230116601700895391;5;3;16;0;2023;1;16;2;3;0;5;0;1;1;1;0;0;0;0;359693,546900000423193;5659189,762199999764562;6,997493470000052;51,067058961000043;1
170457;5230116601700890450;5;3;16;0;2023;1;18;2;3;5;3;2;1;1;1;0;0;0;0;359504,976200000382960;5655882,854900000616908;6,996087363000072;51,037293957000031;1
170460;5230116601200178460;5;3;15;0;2023;1;17;2;3;5;3;2;1;1;1;0;0;0;0;353437,356300000101328;5643851,908299999311566;6,914455395000061;50,927661722000039;1
170461;5230116601100992070;5;3;15;0;2023;1;12;2;3;3;6;0;0;1;1;0;0;0;0;354965,656399999745190;5643921,293099999427795;6,936159904000021;50,928671534000046;1
170465;5230116518200992070;5;1;70;24;2023;1;13;2;2;3;3;0;1;1;1;0;0;0;0;337259,279000000096858;5701964,411000000312924;6,658112617000029;51,445453148000070;1
170466;5230116518100992073;5;1;70;48;2023;1;13;2;3;5;3;0;1;1;1;0;0;0;0;335943,453999999910593;5725141,791999999433756;6,628386804000058;51,653298617000075;1
170467;5230116518100696111;5;1;70;48;2023;1;17;2;3;5;3;2;1;1;1;0;0;0;0;335569,621299999766052;5725578,767500000074506;6,622782173000076;51,657115082000075;1
170469;5230116516500986747;5;1;58;16;2023;1;11;2;3;5;3;0;0;1;1;0;0;0;0;355511,447700000368059;5671073,030799999833107;6,933084265000048;51,172810190000064;1
170471;5230116515111992082;5;1;54;8;2023;1;7;2;3;0;3;2;1;1;1;0;0;0;0;310373,742499999701977;5746607,381100000813603;6,247475765000047;51,838039982000055;1
170473;5230116508000489498;5;1;19;0;2023;1;11;2;2;5;3;0;1;1;0;0;0;0;1;350728,246700000017881;5703142,899199999868870;6,851284711000062;51,459752654000056;1
170483;5230116500300992080;5;1;11;0;2023;1;10;2;3;0;1;0;1;1;0;0;0;0;0;344610,878399999812245;5675797,486600000411272;6,775228268000035;51,212403610000081;1
170489;5230116315110585258;5;9;70;40;2023;1;17;2;3;3;6;2;1;1;1;0;0;0;0;431968,369699999690056;5639461,482699999585748;8,032479367000064;50,902797385000042;1
170491;5230116303100594442;5;9;15;0;2023;1;13;2;3;5;3;0;0;1;1;0;0;0;0;421826,030100000090897;5727069,687400000169873;7,869076445000076;51,689138935000074;1
170495;5230118300600561171;5;9;16;0;2023;1;12;4;3;0;7;0;0;1;0;0;0;0;0;379420,031700000166893;5711960,780700000002980;7,261049993000029;51,545843882000042;1
170499;5230115601100499150;5;3;15;0;2023;1;1;1;3;0;1;2;1;1;0;0;0;0;0;355842,166899999603629;5642703,593699999153614;6,949105464000070;50,917947964000064;1
170504;5230115518400089322;5;1;70;8;2023;1;14;1;2;0;7;0;0;1;0;0;0;0;0;342982,649100000038743;5714909,543099999427795;6,734640599000045;51,563376973000061;1
170506;5230115502134495022;5;1;13;0;2023;1;10;1;2;0;1;0;1;1;0;0;0;0;0;365131,691599999554455;5700605,699799999594688;7,059449769000025;51,440566934000060;1
170509;5230115307000056227;5;9;62;52;2023;1;4;1;3;0;1;2;1;1;0;0;0;0;0;420881,162299999967217;5673183,255400000140071;7,867459656000051;51,204565768000066;1
170510;5230115303100992091;5;9;15;0;2023;1;11;1;2;5;3;0;1;1;1;0;0;0;0;420294,517099999822676;5728655,680299999192357;7,846562779000067;51,703181032000032;1
170517;5230114706000992107;5;5;58;36;2023;1;10;7;3;5;5;0;1;1;1;0;0;0;0;387980,974000000394881;5729705,208000000566244;7,378781152000045;51,707094165000058;1
170519;5230114705000581102;5;5;54;68;2023;1;12;7;3;5;3;0;1;1;1;0;0;0;0;350595,324900000356138;5766889,348099999129772;6,821989409000025;52,032474892000039;1
170520;5230114702100579193;5;5;15;0;2023;1;11;7;3;0;7;1;1;1;1;0;0;0;0;409680,131099999882281;5752233,379399999976158;7,686854944000061;51,913510564000035;1
170528;5230114601200087077;5;3;15;0;2023;1;19;7;3;3;6;2;1;1;0;0;0;0;0;354243,019600000232458;5642279,594699999317527;6,926540066000030;50,913735898000027;1
170532;5230114515111091854;5;1;54;8;2023;1;12;7;3;5;3;0;1;1;1;0;0;0;0;309900,604000000283122;5746205,419999999925494;6,240837309000028;51,834269233000043;1
170542;5230114411132782091;5;7;74;32;2023;1;1;7;2;0;1;2;1;1;0;0;0;0;0;486121,603000000119209;5729302,630999999120831;8,799115338000036;51,714488035000045;1
170544;5230114406110096808;5;7;58;12;2023;1;3;7;2;7;1;2;1;1;0;0;0;0;0;478158,855999999679625;5773226,080399999395013;8,681073754000067;52,109148279000067;1
170545;5230114405108687127;5;7;54;8;2023;1;13;7;3;5;3;0;1;1;1;0;0;0;1;457549,776899999938905;5751255,308399999514222;8,382875837000029;51,910423869000056;1
170554;5230114300400763868;5;9;11;0;2023;1;12;7;3;1;5;0;0;1;1;0;0;0;0;373648,946999999694526;5701685,562999999150634;7,181546009000044;51,452235943000062;1
170556;5230113711413091693;5;5;70;28;2023;1;14;6;3;0;1;0;1;1;0;0;0;0;0;441527,338299999944866;5742871,956199999898672;8,151391820000072;51,833604521000041;1
170558;5230113709110992131;5;5;66;8;2023;1;6;6;2;0;3;2;0;1;1;0;0;0;0;398874,647300000302494;5782290,311599999666214;7,520915155000068;52,181802331000029;1
170560;5230113701800579370;5;5;62;4;2023;1;13;6;3;5;3;0;1;1;1;0;0;0;0;383340,712600000202656;5716258,964400000870228;7,316138849000026;51,585299007000060;1
170561;5230113701400495791;5;5;12;0;2023;1;11;6;3;5;3;0;0;1;1;0;0;0;0;358130,162299999967217;5713083,618200000375509;6,953759177000052;51,550983392000035;1
170563;5230113701110469388;5;5;62;32;2023;1;15;6;3;1;5;0;1;1;1;0;0;0;0;373835,189899999648333;5720139,956599999219179;7,177611824000053;51,618129649000082;1
170564;5230113700000579550;5;5;13;0;2023;1;13;6;3;6;6;0;1;1;0;1;0;0;0;364388,785299999639392;5716690,020099999383092;7,042579903000046;51,584930872000029;1
170565;5230113609224400000;5;3;58;24;2023;1;16;6;3;5;3;2;0;1;1;0;0;0;0;314023,709400000050664;5644151,890399999916553;6,354029097000023;50,918999294000059;1
170567;5230113607300286296;5;3;82;16;2023;1;11;6;3;5;3;0;1;1;1;0;0;0;0;391568,286000000312924;5625641,591000000014901;7,462194172000068;50,772389692000047;1
170569;5230113605112899186;5;3;74;12;2023;1;14;6;3;2;6;0;1;1;1;0;0;0;0;397255,614000000059605;5648207,890000000596046;7,536483565000026;50,976290916000039;1
170570;5230113601300799808;5;3;15;0;2023;1;10;6;3;5;3;0;0;1;1;0;0;0;0;353678,616000000387430;5648395,108999999240041;6,916060492000042;50,968551040000079;1
170572;5230113601100590878;5;3;15;0;2023;1;7;6;3;5;3;0;0;1;1;0;0;0;0;356799,984000000171363;5645343,496999999508262;6,961685764000038;50,941911032000064;1
170574;5230113600380578213;5;3;14;0;2023;1;10;6;3;5;3;0;1;1;1;0;0;0;0;370058,758999999612570;5617697,451999999582767;7,160095321000028;50,696566055000062;1
170577;5230113600110095663;5;3;14;0;2023;1;9;6;3;5;2;0;0;1;1;0;0;0;0;363904,196000000461936;5622127,942500000819564;7,071367044000056;50,734979020000026;1
170582;5230113518100685933;5;1;70;48;2023;1;7;6;3;3;1;0;0;1;0;0;0;0;0;333271,053799999877810;5728375,431299999356270;6,588248027000020;51,681561864000059;1
170583;5230113516000191288;5;1;58;28;2023;1;11;6;3;0;7;0;1;1;0;0;0;0;1;348617,286999999545515;5688581,515000000596046;6,827131550000047;51,328352195000036;1
170587;5230113506100691376;5;1;16;0;2023;1;11;6;3;3;2;0;0;1;1;0;0;0;0;321799,415699999779463;5676578,257300000637770;6,448564042000044;51,212755997000045;1
170591;5230113502300094981;5;1;13;0;2023;1;13;6;3;2;6;0;1;1;0;0;0;1;0;359650,529900000430644;5705236,424799999222159;6,978797847000067;51,480848006000031;1
170593;5230113502103785404;5;1;13;0;2023;1;14;6;2;4;2;0;0;1;1;0;0;0;0;362010,927000000141561;5703233,301000000908971;7,013550483000074;51,463427973000080;1
170596;5230113411132992133;5;7;74;32;2023;1;6;6;3;5;1;2;1;1;0;0;1;0;0;483182,048000000417233;5730155,417999999597669;8,756525570000065;51,722075266000047;1
170597;5230113411132992116;5;7;74;32;2023;1;17;6;3;5;3;2;1;1;1;0;0;0;0;483203,540799999609590;5730927,562899999320507;8,756799470000033;51,729018496000037;1
170600;5230113410230296845;5;7;70;4;2023;1;15;6;2;5;3;0;0;1;1;0;0;0;0;486212,256000000052154;5782811,666999999433756;8,798280042000044;52,195588544000032;1
170601;5230113404102096800;5;7;66;56;2023;1;5;6;3;5;3;2;0;1;1;0;0;0;0;475158,212000000290573;5753893,372099999338388;8,638662306000072;51,935206179000033;1
170616;5230112701500353351;5;5;62;24;2023;1;7;5;3;5;3;2;1;1;1;0;0;0;0;370470,105100000277162;5725159,448899999260902;7,127174489000026;51,662474044000078;1
170624;5230112609108906037;5;3;58;8;2023;1;13;5;3;3;2;0;0;1;1;0;0;0;0;321632,824000000022352;5633672,009999999776483;6,467282807000061;50,827251314000080;1
170625;5230112608100594802;5;3;34;2;2023;1;18;5;2;1;1;2;1;1;1;0;0;0;0;293842,118099999614060;5628829,864299999549985;6,075899852000020;50,774536931000057;1
170626;5230112602300199675;5;3;62;36;2023;1;9;5;3;0;1;0;1;1;0;0;0;0;0;347451,199000000022352;5650431,122999999672174;6,826580861000025;50,985231332000069;1
170629;5230112601500399056;5;3;15;0;2023;1;19;5;3;5;3;2;1;1;1;0;0;0;0;359955,738499999977648;5647253,103299999609590;7,005840955000053;50,959848055000066;1
170632;5230112601300578625;5;3;15;0;2023;1;21;5;2;5;3;2;1;1;0;0;0;0;0;353658,963899999856949;5646014,614499999210238;6,916737982000029;50,947153465000042;1
170634;5230112601200299153;5;3;15;0;2023;1;14;5;3;6;7;0;1;1;0;1;0;0;0;353664,468600000254810;5642042,717599999159575;6,918410705000042;50,911460757000043;1
170635;5230112601200281745;5;3;15;0;2023;1;19;5;3;5;3;2;1;1;0;0;1;0;0;352782,098699999973178;5643048,341600000858307;6,905462330000034;50,920273538000060;1
170636;5230112601100981300;5;3;15;0;2023;1;16;5;3;5;3;1;1;1;1;0;0;0;0;356727,999599999748170;5643410,338099999353290;6,961421774000030;50,924520035000057;1
170637;5230112601100478583;5;3;15;0;2023;1;18;5;3;5;2;2;1;1;0;0;0;0;1;355661,918999999761581;5644627,687000000849366;6,945781167000064;50,935194409000076;1
170639;5230112600110394924;5;3;14;0;2023;1;15;5;3;0;4;0;1;1;0;1;0;0;0;366566,719299999997020;5619787,896900000050664;7,109922547000053;50,714564423000070;1
170640;5230112518100991653;5;1;70;48;2023;1;18;5;3;5;2;2;1;1;1;0;0;0;0;335151,220999999903142;5725378,533999999985099;6,616833271000075;51,655193701000030;1
170644;5230112516100992080;5;1;58;32;2023;1;20;5;3;7;1;2;1;1;1;0;0;0;0;369193,054899999871850;5691257,546800000593066;7,121298292000063;51,357507206000037;1
170657;5230112500300991654;5;1;11;0;2023;1;16;5;3;5;2;1;0;1;0;0;0;0;1;343856,709900000132620;5675238,147399999201298;6,764682759000038;51,207172063000030;1
170661;5230112500200746013;5;1;11;0;2023;1;8;5;3;2;6;1;1;1;1;0;0;0;0;344734,688000000081956;5679942,185900000855327;6,775203462000036;51,249678913000082;1
170664;5230112411232992121;5;7;74;32;2023;1;9;5;2;5;3;0;0;1;1;0;0;0;0;481449,362999999895692;5732877,048000000417233;8,731296595000060;51,746491524000078;1
170667;5230112406220333660;5;7;58;24;2023;1;17;5;3;5;3;2;1;1;0;0;0;0;1;479948,204199999570847;5783890,247800000011921;8,706571816000064;52,205093314000067;1
170672;5230112400200961604;5;7;11;0;2023;1;17;5;3;4;2;2;1;1;1;0;0;0;0;467863,833999999798834;5764181,969000000506639;8,531601075000026;52,027334295000060;1
170676;5230112303100992150;5;9;15;0;2023;1;6;5;2;2;1;2;1;1;1;0;0;0;0;418421,454699999652803;5729262,471300000324845;7,819321372000047;51,708366590000026;1
170681;5230112300000390023;5;9;11;0;2023;1;17;5;3;1;5;2;0;1;1;0;0;0;0;376362,101599999703467;5705681,216099999845028;7,219175501000052;51,488745558000062;1
170683;5230111711311502616;5;5;70;8;2023;1;7;4;3;6;4;2;1;1;0;1;0;0;0;433502,076500000432134;5733576,540200000628829;8,036720722000041;51,749140825000040;1
170684;5230111709800381125;5;5;66;40;2023;1;13;4;3;2;7;0;1;1;0;0;0;0;1;422340,399199999868870;5780776,952500000596046;7,864393582000048;52,172001928000043;1
170685;5230111702100676698;5;5;15;0;2023;1;7;4;3;5;3;1;1;1;1;0;0;0;0;407454,571100000292063;5757857,203800000250340;7,652994140000033;51,963695323000081;1
170686;5230111702100391784;5;5;15;0;2023;1;19;4;3;0;6;2;0;1;0;0;0;0;0;405782,656000000424683;5755016,808000000193715;7,629445423000050;51,937883711000040;1
170689;5230111701500085437;5;5;62;24;2023;1;7;4;3;2;6;2;1;1;1;0;0;0;0;371131,394299999810755;5725192,441800000146031;7,136718201000065;51,662922573000060;1
170693;5230111608404477507;5;3;34;4;2023;1;6;4;3;5;3;2;1;1;1;0;0;0;0;300160,493800000287592;5639252,834200000390410;6,159720829000037;50,870364422000080;1
170695;5230111608100089832;5;3;34;2;2023;1;18;4;3;0;1;1;0;1;0;0;0;0;0;294900,760099999606609;5629074,284299999475479;6,090758400000027;50,777107383000043;1
170697;5230111602700289840;5;3;62;28;2023;1;8;4;3;5;3;1;1;1;1;0;0;0;0;352548,147400000132620;5640873,433499999344349;6,903014951000046;50,900668755000027;1
170701;5230111601700693544;5;3;16;0;2023;1;16;4;2;5;3;1;1;1;1;0;0;0;0;360601,316200000233948;5655296,262700000777841;7,011940264000032;51,032289246000062;1
170703;5230111601500396800;5;3;15;0;2023;1;8;4;3;5;3;1;1;1;0;0;0;0;0;358216,302000000141561;5642887,368000000715256;6,982787642000062;50,920187763000058;1
170708;5230111601200195652;5;3;15;0;2023;1;14;4;3;5;3;0;1;1;1;0;0;0;0;357184,797000000253320;5641525,450999999418855;6,968654932000049;50,907693868000081;1
170709;5230111601100978126;5;3;15;0;2023;1;16;4;3;0;3;1;0;1;1;0;0;0;0;354957,080000000074506;5645337,041200000792742;6,935474465000027;50,941392365000070;1
170710;5230111601100790878;5;3;15;0;2023;1;10;4;3;3;3;0;1;1;1;0;0;0;0;355504,383000000379980;5643362,278999999165535;6,944042244000059;50,923782974000062;1
170715;5230111600130778251;5;3;82;8;2023;1;20;4;3;0;7;2;0;1;0;0;0;0;0;375112,967799999751151;5611643,332000000402331;7,233667194000077;50,643254517000059;1
170716;5230111518310992163;5;1;70;32;2023;1;14;4;2;5;7;0;0;1;1;0;0;0;0;333722,304800000041723;5713288,791200000792742;6,601926184000035;51,546162600000059;1
170717;5230111518120989387;5;1;70;44;2023;1;10;4;3;0;7;0;0;1;0;0;0;0;0;337387,673000000417233;5721804,432000000029802;6,650796069000023;51,623735541000030;1
170718;5230111518100992165;5;1;70;48;2023;1;13;4;3;5;3;0;0;1;1;0;0;0;0;335578,917000000365078;5725435,113500000908971;6,622983992000059;51,655827250000073;1
170720;5230111516800558550;5;1;58;20;2023;1;13;4;3;5;3;0;1;1;1;0;0;0;0;356499,506799999624491;5665443,956499999389052;6,949452471000029;51,122473297000056;1
170724;5230111515210525206;5;1;54;12;2023;1;13;4;3;5;3;0;0;1;1;0;0;0;0;314102,253299999982119;5710027,947899999096990;6,321000019000053;51,510753365000028;1
170725;5230111514118990280;5;1;66;16;2023;1;13;4;3;8;6;0;0;1;0;0;0;0;0;307135,852900000289083;5684118,598099999129772;6,234805164000022;51,275717667000038;1
170728;5230111513210676162;5;1;62;24;2023;1;22;4;2;4;6;2;1;1;1;0;0;0;0;337789,474999999627471;5672592,678999999538064;6,679095490000066;51,181712301000061;1
170730;5230111505100817752;5;1;14;0;2023;1;17;4;3;5;3;2;0;1;1;0;0;0;0;331283,670500000007451;5689453,963199999183416;6,578147089000026;51,331312823000076;1
170736;5230111500200592015;5;1;11;0;2023;1;16;4;3;3;6;0;0;1;0;0;0;1;0;347640,204099999740720;5676052,368699999526143;6,818458084000042;51,215510134000056;1
170737;5230111516800992175;5;1;58;20;2023;1;7;4;3;5;3;2;1;1;1;0;0;0;0;356604,152800000272691;5664896,562200000509620;6,951164467000069;51,117580308000072;1
170738;5230111500200056863;5;1;11;0;2023;1;8;4;2;0;7;2;1;1;0;0;0;0;0;346463,676300000399351;5676921,377800000831485;6,801253267000050;51,223003513000037;1
170739;5230113608100175605;5;3;34;2;2023;1;11;6;3;3;6;0;0;1;1;0;0;1;0;294222,470399999991059;5628576,593699999153614;6,081428891000030;50,772397309000041;1
170745;5230111317230992162;5;9;78;8;2023;1;16;4;3;5;3;0;0;1;1;0;0;0;0;414158,758999999612570;5717429,082299999892712;7,760548372000073;51,601355738000052;1
170746;5230111317230489232;5;9;78;8;2023;1;17;4;3;5;3;2;0;1;1;0;0;0;0;413603,875000000000000;5717003,548000000417233;7,752643323000029;51,597445569000058;1
170752;5230111303100992173;5;9;15;0;2023;1;8;4;3;1;5;2;0;1;1;0;0;0;0;416701,212000000290573;5727461,057900000363588;7,794860657000072;51,691920133000053;1
170755;5230111301202992156;5;9;13;0;2023;1;17;4;3;5;2;2;0;1;1;0;0;0;0;393393,001000000163913;5709012,942999999970198;7,463371317000053;51,522160325000073;1
170760;5230110709300887286;5;5;66;84;2023;1;11;3;2;0;1;0;1;1;0;0;0;0;0;390139,563099999912083;5775525,568800000473857;7,395393446000071;52,119335816000046;1
170761;5230110706300165773;5;5;58;24;2023;1;7;3;3;1;5;2;1;1;1;0;0;0;0;392438,328999999910593;5736160,401200000196695;7,441269622000050;51,765985917000080;1
170762;5230110706100795040;5;5;58;16;2023;1;8;3;3;4;2;0;1;1;1;0;0;0;0;381400,359199999831617;5743212,385800000280142;7,278975236000065;51,827134404000049;1
170764;5230113601400393523;5;3;15;0;2023;1;16;6;3;0;3;1;1;1;1;0;0;0;0;353583,040199999697506;5651621,191199999302626;6,913400519000049;50,997518140000068;1
170765;5230110705000920881;5;5;54;20;2023;1;10;3;3;5;3;0;1;1;1;0;0;0;0;364635,705500000156462;5786378,789400000125170;7,018777555000042;52,211200252000026;1
170766;5230110705000270526;5;5;54;12;2023;1;18;3;3;5;3;2;1;1;1;0;0;0;0;352947,627999999560416;5746249,561000000685453;6,865080035000062;51,847659679000060;1
170768;5230117608200780717;5;3;34;2;2023;1;7;3;3;5;3;1;2;1;1;0;0;0;0;296280,625900000333786;5627341,012099999934435;6,111264224000024;50,762026417000072;1
170769;5230116702100479176;5;5;15;0;2023;1;18;2;3;0;6;2;1;1;0;0;0;0;0;404823,277499999850988;5758768,315799999982119;7,614454829000067;51,971440491000067;1