OID_;UIDENTSTLAE;ULAND;UREGBEZ;UKREIS;UGEMEINDE;UJAHR;UMONAT;USTUNDE;UWOCHENTAG;UKATEGORIE;UART;UTYP1;ULICHTVERH;IstStrassenzustand;IstRad;IstPKW;IstFuss;IstKrad;IstGkfz;IstSonstige;LINREFX;LINREFY;XGCSWGS84;YGCSWGS84;PLST
170770;5230110609108686515;5;3;58;8;2023;1;9;3;3;1;5;0;0;1;1;0;0;0;1;323461,662800000049174;5631095,200799999758601;6,494464418000064;50,804661348000081;1
170774;5230110608200589817;5;3;34;2;2023;1;12;3;3;0;1;0;0;1;0;0;0;0;0;298263,258999999612570;5628106,309000000357628;6,138920805000055;50,769592614000032;1
170778;5230110602900786238;5;3;62;40;2023;1;18;3;3;5;3;2;1;1;1;0;0;0;0;357514,915500000119209;5631855,589900000020862;6,977112897000040;50,820871534000048;1
170779;5230110602700885398;5;3;62;28;2023;1;18;3;3;4;5;2;1;1;1;0;0;0;0;350273,134800000116229;5637045,359999999403954;6,872252704000061;50,865682462000052;1
170784;5230110601300990628;5;3;15;0;2023;1;8;3;3;8;6;0;0;1;0;0;0;0;0;351650,958999999798834;5646987,974999999627471;6,887776724000048;50,955387295000037;1
170785;5230113709110191743;5;5;66;8;2023;1;23;6;3;0;7;2;0;1;0;0;0;0;0;399495,730000000447035;5781532,015900000929832;7,530220731000043;52,175100489000044;1
170787;5230110601200767624;5;3;15;0;2023;1;12;3;3;5;3;0;0;1;1;0;0;0;0;353064,081100000068545;5642460,809100000187755;6,909708027000022;50,915065471000048;1
170788;5230110601200599188;5;3;15;0;2023;1;18;3;3;1;6;2;1;1;0;0;0;0;0;354507,068400000222027;5642376,608799999579787;6,930254973000046;50,914674364000064;1
170789;5230110601200190384;5;3;15;0;2023;1;9;3;3;0;1;0;0;1;0;0;0;0;0;353304,537399999797344;5644216,038699999451637;6,912420231000056;50,930900269000063;1
170790;5230110601100599180;5;3;15;0;2023;1;12;3;3;5;2;0;0;1;1;0;0;0;0;356636,188000000081956;5642748,799599999561906;6,960376348000068;50,918552036000051;1
170792;5230110601100071745;5;3;15;0;2023;1;19;3;3;5;3;2;1;1;1;0;0;0;0;355672,059000000357628;5645922,770800000056624;6,945412290000036;50,946835613000076;1
170793;5230110518400992193;5;1;70;8;2023;1;15;3;3;8;7;1;0;1;0;0;0;0;0;343079,448300000280142;5714590,066999999806285;6,736178593000034;51,560533546000045;1
170801;5230110502405575351;5;1;17;0;2023;1;7;3;3;0;1;0;1;1;0;0;0;0;0;356567,391999999992549;5700697,860999999567866;6,936268516000041;51,439291320000052;1
170804;5230110502208560600;5;1;13;0;2023;1;20;3;3;0;1;2;1;1;0;0;0;0;0;358987,748399999924004;5701463,877800000831485;6,970764147000068;51,446782549000034;1
170808;5230110500200570420;5;1;11;0;2023;1;13;3;2;5;3;0;0;1;1;0;0;0;0;345409,913999999873340;5678053,139000000432134;6,785686500000054;51,232888488000071;1
170809;5230110500200501792;5;1;11;0;2023;1;14;3;3;5;3;0;0;1;1;0;0;0;0;345702,819000000134110;5679194,273000000044703;6,789387053000041;51,243221344000062;1
170812;5230110500100493808;5;1;11;0;2023;1;17;3;3;0;1;2;1;1;0;0;0;0;0;344093,980999999679625;5676715,631999999284744;6,767434480000077;51,220512574000054;1
170814;5230110411132474542;5;7;74;32;2023;1;7;3;3;5;3;2;0;1;1;0;0;0;0;483262,430599999614060;5732839,506300000473857;8,757560168000055;51,746211079000034;1
170816;5230117601200991780;5;3;15;0;2023;1;8;3;3;0;4;0;0;1;0;1;0;0;0;354446,277499999850988;5643492,001000000163913;6,928945672000054;50,924682782000048;1
170820;5230110405108506498;5;7;54;8;2023;1;9;3;3;5;3;0;0;1;1;0;0;0;0;457054,507000000216067;5750887,091000000014901;8,375722165000070;51,907075418000034;1
170821;5230110405108206703;5;7;54;8;2023;1;10;3;3;6;7;0;1;1;0;1;0;0;0;456787,688599999994040;5750472,467100000008941;8,371895803000029;51,903327081000043;1
170824;5230111500300486770;5;1;11;0;2023;1;7;4;3;4;7;2;1;1;1;0;0;0;0;344731,436999999918044;5676154,914000000804663;6,776798228000075;51,215648026000054;1
170825;5230110400300287178;5;7;11;0;2023;1;8;3;3;0;1;0;0;1;0;0;0;0;0;466780,497800000011921;5759696,572100000455976;8,516246569000032;51,986943938000081;1
170827;5230110301203569021;5;9;13;0;2023;1;7;3;3;6;4;1;1;1;0;1;0;0;0;394570,817699999548495;5712418,795700000599027;7,479321774000027;51,552994938000040;1
170831;5230110300000696278;5;9;11;0;2023;1;18;3;2;0;1;2;1;1;0;0;0;0;0;379780,891099999658763;5703481,806299999356270;7,269142292000026;51,469715226000062;1
170832;5230110300000395177;5;9;16;0;2023;1;21;3;2;0;1;2;1;1;0;0;0;0;0;376863,938500000163913;5711216,118599999696016;7,224466569000072;51,538599389000069;1
170834;5230110300000085447;5;9;11;0;2023;1;19;3;3;5;3;2;1;1;1;0;0;0;0;370778,083999999798834;5706982,956900000572205;7,138313857000071;51,499195806000046;1
170836;5230109705000397147;5;5;54;48;2023;1;16;2;3;0;3;0;0;1;1;0;0;0;0;341415,632699999958277;5745298,800799999386072;6,698233894000055;51,835961787000031;1
170837;5230109705000021098;5;5;54;68;2023;1;21;2;3;7;3;2;1;1;1;0;0;0;0;351040,932000000029802;5766549,892000000923872;6,828628185000071;52,029544924000049;1
170839;5230109700000395010;5;5;13;0;2023;1;20;2;2;5;3;2;1;1;1;0;0;0;0;368186,125900000333786;5709318,142599999904633;7,100120685000036;51,519583103000059;1
170840;5230109610111894837;5;3;70;16;2023;1;19;2;3;0;3;2;1;1;1;0;0;0;0;296653,039099999703467;5661143,579900000244379;6,097701524000058;51,065743349000059;1
170846;5230109602700299700;5;3;62;28;2023;1;11;2;3;3;2;0;0;1;1;0;0;0;0;351541,323800000362098;5638540,606200000271201;6,889654677000067;50,879446677000033;1
170847;5230109601600371663;5;3;15;0;2023;1;1;2;3;8;1;2;1;1;0;0;0;0;0;362447,219800000078976;5644918,351700000464916;7,042178041000057;50,939465062000068;1
170848;5230109601400993402;5;3;15;0;2023;1;16;2;3;5;3;0;0;1;1;0;0;0;0;356280,057500000111759;5654308,851999999955297;6,950744878000023;51,022351347000040;1
170849;5230109601300699152;5;3;15;0;2023;1;13;2;3;5;3;0;0;1;0;0;0;0;0;353754,488099999725819;5645524,855399999767542;6,918293529000039;50,942776416000072;1
170851;5230109601200193623;5;3;15;0;2023;1;13;2;3;3;6;0;0;1;1;0;0;0;0;354797,436400000005960;5642991,989700000733137;6,934137850000070;50,920277783000074;1
170866;5230109501222328611;5;1;12;0;2023;1;19;2;3;6;1;2;0;1;0;1;0;0;0;340718,530100000090897;5702475,146400000900030;6,707619089000048;51,451025318000063;1
170867;5230109500300486800;5;1;11;0;2023;1;7;2;3;5;3;2;1;1;1;0;0;0;0;344740,414200000464916;5674265,858799999579787;6,777744091000045;51,198676536000050;1
170868;5230109500300279418;5;1;11;0;2023;1;18;2;3;5;3;2;1;1;1;0;0;0;0;343968,775999999605119;5673684,709000000730157;6,766961039000023;51,193244494000055;1
170870;5230109411132082001;5;7;74;32;2023;1;17;2;3;5;3;2;1;1;1;0;0;0;0;481328,727800000458956;5729331,679300000891089;8,729739411000025;51,714610140000048;1
170873;5230109405108991656;5;7;54;8;2023;1;10;2;3;0;3;0;0;1;1;0;0;0;0;456863,266999999992549;5751353,382999999448657;8,372883992000027;51,911252867000030;1
170874;5230109405108506498;5;7;54;8;2023;1;10;2;3;6;6;0;0;1;0;1;0;0;0;457463,375400000251830;5750924,712099999189377;8,381660666000073;51,907445026000062;1
170877;5230109316300994300;5;9;74;28;2023;1;7;2;3;5;3;1;1;1;1;0;0;0;0;454272,491999999620020;5724263,625000000000000;8,338793283000030;51,667490838000049;1
170879;5230109316100648548;5;9;74;40;2023;1;10;2;2;0;1;0;0;1;0;0;0;0;0;438692,602199999615550;5712831,887800000607967;8,115537880000034;51,563230003000058;1
170880;5230109313110065136;5;9;58;4;2023;1;19;2;3;1;5;2;1;1;1;0;0;0;0;428068,973399999551475;5699761,437599999830127;7,964964974000054;51,444468363000055;1
170884;5230108702100168282;5;5;15;0;2023;1;12;1;3;1;5;0;1;1;1;0;0;0;0;404034,956899999640882;5753482,767300000414252;7,604458036000040;51,923796485000082;1
170886;5230110506100992202;5;1;16;0;2023;1;7;3;3;1;5;2;1;1;1;0;0;0;0;319914,982200000435114;5670883,230299999937415;6,424467101000062;51,161005862000081;1
170893;5230117514119992053;5;1;66;16;2023;1;7;3;3;3;7;1;0;1;1;0;0;0;0;308412,374200000427663;5686081,189799999818206;6,252032141000029;51,293775703000051;1
170895;5230108601400566080;5;3;15;0;2023;1;13;1;3;5;3;0;1;1;1;0;0;0;0;353621,333899999968708;5651516,570599999278784;6,913988031000031;50,996587705000081;1
170896;5230111513130281643;5;1;62;22;2023;1;7;4;3;5;2;1;1;1;1;0;0;0;0;338851,649000000208616;5679262,261399999260902;6,691283526000063;51,241938047000076;1
170898;5230108601200699120;5;3;15;0;2023;1;19;1;3;0;1;2;0;1;0;0;0;0;0;354989,799899999983609;5642766,906400000676513;6,936962278000067;50,918303382000033;1
170899;5230108601100790878;5;3;15;0;2023;1;4;1;3;7;7;2;1;1;0;0;0;0;0;356699,717500000260770;5645498,637000000104308;6,960198502000026;50,943280346000051;1
170900;5230108600340336268;5;3;82;64;2023;1;13;1;3;0;1;0;0;1;0;0;0;0;0;352618,331000000238419;5615139,330000000074506;6,914331397000069;50,669418406000034;1
170901;5230108600110075870;5;3;14;0;2023;1;2;1;2;1;5;2;0;1;1;0;0;0;0;364640,564500000327826;5618149,777699999511242;7,083255430000065;50,699395764000030;1
170903;5230117515111096696;5;1;54;8;2023;1;17;3;3;0;3;1;0;1;1;0;0;0;0;309981,559700000099838;5746477,765499999746680;6,241861316000040;51,836742652000055;1
170904;5230108405108096860;5;7;54;8;2023;1;20;1;2;0;1;2;0;1;0;0;0;0;0;457775,428700000047684;5753321,577299999073148;8,385902648000069;51,929017947000034;1
170910;5230107702100042500;5;5;15;0;2023;1;10;7;3;3;6;0;0;1;0;0;0;0;0;406044,215499999932945;5757513,238299999386072;7,632566673000042;51,960367037000026;1
170911;5230112516300678833;5;1;58;28;2023;1;12;5;3;0;5;0;0;1;1;0;0;0;0;350043,027700000442564;5685281,532500000670552;6,848967995000066;51,299077361000059;1
170914;5230109407201803415;5;7;62;4;2023;1;21;2;3;0;1;2;1;1;0;0;0;0;0;502000,300999999977648;5731388,500000000000000;9,028965693000032;51,733411022000041;1
170915;5230107610121694837;5;3;70;12;2023;1;20;7;3;0;7;2;1;1;0;0;0;0;0;298195,752199999988079;5649617,717700000852346;6,126100881000070;50,962772394000069;1
170916;5230107608200577604;5;3;34;2;2023;1;13;7;3;3;6;0;0;1;1;0;0;0;0;295653,884800000116229;5628197,464800000190735;6,101913603000071;50,769498182000063;1
170920;5230107601200763734;5;3;15;0;2023;1;20;7;3;6;4;2;0;1;0;1;0;0;0;353967,505400000140071;5642849,021099999547005;6,922395564000055;50,918783525000038;1
170922;5230107516600992222;5;1;58;4;2023;1;16;7;3;8;1;0;0;1;0;0;0;0;0;356683,071299999952316;5675141,010500000789762;6,948209388000066;51,209661658000073;1
170923;5230107515212992230;5;1;54;32;2023;1;12;7;3;0;6;0;0;1;1;0;0;0;0;309375,347500000149012;5718167,220399999991059;6,248554200000058;51,582279915000072;1
170925;5230107505100417752;5;1;14;0;2023;1;16;7;3;0;1;0;0;1;0;0;0;0;0;331512,411600000225008;5689681,873600000515580;6,581319638000025;51,333428178000077;1
170934;5230107411132992223;5;7;74;32;2023;1;14;7;2;0;1;0;0;1;0;0;0;0;0;480860,872899999842048;5728394,892100000753999;8,723018898000021;51,706171437000080;1
170937;5230107310110877814;5;9;54;16;2023;1;9;7;3;1;1;0;0;1;1;0;0;0;0;373965,921500000171363;5696303,143600000068545;7,188020406000021;51,403932993000069;1
170940;5230107301301375315;5;9;78;24;2023;1;14;7;3;5;3;0;0;1;1;0;0;0;0;397990,730000000447035;5716604,823999999091029;7,527416220000021;51,591250427000034;1
170946;5230106706000986168;5;5;58;16;2023;1;12;6;3;5;3;0;1;1;1;0;0;0;0;379940,661000000312924;5744614,524000000208616;7,257317289000071;51,839423715000066;1
170948;5230106701610895171;5;5;62;12;2023;1;14;6;3;5;3;0;0;1;1;0;0;0;0;358864,758600000292063;5727391,092700000852346;6,958585404000075;51,679732495000053;1
170955;5230106601600599085;5;3;15;0;2023;1;10;6;3;0;1;0;0;1;1;0;0;0;0;364455,582299999892712;5645487,460599999874830;7,070534322000071;50,945055525000043;1
170956;5230117514214078904;5;1;66;8;2023;1;15;3;3;5;3;0;0;1;1;0;0;0;0;317662,821299999952316;5689290,719699999317527;6,382919790000074;51,325642829000060;1
170965;5230106514210090113;5;1;66;12;2023;1;12;6;3;5;3;0;0;1;1;0;0;0;0;320284,815000000409782;5693595,774199999868870;6,418338557000027;51,365148876000035;1
170970;5230106500300074180;5;1;11;0;2023;1;8;6;3;6;4;0;0;1;0;1;0;0;0;348013,126099999994040;5673175,314500000327826;6,825011985000060;51,189757175000068;1
170972;5230106411132992238;5;7;74;32;2023;1;17;6;3;5;3;2;0;1;1;0;0;0;0;483312,084999999962747;5729397,334000000730157;8,758444425000050;51,715262983000059;1
170973;5230106411108555605;5;7;74;8;2023;1;11;6;3;5;3;0;1;1;1;0;0;0;0;486506,231999999843538;5736062,414999999105930;8,804420391000065;51,775276655000027;1
170974;5230106404103096833;5;7;66;32;2023;1;18;6;2;0;1;2;1;1;0;0;0;0;0;495980,966599999926984;5746787,686300000175834;8,941623175000075;51,871858226000029;1
170977;5230106300700473303;5;9;16;0;2023;1;14;6;3;5;2;0;0;1;1;0;0;0;0;372477,657200000248849;5710807,088600000366569;7,161402148000036;51,533949535000033;1
170978;5230105705000992260;5;5;54;32;2023;1;9;5;2;8;7;0;0;1;0;0;0;0;1;325321,574599999934435;5745472,574599999934435;6,464785100000029;51,832721896000066;1
170979;5230105705000586932;5;5;54;48;2023;1;5;5;3;0;2;2;0;1;0;0;0;0;0;342529,692200000397861;5745107,313699999824166;6,714477068000065;51,834556653000050;1
170980;5230105702100491757;5;5;15;0;2023;1;6;5;3;1;3;2;1;1;1;0;0;0;0;406338,268000000156462;5760221,605799999088049;7,636105965000070;51,984760682000058;1
170981;5230105702100291867;5;5;15;0;2023;1;19;5;3;5;3;2;1;1;1;0;0;0;0;407714,567300000227988;5751460,368799999356270;7,658493400000054;51,906240026000035;1
170986;5230105608100071793;5;3;34;2;2023;1;23;5;3;5;3;2;1;1;1;0;0;0;0;294640,142300000414252;5628828,965399999171495;6,087203720000048;50,774811912000075;1
170990;5230105602250994806;5;3;62;16;2023;1;10;5;3;5;3;0;1;1;1;0;0;0;0;328561,702999999746680;5645458,616000000387430;6,560044498000025;50,935241787000052;1
170995;5230105601300080846;5;3;15;0;2023;1;8;5;3;1;5;0;1;1;1;0;0;0;0;354066,971599999815226;5647195,078500000759959;6,922068964000061;50,957865320000053;1
170996;5230105600380595380;5;3;14;0;2023;1;17;5;3;5;3;2;1;1;1;0;0;0;0;369996,430100000463426;5616064,592900000512600;7,159787690000030;50,681875437000031;1
170997;5230105600330564480;5;3;82;48;2023;1;13;5;3;5;3;0;0;1;1;0;0;0;0;354570,209499999880791;5610674,589999999850988;6,943687300000022;50,629783583000062;1
171005;5230105513210691337;5;1;62;24;2023;1;12;5;3;0;1;0;0;1;1;0;0;0;0;338164,885599999688566;5672938,880499999970198;6,684306212000024;51,184929266000040;1
171006;5230105506100992255;5;1;16;0;2023;1;10;5;3;5;3;0;0;1;1;0;0;0;0;321851,972699999809265;5674394,926000000908971;6,450399457000060;51,193158935000042;1
171010;5230110514211485984;5;1;66;12;2023;1;15;3;3;3;6;0;1;1;1;0;0;0;0;322961,888000000268221;5695560,440999999642372;6,455775783000036;51,383638266000048;1
171012;5230105500200992258;5;1;11;0;2023;1;11;5;3;0;1;0;1;1;0;0;0;0;0;346707,690999999642372;5677351,198000000789762;6,804561151000030;51,226931258000036;1
171013;5230105411236896991;5;7;74;36;2023;1;10;5;3;5;3;0;1;1;1;0;0;0;0;472372,628999999724329;5724236,523000000044703;8,600509142000021;51,668428843000072;1
171014;5230105405228096815;5;7;54;28;2023;1;16;5;3;0;3;1;0;1;1;0;0;0;0;452338,390499999746680;5742729,289799999445677;8,308297503000063;51,833349133000070;1
171015;5230105315110090111;5;9;70;40;2023;1;6;5;3;4;2;2;1;1;1;0;0;0;0;431099,955000000074506;5636188,431399999186397;8,020748263000030;50,873265218000029;1
171022;5230105300600493823;5;9;16;0;2023;1;14;5;3;5;2;0;0;1;0;0;0;0;1;372781,708999999798834;5708999,282400000840425;7,166436385000054;51,517771237000034;1
171023;5230104705000317283;5;5;54;8;2023;1;15;4;3;5;2;0;1;1;1;0;0;0;0;335193,926900000311434;5743901,724300000816584;6,608677626000031;51,821610259000067;1
171026;5230104609224593507;5;3;58;24;2023;1;5;4;2;5;3;2;1;1;1;0;0;0;0;316786,108300000429153;5642068,921599999070168;6,394332870000028;50,901170906000061;1
171030;5230104601600992270;5;3;15;0;2023;1;8;4;3;0;5;2;0;1;0;0;0;0;1;362740,320299999788404;5645727,905700000002980;7,046042148000026;50,946810656000082;1
171034;5230104600310992268;5;3;14;0;2023;1;8;4;3;5;3;0;0;1;1;0;0;0;0;362750,815799999982119;5620126,503399999812245;7,055777203000048;50,716719198000078;1
171037;5230104515210022353;5;1;54;12;2023;1;9;4;3;5;3;0;1;1;1;0;0;0;0;308587,962700000032783;5708456,283900000154972;6,242483075000052;51,494796968000060;1
171042;5230104500300565484;5;1;11;0;2023;1;11;4;2;5;2;0;1;1;1;0;0;0;0;350366,198699999600649;5671899,609799999743700;6,859191247000069;51,178914688000077;1
171043;5230104500200465856;5;1;11;0;2023;1;19;4;3;0;1;2;1;1;0;0;0;0;0;345838,689000000245869;5678508,047000000253320;6,791627509000023;51,237092034000057;1
171044;5230104500100572402;5;1;11;0;2023;1;8;4;3;1;5;0;0;1;1;0;0;0;0;345502,890599999576807;5676706,506400000303984;6,787597716000050;51,220813584000041;1
171048;5230104316100084905;5;9;74;40;2023;1;15;4;3;5;2;0;1;1;1;0;0;0;0;438107,756000000052154;5713109,822000000625849;8,107052642000042;51,565664894000065;1
171052;5230104302100093904;5;9;14;0;2023;1;14;4;3;0;2;0;1;1;1;0;0;0;0;393264,409799999557436;5691006,296299999579787;7,466948230000071;51,360281758000042;1
171057;5230104300500771342;5;9;11;0;2023;1;6;4;2;5;3;2;1;1;1;0;0;0;0;377811,170400000177324;5703837,731200000271201;7,240674375000026;51,472492197000065;1
171059;5230103709110772342;5;5;66;8;2023;1;14;3;3;5;3;0;1;1;0;0;0;0;0;399624,895999999716878;5781464,966000000014901;7,532128829000044;52,174521376000030;1
171060;5230103705000579122;5;5;54;12;2023;1;11;3;2;2;6;0;0;1;1;0;0;0;0;352594,360000000335276;5745999,910000000149012;6,860061533000021;51,845323426000050;1
171061;5230103705000396108;5;5;54;12;2023;1;18;3;3;5;3;2;1;1;1;0;0;0;0;352399,555999999865890;5747661,167999999597669;6,856526293000059;51,860198183000080;1
171062;5230116701120581315;5;5;62;32;2023;1;16;2;2;5;3;1;1;1;1;0;0;0;0;377331,515999999828637;5716516,081299999728799;7,229355703000067;51,586333755000055;1
171063;5230103702100995613;5;5;15;0;2023;1;16;3;2;5;2;0;0;1;1;0;0;0;0;407854,888100000098348;5757275,666899999603629;7,658975068000075;51,958534644000054;1
171065;5230103702100074756;5;5;15;0;2023;1;11;3;3;0;5;0;0;1;0;0;0;0;0;406445,391900000162423;5760980,519300000742078;7,637458379000066;51,991600176000077;1
171068;5230103700000095020;5;5;13;0;2023;1;12;3;3;1;5;0;1;1;1;0;0;0;0;364911,616700000129640;5716172,097100000828505;7,050321035000024;51,580402187000061;1
171072;5230108502210074720;5;1;13;0;2023;1;11;1;3;0;7;0;1;1;1;0;0;0;0;365526,343000000342727;5696431,688999999314547;7,066708576000053;51,403150093000079;1
171077;5230103601400790330;5;3;15;0;2023;1;13;3;3;5;3;0;0;1;0;0;1;0;0;356230,836000000126660;5647485,299000000581145;6,952744242000051;50,961017410000068;1
171078;5230103601300663938;5;3;15;0;2023;1;18;3;3;0;1;2;0;1;0;0;0;0;0;351634,947300000116229;5646989,565500000491738;6,887548263000042;50,955397466000079;1
171080;5230103516600286747;5;1;58;4;2023;1;20;3;3;2;6;2;0;1;0;0;0;0;0;358226,277999999932945;5674861,805199999362230;6,970398031000059;51,207537740000078;1
171081;5230103516500586970;5;1;58;16;2023;1;17;3;3;0;7;1;1;1;0;0;0;0;0;355545,229799999855459;5671950,413899999111891;6,933214550000059;51,180703215000051;1
171086;5230103503100673301;5;1;24;0;2023;1;11;3;3;6;4;0;1;1;0;1;0;0;0;370794,644100000150502;5679932,691600000485778;7,148389717000043;51,256093668000062;1
171087;5230103502103587323;5;1;13;0;2023;1;16;3;3;0;7;2;0;1;1;0;0;0;0;361697,667500000447035;5703506,983699999749660;7,008936747000064;51,465810921000070;1
171088;5230103501213374433;5;1;12;0;2023;1;16;3;3;0;7;1;0;1;0;0;0;0;0;339503,229000000283122;5696831,860999999567866;6,692699809000032;51,399979863000056;1
171093;5230103410230790741;5;7;70;4;2023;1;14;3;3;0;2;0;1;1;1;0;0;0;0;488702,463000000454485;5782571,028999999165535;8,834720563000076;52,193481713000040;1
171095;5230103405108687004;5;7;54;8;2023;1;17;3;3;5;3;2;0;1;1;0;0;0;0;458571,109000000171363;5751026,315999999642372;8,397750192000046;51,908441997000068;1
171096;5230103404101196847;5;7;66;20;2023;1;13;3;3;5;3;0;0;1;1;0;0;0;0;490518,079099999740720;5754614,812500000000000;8,862059002000024;51,942166387000043;1
171098;5230103400200564276;5;7;11;0;2023;1;16;3;3;5;3;1;0;1;1;0;0;0;0;475058,928999999538064;5766428,338999999687076;8,636306315000070;52,047901001000071;1
171107;5230102701500485013;5;5;62;24;2023;1;11;2;3;5;3;0;1;1;1;0;0;0;0;370134,476200000382960;5724652,177100000903010;7,122513023000067;51,657837911000058;1
171109;5230102701300386111;5;5;62;14;2023;1;20;2;3;0;7;2;0;1;0;1;0;0;0;358666,775799999944866;5715170,128000000491738;6,960654879000060;51,569867307000038;1
171110;5230102610111894933;5;3;70;16;2023;1;16;2;3;2;3;0;1;1;1;0;0;0;0;297250,995000000111759;5660314,819000000134110;6,106688640000073;51,058511777000035;1
171112;5230102608100394784;5;3;34;2;2023;1;8;2;3;0;1;2;1;1;0;0;0;0;0;293062,426500000059605;5628965,475400000810623;6,064780034000023;50,775477251000041;1
171115;5230102601400974322;5;3;15;0;2023;1;13;2;3;5;3;0;1;1;1;0;0;0;0;357235,944600000046194;5649648,522900000214577;6,966197998000041;50,980707956000060;1
171118;5230102516500189305;5;1;58;16;2023;1;10;2;3;5;3;0;1;1;1;0;0;0;0;355018,385700000450015;5672092,836799999698997;6,925624554000024;51,181849713000076;1
171119;5230102514118189334;5;1;66;16;2023;1;19;2;3;0;1;2;1;1;0;0;0;0;0;310811,940600000321865;5687114,055099999532104;6,285860327000023;51,303855053000063;1
171121;5230102505200496000;5;1;14;0;2023;1;15;2;3;1;5;0;1;1;1;0;0;0;0;330188,251000000163913;5690274,499500000849366;6,562046848000023;51,338358355000082;1
171123;5230117513320595666;5;1;62;4;2023;1;9;3;3;4;7;0;1;1;1;0;0;0;0;347042,099100000225008;5658188,267000000923872;6,817485101000045;51,054828084000064;1
171127;5230102500200002248;5;1;11;0;2023;1;12;2;3;4;2;0;1;1;1;0;0;0;0;351019,449699999764562;5680340,097599999979138;6,865023678000057;51,254930879000028;1
171131;5230102301102991660;5;9;13;0;2023;1;9;2;3;5;2;0;0;1;1;0;0;0;0;395886,236700000241399;5705077,822499999776483;7,500456990000032;51,487254091000068;1
171137;5230101608100789867;5;3;34;2;2023;1;4;1;2;1;1;2;0;1;1;0;0;0;0;294671,522599999792874;5626693,751599999144673;6,088839474000054;50,755646149000029;1
171139;5230101602400689757;5;3;62;32;2023;1;16;1;3;0;7;1;0;1;1;0;0;0;0;336092,900999999605119;5642648,307700000703335;6,668396547000043;50,912180285000034;1
171147;5230101410220590703;5;7;70;8;2023;1;18;1;3;0;1;2;1;1;0;0;0;0;0;474057,816700000315905;5804212,811100000515580;8,618811217000030;52,387553585000035;1
171182;5230108410230687106;5;7;70;4;2023;1;12;1;3;5;3;0;1;1;1;0;0;0;0;488033,260999999940395;5784826,040999999269843;8,824850705000074;52,213741514000048;1
171221;5230113601100596003;5;3;15;0;2023;1;14;6;3;6;4;0;1;1;0;1;0;0;0;356136,742600000463426;5645058,083900000900030;6,952364302000035;50,939180963000069;1
171235;5230114702100468373;5;5;15;0;2023;1;16;7;3;1;5;0;1;1;1;0;0;0;0;405095,882600000128150;5756368,639399999752641;7,619085090000056;51,949917847000052;1
171264;5230111711413097002;5;5;70;28;2023;1;14;4;2;5;2;0;0;1;1;0;0;0;0;442484,870000000111759;5743632,203999999910593;8,165160384000046;51,840538771000070;1
171310;5230117600380193482;5;3;14;0;2023;1;8;3;3;0;7;0;0;1;0;0;0;0;1;370363,613400000147521;5617155,510800000280142;7,164599712000040;50,691762927000070;1
171387;5230110316300992194;5;9;74;28;2023;1;13;3;3;0;3;0;0;1;0;0;0;0;0;454974,292100000195205;5724872,538599999621511;8,348861909000050;51,673022193000065;1
171404;5230106702100796678;5;5;15;0;2023;1;12;6;1;0;1;0;1;1;0;0;0;0;0;406585,891999999992549;5758226,091000000014901;7,640253929000039;51,966865772000062;1
171430;5230104701300690526;5;5;62;14;2023;1;8;4;3;5;3;2;1;1;0;0;0;1;0;360641,190399999730289;5715759,210300000384450;6,988891683000077;51,575652292000029;1
171432;5230112518300992135;5;1;70;20;2023;1;19;5;3;0;1;2;1;1;0;0;0;0;0;329961,193799999542534;5708836,864800000563264;6,549884574000032;51,505048287000079;1
171457;5230210601300991515;5;3;15;0;2023;2;8;6;3;0;1;0;2;1;0;0;0;0;0;353057,088200000114739;5648315,450500000268221;6,907247047000055;50,967676973000039;1
171458;5230210601300886504;5;3;15;0;2023;2;8;6;3;0;1;0;2;1;0;0;0;0;0;351775,951899999752641;5646987,535900000482798;6,889555285000029;50,955415510000080;1
171460;5230210601300773712;5;3;15;0;2023;2;7;6;3;0;1;0;2;1;0;0;0;0;0;348623,361899999901652;5644379,614600000903010;6,845785437000075;50,931160702000057;1
171461;5230210601300678615;5;3;15;0;2023;2;8;6;3;0;1;0;2;1;0;0;0;0;0;348620,777999999932945;5644378,370999999344349;6,845749210000065;50,931148849000067;1
171463;5230210601100069773;5;3;15;0;2023;2;8;6;3;0;1;0;2;1;0;0;0;0;0;356393,472000000067055;5644262,494000000879169;6,956329426000025;50,932095092000054;1
171464;5230210601000991507;5;3;15;0;2023;2;8;6;3;0;1;0;2;1;0;0;0;0;0;352772,885800000280142;5642942,372899999842048;6,905374121000023;50,919318888000078;1
171466;5230210516800572001;5;1;58;20;2023;2;8;6;3;0;1;0;2;1;0;0;0;0;0;357486,375099999830127;5664735,190700000151992;6,963824847000069;51,116350225000076;1
171467;5230210516300491342;5;1;58;28;2023;2;8;6;3;5;3;1;0;1;1;0;0;0;0;348666,748499999754131;5685005,641100000590086;6,829358303000049;51,296234149000043;1
171468;5230210515210396581;5;1;54;12;2023;2;19;6;2;0;1;2;0;1;0;0;0;0;0;314748,023400000296533;5711468,648099999874830;6,329538249000052;51,523905697000032;1
171469;5230210514215046110;5;1;66;28;2023;2;18;6;3;1;5;2;0;1;1;0;0;0;0;325623,141200000420213;5688339,991000000387430;6,497519456000020;51,319598126000074;1