OID_;UIDENTSTLAE;ULAND;UREGBEZ;UKREIS;UGEMEINDE;UJAHR;UMONAT;USTUNDE;UWOCHENTAG;UKATEGORIE;UART;UTYP1;ULICHTVERH;IstStrassenzustand;IstRad;IstPKW;IstFuss;IstKrad;IstGkfz;IstSonstige;LINREFX;LINREFY;XGCSWGS84;YGCSWGS84;PLST
171481;5230210500200891140;5;1;11;0;2023;2;14;6;3;6;4;0;0;1;0;1;0;0;0;348201,542100000195205;5677980,056099999696016;6,825672950000069;51,232981207000080;1
171482;5230210500200001792;5;1;11;0;2023;2;14;6;3;0;2;0;0;1;1;0;0;0;0;348052,827200000174344;5678660,180700000375509;6,823255936000066;51,239052985000058;1
171488;5230210316300787450;5;9;74;28;2023;2;7;6;3;5;3;1;0;1;1;0;0;0;0;454406,811900000087917;5725520,707499999552965;8,340571259000058;51,678804014000036;1
171489;5230210316200794445;5;9;74;52;2023;2;7;6;3;0;1;0;2;1;0;0;0;0;0;423622,542000000365078;5711759,105000000447035;7,898399000000040;51,551746026000046;1
171490;5230210316100579450;5;9;74;40;2023;2;7;6;3;0;7;0;2;1;0;0;0;0;0;436729,738099999725819;5713388,676899999380112;8,087123833000021;51,568018993000067;1
171496;5230210300200571444;5;9;11;0;2023;2;6;6;3;5;3;2;0;1;1;0;0;0;0;371793,179999999701977;5702830,034900000318885;7,154437568000048;51,462104292000049;1
171498;5230209711100591800;5;5;70;52;2023;2;20;5;3;5;3;2;1;1;1;0;0;0;0;430805,232099999673665;5755212,499399999156594;7,993331105000038;51,943317407000052;1
171500;5230209709300179100;5;5;66;84;2023;2;18;5;3;0;7;2;0;1;0;0;0;0;1;390658,884399999864399;5773698,952600000426173;7,403561961000037;52,103022431000056;1
171501;5230209709110579240;5;5;66;12;2023;2;15;5;3;5;3;0;0;1;1;0;0;0;0;406076,008999999612570;5771848,383999999612570;7,629094683000062;52,089221743000053;1
171502;5230209705000991520;5;5;54;8;2023;2;19;5;2;4;6;2;0;1;0;0;0;0;0;335786,555800000205636;5744586,106899999082088;6,616944009000065;51,827932828000030;1
171503;5230209705000465800;5;5;54;20;2023;2;15;5;3;3;6;0;0;1;1;0;0;0;0;367247,427000000141561;5782813,755000000819564;7,058376020000026;52,179802033000044;1
171504;5230209702100570612;5;5;15;0;2023;2;7;5;3;2;6;1;0;1;1;0;0;0;0;401411,813000000081956;5758921,846999999135733;7,564764530000048;51,972225787000070;1
171506;5230209701400989553;5;5;12;0;2023;2;14;5;3;5;3;0;0;1;1;0;0;0;0;358622,419999999925494;5708597,242000000551343;6,962655386000051;51,510792440000046;1
171508;5230209701300194972;5;5;62;14;2023;2;8;5;2;0;1;0;0;1;0;0;0;0;0;361443,315399999730289;5715819,665999999269843;7,000435814000070;51,576393276000033;1
171509;5230210600110795260;5;3;14;0;2023;2;12;6;3;2;2;0;0;1;1;0;0;0;0;365841,788399999961257;5623595,416400000452995;7,098274353000022;50,748619385000040;1
171515;5230209602700364434;5;3;62;28;2023;2;16;5;3;5;3;0;0;1;1;0;0;0;0;352964,608199999667704;5639209,507699999958277;6,909603178000054;50,885821797000062;1
171516;5230209601500986852;5;3;15;0;2023;2;9;5;3;5;3;0;0;1;1;0;0;0;0;357621,877500000409782;5645135,272600000724196;6,973458160000064;50,940243271000043;1
171518;5230209601200687077;5;3;15;0;2023;2;11;5;3;1;5;0;0;1;1;0;0;0;0;354396,267799999564886;5643073,365299999713898;6,928401740000027;50,920907994000061;1
171519;5230209601100991523;5;3;15;0;2023;2;11;5;3;1;5;0;0;1;0;0;0;0;1;355265,522400000132620;5644160,588600000366569;6,940329038000073;50,930897350000066;1
171523;5230209515212139132;5;1;54;32;2023;2;9;5;3;5;2;0;0;1;1;0;0;0;1;309337,904000000096858;5718140,217000000178814;6,248029078000059;51,582024728000079;1
171524;5230209515000096080;5;1;54;32;2023;2;19;5;3;0;2;2;0;1;1;0;0;0;0;308621,069600000046194;5717594,540200000628829;6,237992706000057;51,576881004000029;1
171527;5230209505100979547;5;1;14;0;2023;2;18;5;3;5;7;2;0;1;0;1;0;0;0;331097,303899999707937;5689772,588700000196695;6,575323374000050;51,334120011000039;1
171528;5230209503200472008;5;1;24;0;2023;2;9;5;3;3;7;0;0;1;1;0;0;0;0;372957,596599999815226;5680941,494100000709295;7,179011206000041;51,265646383000046;1
171529;5230209502400264543;5;1;17;0;2023;2;17;5;3;6;7;1;0;1;0;1;0;0;0;351254,483599999919534;5699106,895500000566244;6,860549924000054;51,423625510000079;1
171530;5230209502100560528;5;1;13;0;2023;2;14;5;3;2;6;0;0;1;1;0;0;0;0;361442,155600000172853;5700705,794800000265241;7,006357854000044;51,440575962000082;1
171534;5230209301301953670;5;9;78;24;2023;2;11;5;3;5;3;0;0;1;1;0;0;0;0;397628,633000000379980;5718759,209000000730157;7,521562101000029;51,610549603000038;1
171538;5230208711200985563;5;5;70;4;2023;2;7;4;3;0;3;0;0;1;0;0;0;0;0;423589,124300000257790;5735665,662599999457598;7,892690853000033;51,766656905000048;1
171539;5230208709300174704;5;5;66;84;2023;2;21;4;3;4;2;2;0;1;1;0;0;0;0;384994,385499999858439;5780078,702299999073148;7,318737525000074;52,159207933000062;1
171541;5230208702100874736;5;5;15;0;2023;2;16;4;3;3;6;0;0;1;1;0;0;0;0;406736,383299999870360;5757495,601600000634789;7,642642211000066;51,960325046000037;1
171542;5230208702100538624;5;5;15;0;2023;2;14;4;3;5;3;0;0;1;1;0;0;0;0;404555,298299999907613;5754267,908099999651313;7,611804786000050;51,930943117000027;1
171543;5230208701800180501;5;5;62;4;2023;2;23;4;3;1;1;2;0;1;0;0;0;0;1;381912,125199999660254;5712926,151499999687076;7,296648490000052;51,555047327000068;1
171544;5230208701610695000;5;5;62;12;2023;2;15;4;3;1;5;0;0;1;1;0;0;0;0;359570,314199999906123;5726166,938300000503659;6,969276006000030;51,668909337000059;1
171545;5230208701500619497;5;5;62;24;2023;2;10;4;3;5;3;0;0;1;1;0;0;0;0;370438,248999999836087;5727407,533999999985099;7,125880283000072;51,682669454000063;1
171548;5230208610211980718;5;3;70;4;2023;2;12;4;3;0;7;0;0;1;1;0;0;0;0;312478,964999999850988;5663018,847999999299645;6,322331437000059;51,087975694000079;1
171556;5230208602700456362;5;3;62;28;2023;2;10;4;3;0;1;0;0;1;0;0;0;0;0;350953,319500000216067;5638579,705000000074506;6,881286329000034;50,879646676000050;1
171558;5230208601700786551;5;3;16;0;2023;2;8;4;3;0;7;0;0;1;1;0;0;0;0;359988,994199999608099;5655256,097500000149012;7,003228703000048;51,031779439000047;1
171560;5230208601300977938;5;3;15;0;2023;2;8;4;2;0;1;0;2;1;0;0;0;0;1;352929,273000000044703;5648347,778599999845028;6,905414939000025;50,967934873000047;1
171561;5230208601100286580;5;3;15;0;2023;2;18;4;3;0;7;2;0;1;0;0;0;0;0;357285,996199999935925;5642731,027000000700355;6,969621843000027;50,918553388000078;1
171565;5230208516500486800;5;1;58;16;2023;2;11;4;3;5;3;0;0;1;1;0;0;0;0;355546,960300000384450;5671939,743300000205636;6,933243582000046;51,180607763000069;1
171572;5230208501212682333;5;1;12;0;2023;2;15;4;3;6;4;0;0;1;0;1;0;0;0;341920,953599999658763;5697256,202899999916553;6,727238334000049;51,404471357000034;1
171573;5230208501112074000;5;1;12;0;2023;2;7;4;3;5;3;0;0;1;1;0;0;0;0;343698,014600000344217;5708764,408600000664592;6,747680934000073;51,508363422000059;1
171574;5230208500300045580;5;1;11;0;2023;2;15;4;3;5;2;0;0;1;1;0;0;0;0;344949,267799999564886;5674870,065600000321865;6,780470027000035;51,204162313000040;1
171575;5230208500200993542;5;1;11;0;2023;2;8;4;3;5;3;0;0;1;1;0;0;0;0;344974,572999999858439;5678549,362999999895692;6,779241045000049;51,237229151000065;1
171576;5230208411132574563;5;7;74;32;2023;2;18;4;3;1;5;2;0;1;1;0;0;0;0;480265,957000000402331;5728745,522399999201298;8,714389546000064;51,709303447000082;1
171577;5230208411132496944;5;7;74;32;2023;2;15;4;3;7;5;0;0;1;1;0;0;0;0;480516,993700000457466;5733267,519600000232458;8,717769649000047;51,749970697000037;1
171582;5230208400100991535;5;7;11;0;2023;2;8;4;3;5;2;1;0;1;1;0;0;0;0;468318,084999999962747;5764849,246999999508262;8,538159949000033;52,033359671000028;1
171585;5230207709110991550;5;5;66;80;2023;2;14;3;3;5;3;0;0;1;1;0;0;0;0;406674,088299999944866;5781157,217399999499321;7,635266998000077;52,172992662000070;1
171586;5230207705000991560;5;5;54;12;2023;2;6;3;3;4;2;2;2;1;1;0;0;0;0;350461,174399999901652;5744362,825600000098348;6,829824727000073;51,830047394000076;1
171587;5230207705000991551;5;5;54;68;2023;2;13;3;3;5;2;0;0;1;1;0;0;0;0;350679,694099999964237;5767020,480900000780821;6,823161136000067;52,033675764000066;1
171588;5230207705000977676;5;5;54;8;2023;2;14;3;3;8;1;0;0;1;0;1;0;0;0;337214,748499999754131;5745233,081599999219179;6,637346484000034;51,834162909000042;1
171589;5230207702100391757;5;5;15;0;2023;2;12;3;3;5;2;0;0;1;0;0;0;0;0;405307,593399999663234;5760212,933499999344349;7,621104438000032;51,984508002000041;1
171590;5230207702100370561;5;5;15;0;2023;2;11;3;3;4;2;0;1;1;1;0;0;0;0;406705,912999999709427;5751361,213999999687076;7,643862361000060;51,905180758000029;1
171591;5230207701400489553;5;5;12;0;2023;2;16;3;3;0;7;0;0;1;1;0;0;0;0;358377,082200000062585;5709088,882799999788404;6,958924812000021;51,515148884000041;1
171592;5230207701400489547;5;5;12;0;2023;2;14;3;3;5;3;0;0;1;1;0;0;0;0;357720,496600000187755;5711213,634700000286102;6,948610480000070;51,534076768000034;1
171597;5230207609248533251;5;3;58;48;2023;2;13;3;3;5;3;0;0;1;0;0;0;0;1;322691,500500000081956;5638951,123199999332428;6,479743798000072;50,875004220000051;1
171599;5230207606700893608;5;3;78;32;2023;2;11;3;3;0;1;0;2;1;0;0;0;0;0;374511,762900000438094;5666360,371600000187755;7,206374370000049;51,134938944000055;1
171601;5230207603116426000;5;3;66;16;2023;2;15;3;3;4;2;0;0;1;1;0;0;0;0;346865,129999999888241;5613551,268999999389052;6,833632991000059;50,653662300000065;1
171603;5230207602600769701;5;3;62;20;2023;2;11;3;3;0;1;0;1;1;0;0;0;0;0;342849,513000000268221;5629937,294999999925494;6,769887413000049;50,799839728000052;1
171605;5230207601600569822;5;3;15;0;2023;2;10;3;3;5;3;0;0;1;1;0;0;0;0;365461,053899999707937;5637820,016100000590086;7,087665437000055;50,876378996000028;1
171609;5230207601400085210;5;3;15;0;2023;2;7;3;3;5;3;1;0;1;1;0;0;0;0;356670,216699999757111;5648062,835699999704957;6,958769196000048;50,966317110000034;1
171612;5230207601200681727;5;3;15;0;2023;2;6;3;3;5;3;2;0;1;1;0;0;0;0;354137,391800000332296;5644705,455099999904633;6,924068123000040;50,935509721000074;1
171614;5230207601100986430;5;3;15;0;2023;2;9;3;3;5;3;0;0;1;1;0;0;0;0;356502,058199999853969;5642938,962500000372529;6,958394576000046;50,920227674000046;1
171615;5230207601100671620;5;3;15;0;2023;2;9;3;3;4;2;0;0;1;1;0;0;0;0;356191,144299999810755;5644403,980299999937415;6,953396228000031;50,933316198000057;1
171617;5230207600110686300;5;3;14;0;2023;2;17;3;3;5;3;0;0;1;1;0;0;0;0;362032,043499999679625;5624130,536599999293685;7,044102914000064;50,752535944000044;1
171618;5230207600110087363;5;3;14;0;2023;2;14;3;3;5;2;0;0;1;1;0;0;0;0;363906,968399999663234;5622125,580299999564886;7,071407180000051;50,734958438000035;1
171619;5230207518401069630;5;1;70;36;2023;2;16;3;3;5;2;0;0;1;1;0;0;0;0;352910,016999999992549;5729067,231000000610948;6,871810909000033;51,693265124000050;1
171626;5230207513130187464;5;1;62;22;2023;2;12;3;2;5;3;0;0;1;0;0;0;0;1;335800,863199999555945;5682309,558900000527501;6,646216801000037;51,268446641000025;1
171628;5230207506100579004;5;1;16;0;2023;2;9;3;3;0;1;0;0;1;0;0;0;0;0;321836,802099999971688;5675678,511900000274181;6,449545545000035;51,204685015000052;1
171629;5230207505200978933;5;1;14;0;2023;2;16;3;3;6;4;0;0;1;0;1;0;0;0;330799,367899999953806;5689867,660599999129772;6,571005327000023;51,334885554000039;1
171634;5230207501115991540;5;1;12;0;2023;2;15;3;3;0;7;0;0;1;0;0;0;0;1;344707,268899999558926;5707576,183599999174476;6,762735473000021;51,497965635000071;1
171637;5230207500300001484;5;1;11;0;2023;2;15;3;3;2;6;0;0;1;1;0;0;0;0;348130,570500000379980;5671233,996799999848008;6,827511838000021;51,172344203000080;1
171639;5230207500200070420;5;1;11;0;2023;2;16;3;3;5;3;0;0;1;0;0;0;0;1;345430,977400000207126;5677946,388900000602007;6,786034019000056;51,231934999000032;1
171641;5230207411132991541;5;7;74;32;2023;2;17;3;3;0;3;1;0;1;1;0;0;0;0;483722,566899999976158;5733409,619599999859929;8,764198385000043;51,751350679000041;1
171642;5230207411132674542;5;7;74;32;2023;2;17;3;2;5;2;0;0;1;1;0;0;0;0;482373,989699999801815;5729121,578299999237061;8,744879699000023;51,712754880000034;1
171643;5230207410130348371;5;7;70;28;2023;2;11;3;3;5;3;0;0;1;1;0;0;0;0;499806,408099999651313;5802750,422800000756979;8,997156213000039;52,375020723000034;1
171644;5230207406110931788;5;7;58;12;2023;2;18;3;3;0;3;2;0;1;1;0;0;0;0;478236,130199999548495;5772672,757099999114871;8,682237461000057;52,104176586000051;1
171645;5230207405228681510;5;7;54;28;2023;2;12;3;3;2;2;0;0;1;1;0;0;0;0;452094,938000000081956;5742698,209000000730157;8,304768913000032;51,833048871000074;1
171650;5230207400200496952;5;7;11;0;2023;2;12;3;2;5;2;0;0;1;1;0;0;0;0;467689,586799999698997;5763703,800400000065565;8,529106589000037;52,023025141000062;1
171656;5230207307000090501;5;9;62;40;2023;2;7;3;3;0;1;1;0;1;0;0;0;0;0;415373,917600000277162;5699558,103900000452995;7,782382015000053;51,440885710000032;1
171660;5230207300000396886;5;9;16;0;2023;2;8;3;3;5;3;0;0;1;1;0;0;0;0;376282,005900000222027;5709806,128499999642372;7,216575271000067;51,525800113000059;1
171662;5230206709300287286;5;5;66;84;2023;2;17;2;3;0;7;2;1;1;0;0;0;0;0;386537,025299999862909;5778643,575600000098348;7,341758407000043;52,146629715000074;1
171665;5230206701400098910;5;5;12;0;2023;2;6;2;3;1;5;0;1;1;1;0;0;0;0;356160,677199999801815;5709540,507099999114871;6,926819904000070;51,518647142000077;1
171671;5230206607400386630;5;3;82;44;2023;2;13;2;3;0;1;0;0;1;0;0;0;0;0;364118,429399999789894;5626455,809399999678135;7,072803893000071;50,773927150000077;1
171676;5230206601700074306;5;3;16;0;2023;2;19;2;3;0;1;2;0;1;0;0;0;0;0;358980,594399999827147;5655565,355900000780821;6,988736482000036;51,034312176000071;1
171679;5230206601200090384;5;3;15;0;2023;2;19;2;3;0;1;2;1;1;0;0;0;0;0;355261,105999999679625;5643272,560000000521541;6,940618773000040;50,922915708000062;1
171682;5230206515210096225;5;1;54;12;2023;2;17;2;1;5;3;0;0;1;1;0;0;0;0;314612,371100000105798;5710426,504000000655651;6,328133233000074;51,514500745000078;1
171683;5230206514121679535;5;1;66;4;2023;2;10;2;3;5;3;0;0;1;1;0;0;0;0;303416,001500000245869;5680781,868300000205636;6,183373718000041;51,244478720000075;1
171685;5230206506100991566;5;1;16;0;2023;2;14;2;3;0;1;0;0;1;0;0;0;0;0;323313,797000000253320;5677018,558800000697374;6,470006947000059;51,217181918000051;1
171686;5230206506100291063;5;1;16;0;2023;2;18;2;3;3;5;2;0;1;1;0;0;0;0;315657,620699999853969;5670019,073599999770522;6,364090252000040;51,151887603000034;1
171689;5230206500300074125;5;1;11;0;2023;2;12;2;3;4;6;0;0;1;0;0;0;0;1;344103,368099999614060;5675366,681900000199676;6,768155147000073;51,208394364000071;1
171692;5230206410110964047;5;7;70;24;2023;2;13;2;3;5;3;0;1;1;1;0;0;0;0;493920,616700000129640;5793864,924499999731779;8,910857136000061;52,295102536000059;1
171695;5230206405116096961;5;7;54;16;2023;2;6;2;2;0;1;2;2;1;0;0;0;0;0;447946,586699999868870;5757828,781600000336766;8,242285493000054;51,968706435000058;1
171699;5230206301202267766;5;9;13;0;2023;2;11;2;3;0;7;0;0;1;0;0;0;0;1;393525,579300000332296;5708927,622700000181794;7,465307341000027;51,521418437000079;1
171713;5230204701300226178;5;5;62;14;2023;2;11;7;3;6;4;0;0;1;0;1;0;0;0;360539,495799999684095;5715544,646900000050664;6,987510270000030;51,573699064000039;1
171717;5230204601500062770;5;3;15;0;2023;2;13;7;3;1;5;0;0;1;1;0;0;0;0;359926,025999999605119;5646050,569599999114871;7,005880878000028;50,949033521000047;1
171718;5230204601300186454;5;3;15;0;2023;2;17;7;3;3;6;1;0;1;0;0;1;0;0;350922,553899999707937;5644390,511800000444055;6,878476215000035;50,931857454000067;1
171720;5230204601100590410;5;3;15;0;2023;2;13;7;3;6;4;0;0;1;0;1;0;0;0;355802,976800000295043;5644940,806199999526143;6,947663414000033;50,938043642000082;1
171721;5230204600320593566;5;3;82;72;2023;2;0;7;3;0;7;2;0;1;0;0;0;0;0;367708,798899999819696;5609924,279600000008941;7,129618053000058;50,626169276000041;1
171724;5230204505200091476;5;1;14;0;2023;2;11;7;3;0;1;0;0;1;0;0;0;0;0;329966,743200000375509;5690457,848400000482798;6,558782257000075;51,339939325000046;1
171729;5230204411132991591;5;7;74;32;2023;2;9;7;3;5;3;0;0;1;1;0;0;0;0;482544,725999999791384;5732665,617000000551343;8,747173217000068;51,744625692000056;1
171731;5230204406120987324;5;7;58;16;2023;2;15;7;3;0;1;0;0;1;0;0;0;0;0;473587,047699999995530;5779267,898299999535084;8,613847909000071;52,163268058000028;1
171732;5230204405232196815;5;7;54;32;2023;2;14;7;3;9;1;0;0;1;0;0;0;0;0;461713,177000000141561;5741722,776000000536442;8,444455322000067;51,825021136000032;1
171733;5230204405232082480;5;7;54;32;2023;2;0;7;3;1;5;2;0;1;0;0;0;0;1;460176,352300000376999;5739558,244100000709295;8,422405942000069;51,805452858000081;1
171734;5230207302000099441;5;9;14;0;2023;2;15;3;3;0;3;0;0;1;1;0;0;0;0;394783,101400000043213;5696856,380400000140071;7,487019617000044;51,413150146000078;1
171737;5230204301302394298;5;9;13;0;2023;2;13;7;3;1;5;0;0;1;1;0;0;0;0;395575,178100000135601;5707725,944599999114871;7,495194660000038;51,510999715000082;1
171743;5230203705000597147;5;5;54;8;2023;2;8;6;3;5;3;0;0;1;1;0;0;0;0;336336,535000000149012;5746693,911000000312924;6,623920829000042;51,847029604000056;1
171744;5230203702100976766;5;5;15;0;2023;2;17;6;3;1;5;1;1;1;1;0;0;0;0;405003,942800000309944;5756050,265200000256300;7,617835718000038;51,947040471000037;1
171748;5230203609108063931;5;3;58;8;2023;2;18;6;2;8;1;2;0;1;0;0;0;0;0;322798,346599999815226;5630928,265699999406934;6,485140471000022;50,802959107000049;1
171750;5230203603140393444;5;3;66;40;2023;2;18;6;3;5;2;2;1;1;0;0;0;0;1;348167,448300000280142;5624347,969699999317527;6,847603639000056;50,751029090000031;1
171754;5230203602300557985;5;3;62;36;2023;2;11;6;3;6;6;0;0;1;0;1;0;0;0;345845,695000000298023;5653161,726999999955297;6,802565385000037;51,009340576000056;1
171755;5230203601700396150;5;3;16;0;2023;2;11;6;3;3;7;0;0;1;0;0;0;1;0;358549,092899999581277;5655240,352099999785423;6,982713205000039;51,031285363000052;1
171756;5230203601700196150;5;3;16;0;2023;2;15;6;3;5;3;0;0;1;1;0;0;0;0;363645,781000000424683;5656911,183399999514222;7,054724483000030;51,047533324000028;1
171757;5230203601500099204;5;3;15;0;2023;2;14;6;3;0;5;0;1;1;1;0;0;0;0;357749,297500000335276;5644216,015499999746680;6,975629438000055;50,932013375000054;1
171758;5230203601400787161;5;3;15;0;2023;2;15;6;3;1;5;0;0;1;1;0;0;0;0;355903,997399999760091;5647747,905700000002980;6,947989289000020;50,963295756000036;1
171759;5230203601300523801;5;3;15;0;2023;2;8;6;3;0;5;0;1;1;1;0;0;0;0;351479,859899999573827;5647008,206800000742078;6,885334099000033;50,955525038000076;1
171763;5230203518400596015;5;1;70;8;2023;2;13;6;2;0;1;0;1;1;0;0;0;0;0;345757,059999999590218;5713754,053999999538064;6,775142359000029;51,553760656000065;1
171764;5230203516700991600;5;1;58;8;2023;2;13;6;3;0;1;0;1;1;0;0;0;0;0;359535,089999999850988;5671473,721999999135733;6,990447592000066;51,177413554000054;1
171765;5230203601500293350;5;3;15;0;2023;2;19;6;3;1;5;2;0;1;1;0;0;0;1;357622,827999999746680;5644960,478499999269843;6,973539988000027;50,938672637000082;1
171768;5230203515210044188;5;1;54;52;2023;2;13;6;2;5;3;0;0;1;1;0;0;0;0;310034,015999999828637;5702058,069000000134110;6,266727590000073;51,437818905000029;1
171771;5230203506100656454;5;1;16;0;2023;2;19;6;3;5;3;2;1;1;1;0;0;0;0;317504,961299999617040;5671617,818399999290705;6,389664961000051;51,166841002000069;1
171774;5230203503100991603;5;1;24;0;2023;2;12;6;3;5;3;0;1;1;0;1;0;0;1;370530,241600000299513;5680401,940099999308586;7,144432929000061;51,260251006000033;1
171777;5230203503100097310;5;1;24;0;2023;2;17;6;3;3;2;0;0;1;1;0;0;0;0;371981,290099999867380;5678110,320100000128150;7,166037640000070;51,239982770000040;1
171781;5230203502100091616;5;1;13;0;2023;2;18;6;3;3;7;2;0;1;1;0;0;0;0;365613,872999999672174;5702507,157999999821186;7,065661185000067;51,457769329000030;1
171787;5230203500100581927;5;1;11;0;2023;2;19;6;3;6;4;2;0;1;0;1;0;0;0;345592,226999999955297;5676823,338999999687076;6,788825674000066;51,221887547000051;1
171792;5230203301101080695;5;9;13;0;2023;2;7;6;3;0;7;1;1;1;1;0;0;0;0;392810,734699999913573;5706930,052999999374151;7,455615171000034;51,503328189000058;1
171793;5230202705000997147;5;5;54;48;2023;2;10;5;3;5;3;0;1;1;1;0;0;0;0;341427,673000000417233;5745290,672000000253320;6,698412225000027;51,835892176000073;1
171796;5230202705000696700;5;5;54;8;2023;2;8;5;3;5;3;0;1;1;1;0;0;0;0;334661,899000000208616;5746287,169999999925494;6,599825690000046;51,842882341000063;1
171797;5230202705000576688;5;5;54;20;2023;2;7;5;3;7;1;2;1;1;1;0;0;0;0;365628,658900000154972;5785699,360799999907613;7,033570975000032;52,205338368000071;1
171798;5230202705000072472;5;5;54;8;2023;2;18;5;3;8;1;2;1;1;1;0;0;0;0;336375,591000000014901;5746031,696000000461936;6,624800605000075;51,841092066000044;1
171799;5230202702100572350;5;5;15;0;2023;2;15;5;3;1;5;0;1;1;1;0;0;0;0;404504,112999999895692;5757579,333799999207258;7,610140702000024;51,960698742000034;1
171802;5230202609108880768;5;3;58;8;2023;2;12;5;3;0;5;0;0;1;1;0;0;0;0;323345,281499999575317;5630893,806199999526143;6,492911245000073;50,802816511000060;1
171803;5230202609108706037;5;3;58;8;2023;2;6;5;3;2;3;2;0;1;0;0;0;0;1;320896,193099999800324;5633085,028500000014901;6,457120676000045;50,821750523000048;1
171804;5230202609108705735;5;3;58;8;2023;2;9;5;3;5;3;0;0;1;0;0;0;0;1;321804,997299999929965;5631470,892699999734759;6,470794049000062;50,807529471000066;1
171805;5230202608200477596;5;3;34;2;2023;2;3;5;3;0;1;2;1;1;0;0;0;0;0;294739,712799999862909;5628610,589099999517202;6,088735923000058;50,772885864000045;1
171810;5230202602200486910;5;3;62;4;2023;2;7;5;3;0;1;2;1;1;0;0;0;0;0;329298,670300000347197;5651139,849600000306964;6,567858148000028;50,986503197000047;1
171811;5230202602100085827;5;3;62;8;2023;2;16;5;3;5;3;0;0;1;1;0;0;0;0;333639,467000000178814;5646837,600700000301003;6,631615840000052;50,949118878000036;1
171813;5230202601400586320;5;3;15;0;2023;2;16;5;3;5;3;0;0;1;0;0;0;0;0;355398,326000000350177;5647222,697000000625849;6,941001909000022;50,958449144000042;1
171814;5230202601300079236;5;3;15;0;2023;2;9;5;3;5;2;0;1;1;1;0;0;0;0;352360,960400000214577;5645618,562999999150634;6,898433818000058;50,943263371000057;1
171818;5230210503100991498;5;1;24;0;2023;2;19;6;2;1;5;2;0;1;1;0;0;0;0;370868,358799999579787;5678767,303099999204278;7,149866012000075;51,245636533000038;1
171819;5230202518400976410;5;1;70;8;2023;2;15;5;3;5;7;0;1;1;1;0;0;0;0;344282,063599999994040;5713540,953999999910593;6,753978311000026;51,551440840000055;1
171822;5230202518310485974;5;1;70;32;2023;2;17;5;3;0;1;0;1;1;0;0;0;0;0;333848,853500000201166;5713225,368300000205636;6,603779511000027;51,545630093000057;1
171828;5230202503200090004;5;1;24;0;2023;2;9;5;3;8;7;0;1;1;0;0;0;0;0;372399,057699999772012;5680616,167500000447035;7,171125721000067;51,262597740000047;1
171834;5230207505200091476;5;1;14;0;2023;2;11;3;3;0;5;0;0;1;1;0;0;0;1;331042,148199999704957;5690503,229900000616908;6,574185725000063;51,340667643000074;1
171835;5230202500200346013;5;1;11;0;2023;2;8;5;2;0;1;0;1;1;0;0;0;0;0;345710,966699999757111;5678255,038599999621511;6,789908314000058;51,234784119000039;1
171837;5230202500100057530;5;1;11;0;2023;2;9;5;3;5;3;0;1;1;1;0;0;0;0;342960,595999999903142;5677607,537000000476837;6,750827080000022;51,228215912000053;1
171838;5230202411132991628;5;7;74;32;2023;2;6;5;3;5;3;2;1;1;1;0;0;0;0;481448,697999999858439;5730072,008999999612570;8,731436492000057;51,721270643000082;1
171839;5230210317110550995;5;9;78;36;2023;2;8;6;3;0;1;0;2;1;0;0;0;0;0;407037,066100000403821;5710546,924699999392033;7,659569191000060;51,538360416000046;1
171844;5230202400100991620;5;7;11;0;2023;2;13;5;3;5;2;0;1;1;0;0;0;0;0;468675,060999999754131;5766624,053999999538064;8,543200920000061;52,049336548000042;1
171845;5230202317230792215;5;9;78;8;2023;2;18;5;3;5;2;2;1;1;1;0;0;0;0;414226,297299999743700;5717109,890900000929832;7,761601364000057;51,598496666000074;1
171847;5230202316100080574;5;9;74;40;2023;2;7;5;3;3;2;2;1;1;1;0;0;0;0;438969,553100000135601;5713644,206399999558926;8,119391768000071;51,570563246000063;1
171853;5230202301101094480;5;9;13;0;2023;2;11;5;3;5;3;0;1;1;1;0;0;0;0;392377,545199999585748;5707148,898800000548363;7,449309443000061;51,505212942000071;1
171860;5230202709300996684;5;5;66;68;2023;2;10;5;3;2;3;0;1;1;1;0;0;0;0;376074,786999999545515;5786042,000700000673532;7,186230732000070;52,210865120000051;1
171861;5230201607100595392;5;3;82;60;2023;2;14;4;3;5;2;0;0;1;1;0;0;0;0;373469,570600000210106;5628196,069599999114871;7,204759202000048;50,791684805000045;1
171863;5230201601400593424;5;3;15;0;2023;2;9;4;3;1;5;0;0;1;1;0;0;0;0;355971,186900000087917;5647821,877699999138713;6,948916167000050;50,963977327000066;1
171866;5230201601200286542;5;3;15;0;2023;2;18;4;3;5;3;2;1;1;1;0;0;0;0;352502,883000000379980;5644239,232999999076128;6,901010901000063;50,930904270000042;1
171867;5230201601100790220;5;3;15;0;2023;2;14;4;3;0;1;0;0;1;1;0;0;0;0;356558,377700000070035;5643226,404799999669194;6,959082259000070;50,922824896000066;1
171868;5230201601100190220;5;3;15;0;2023;2;15;4;3;5;3;0;0;1;0;0;0;0;1;355967,220200000330806;5644642,167600000277162;6,950117512000077;50,935400873000049;1
171870;5230201601100187225;5;3;15;0;2023;2;7;4;3;6;4;1;0;1;0;1;0;0;0;356024,086299999617040;5642893,166799999773502;6,951616985000044;50,919697050000082;1