OID_;UIDENTSTLAE;ULAND;UREGBEZ;UKREIS;UGEMEINDE;UJAHR;UMONAT;USTUNDE;UWOCHENTAG;UKATEGORIE;UART;UTYP1;ULICHTVERH;IstStrassenzustand;IstRad;IstPKW;IstFuss;IstKrad;IstGkfz;IstSonstige;LINREFX;LINREFY;XGCSWGS84;YGCSWGS84;PLST
171871;5230201600380875851;5;3;14;0;2023;2;17;4;2;0;1;2;1;1;0;0;0;0;0;369047,248200000263751;5615393,820299999788404;7,146596958000032;50,675633505000064;1
171872;5230201600110994924;5;3;14;0;2023;2;17;4;3;2;2;2;1;1;1;0;0;0;0;366503,397300000302494;5619006,206000000238419;7,109308846000033;50,707524009000053;1
171875;5230201516100191186;5;1;58;32;2023;2;6;4;2;5;7;2;0;1;1;0;0;0;0;364466,408699999563396;5688180,961200000718236;7,054624923000063;51,328750677000073;1
171877;5230201513210982350;5;1;62;24;2023;2;12;4;3;5;3;0;0;1;1;0;0;0;0;342275,037700000219047;5669973,737800000235438;6,744369572000039;51,159435546000054;1
171879;5230201505200978122;5;1;14;0;2023;2;14;4;3;4;6;0;0;1;0;0;0;0;0;330160,871000000275671;5689404,026000000536442;6,562069186000031;51,330529986000045;1
171882;5230201502104260528;5;1;13;0;2023;2;20;4;3;5;3;2;1;1;1;0;0;0;0;361250,926599999889731;5702390,585799999535084;7,002947524000035;51,455669263000061;1
171886;5230201411132991552;5;7;74;32;2023;2;9;4;3;3;2;0;1;1;0;0;0;1;0;483383,735999999567866;5729148,698999999091029;8,759493413000030;51,713029553000069;1
171890;5230201316500553253;5;9;74;20;2023;2;15;4;3;5;3;0;1;1;1;0;0;0;0;466112,433500000275671;5721196,338099999353290;8,510284843000022;51,640751312000077;1
171891;5230201310230080365;5;9;54;12;2023;2;8;4;2;2;6;0;0;1;1;0;0;0;0;387016,954300000332296;5688841,488199999555945;7,377940443000057;51,339615456000047;1
171893;5230201301301173405;5;9;78;24;2023;2;13;4;2;4;6;0;1;1;0;0;0;0;0;397630,761599999852479;5720026,751700000837445;7,521222532000024;51,621943363000071;1
171899;5230131702100596580;5;5;15;0;2023;1;12;3;3;4;7;0;1;1;0;0;0;0;1;407679,587000000290573;5754304,929999999701977;7,657222350000040;51,931802890000029;1
171904;5230131608200077517;5;3;34;2;2023;1;18;3;3;5;2;2;1;1;1;0;0;0;0;295554,065000000409782;5628190,415999999269843;6,100503785000058;50,769399709000027;1
171905;5230131608100773715;5;3;34;2;2023;1;11;3;3;0;1;0;0;1;0;0;0;0;0;293750,785400000400841;5628347,894899999722838;6,074876423000035;50,770175840000036;1
171906;5230131608100085810;5;3;34;2;2023;1;12;3;3;0;7;0;1;1;0;0;0;0;0;294015,552000000141561;5629586,448000000789762;6,077932620000070;50,781393524000066;1
171915;5230131601500796800;5;3;15;0;2023;1;12;3;3;6;4;0;1;1;0;1;0;0;0;359750,539900000207126;5649470,236899999901652;7,002065949000041;50,979723696000065;1
171916;5230131601300380370;5;3;15;0;2023;1;16;3;3;5;2;0;0;1;1;0;0;0;0;354294,173100000247359;5646881,503499999642372;6,925427331000037;50,955104819000042;1
171921;5230202709700991618;5;5;66;28;2023;2;13;5;3;5;3;0;1;1;1;0;0;0;0;412306,327999999746680;5792864,278000000864267;7,714570241000047;52,279143718000057;1
171924;5230131506100991810;5;1;16;0;2023;1;7;3;2;0;1;1;1;1;0;0;0;0;0;323193,804100000299513;5676939,721200000494719;6,468329418000053;51,216436549000036;1
171926;5230131505100091523;5;1;14;0;2023;1;7;3;3;0;1;1;0;1;0;0;0;0;0;328678,883399999700487;5688426,480599999427795;6,541287086000068;51,321303501000045;1
171932;5230131500300564052;5;1;11;0;2023;1;14;3;3;0;1;0;1;1;1;0;0;0;0;344778,838899999856949;5675205,216399999335408;6,777887350000071;51,207127498000034;1
171936;5230131405108287004;5;7;54;8;2023;1;17;3;3;0;1;2;1;1;0;0;0;0;0;455525,525399999693036;5750854,382799999788404;8,353501824000034;51,906661375000056;1
171939;5230131316300094301;5;9;74;28;2023;1;15;3;3;0;1;0;1;1;0;0;0;0;0;454688,279400000348687;5725058,254200000315905;8,344701938000071;51,674668939000071;1
171942;5230131307000093700;5;9;62;16;2023;1;17;3;3;0;2;1;1;1;0;0;0;0;1;415020,297000000253320;5692095,198999999091029;7,779083513000046;51,373742560000039;1
171945;5230131300300093931;5;9;11;0;2023;1;17;3;3;5;3;2;1;1;1;0;0;0;0;381448,409699999727309;5703780,046700000762939;7,293038841000055;51,472747573000049;1
171946;5230130705000991826;5;5;54;68;2023;1;4;2;3;2;2;2;1;1;1;0;0;0;0;348785,405799999833107;5765607,827099999412894;6,796191802000067;52,020470876000047;1
171947;5230130705000595050;5;5;54;8;2023;1;6;2;3;0;5;2;1;1;0;0;0;1;0;331585,030600000172853;5743042,504899999126792;6,556781402000070;51,812815935000060;1
171950;5230130702100976766;5;5;15;0;2023;1;7;2;3;5;2;2;1;1;1;0;0;0;0;407445,903900000266731;5757300,161699999123812;7,653018131000067;51,958686890000081;1
171951;5230130702100035375;5;5;15;0;2023;1;7;2;3;5;3;2;1;1;1;0;0;0;0;405904,037600000388920;5758257,331700000911951;7,630323273000045;51,967031573000042;1
171954;5230207601500499145;5;3;15;0;2023;2;17;3;3;8;1;2;0;1;0;0;0;0;0;357892,644500000402331;5643918,931600000709295;6,977783872000032;50,929378818000032;1
171956;5230130608200285867;5;3;34;2;2023;1;13;2;3;1;5;0;0;1;1;0;0;0;0;296699,656200000084937;5628581,172700000926852;6,116512854000064;50,773311814000067;1
171958;5230130608100032780;5;3;34;2;2023;1;12;2;3;5;3;0;1;1;1;0;0;0;0;293543,866999999620020;5629679,960000000894070;6,071198174000074;50,782065645000046;1
171959;5230130607500093620;5;3;82;56;2023;1;8;2;3;0;1;0;1;1;0;0;0;0;0;373357,388799999840558;5626891,476299999281764;7,203617926000049;50,779934091000030;1
171961;5230130601700893588;5;3;16;0;2023;1;18;2;3;4;6;2;0;1;0;0;0;0;1;359733,577700000256300;5656699,686799999326468;6,999029517000054;51,044690631000037;1
171967;5230130600140895400;5;3;14;0;2023;1;21;2;3;0;7;2;0;1;1;0;0;0;0;368324,867899999953806;5620907,048499999567866;7,134413017000043;50,725024510000026;1
171968;5230130518200096107;5;1;70;24;2023;1;7;2;3;0;3;2;1;1;1;0;0;0;0;335184,622999999672174;5702906,250000000000000;6,627846342000055;51,453314811000041;1
171969;5230130518100991820;5;1;70;48;2023;1;15;2;3;3;6;0;1;1;1;0;0;0;0;332071,519100000150502;5729064,643200000748038;6,570581827000069;51,687395931000026;1
171970;5230130515210463642;5;1;54;12;2023;1;7;2;3;0;5;2;1;1;1;0;0;0;0;314375,569600000046194;5710879,143799999728799;6,324486018000073;51,518488562000073;1
171972;5230130513130078980;5;1;62;22;2023;1;15;2;3;5;2;0;0;1;0;0;0;0;1;338282,513600000180304;5687164,454800000414252;6,679560913000046;51,312775852000073;1
171975;5230130503400395733;5;1;22;0;2023;1;15;2;3;0;1;0;1;1;0;0;0;0;0;362851,199199999682605;5672000,336100000888109;7,037658123000028;51,182951255000035;1
171982;5230130500300181442;5;1;11;0;2023;1;12;2;3;1;5;0;0;1;1;0;0;0;0;344857,916600000113249;5673960,054800000041723;6,779556719000027;51,195960672000069;1
171987;5230204500200778172;5;1;11;0;2023;2;16;7;3;3;7;0;0;1;0;1;0;0;0;348054,592400000430644;5678662,733500000089407;6,823280121000039;51,239076393000062;1
171992;5230130301101384960;5;9;13;0;2023;1;14;2;3;0;1;0;0;1;0;0;0;0;0;393273,770100000314415;5706858,795600000768900;7,462305565000065;51,502775326000062;1
171994;5230129709110980992;5;5;66;4;2023;1;22;1;3;0;1;2;0;1;0;0;0;0;0;395673,841500000096858;5767671,058000000193715;7,478597566000076;52,049814271000059;1
171995;5230129701700676702;5;5;62;16;2023;1;1;1;3;1;5;2;0;1;1;0;0;0;0;375217,905500000342727;5734344,561000000685453;7,192496352000035;51,746094401000050;1
171997;5230129608100471773;5;3;34;2;2023;1;11;1;3;0;1;0;0;1;0;0;0;0;0;294843,400799999944866;5629020,603599999099970;6,089975848000051;50,776604980000059;1
172000;5230129601100396003;5;3;15;0;2023;1;16;1;3;3;6;0;0;1;0;0;1;0;0;355625,455799999646842;5643797,707399999722838;6,945591330000070;50,927726405000044;1
172003;5230129505200096042;5;1;14;0;2023;1;17;1;3;3;2;1;0;1;1;0;0;0;0;335023,029099999926984;5691418,468399999663234;6,630864007000071;51,350059586000043;1
172008;5230128702100056497;5;5;15;0;2023;1;1;7;3;0;1;2;0;1;0;0;0;0;0;406553,417000000365078;5753754,153999999165535;7,640997003000052;51,926664278000032;1
172015;5230128702100074471;5;5;15;0;2023;1;18;7;3;2;6;2;0;1;1;0;0;0;0;405910,845499999821186;5758605,447000000625849;7,630326937000063;51,970161737000069;1
172017;5230128601200899120;5;3;15;0;2023;1;16;7;2;0;7;0;0;1;0;0;0;0;0;353437,250400000251830;5643851,864399999380112;6,914453907000052;50,927661301000057;1
172018;5230128601100686580;5;3;15;0;2023;1;22;7;3;4;2;2;0;1;1;0;0;0;0;356449,402999999932945;5642988,438500000163913;6,957626464000043;50,920659213000079;1
172020;5230128518320095951;5;1;70;52;2023;1;19;7;3;0;1;2;0;1;0;0;0;0;0;323011,068400000222027;5725838,915400000289083;6,441275963000066;51,655638388000057;1
172021;5230128518100100465;5;1;70;48;2023;1;13;7;3;5;3;0;0;1;1;0;0;0;0;335331,211000000126660;5725447,993000000715256;6,619400198000051;51,655870452000045;1
172033;5230128500200187336;5;1;11;0;2023;1;12;7;2;5;3;0;0;1;1;0;0;0;0;347081,048999999649823;5676602,700999999418855;6,810223466000025;51,220305726000049;1
172034;5230128500200093772;5;1;11;0;2023;1;16;7;3;5;3;0;0;1;1;0;0;0;0;342906,887400000356138;5685436,973300000652671;6,746619481000039;51,298549737000030;1
172035;5230128400200761604;5;7;11;0;2023;1;16;7;3;4;2;0;0;1;1;0;0;0;0;467716,481999999843538;5763706,823300000280142;8,529498261000072;52,023053885000081;1
172036;5230128400100976066;5;7;11;0;2023;1;17;7;3;1;7;1;0;1;1;0;0;0;0;467554,006599999964237;5764341,278899999335408;8,527070259000027;52,028748549000056;1
172038;5230128313110589738;5;9;58;4;2023;1;12;7;3;3;2;0;1;1;1;0;0;0;0;428432,436999999918044;5700201,312999999150634;7,970105073000070;51,448469050000028;1
172041;5230127709700076748;5;5;66;28;2023;1;7;6;3;3;2;2;1;1;1;0;0;0;0;413712,271900000050664;5791865,204500000923872;7,735428960000036;52,270386199000029;1
172042;5230127709500211904;5;5;66;76;2023;1;9;6;3;0;1;0;1;1;0;0;0;0;0;395304,613499999977648;5793741,357999999076128;7,465172719000066;52,284051227000077;1
172044;5230127705000574717;5;5;54;8;2023;1;18;6;3;5;2;2;0;1;1;0;0;0;0;334636,468999999575317;5743219,643999999389052;6,600922224000044;51,815318220000051;1
172045;5230127701610991851;5;5;62;12;2023;1;13;6;3;0;1;0;1;1;0;0;0;0;0;358940,054600000381470;5728236,467299999669194;6,959332150000023;51,687347725000052;1
172053;5230127607000395300;5;3;82;56;2023;1;15;6;3;4;2;0;0;1;1;0;0;0;0;369762,394199999980628;5627342,251399999484420;7,152492364000068;50,783189460000074;1
172058;5230127600380595271;5;3;14;0;2023;1;12;6;3;5;3;0;1;1;1;0;0;0;0;372353,427199999801815;5612790,007099999114871;7,194263061000072;50,652963509000074;1
172061;5230127518100178978;5;1;70;48;2023;1;6;6;3;5;2;2;1;1;0;0;0;0;1;336111,455099999904633;5726553,774499999359250;6,630151244000047;51,666032564000034;1
172062;5230127516900095176;5;1;58;26;2023;1;22;6;2;0;7;2;0;1;0;0;0;0;0;352106,315000000409782;5664853,389799999073148;6,886963306000041;51,116049111000052;1
172064;5230127515111578985;5;1;54;8;2023;1;14;6;3;0;1;0;0;1;0;0;0;0;0;310334,854899999685585;5746184,936699999496341;6,247143529000027;51,834232880000059;1
172072;5230127500300574148;5;1;11;0;2023;1;12;6;2;5;3;0;1;1;1;0;0;0;0;350688,132199999876320;5672114,815999999642372;6,863704292000023;51,180932686000062;1
172074;5230127500300501866;5;1;11;0;2023;1;16;6;3;5;3;0;0;1;1;0;0;0;0;348540,978000000119209;5675067,552999999374151;6,831761567000058;51,206900485000062;1
172078;5230127410110272325;5;7;70;24;2023;1;7;6;3;5;3;2;0;1;1;0;0;0;0;493954,662999999709427;5795464,823000000789762;8,911327634000031;52,309486774000050;1
172079;5230127404101547985;5;7;66;20;2023;1;16;6;3;5;2;0;0;1;1;0;0;0;0;485152,923700000159442;5754977,797599999234080;8,783992661000070;51,945312665000074;1
172083;5230127317140094230;5;9;78;28;2023;1;13;6;3;0;1;0;1;1;0;0;0;0;0;401092,297899999655783;5700629,210799999535084;7,576658926000050;51,448200121000070;1
172084;5230127313110065136;5;9;58;4;2023;1;7;6;3;5;3;2;1;1;1;0;0;0;0;430460,792899999767542;5698300,611500000581145;7,999662725000064;51,431633633000047;1
172090;5230126709110991866;5;5;66;8;2023;1;17;5;3;0;2;1;1;1;1;0;0;0;0;399882,701000000350177;5781429,269999999552965;7,535908132000031;52,174247388000026;1
172092;5230126709110196500;5;5;66;80;2023;1;6;5;3;0;1;2;2;1;0;0;0;0;0;406197,006000000052154;5781546,533999999985099;7,628184985000075;52,176410986000064;1
172093;5230126706000996582;5;5;58;16;2023;1;7;5;3;0;1;2;2;1;0;0;0;0;0;380578,441300000064075;5743146,822599999606609;7,267076694000025;51,826370094000026;1
172094;5230126706000623117;5;5;58;28;2023;1;6;5;3;0;1;2;2;1;0;0;0;0;0;399088,213000000454485;5729887,962700000032783;7,539420686000028;51,710844610000038;1
172096;5230126705000991882;5;5;54;4;2023;1;6;5;3;0;1;2;2;1;0;0;0;0;0;364540,988900000229478;5772520,703400000929832;7,022917240000027;52,086657116000026;1
172098;5230126705000738825;5;5;54;12;2023;1;7;5;3;0;1;2;2;1;0;0;0;0;0;350649,403500000014901;5744780,254300000146031;6,832374150000021;51,833848251000063;1
172099;5230126705000195967;5;5;54;8;2023;1;7;5;3;5;3;1;2;1;1;0;0;0;0;335900,836099999956787;5744770,345699999481440;6,618513555000050;51,829621504000045;1
172101;5230126702100779098;5;5;15;0;2023;1;12;5;3;2;7;0;1;1;1;0;0;0;0;405719,943699999712408;5757145,402599999681115;7,627949631000035;51,957005876000039;1
172102;5230126702100539948;5;5;15;0;2023;1;18;5;2;0;2;2;1;1;0;0;0;0;1;401771,669099999591708;5754101,582800000905991;7,571379185000069;51,928963842000030;1
172103;5230126702100472346;5;5;15;0;2023;1;8;5;3;0;1;0;2;1;0;0;0;0;0;405348,525700000114739;5757921,874900000169873;7,622332134000033;51,963922037000032;1
172106;5230126702100079176;5;5;15;0;2023;1;13;5;3;5;2;0;1;1;1;0;0;0;0;405910,720999999903142;5758436,847999999299645;7,630371333000028;51,968646275000026;1
172108;5230126610111091205;5;3;70;16;2023;1;5;5;3;5;2;2;1;1;1;0;0;0;0;299372,847000000067055;5660917,744000000879169;6,136593358000027;51,064671942000075;1
172111;5230126608200577604;5;3;34;2;2023;1;6;5;3;5;3;2;2;1;1;0;0;0;0;297711,769600000232458;5628862,765000000596046;6,130693925000060;50,776194760000067;1
172113;5230126607400736847;5;3;82;68;2023;1;17;5;3;0;1;2;1;1;0;0;0;0;0;368442,642300000414252;5630790,880699999630451;7,132545998000069;50,813887914000077;1
172115;5230210600370993460;5;3;82;4;2023;2;7;6;3;0;1;2;2;1;0;0;0;0;0;360240,213999999687076;5616018,142999999225140;7,021789835000050;50,679196596000054;1
172117;5230126705000047428;5;5;54;68;2023;1;8;5;3;0;7;0;2;1;0;0;0;0;0;350633,307500000111759;5767266,916300000622869;6,822377809000045;52,035877349000032;1
172120;5230126601100971700;5;3;15;0;2023;1;10;5;3;3;2;0;1;1;1;0;0;0;0;355278,009899999946356;5645816,413200000301003;6,939848921000021;50,945781013000044;1
172121;5230126601100699087;5;3;15;0;2023;1;15;5;3;0;1;0;1;1;0;0;0;0;0;355429,682400000281632;5644302,274800000712276;6,942607339000062;50,932211824000035;1
172122;5230126601100042597;5;3;15;0;2023;1;20;5;2;1;5;2;1;1;1;0;0;0;0;355819,083999999798834;5645182,288899999111891;6,947796945000050;50,940217831000041;1
172128;5230126515110991864;5;1;54;36;2023;1;18;5;3;5;2;2;0;1;1;0;0;0;0;301097,572999999858439;5740287,176000000908971;6,116633850000028;51,778059521000046;1
172129;5230126514215486826;5;1;66;28;2023;1;14;5;3;0;3;0;1;1;1;0;0;0;0;324638,976800000295043;5688195,755400000140071;6,483481250000068;51,317999923000059;1
172130;5230126513320681393;5;1;62;4;2023;1;6;5;3;9;1;1;1;1;0;0;0;0;0;347957,118499999865890;5662112,254799999296665;6,828881158000058;51,090331750000075;1
172136;5230126406210925753;5;7;58;4;2023;1;12;5;3;1;5;0;1;1;1;0;0;0;0;471371,890499999746680;5783223,734899999573827;8,581129664000059;52,198722322000037;1
172139;5230126404101687358;5;7;66;20;2023;1;9;5;3;0;7;0;0;1;0;0;0;0;0;491979,123999999836087;5754120,442999999970198;8,883325456000023;51,937744478000070;1
172141;5230126317210089252;5;9;78;20;2023;1;16;5;3;5;3;1;0;1;1;0;0;0;0;408207,942400000058115;5716067,620500000193715;7,675005373000033;51,588178830000061;1
172142;5230126317140451342;5;9;78;28;2023;1;7;5;3;0;5;1;1;1;1;0;0;0;0;401056,897199999541044;5700483,913599999621511;7,576190287000031;51,446887856000046;1
172143;5230126316300881975;5;9;74;4;2023;1;9;5;2;0;1;0;2;1;0;0;0;0;0;452821,989400000311434;5712642,648199999704957;8,319385610000040;51,562887703000058;1
172145;5230126316300494261;5;9;74;28;2023;1;7;5;3;0;1;2;2;1;0;0;0;0;0;458192,427000000141561;5723201,481000000610948;8,395597942000052;51,658246509000037;1
172148;5230126313212996151;5;9;58;36;2023;1;15;5;2;1;5;0;1;1;1;0;0;0;0;464589,224600000306964;5689540,059699999168515;8,491451209000047;51,356024030000071;1
172149;5230126303100196531;5;9;15;0;2023;1;11;5;3;3;2;0;1;1;1;0;0;0;0;421266,774400000460446;5726279,913899999111891;7,861165717000063;51,681960983000067;1
172152;5230126301304991647;5;9;13;0;2023;1;5;5;2;3;2;2;2;1;1;0;0;0;0;403077,300900000147521;5708926,439500000327826;7,602937321000070;51,523127807000037;1
172153;5230126301101735200;5;9;13;0;2023;1;16;5;3;5;3;0;1;1;1;0;0;0;0;392371,579800000414252;5707148,336600000038743;7,449223695000057;51,505206752000049;1
172154;5230126300400354053;5;9;11;0;2023;1;7;5;3;4;6;2;1;1;1;0;0;0;0;375905,065399999730289;5700694,373700000345707;7,214346744000068;51,443826671000068;1
172155;5230125711213476720;5;5;70;4;2023;1;13;4;3;5;3;0;0;1;1;0;0;0;0;423897,439299999736249;5734997,473500000312924;7,897304275000067;51,760692111000026;1
172156;5230125709700992000;5;5;66;56;2023;1;15;4;3;5;3;0;0;1;0;0;0;0;1;417181,182799999602139;5797565,221699999645352;7,784852617000070;52,322154133000026;1
172164;5230125608100194791;5;3;34;2;2023;1;13;4;2;0;1;0;1;1;0;0;0;0;0;294870,888000000268221;5628660,769999999552965;6,090565875000038;50,773382948000062;1
172165;5230125607400041637;5;3;82;68;2023;1;9;4;3;0;1;0;1;1;0;0;0;0;0;370777,968000000342727;5630845,933000000193715;7,165658205000057;50,814908487000082;1
172166;5230125606400432500;5;3;78;28;2023;1;14;4;2;8;1;0;2;1;0;0;0;0;0;373289,375699999742210;5641347,437699999660254;7,197652842000025;50,909853738000038;1
172168;5230125601600199085;5;3;15;0;2023;1;11;4;2;0;7;0;0;1;0;0;0;0;0;359808,425599999725819;5645459,514399999752641;7,004435309000030;50,943693046000078;1
172170;5230125601300881796;5;3;15;0;2023;1;21;4;2;0;1;2;1;1;0;0;0;0;0;354139,184299999848008;5647181,960500000044703;6,923101731000031;50,957765716000040;1
172174;5230125601100499022;5;3;15;0;2023;1;15;4;3;0;2;0;0;1;0;0;0;0;0;356462,058600000105798;5645974,418299999088049;6,956630343000029;50,947497008000028;1
172175;5230125601100399150;5;3;15;0;2023;1;16;4;3;6;4;0;0;1;0;1;0;0;0;356704,048399999737740;5642519,931099999696016;6,961431043000061;50,916512066000053;1
172176;5230125600380991898;5;3;14;0;2023;1;7;4;3;1;7;1;1;1;1;0;0;0;0;371872,134300000034273;5613214,470399999991059;7,187311252000029;50,656673140000066;1
172179;5230125515211991891;5;1;54;16;2023;1;15;4;2;6;4;0;0;1;0;1;0;0;0;303581,662999999709427;5728924,633999999612570;6,159004816000049;51,676897773000064;1
172180;5230125515110054583;5;1;54;36;2023;1;12;4;3;5;2;0;0;1;1;0;0;0;0;302554,808000000193715;5740400,627000000327826;6,137665437000067;51,779594224000050;1
172183;5230125505100991605;5;1;14;0;2023;1;19;4;3;1;5;2;0;1;1;0;0;0;0;330568,779400000348687;5688709,066299999132752;6,568249210000033;51,324408217000041;1
172186;5230125500300057378;5;1;11;0;2023;1;17;4;3;2;6;2;0;1;1;0;0;0;0;343650,280000000260770;5674043,160000000149012;6,762250524000024;51,196378248000030;1
172188;5230125500200250580;5;1;11;0;2023;1;18;4;2;4;6;2;0;1;1;0;0;0;0;341354,870600000023842;5681414,467499999329448;6,726161742000045;51,261977282000032;1
172189;5230125411236037780;5;7;74;36;2023;1;13;4;2;5;1;0;0;1;1;0;0;0;0;472356,442999999970198;5724824,485999999567866;8,600228564000076;51,673714566000058;1
172194;5230125404101860947;5;7;66;20;2023;1;18;4;3;5;3;2;1;1;1;0;0;0;0;491334,496000000275671;5754586,315999999642372;8,873936750000041;51,941923490000079;1
172205;5230124709800597730;5;5;66;40;2023;1;10;3;3;0;6;0;0;1;1;0;0;0;0;422000,734899999573827;5782356,142599999904633;7,859064568000065;52,186149201000035;1
172206;5230124705000991921;5;5;54;16;2023;1;8;3;2;5;7;1;0;1;1;0;0;0;0;362966,438599999994040;5757893,265000000596046;7,005806662000055;51,954835295000066;1
172207;5230124702100091757;5;5;15;0;2023;1;13;3;3;2;6;0;0;1;1;0;0;0;0;405063,013000000268221;5759218,019600000232458;7,617819316000066;51,975523603000056;1
172208;5230124701800077488;5;5;62;4;2023;1;10;3;3;5;3;0;0;1;1;0;0;0;0;383002,654000000096858;5715987,970000000670552;7,311351897000065;51,582793307000031;1
172214;5230126709700991874;5;5;66;28;2023;1;5;5;2;0;1;2;2;1;0;0;0;0;0;412605,661500000394881;5790957,685499999672174;7,719450697000070;52,262054374000058;1
172217;5230124602300954806;5;3;62;36;2023;1;22;3;2;0;1;2;0;1;0;0;0;0;0;346258,321999999694526;5652696,921000000089407;6,808639579000044;51,005274308000025;1
172221;5230124601200567785;5;3;15;0;2023;1;19;3;3;5;3;2;0;1;1;0;0;0;0;356837,178999999538064;5637630,830000000074506;6,965239984000050;50,872606845000064;1
172223;5230124600380595380;5;3;14;0;2023;1;17;3;3;5;2;1;0;1;1;0;0;0;0;368584,130099999718368;5617712,107400000095367;7,139221758000076;50,696366445000081;1
172226;5230124518310991904;5;1;70;32;2023;1;16;3;2;3;6;0;0;1;1;0;0;0;0;337503,216000000014901;5711347,289999999105930;6,657301399000062;51,529821204000029;1
172227;5230209600110695272;5;3;14;0;2023;2;18;5;3;5;3;2;0;1;1;0;0;0;0;365062,475899999961257;5622603,715099999681115;7,087597197000036;50,739525471000036;1
172231;5230124515000122186;5;1;54;36;2023;1;8;3;3;5;3;0;1;1;1;0;0;0;0;302970,904699999839067;5741692,865599999204278;6,142955857000061;51,791345283000055;1
172233;5230124506100991907;5;1;16;0;2023;1;18;3;2;5;2;2;0;1;1;0;0;0;0;321994,650700000114739;5674713,735799999907613;6,452281214000038;51,196067357000061;1
172234;5230124506100991886;5;1;16;0;2023;1;18;3;3;6;6;1;0;1;0;1;0;0;0;314906,799599999561906;5669296,688799999654293;6,353737888000069;51,145156347000068;1
172236;5230124505100679385;5;1;14;0;2023;1;7;3;3;5;3;1;0;1;0;0;0;0;1;330831,380099999718368;5689040,524700000882149;6,571857194000074;51,327464168000063;1
172240;5230124405228587110;5;7;54;28;2023;1;8;3;3;5;2;0;0;1;1;0;0;0;0;450251,406000000424683;5744844,490000000223517;8,277707814000053;51,852183811000032;1
172243;5230124317110918786;5;9;78;36;2023;1;10;3;3;0;5;0;0;1;1;1;0;0;0;408133,401499999687076;5710063,067700000479817;7,675498928000025;51,534190400000057;1
172244;5230124302100985193;5;9;14;0;2023;1;22;3;3;9;1;2;0;1;0;0;0;0;0;394254,160299999639392;5691016,128399999812245;7,481155782000030;51,360555253000030;1
172248;5230124300200841165;5;9;11;0;2023;1;17;3;2;5;3;1;0;1;1;0;0;0;0;371057,076899999752641;5702589,828099999576807;7,143934777000027;51,459778323000080;1
172249;5230123709500102376;5;5;66;60;2023;1;19;2;2;0;1;2;0;1;0;0;0;0;0;389632,087399999611080;5788816,704500000923872;7,383659199000022;52,238683678000029;1
172250;5230123709000176751;5;5;66;12;2023;1;14;2;3;5;3;0;0;1;1;0;0;0;0;404923,771499999798834;5773616,742699999362230;7,611788660000059;52,104919308000035;1
172251;5230123702100772400;5;5;15;0;2023;1;14;2;3;5;7;0;0;1;1;0;0;0;0;411243,088800000026822;5752560,877900000661612;7,709487832000036;51,916705665000052;1
172252;5230123702100072434;5;5;15;0;2023;1;7;2;3;5;1;2;0;1;0;0;0;0;0;405266,191999999806285;5757296,081000000238419;7,621306729000025;51,958283119000043;1
172256;5230203709500076680;5;5;66;76;2023;2;16;6;3;5;3;0;0;1;1;0;0;0;0;396523,913900000043213;5794059,117599999532104;7,482943188000036;52,287137964000067;1
172259;5230123608408075576;5;3;34;8;2023;1;17;2;3;3;2;2;1;1;1;0;0;0;0;302149,115899999625981;5641786,608300000429153;6,186576858000024;50,893806356000027;1
172261;5230123606400093356;5;3;78;28;2023;1;7;2;3;0;7;2;2;1;0;0;0;0;0;370974,975300000049174;5639813,106200000271201;7,165292671000032;50,895550415000059;1
172264;5230123601600599094;5;3;15;0;2023;1;9;2;3;0;3;0;0;1;1;0;0;0;0;365259,819000000134110;5636351,463999999687076;7,085347767000030;50,863133244000039;1
172265;5230123601500093564;5;3;15;0;2023;1;17;2;3;4;3;1;0;1;1;0;0;0;0;359754,231700000353158;5649420,016599999740720;7,002137883000046;50,979273263000039;1
172266;5230123601400199163;5;3;15;0;2023;1;4;2;3;5;3;2;1;1;0;0;0;1;0;354501,722799999639392;5655670,323200000450015;6,924859398000024;51,034138995000035;1
172269;5230123601100672623;5;3;15;0;2023;1;19;2;3;7;1;2;0;1;0;0;0;0;0;356687,069000000134110;5644877,938999999314547;6,960262753000052;50,937699059000067;1
172272;5230123518100078913;5;1;70;48;2023;1;16;2;3;1;2;0;0;1;1;0;0;0;0;335532,568599999882281;5725163,868699999526143;6,622442135000028;51,653376899000079;1
172275;5230123516500891237;5;1;58;16;2023;1;7;2;3;5;3;1;0;1;1;0;0;0;0;355128,742999999783933;5671437,007500000298023;6,927466801000037;51,175984188000029;1
172281;5230123501214596120;5;1;12;0;2023;1;5;2;3;5;7;2;0;1;1;0;0;0;0;341389,291000000201166;5696718,953999999910593;6,719841080000037;51,399495886000068;1
172286;5230123500100287376;5;1;11;0;2023;1;19;2;3;5;2;2;0;1;1;0;0;0;0;346099,878999999724329;5677643,425000000745058;6,795737521000035;51,229393501000061;1
172287;5230123411220187045;5;7;74;20;2023;1;17;2;3;8;1;2;1;1;0;0;0;0;0;468458,363499999977648;5737344,904500000178814;8,542723196000054;51,786081377000073;1
172288;5230123316300691307;5;9;74;28;2023;1;14;2;3;5;3;0;0;1;1;0;0;0;0;454584,776999999769032;5724894,265000000596046;8,343226519000041;51,673186174000080;1