OID_;UIDENTSTLAE;ULAND;UREGBEZ;UKREIS;UGEMEINDE;UJAHR;UMONAT;USTUNDE;UWOCHENTAG;UKATEGORIE;UART;UTYP1;ULICHTVERH;IstStrassenzustand;IstRad;IstPKW;IstFuss;IstKrad;IstGkfz;IstSonstige;LINREFX;LINREFY;XGCSWGS84;YGCSWGS84;PLST
172289;5230123316200991932;5;9;74;52;2023;1;16;2;3;0;1;1;1;1;0;0;0;0;0;424414,729000000283122;5711938,427999999374151;7,909784028000047;51,553464837000035;1
172291;5230123307000593805;5;9;62;24;2023;1;12;2;2;0;1;0;1;1;0;0;0;0;0;406260,182099999859929;5698125,190099999308586;7,651668112000038;51,426569766000057;1
172295;5230122709110096848;5;5;66;8;2023;1;19;1;3;0;7;2;0;1;1;0;0;0;0;399971,965699999593198;5781960,893899999558926;7,537056279000069;52,179041683000037;1
172300;5230122601700793635;5;3;16;0;2023;1;22;1;3;5;3;2;0;1;1;0;0;0;0;360070,794999999925494;5656982,724999999627471;7,003727588000061;51,047316523000063;1
172301;5230122600110394842;5;3;14;0;2023;1;19;1;3;0;1;2;0;1;0;0;0;0;0;365901,378999999724329;5621244,235999999567866;7,099974118000034;50,727500852000048;1
172309;5230121607400090891;5;3;82;44;2023;1;13;7;3;5;3;0;0;1;1;0;0;0;0;361034,230000000447035;5633018,505000000819564;7,026604481000049;50,832178460000080;1
172312;5230121601600086430;5;3;15;0;2023;1;21;7;3;5;3;2;0;1;1;0;0;0;0;359479,024699999950826;5645134,022500000894070;6,999875048000035;50,940687624000077;1
172315;5230121601300593546;5;3;15;0;2023;1;4;7;3;0;1;2;0;1;0;0;0;0;0;354190,925999999977648;5646580,298000000417233;6,924078966000025;50,952371874000050;1
172316;5230121600110993437;5;3;14;0;2023;1;13;7;3;0;2;0;0;1;1;0;0;0;0;366457,464200000278652;5622213,126199999824166;7,107497646000070;50,736337334000041;1
172317;5230121600110099951;5;3;14;0;2023;1;9;7;3;3;6;0;1;1;0;0;0;0;1;366148,886199999600649;5622062,302600000053644;7,103181950000021;50,734910699000068;1
172319;5230121514114089770;5;1;66;24;2023;1;10;7;2;5;3;0;2;1;1;0;0;0;0;309550,053299999795854;5677407,716199999675155;6,272946157000035;51,216253079000069;1
172323;5230121502408089562;5;1;17;0;2023;1;12;7;3;1;7;0;0;1;1;0;0;0;0;350349,610000000335276;5698846,254000000655651;6,847654766000062;51,421045331000073;1
172331;5230121317210475336;5;9;78;20;2023;1;21;7;2;5;3;2;0;1;1;0;0;0;0;406941,122600000351667;5716495,011199999600649;7,656611199000054;51,591812886000071;1
172335;5230121301101991967;5;9;13;0;2023;1;12;7;3;5;3;0;0;1;1;0;0;0;0;394336,033499999903142;5707940,094200000166893;7,477280625000049;51,512694222000050;1
172338;5230126410110572232;5;7;70;24;2023;1;15;5;3;5;3;0;1;1;1;0;0;0;0;493014,349299999885261;5794810,810799999162555;8,897548807000021;52,303595735000044;1
172342;5230120702100991978;5;5;15;0;2023;1;7;6;3;5;2;2;2;1;1;0;0;0;0;406103,761500000022352;5757040,887399999424815;7,633562146000031;51,956131388000074;1
172351;5230120601300799805;5;3;15;0;2023;1;7;6;3;0;3;2;1;1;1;0;0;0;0;351039,816700000315905;5647986,118799999356270;6,878672949000077;50,964199369000028;1
172352;5230120601300186648;5;3;15;0;2023;1;11;6;3;5;1;0;1;1;1;0;0;0;0;352940,821399999782443;5648255,636399999260902;6,905616547000022;50,967109782000080;1
172353;5230120600380078303;5;3;14;0;2023;1;15;6;3;5;2;0;1;1;1;0;0;0;0;370644,100100000388920;5616938,047900000587106;7,168644823000022;50,689870731000042;1
172376;5230120410110087061;5;7;70;24;2023;1;20;6;2;0;1;2;0;1;0;0;0;0;0;492367,327200000174344;5791581,929899999871850;8,888132777000067;52,274557876000074;1
172379;5230120404301991973;5;7;66;44;2023;1;19;6;3;6;6;2;1;1;0;1;0;0;0;494202,595999999903142;5763602,292999999597669;8,915508600000067;52,023023201000058;1
172385;5230119709110992000;5;5;66;8;2023;1;18;5;3;5;7;2;0;1;0;0;0;0;1;399959,589800000190735;5781309,522600000724196;7,537067451000041;52,173185073000070;1
172386;5230119705000491823;5;5;54;68;2023;1;22;5;3;0;1;2;2;1;0;0;0;0;0;350383,928000000305474;5767533,017000000923872;6,818628530000069;52,038200875000030;1
172387;5230119705000391823;5;5;54;68;2023;1;22;5;3;0;1;2;2;1;0;0;0;0;0;350381,701799999922514;5767533,931399999186397;6,818595698000024;52,038208490000045;1
172393;5230119610211945931;5;3;70;4;2023;1;23;5;2;0;7;2;2;1;0;0;0;0;0;312166,017400000244379;5662228,245999999344349;6,318278948000057;51,080771721000076;1
172394;5230119610111985857;5;3;70;16;2023;1;20;5;2;0;1;2;1;1;0;0;0;0;0;294460,228799999691546;5665526,087400000542402;6,063955409000073;51,104319925000027;1
172395;5230119608200577517;5;3;34;2;2023;1;15;5;3;5;2;0;1;1;1;0;0;0;0;297477,498900000005960;5628952,807000000029802;6,127325844000040;50,776921730000026;1
172396;5230119608100751460;5;3;34;2;2023;1;7;5;3;5;3;1;2;1;1;0;0;0;0;291677,685399999842048;5628915,474899999797344;6,045194852000066;50,774532570000076;1
172398;5230119606400432388;5;3;78;28;2023;1;9;5;2;0;1;0;2;1;0;0;0;0;0;372128,461199999786913;5640190,649700000882149;7,181553920000056;50,899200383000050;1
172405;5230119601700240461;5;3;16;0;2023;1;13;5;3;6;4;0;1;1;0;1;0;0;0;360009,603199999779463;5659015,974099999293685;7,002068668000049;51,065574307000077;1
172408;5230130702100376766;5;5;15;0;2023;1;8;2;3;6;4;0;0;1;0;1;0;0;0;405270,162100000306964;5756347,668099999427795;7,621625953000034;51,949759058000041;1
172409;5230119601500182422;5;3;15;0;2023;1;8;5;3;3;2;0;2;1;1;0;0;0;0;359609,269000000320375;5646187,866000000387430;7,001321460000042;50,950190357000054;1
172410;5230119601300545854;5;3;15;0;2023;1;13;5;3;1;5;0;0;1;1;0;0;0;0;353065,070000000298023;5648430,700999999418855;6,907314085000053;50,968714713000054;1
172412;5230119601200887077;5;3;15;0;2023;1;7;5;3;0;1;2;2;1;0;0;0;0;0;355191,716199999675155;5642697,225500000640750;6,939860586000066;50,917727878000051;1
172414;5230119600140993511;5;3;14;0;2023;1;15;5;3;3;6;0;1;1;1;0;0;0;0;367368,828099999576807;5621613,307199999690056;7,120621452000023;50,731154963000051;1
172415;5230119600140534775;5;3;14;0;2023;1;15;5;3;0;1;0;1;1;0;0;0;0;0;368801,439899999648333;5622173,315799999982119;7,140710717000047;50,736513758000058;1
172416;5230119600110991993;5;3;14;0;2023;1;7;5;3;6;4;2;1;1;0;0;0;0;1;363825,123900000005960;5621091,037499999627471;7,070630161000054;50,725640977000069;1
172417;5230119600110093437;5;3;14;0;2023;1;4;5;3;0;1;2;0;1;0;0;0;0;0;365755,530000000260770;5621891,575699999928474;7,097673109000027;50,733285429000034;1
172424;5230119516300680923;5;1;58;28;2023;1;7;5;3;5;3;2;2;1;1;0;0;0;0;349766,022300000302494;5684828,863600000739098;6,845188072000042;51,294936796000059;1
172426;5230119514215089447;5;1;66;28;2023;1;7;5;3;0;1;2;2;1;0;0;0;0;0;324560,695299999788404;5688933,376499999314547;6,481996017000029;51,324602072000062;1
172442;5230119500200056863;5;1;11;0;2023;1;17;5;3;5;2;1;0;1;1;0;0;0;0;347936,453099999576807;5676723,676799999549985;6,822411899000031;51,221621251000045;1
172444;5230119411220337886;5;7;74;20;2023;1;18;5;3;0;6;2;2;1;1;0;0;0;0;470441,559000000357628;5735756,696900000795722;8,571609047000038;51,771910029000026;1
172448;5230119405236154206;5;7;54;36;2023;1;14;5;3;0;6;0;2;1;0;0;0;1;0;473301,227500000037253;5750079,575300000607967;8,611947807000035;51,900830799000062;1
172453;5230119400100468200;5;7;11;0;2023;1;11;5;3;5;3;0;2;1;1;0;0;0;0;466862,723000000230968;5765263,644999999552965;8,516905192000024;52,037000290000037;1
172461;5230207601300099051;5;3;15;0;2023;2;10;3;3;5;3;0;0;1;1;0;0;0;0;355037,572999999858439;5645969,187000000849366;6,936367807000067;50,947093543000051;1
172462;5230118705000765870;5;5;54;8;2023;1;17;4;3;4;6;1;0;1;1;0;0;0;0;332812,663999999873340;5743336,263699999079108;6,574431808000043;51,815823321000039;1
172463;5230118702100976107;5;5;15;0;2023;1;17;4;2;0;7;2;0;1;0;0;0;0;0;405206,887299999594688;5752165,968800000846386;7,621857617000046;51,912161244000060;1
172464;5230118702100596615;5;5;15;0;2023;1;8;4;3;4;6;0;1;1;0;0;0;0;0;406458,011300000362098;5755295,439600000157952;7,639190845000030;51,940502136000077;1
172465;5230118702100376766;5;5;15;0;2023;1;15;4;3;5;3;0;0;1;1;0;0;0;0;408069,491799999959767;5754797,838999999687076;7,662760027000047;51,936297995000075;1
172466;5230118701700798960;5;5;62;16;2023;1;14;4;3;5;3;0;0;1;1;0;0;0;0;374527,830199999734759;5733772,462500000372529;7,182712180000067;51,740798943000073;1
172468;5230118701700265465;5;5;62;16;2023;1;7;4;3;5;2;2;0;1;1;0;0;0;0;374606,639600000344217;5734320,376000000163913;7,183655499000054;51,745740589000036;1
172472;5230118609224799604;5;3;58;24;2023;1;13;4;3;4;2;0;0;1;1;0;0;0;0;312486,383399999700487;5642603,464199999347329;6,332977676000041;50,904592509000054;1
172474;5230118609108285812;5;3;58;8;2023;1;15;4;3;0;5;0;0;1;0;0;1;0;0;324114,989099999889731;5630380,101800000295043;6,504069891000029;50,798435392000044;1
172476;5230118607400936847;5;3;82;68;2023;1;7;4;3;5;7;2;0;1;1;0;0;0;0;367299,784599999897182;5629041,324200000613928;7,116964903000053;50,797902289000035;1
172480;5230118601600992026;5;3;15;0;2023;1;8;4;3;5;3;0;0;1;0;0;0;0;1;366516,802000000141561;5635579,853000000119209;7,103480367000031;50,856489738000050;1
172483;5230118600110479307;5;3;14;0;2023;1;16;4;3;0;1;0;0;1;0;0;0;0;0;366083,630099999718368;5621360,585799999535084;7,102512643000068;50,728588641000044;1
172484;5230118518200992014;5;1;70;24;2023;1;18;4;3;1;5;2;0;1;1;0;0;0;0;338219,776999999769032;5703196,983999999240041;6,671358570000052;51,456802213000060;1
172487;5230209601200781745;5;3;15;0;2023;2;7;5;3;0;3;0;0;1;1;0;0;0;0;354357,595999999903142;5643972,743000000715256;6,927492683000025;50,928980698000032;1
172488;5230118516300495616;5;1;58;28;2023;1;13;4;3;4;2;0;0;1;1;0;0;0;0;350123,895399999804795;5684465,050799999386072;6,850469903000032;51,291761989000065;1
172490;5230303405244096924;5;7;54;44;2023;3;12;6;3;5;3;0;0;1;1;0;0;0;0;466105,399600000120699;5748350,816899999976158;8,507534010000029;51,884896601000037;1
172493;5230303404302796798;5;7;66;8;2023;3;13;6;3;0;7;0;0;1;1;0;0;0;0;483696,167000000365078;5769952,453500000759959;8,762085772000034;52,079906938000079;1
172496;5230303316200056857;5;9;74;52;2023;3;18;6;2;5;3;0;0;1;1;0;0;0;0;423216,889399999752641;5713360,599300000816584;7,892199623000067;51,566088323000031;1
172499;5230303307000378450;5;9;62;56;2023;3;13;6;3;2;6;0;0;1;1;0;0;0;0;397241,496000000275671;5677649,070900000631809;7,527897199000051;51,240946306000069;1
172501;5230303301301991177;5;9;78;24;2023;3;19;6;3;0;7;2;0;1;1;0;0;0;0;397853,486100000329316;5719515,262599999085069;7,524587885000074;51,617386284000077;1
172502;5230302711300581008;5;5;70;8;2023;3;14;5;3;5;3;0;0;1;1;0;0;0;0;434112,897499999962747;5734148,355200000107288;8,045459288000075;51,754353669000068;1
172504;5230302702100005056;5;5;15;0;2023;3;8;5;3;5;3;0;0;1;1;0;0;0;0;402586,122700000181794;5753917,256400000303984;7,583272747000024;51,927450189000069;1
172506;5230302608100371698;5;3;34;2;2023;3;9;5;3;0;1;0;2;1;0;0;0;0;0;294442,819600000046194;5628517,314200000837445;6,084582937000050;50,771943023000063;1
172508;5230302606100232210;5;3;78;4;2023;3;8;5;3;0;7;0;0;1;1;0;0;0;0;365859,303199999965727;5650569,688799999654293;7,088629941000022;50,991060615000038;1
172511;5230302601400381728;5;3;15;0;2023;3;19;5;3;0;1;2;0;1;0;0;0;0;0;356520,975700000301003;5646714,082699999213219;6,957177019000028;50,954158932000041;1
172513;5230302601300099804;5;3;15;0;2023;3;7;5;3;5;3;0;0;1;1;0;0;0;0;350307,108799999579787;5644454,122099999338388;6,869698140000025;50,932269684000062;1
172514;5230302601200991048;5;3;15;0;2023;3;11;5;3;0;2;0;0;1;0;0;0;0;0;354666,888299999758601;5643697,407899999991059;6,932000637000044;50,926584339000044;1
172516;5230302601100991195;5;3;15;0;2023;3;13;5;3;5;3;0;0;1;1;0;0;0;0;356038,069600000046194;5646184,634600000455976;6,950515559000053;50,949280456000054;1
172519;5230302600330095282;5;3;82;48;2023;3;14;5;2;0;1;0;0;1;0;0;0;0;0;355293,617999999783933;5609752,625000000000000;6,954268722000052;50,621677581000029;1
172524;5230302518100278966;5;1;70;48;2023;3;7;5;3;5;3;1;0;1;1;0;0;0;0;335795,009399999864399;5727674,982200000435114;6,625052632000063;51,676012820000039;1
172526;5230302515211596080;5;1;54;16;2023;3;14;5;3;5;2;0;0;1;1;0;0;0;0;303918,421299999579787;5727872,547100000083447;6,164459749000059;51,667567209000026;1
172527;5230302513210991191;5;1;62;24;2023;3;16;5;3;5;3;0;0;1;1;0;0;0;0;338407,036199999973178;5677894,083499999716878;6,685536465000041;51,229519492000065;1
172528;5230302513210475546;5;1;62;24;2023;3;16;5;3;5;2;0;0;1;1;0;0;0;0;339616,217899999581277;5674753,857799999415874;6,704244697000036;51,201645833000043;1
172534;5230302502101296645;5;1;13;0;2023;3;17;5;3;6;7;0;0;1;0;1;0;0;0;361953,455599999986589;5702759,779600000008941;7,012908549000031;51,459158717000037;1
172537;5230302501127396114;5;1;12;0;2023;3;18;5;3;5;3;1;0;1;1;0;0;0;0;346581,748999999836087;5702522,357999999076128;6,791913486000055;51,453068451000036;1
172541;5230302500100991188;5;1;11;0;2023;3;21;5;3;5;3;2;0;1;1;0;0;0;0;344772,364299999549985;5676975,923299999907613;6,777028329000075;51,223036241000045;1
172543;5230302405228906460;5;7;54;28;2023;3;8;5;3;3;2;0;0;1;0;0;0;0;0;450713,761400000192225;5744949,535700000822544;8,284405134000053;51,853169243000082;1
172545;5230302400300296874;5;7;11;0;2023;3;9;5;3;4;1;0;0;1;0;0;0;1;0;464490,222199999727309;5759152,630000000819564;8,482952551000039;51,981911866000075;1
172546;5230302400200774620;5;7;11;0;2023;3;15;5;3;0;3;0;0;1;1;0;0;0;0;467378,751000000163913;5763002,274000000208616;8,524643481000055;52,016699793000043;1
172548;5230302303100094462;5;9;15;0;2023;3;19;5;2;0;7;2;0;1;0;0;0;0;0;423100,559000000357628;5726855,630000000819564;7,887558137000042;51,687390646000040;1
172554;5230301706200903166;5;5;58;40;2023;3;8;4;3;1;5;0;0;1;1;0;0;0;0;377007,484500000253320;5764976,644200000911951;7,207485763000022;52,021773255000028;1
172555;5230301705000991217;5;5;54;8;2023;3;16;4;2;0;7;0;0;1;0;0;0;0;0;336048,994800000451505;5745416,615100000053644;6,620355558000028;51,835470735000058;1
172556;5230301705000481050;5;5;54;20;2023;3;7;4;2;0;3;0;0;1;1;0;0;0;0;365732,267400000244379;5786062,459799999371171;7,034942267000076;52,208626188000039;1
172557;5230301705000091738;5;5;54;44;2023;3;18;4;3;2;6;2;0;1;1;0;0;0;0;365083,290000000037253;5741202,273000000044703;7,043117722000034;51,805369666000047;1
172558;5230301701200095082;5;5;62;20;2023;3;18;4;3;0;1;2;0;1;0;0;0;0;0;367248,941100000403821;5719303,921800000593066;7,082849317000068;51,609101833000068;1
172560;5230301609108189917;5;3;58;8;2023;3;10;4;2;5;5;0;0;1;1;0;0;0;0;324014,285799999721348;5631556,469799999147654;6,502078482000059;50,808973608000031;1
172561;5230301608200873686;5;3;34;2;2023;3;15;4;3;5;2;0;0;1;1;0;0;0;0;295247,559000000357628;5628357,996999999508262;6,096069545000034;50,770796721000067;1
172562;5230301608200371805;5;3;34;2;2023;3;16;4;3;2;6;0;0;1;1;0;0;0;0;298238,489299999549985;5629146,462200000882149;6,137999445000048;50,778926265000052;1
172565;5230301601700840461;5;3;16;0;2023;3;7;4;3;5;3;1;0;1;1;0;0;0;0;360398,924999999813735;5659348,565999999642372;7,007493060000058;51,068658105000054;1
172569;5230301600380086272;5;3;14;0;2023;3;18;4;3;0;7;2;0;1;1;0;0;0;0;369235,042299999855459;5617478,355100000277162;7,148515924000037;50,694412131000036;1
172572;5230301516300991221;5;1;58;24;2023;3;13;4;3;4;2;0;0;1;1;0;0;0;0;358963,699799999594688;5679668,979800000786781;6,979055700000060;51,250920231000066;1
172574;5230301513210181420;5;1;62;24;2023;3;15;4;3;7;1;0;0;1;0;0;0;0;0;337998,203900000080466;5676220,705000000074506;6,680442155000037;51,214368659000058;1
172575;5230301508000082360;5;1;19;0;2023;3;15;4;3;3;7;0;0;1;1;0;0;0;0;350162,899299999698997;5708619,998400000855327;6,840828903000045;51,508817048000026;1
172577;5230301503300576026;5;1;20;0;2023;3;13;4;3;0;1;0;2;1;0;0;0;0;1;371663,243599999696016;5672858,289000000804663;7,163363562000029;51,192708489000040;1
172578;5230301502405881511;5;1;17;0;2023;3;21;4;3;5;3;2;0;1;1;0;0;0;0;355736,023400000296533;5700084,166799999773502;6,924565091000034;51,433565602000044;1
172582;5230301500300565903;5;1;11;0;2023;3;8;4;3;5;2;0;0;1;1;0;0;0;0;350788,609000000171363;5670943,652000000700355;6,865626975000055;51,170434859000068;1
172583;5230301500200570420;5;1;11;0;2023;3;11;4;3;5;3;0;0;1;1;0;0;0;0;347815,889999999664724;5676405,824200000613928;6,820821661000025;51,218733013000076;1
172587;5230301405108196862;5;7;54;8;2023;3;10;4;3;5;3;0;0;1;1;0;0;0;0;458560,127600000239909;5750101,595499999821186;8,397701771000072;51,900127380000072;1
172588;5230301400300996874;5;7;11;0;2023;3;6;4;3;5;3;2;0;1;1;0;0;0;0;472086,599299999885261;5754014,224400000646710;8,593975321000073;51,936147141000049;1
172589;5230301316500035135;5;9;74;20;2023;3;17;4;3;6;1;0;0;1;0;1;0;0;0;465906,926599999889731;5721258,541099999099970;8,507309084000042;51,641298168000048;1
172590;5230301316100151271;5;9;74;40;2023;3;9;4;3;5;3;0;0;1;0;0;0;0;0;438555,353000000119209;5713697,798000000417233;8,113406669000028;51,571000072000061;1
172593;5230301302120999351;5;9;14;0;2023;3;16;4;3;6;7;0;0;1;0;1;0;0;0;390867,671600000001490;5689549,377499999478459;7,432984284000042;51,346730708000052;1
172595;5230301301306009547;5;9;13;0;2023;3;12;4;3;0;5;0;0;1;0;0;0;0;1;398393,111299999989569;5711451,449300000444055;7,534713005000071;51,545001123000077;1
172599;5230228711300496538;5;5;70;8;2023;2;16;3;3;2;2;0;0;1;1;0;0;0;0;432825,281299999915063;5739102,626800000667572;8,025849161000053;51,798739631000046;1
172600;5230228709300387312;5;5;66;84;2023;2;15;3;3;6;7;0;0;1;0;1;0;0;0;389966,649000000208616;5775610,009800000116229;7,392841660000045;52,120060320000050;1
172602;5230228705000320734;5;5;54;12;2023;2;16;3;3;5;2;0;0;1;1;0;0;0;0;352554,367899999953806;5746057,623900000005960;6,859456784000031;51,845831421000071;1
172603;5230228702100879188;5;5;15;0;2023;2;16;3;2;5;3;0;0;1;0;0;0;0;1;407111,704400000162423;5754806,147900000214577;7,648829776000071;51,936213629000065;1
172605;5230228702100068282;5;5;15;0;2023;2;8;3;3;5;3;0;0;1;1;0;0;0;0;407598,612999999895692;5753990,255999999120831;7,656129456000031;51,928960977000031;1
172607;5230228701400789660;5;5;12;0;2023;2;16;3;3;5;3;0;0;1;1;0;0;0;0;358240,688000000081956;5710726,753000000491738;6,956301466000070;51,529832528000043;1
172608;5230228701200099916;5;5;62;20;2023;2;13;3;3;5;7;0;0;1;1;0;0;0;0;371268,851200000382960;5717900,162799999117851;7,141385522000064;51,597419932000037;1
172612;5230228609140324257;5;3;58;40;2023;2;16;3;3;0;1;0;0;1;0;0;0;0;0;325502,883200000040233;5633571,273399999365211;6,522228003000066;50,827525624000032;1
172616;5230228606100281252;5;3;78;4;2023;2;16;3;3;5;3;0;0;1;1;0;0;0;0;369579,365100000053644;5648840,411199999973178;7,142227467000055;50,976373226000078;1
172617;5230228602800991256;5;3;62;12;2023;2;12;3;3;0;6;0;0;1;1;0;0;0;0;351322,179999999701977;5632499,290999999269843;6,888994936000074;50,825099377000072;1
172618;5230228602300769636;5;3;62;36;2023;2;8;3;3;0;1;0;0;1;0;0;0;0;0;345846,851099999621511;5653161,327299999073148;6,802582022000024;51,009337295000080;1
172619;5230228601600385737;5;3;15;0;2023;2;15;3;3;0;3;0;0;1;1;0;0;0;0;363667,050999999977648;5638904,377000000327826;7,061776563000024;50,885704294000050;1
172620;5230228601300079200;5;3;15;0;2023;2;7;3;3;3;6;0;0;1;1;0;0;0;0;354375,848699999973178;5647080,768400000408292;6,926509699000064;50,956916192000051;1
172621;5230228601200091193;5;3;15;0;2023;2;13;3;3;0;3;0;0;1;1;0;0;0;0;359963,620699999853969;5636947,501900000497699;7,009908464000034;50,867231536000077;1
172622;5230228600380275883;5;3;14;0;2023;2;7;3;3;1;5;1;0;1;1;0;0;0;0;367627,611800000071526;5618184,874800000339746;7,125516239000035;50,700398831000030;1
172624;5230228518300045116;5;1;70;20;2023;2;16;3;3;5;3;0;0;1;1;0;0;0;0;329614,136300000362098;5709422,197000000625849;6,544605910000030;51,510202073000073;1
172626;5230228515212843541;5;1;54;32;2023;2;19;3;3;0;7;2;0;1;0;0;0;0;0;309495,648000000044703;5718262,153000000864267;6,250236945000040;51,583173198000054;1
172627;5230228515211696750;5;1;54;16;2023;2;14;3;3;7;1;0;0;1;0;0;0;0;1;303826,163099999539554;5729792,708799999207258;6,162048903000027;51,684778874000074;1
172628;5230228514215991260;5;1;66;28;2023;2;9;3;3;5;2;0;0;1;1;0;0;0;0;325104,515599999576807;5687684,007999999448657;6,490406071000052;51,313545993000048;1
172631;5230228506100542705;5;1;16;0;2023;2;7;3;3;5;2;0;0;1;1;0;0;0;0;323923,366000000387430;5669930,278000000864267;6,482200336000062;51,153692556000067;1
172632;5230228505100276303;5;1;14;0;2023;2;14;3;3;5;3;0;0;1;1;0;0;0;0;331588,313000000081956;5686812,157999999821186;6,583763896000050;51,307669144000045;1
172633;5230228503100273301;5;1;24;0;2023;2;7;3;3;5;2;1;0;1;1;0;0;0;0;369463,726200000382960;5678855,850700000301003;7,129720285000076;51,246112607000043;1
172635;5230228501324991250;5;1;12;0;2023;2;17;3;3;5;3;1;0;1;1;0;0;0;0;342809,030000000260770;5694521,188999999314547;6,741206861000023;51,380144353000048;1
172636;5230228500200869058;5;1;11;0;2023;2;17;3;3;5;3;0;0;1;1;0;0;0;0;341940,553399999625981;5680892,575699999928474;6,734779796000055;51,257450736000067;1
172640;5230228404103096833;5;7;66;16;2023;2;17;3;3;5;3;0;0;1;1;0;0;0;0;506598,824000000022352;5755918,189999999478459;9,096023409000054;51,953926756000044;1
172645;5230228316300090687;5;9;74;28;2023;2;7;3;3;0;2;0;0;1;1;0;0;0;0;454138,658999999985099;5725295,611999999731779;8,336722725000072;51,676758380000081;1
172648;5230228301301991264;5;9;78;24;2023;2;7;3;3;0;1;0;0;1;0;0;0;0;0;397848,472000000067055;5721328,337999999523163;7,523986659000059;51,633682291000071;1
172654;5230227706000396582;5;5;58;16;2023;2;14;2;3;0;1;0;0;1;0;0;0;0;0;381623,474000000394881;5743250,291999999433756;7,282198368000024;51,827522394000027;1
172655;5230227705000991281;5;5;54;48;2023;2;7;2;2;5;2;0;0;1;1;0;0;0;0;340990,593999999575317;5745443,601800000295043;6,692003539000041;51,837141827000039;1
172656;5230227705000974672;5;5;54;4;2023;2;21;2;3;0;1;2;0;1;1;0;0;0;0;363686,320299999788404;5771693,350199999287724;7,010781753000060;52,079013202000056;1
172657;5230227702100374725;5;5;15;0;2023;2;15;2;2;4;6;0;0;1;1;0;0;0;0;407518,189000000245869;5760496,818800000473857;7,653208498000026;51,987432119000061;1
172658;5230227702100194895;5;5;15;0;2023;2;8;2;3;4;7;0;0;1;0;0;0;0;0;406450,697999999858439;5760956,809000000357628;7,637542103000044;51,991387951000036;1
172661;5230227701120378743;5;5;62;32;2023;2;6;2;3;6;4;2;0;1;0;1;0;0;0;375415,794900000095367;5714407,183299999684095;7,202466029000050;51,566960424000058;1
172663;5230227700000194976;5;5;13;0;2023;2;16;2;3;5;3;0;0;1;1;0;0;0;0;369658,309200000017881;5710326,922100000083447;7,120954207000068;51,528990488000034;1
172664;5230227608416089813;5;3;34;16;2023;2;7;2;3;5;6;0;0;1;1;0;0;0;0;294286,905899999663234;5638241,868400000035763;6,076923419000025;50,859224902000051;1
172665;5230227608404089921;5;3;34;4;2023;2;17;2;3;0;1;1;0;1;0;0;0;0;0;303310,584400000050664;5636893,646199999377131;6,205702819000066;50,850254501000052;1
172666;5230227607400790884;5;3;82;68;2023;2;7;2;3;5;3;0;0;1;1;0;0;0;0;371286,773000000044703;5630489,380999999120831;7,173001970000030;50,811817024000050;1
172667;5230227607100832321;5;3;82;60;2023;2;15;2;3;2;7;0;0;1;1;0;0;0;0;373649,389800000004470;5628900,898299999535084;7,207066740000073;50,798059321000039;1
172670;5230227603228078300;5;3;66;28;2023;2;19;2;3;5;3;2;0;1;1;0;0;0;0;334164,591000000014901;5609866,346000000834465;6,655763790000037;50,617074272000082;1
172676;5230227601200991268;5;3;15;0;2023;2;19;2;3;5;2;2;0;1;1;0;0;0;0;353967,874499999918044;5642525,195699999108911;6,922530444000074;50,915873493000049;1
172677;5230227601100399166;5;3;15;0;2023;2;14;2;3;3;2;0;0;1;1;0;0;0;0;355504,383000000379980;5643362,278999999165535;6,944042244000059;50,923782974000062;1
172679;5230227600130991273;5;3;82;8;2023;2;14;2;3;5;2;0;0;1;1;0;0;0;0;374576,255599999800324;5611007,250199999660254;7,226295394000033;50,637421659000040;1
172680;5230227600110599981;5;3;14;0;2023;2;21;2;3;8;1;2;0;1;0;0;0;0;0;363608,924700000323355;5623017,208699999377131;7,066856117000043;50,742902287000049;1
172682;5230227518100991270;5;1;70;48;2023;2;17;2;2;4;3;1;0;1;1;0;0;0;0;335772,663200000301003;5728087,333399999886751;6,624535812000033;51,679710736000061;1
172683;5230227516800695523;5;1;58;20;2023;2;7;2;3;5;3;0;0;1;0;0;0;0;0;359475,565000000409782;5665121,407999999821186;6,992076235000070;51,120312358000035;1
172684;5230227515212863678;5;1;54;32;2023;2;7;2;3;5;3;0;0;1;1;0;0;0;0;308634,074900000356138;5718153,791500000283122;6,237875464000069;51,581908139000063;1
172687;5230227506100391424;5;1;16;0;2023;2;17;2;3;5;3;0;0;1;0;0;0;0;1;321200,875099999830127;5673945,848300000652671;6,441314654000053;51,188921441000048;1
172689;5230227503100486845;5;1;24;0;2023;2;14;2;3;5;2;0;0;1;0;0;0;0;0;371241,377000000327826;5680114,249399999156594;7,154722825000022;51,257826467000029;1
172694;5230303301202477843;5;9;13;0;2023;3;11;6;3;0;2;0;0;1;0;0;0;1;0;394196,036000000312924;5711395,744200000539422;7,474225788000069;51,543729115000076;1
172696;5230227500300187366;5;1;11;0;2023;2;13;2;3;5;2;0;0;1;1;0;0;0;0;343679,127799999900162;5676216,181800000369549;6,761716396000054;51,215911430000062;1
172698;5230227500300000910;5;1;11;0;2023;2;15;2;3;6;4;0;0;1;0;1;0;0;0;349019,841400000266731;5674420,104299999773502;6,838883978000069;51,201209429000073;1