OID_;UIDENTSTLAE;ULAND;UREGBEZ;UKREIS;UGEMEINDE;UJAHR;UMONAT;USTUNDE;UWOCHENTAG;UKATEGORIE;UART;UTYP1;ULICHTVERH;IstStrassenzustand;IstRad;IstPKW;IstFuss;IstKrad;IstGkfz;IstSonstige;LINREFX;LINREFY;XGCSWGS84;YGCSWGS84;PLST
172700;5230227411108055605;5;7;74;8;2023;2;16;2;3;1;5;0;0;1;1;0;0;0;0;487717,142099999822676;5737097,922700000926852;8,821934665000072;51,784615054000028;1
172702;5230227405108991277;5;7;54;8;2023;2;15;2;3;5;3;0;0;1;0;0;0;0;0;457918,566499999724329;5750064,060599999502301;8,388382302000025;51,899741833000064;1
172704;5230227400200874534;5;7;11;0;2023;2;18;2;2;6;6;2;0;1;0;1;0;0;0;469126,459499999880791;5760743,108699999749660;8,550313819000053;51,996488382000052;1
172706;5230227316300080312;5;9;74;28;2023;2;7;2;3;5;3;1;0;1;1;0;0;0;0;454865,565999999642372;5724887,062999999150634;8,347287802000039;51,673144055000080;1
172707;5230227316100991282;5;9;74;40;2023;2;6;2;3;5;3;1;0;1;1;0;0;0;0;437577,748100000433624;5713353,006200000643730;8,099363792000077;51,567792819000033;1
172709;5230227313121087441;5;9;58;32;2023;2;8;2;3;5;3;0;0;1;1;0;0;0;0;449349,141800000332296;5689155,616000000387430;8,272652909000044;51,351413019000063;1
172714;5230227301306385076;5;9;13;0;2023;2;10;2;2;0;1;0;0;1;0;0;0;0;0;397538,840099999681115;5714131,410800000652671;7,521616889000029;51,568935884000041;1
172716;5230227301201010810;5;9;13;0;2023;2;9;2;3;0;6;0;0;1;1;0;0;0;0;390996,361999999731779;5712141,910299999639392;7,427871274000040;51,549826906000078;1
172720;5230226702100991806;5;5;15;0;2023;2;16;1;3;1;7;0;0;1;1;0;0;0;0;404806,212500000372529;5754306,454500000923872;7,615442390000055;51,931332560000044;1
172723;5230226608100189832;5;3;34;2;2023;2;13;1;3;3;6;0;0;1;0;0;0;0;0;293829,720800000242889;5626789,715700000524521;6,076867163000031;50,756209653000042;1
172725;5230226601200086634;5;3;15;0;2023;2;10;1;3;5;2;0;0;1;1;0;0;0;0;356321,831500000320375;5637766,303999999538064;6,957867135000072;50,873696471000073;1
172728;5230226518400779397;5;1;70;8;2023;2;14;1;3;5;3;0;0;1;1;0;0;0;0;343307,385999999940395;5715130,618000000715256;6,739223244000073;51,565453560000037;1
172730;5230226516300587000;5;1;58;28;2023;2;13;1;3;4;6;0;0;1;1;0;0;0;0;349647,850100000388920;5684275,899000000208616;6,843727265000041;51,289936845000057;1
172734;5230226505200072142;5;1;14;0;2023;2;19;1;3;0;1;2;0;1;0;0;0;0;0;329304,902200000360608;5689347,182700000703335;6,549821572000042;51,329763053000079;1
172735;5230226505100291408;5;1;14;0;2023;2;19;1;3;0;1;2;0;1;0;0;0;0;0;329040,064799999818206;5688999,817399999126792;6,546190462000027;51,326562866000074;1
172738;5230226500200991292;5;1;11;0;2023;2;1;1;3;1;1;2;0;1;1;0;0;0;0;347520,389600000344217;5681315,483300000429153;6,814503089000027;51,262770340000031;1
172743;5230226316300189236;5;9;74;28;2023;2;9;1;3;1;1;0;0;1;1;0;0;0;0;454587,967899999581277;5725286,365299999713898;8,343221670000048;51,676711754000053;1
172744;5230225709500076615;5;5;66;76;2023;2;18;7;3;5;3;1;0;1;1;0;0;0;0;393554,487999999895692;5793283,940999999642372;7,439670662000026;52,279604166000070;1
172745;5230225705000991297;5;5;54;4;2023;2;11;7;3;0;1;0;1;1;0;0;0;0;0;360889,610399999655783;5770758,786199999973178;6,970377930000041;52,069920382000078;1
172746;5230225702100226923;5;5;15;0;2023;2;12;7;2;8;5;0;1;1;0;0;0;0;1;401804,538800000213087;5754088,058299999684095;7,571860937000054;51,928848080000080;1
172748;5230227502213091048;5;1;13;0;2023;2;15;2;3;1;5;0;0;1;1;0;0;0;0;363783,620799999684095;5700097,475700000301003;7,040260743000033;51,435677176000070;1
172750;5230225610211094780;5;3;70;4;2023;2;11;7;3;5;3;0;1;1;1;0;0;0;0;312305,662999999709427;5662062,882999999448657;6,320356213000025;51,079332038000075;1
172766;5230225500100174985;5;1;11;0;2023;2;9;7;3;0;5;0;0;1;1;0;0;0;0;345622,099999999627471;5676861,809000000357628;6,789236558000027;51,222241296000050;1
172770;5230225406130078134;5;7;58;8;2023;2;23;7;3;0;1;2;0;1;0;0;0;0;0;466758,775299999862909;5778560,594399999827147;8,514092673000050;52,156540123000070;1
172773;5230225300100794940;5;9;11;0;2023;2;21;7;3;5;3;2;0;1;1;0;0;0;0;377313,363599999807775;5705762,233300000429153;7,232841856000050;51,489680891000035;1
172774;5230224711100896160;5;5;70;36;2023;2;9;6;3;0;5;0;0;1;1;0;0;0;0;434187,406700000166893;5760576,535700000822544;8,041500270000029;51,991949148000060;1
172775;5230224711100202617;5;5;70;52;2023;2;11;6;3;5;3;0;1;1;1;0;0;0;0;429964,745000000111759;5756419,689999999478459;7,980859511000062;51,954064411000047;1
172776;5230224709700134935;5;5;66;28;2023;2;7;6;3;5;3;0;0;1;1;0;0;0;0;413350,478000000119209;5791910,717000000178814;7,730116487000032;52,270738386000062;1
172777;5230224709700072375;5;5;66;28;2023;2;9;6;3;5;3;0;1;1;1;0;0;0;0;412345,064000000245869;5792336,755000000819564;7,715275014000042;52,274408376000054;1
172778;5230225502111280903;5;1;13;0;2023;2;16;7;3;5;7;0;0;1;1;0;0;0;0;363171,222199999727309;5700610,628200000151992;7,031257457000038;51,440141055000026;1
172779;5230224709110779198;5;5;66;12;2023;2;6;6;3;0;3;2;0;1;1;0;0;0;0;404925,169599999673665;5773615,138199999928474;7,611809516000051;52,104905127000052;1
172784;5230301405112482006;5;7;54;12;2023;3;16;4;3;5;3;0;0;1;1;0;0;0;0;455646,139000000432134;5767731,498999999836087;8,353072738000037;52,058403248000047;1
172788;5230224608100689800;5;3;34;2;2023;2;10;6;2;1;7;0;0;1;1;0;0;0;0;292735,983400000259280;5627113,712700000032783;6,061199208000062;50,758729993000031;1
172794;5230227405152006742;5;7;54;52;2023;2;9;2;3;5;3;0;0;1;1;0;0;0;0;460093,808000000193715;5769568,804999999701977;8,417725995000069;52,075259567000046;1
172796;5230224601600675826;5;3;15;0;2023;2;11;6;3;5;2;0;0;1;1;0;0;0;0;364315,236999999731779;5638937,462999999523163;7,070973839000033;50,886154257000044;1
172799;5230224601400991307;5;3;15;0;2023;2;17;6;3;0;7;0;0;1;0;0;0;0;0;357936,029699999839067;5648013,554600000381470;6,976803441000072;50,966187774000048;1
172802;5230224601100293525;5;3;15;0;2023;2;21;6;2;0;1;2;1;1;0;0;0;0;0;354703,237999999895692;5644264,916200000792742;6,932291318000068;50,931693550000034;1
172810;5230224513210795464;5;1;62;24;2023;2;16;6;3;1;3;0;0;1;1;0;0;0;0;338419,279000000096858;5674739,071399999782443;6,687133119000066;51,201175712000065;1
172814;5230224506100882251;5;1;16;0;2023;2;16;6;3;6;4;0;0;1;0;1;0;0;0;322515,565499999560416;5675515,365800000727177;6,459332647000053;51,203430702000048;1
172824;5230224501132991311;5;1;12;0;2023;2;15;6;3;0;3;0;1;1;1;0;0;0;0;342387,588000000454485;5712737,410000000149012;6,727036006000048;51,543695334000063;1
172825;5230224501112991310;5;1;12;0;2023;2;13;6;3;0;1;0;0;1;0;0;0;0;0;344136,161700000055134;5707904,020800000056624;6,754369630000042;51,500754021000034;1
172827;5230224500300286847;5;1;11;0;2023;2;12;6;3;0;1;0;1;1;0;0;0;0;0;343739,894100000150502;5675627,716099999845028;6,762842137000064;51,210640516000069;1
172831;5230224500100060581;5;1;11;0;2023;2;10;6;3;2;6;0;0;1;1;0;0;0;0;344611,327899999916553;5676985,400200000032783;6,774719928000025;51,223077583000077;1
172836;5230224400300803691;5;7;11;0;2023;2;12;6;3;5;3;0;0;1;1;0;0;0;0;472693,978400000371039;5753139,362400000914931;8,602879385000051;51,928311528000052;1
172839;5230224307000590035;5;9;62;32;2023;2;18;6;3;0;7;2;1;1;1;0;0;0;0;403574,857300000265241;5677393,270500000566244;7,618667646000063;51,239752534000047;1
172842;5230224303200295205;5;9;15;0;2023;2;13;6;3;6;4;0;1;1;0;1;0;0;0;413326,639999999664724;5728051,512299999594688;7,745904112000062;51,696716994000042;1
172847;5230223711200691793;5;5;70;4;2023;2;19;5;3;5;3;2;1;1;1;0;0;0;0;425062,127000000327826;5734400,361800000071526;7,914305595000030;51,755481325000062;1
172849;5230223709110296565;5;5;66;12;2023;2;11;5;3;5;3;0;1;1;1;0;0;0;0;404960,150999999605119;5774204,467000000178814;7,612155653000059;52,110208116000081;1
172850;5230223705000487245;5;5;54;12;2023;2;10;5;3;0;3;0;1;1;1;0;0;0;0;352124,098000000230968;5745892,617399999871850;6,853285618000029;51,844235066000067;1
172852;5230223702100876770;5;5;15;0;2023;2;19;5;3;3;1;2;1;1;1;0;0;0;0;404888,575400000438094;5758477,966299999505281;7,615485553000042;51,968841899000040;1
172853;5230223702100174725;5;5;15;0;2023;2;15;5;3;0;7;0;1;1;1;0;0;0;0;405631,188199999742210;5758155,807199999690056;7,626380766000068;51,966072774000054;1
172860;5230223602800586145;5;3;62;12;2023;2;7;5;3;6;6;2;1;1;0;1;0;0;0;352553,019500000402331;5631624,376399999484420;6,906810235000023;50,817551490000028;1
172861;5230223602700715347;5;3;62;28;2023;2;7;5;3;0;3;1;1;1;1;0;0;0;0;349985,245699999853969;5637705,915899999439716;6,867893688000038;50,871543900000063;1
172864;5230223601600086513;5;3;15;0;2023;2;14;5;3;2;6;0;0;1;1;0;0;0;0;359616,199400000274181;5645814,302600000053644;7,001564079000048;50,946834792000061;1
172866;5230223601400074562;5;3;15;0;2023;2;16;5;3;1;5;0;0;1;1;0;0;0;0;356801,035000000149012;5647662,948499999940395;6,960788382000032;50,962755915000059;1
172869;5230223601300293557;5;3;15;0;2023;2;8;5;3;5;3;0;1;1;1;0;0;0;0;352370,292999999597669;5648056,514000000432134;6,897577859000023;50,965174442000034;1
172876;5230223515210081473;5;1;54;52;2023;2;15;5;3;0;3;0;0;1;1;0;0;0;0;309881,009899999946356;5702844,363399999216199;6,264106563000041;51,444829734000052;1
172878;5230223515110040482;5;1;54;36;2023;2;7;5;3;3;2;1;1;1;1;0;0;0;0;302948,632000000216067;5741688,832399999722838;6,142635613000039;51,791301221000026;1
172884;5230223500300586800;5;1;11;0;2023;2;13;5;3;0;1;0;1;1;0;0;0;0;0;344712,933500000275671;5675612,927500000223517;6,776768151000056;51,210773032000077;1
172888;5230223411132991322;5;7;74;32;2023;2;18;5;3;5;3;2;1;1;1;0;0;0;0;481371,038999999873340;5729461,002000000327826;8,730344929000069;51,715774326000030;1
172889;5230223411132851247;5;7;74;32;2023;2;19;5;2;5;2;2;1;1;1;0;0;0;0;483418,760900000110269;5729499,411299999803305;8,759983673000022;51,716183956000066;1
172891;5230223317250018678;5;9;78;32;2023;2;6;5;3;5;3;0;0;1;0;0;0;0;0;394225,820600000210106;5728616,119899999350309;7,469455610000068;51,698517307000031;1
172892;5230223317110568884;5;9;78;36;2023;2;7;5;3;5;3;2;1;1;1;0;0;0;0;409095,207999999634922;5711465,926000000908971;7,688999645000024;51,546956829000067;1
172896;5230223301301085594;5;9;78;24;2023;2;9;5;2;5;3;0;1;1;1;0;0;0;0;399556,838000000454485;5716490,726999999955297;7,550049019000028;51,590506238000046;1
172901;5230222706200879104;5;5;58;12;2023;2;16;4;3;5;3;0;0;1;1;0;0;0;0;374579,285000000149012;5755236,565999999642372;7,175675876000071;51,933701196000072;1
172902;5230225607400593636;5;3;82;68;2023;2;11;7;3;5;3;0;1;1;1;0;0;0;0;369898,376000000163913;5630593,293999999761581;7,153268637000053;50,812440817000038;1
172903;5230222705000081030;5;5;54;12;2023;2;13;4;3;5;3;0;0;1;1;0;0;0;0;351801,574699999764562;5745500,120500000193715;6,848775276000026;51,840623029000028;1
172914;5230222601200796802;5;3;15;0;2023;2;7;4;3;5;3;0;0;1;1;0;0;0;0;356298,633999999612570;5637745,953999999910593;6,957545643000060;50,873507819000054;1
172916;5230222601100984908;5;3;15;0;2023;2;10;4;3;0;7;0;0;1;0;0;0;0;0;356542,151600000448525;5645128,737099999561906;6,958102829000040;50,939916918000051;1
172918;5230222600360673840;5;3;82;12;2023;2;16;4;2;4;6;0;0;1;0;0;0;0;0;358686,146499999798834;5625813,767000000923872;6,996054295000022;50,766858834000061;1
172919;5230222600120031652;5;3;82;24;2023;2;7;4;3;1;5;0;0;1;1;0;0;0;0;371191,957999999634922;5617369,395999999716878;7,176246545000026;50,693869435000067;1
172923;5230222518320285974;5;1;70;52;2023;2;15;4;3;3;2;0;0;1;1;0;0;0;0;323775,869099999777973;5726199,386499999091029;6,452139180000074;51,659116611000059;1
172925;5230222518120089304;5;1;70;44;2023;2;18;4;2;0;7;2;0;1;0;0;0;0;0;340943,953200000338256;5719387,703999999910593;6,703224119000026;51,603039207000052;1
172928;5230222514124596006;5;1;66;20;2023;2;15;4;2;5;1;0;0;1;1;0;0;0;0;302051,099999999627471;5677383,805999999865890;6,165720008000051;51,213488341000073;1
172929;5230222514120095496;5;1;66;16;2023;2;9;4;3;1;7;0;0;1;1;0;0;0;0;310464,708700000308454;5690204,010199999436736;6,279242387000068;51,331493125000065;1
172932;5230222505200986740;5;1;14;0;2023;2;15;4;3;0;1;0;0;1;0;0;0;0;0;330023,810800000093877;5690252,492200000211596;6,559698815000047;51,338111508000054;1
172933;5230222505200095872;5;1;14;0;2023;2;13;4;3;5;3;0;0;1;1;0;0;0;0;329485,071700000204146;5689298,332399999722838;6,552428591000023;51,329378239000050;1
172939;5230222411132972223;5;7;74;32;2023;2;17;4;3;0;5;1;0;1;1;0;0;0;0;480777,395299999974668;5729033,688400000333786;8,721775593000075;51,711912192000057;1
172941;5230222405108578040;5;7;54;8;2023;2;4;4;3;0;3;2;1;1;1;0;0;0;0;462349,491399999707937;5754306,546499999240041;8,452314708000074;51,938201668000033;1
172942;5230222404101664098;5;7;66;64;2023;2;14;4;2;0;7;0;0;1;1;0;0;0;0;488797,707700000144541;5740065,916999999433756;8,837503724000044;51,811323662000063;1
172945;5230222301301475315;5;9;78;24;2023;2;14;4;3;5;3;0;0;1;0;0;0;0;0;398647,015999999828637;5718022,530999999493361;7,536477268000056;51,604112137000072;1
172948;5230222301103569020;5;9;13;0;2023;2;13;4;3;5;3;0;0;1;1;0;0;0;0;391588,375000000000000;5703685,446000000461936;7,439006834000054;51,473931194000045;1
172949;5230221709700991353;5;5;66;28;2023;2;15;3;3;0;2;0;1;1;0;0;0;0;0;411970,428299999795854;5792413,853599999099970;7,709765503000028;52,275041500000043;1
172956;5230221700000215750;5;5;13;0;2023;2;11;3;3;5;3;0;0;1;1;0;0;0;0;364955,717100000008941;5709605,095899999141693;7,053478266000070;51,521398734000059;1
172957;5230221700000179550;5;5;13;0;2023;2;10;3;3;3;6;0;0;1;1;0;0;0;0;362925,738400000147521;5711563,286100000143051;7,023474694000072;51,538506678000033;1
172959;5230221607400081285;5;3;82;44;2023;2;13;3;3;0;7;0;0;1;0;0;0;0;0;362321,158400000073016;5629324,910399999469519;7,046254229000056;50,799289646000034;1
172962;5230221601600690354;5;3;15;0;2023;2;15;3;3;2;5;0;0;1;0;0;0;0;1;366529,395499999634922;5635049,946000000461936;7,103852383000060;50,851729949000060;1
172963;5230221601300323801;5;3;15;0;2023;2;10;3;3;1;5;0;0;1;1;0;0;0;0;353214,930999999865890;5646403,052999999374151;6,910264786000027;50,950531313000056;1
172965;5230303400300590723;5;7;11;0;2023;3;19;6;3;5;2;2;0;1;1;0;0;0;0;465992,633999999612570;5760788,596000000834465;8,504665571000032;51,996714247000057;1
172966;5230221600360336268;5;3;82;12;2023;2;11;3;3;5;3;0;0;1;0;0;0;0;1;360155,940000000409782;5626452,302500000223517;7,016641026000059;50,772953799000049;1
172967;5230221515111022282;5;1;54;8;2023;2;18;3;3;0;1;2;0;1;0;0;0;0;0;311039,985999999567866;5746694,752000000327826;6,257086940000022;51,839050440000051;1
172969;5230221513320296224;5;1;62;4;2023;2;21;3;2;8;7;2;0;1;1;0;0;0;0;343024,432199999690056;5664783,179500000551343;6,757339513000034;51,113002459000029;1
172970;5230221502407973600;5;1;17;0;2023;2;14;3;3;0;6;0;0;1;1;0;0;0;0;351608,727400000207126;5696372,356599999591708;6,866785618000051;51,399146827000038;1
172974;5230221500100569713;5;1;11;0;2023;2;12;3;3;5;2;0;1;1;1;0;0;0;0;347135,613800000399351;5675515,748600000515580;6,811467523000033;51,210553420000053;1
172975;5230221410110776062;5;7;70;24;2023;2;6;3;3;5;3;2;0;1;1;0;0;0;0;493964,617800000123680;5794902,123900000005960;8,911483739000062;52,304427950000047;1
172976;5230221407102990730;5;7;62;20;2023;2;17;3;3;5;2;0;0;1;1;0;0;0;0;528180,413900000043213;5741538,214099999517202;9,408889652000028;51,823962959000028;1
172977;5230221405232287287;5;7;54;32;2023;2;15;3;3;1;3;0;0;1;1;0;0;0;0;460816,074799999594688;5741335,138000000268221;8,431482858000038;51,821473764000075;1
172979;5230221316000680478;5;9;74;8;2023;2;10;3;3;0;1;0;0;1;0;0;0;0;0;442073,974700000137091;5715304,404400000348687;8,163906335000036;51,585817029000054;1
172984;5230221307000077973;5;9;62;40;2023;2;16;3;3;5;3;0;0;1;1;0;0;0;0;418044,459200000390410;5697554,128499999642372;7,821261204000052;51,423262842000042;1
172986;5230221301303991351;5;9;13;0;2023;2;13;3;3;0;6;0;0;1;1;0;0;0;0;400250,489299999549985;5705468,221400000154972;7,563182963000031;51,491550067000048;1
172991;5230221300200571215;5;9;11;0;2023;2;12;3;3;0;1;0;0;1;0;0;0;0;0;373532,272699999623001;5703664,805099999532104;7,179159802000072;51,469997828000032;1
172996;5230220610221954347;5;3;70;20;2023;2;13;2;3;1;1;0;0;1;1;0;0;0;0;305381,573800000362098;5660321,002100000157952;6,222563022000031;51,061380368000073;1
173001;5230220601300187660;5;3;15;0;2023;2;23;2;2;0;1;2;0;1;0;0;0;0;0;353324,691700000315905;5647952,996700000017881;6,911201672000061;50,964487956000028;1
173003;5230220601100193525;5;3;15;0;2023;2;20;2;3;6;4;2;0;1;0;1;0;0;0;356403,665900000371039;5645627,163000000640750;6,955936563000023;50,944361732000061;1
173014;5230220500200695696;5;1;11;0;2023;2;13;2;2;0;7;0;0;1;0;0;0;0;0;342281,553999999538064;5681429,791999999433756;6,739425884000070;51,262372103000075;1
173015;5230220411132878166;5;7;74;32;2023;2;14;2;3;5;3;0;0;1;1;0;0;0;0;481338,777599999681115;5729272,519099999219179;8,729888046000042;51,714078548000032;1
173016;5230220410230396822;5;7;70;4;2023;2;6;2;3;5;3;2;0;1;1;0;0;0;0;487917,101999999955297;5784402,311000000685453;8,823165698000025;52,209929396000064;1
173017;5230220404301387177;5;7;66;40;2023;2;11;2;2;5;7;0;0;1;1;0;0;0;0;481561,667799999937415;5758463,317299999296665;8,731557588000044;51,976543247000052;1
173019;5230219706200581438;5;5;58;12;2023;2;18;1;3;8;5;2;1;1;1;0;0;0;0;370845,669099999591708;5755223,579500000923872;7,121404016000042;51,932730622000065;1
173020;5230219705000096647;5;5;54;8;2023;2;14;1;3;5;2;0;1;1;1;0;0;0;0;336395,535000000149012;5746474,312999999150634;6,624880489000020;51,845074145000069;1
173021;5230219701400289645;5;5;12;0;2023;2;14;1;3;1;5;0;1;1;1;0;0;0;0;353604,413999999873340;5710693,409800000488758;6,889523663000034;51,528349962000050;1
173023;5230219608200675610;5;3;34;2;2023;2;10;1;2;0;1;0;1;1;0;0;0;0;0;296428,237099999561906;5628333,783500000834465;6,112805322000042;50,770994727000073;1
173025;5230219607400595278;5;3;82;44;2023;2;17;1;3;0;1;0;1;1;0;0;0;0;0;362465,681900000199676;5629009,024000000208616;7,048422125000059;50,796484907000035;1
173026;5230219600370086280;5;3;82;4;2023;2;17;1;3;8;7;1;1;1;0;0;0;0;0;360020,629200000315905;5617999,192099999636412;7,017933399000071;50,696948696000049;1
173029;5230219503200082100;5;1;24;0;2023;2;14;1;3;5;3;0;1;1;1;0;0;0;0;378484,946000000461936;5682715,445000000298023;7,257595282000068;51,282795746000033;1
173031;5230219502134773501;5;1;13;0;2023;2;14;1;3;0;7;0;0;1;1;0;0;0;0;366572,983099999837577;5701853,271700000390410;7,079704802000037;51,452119894000077;1
173034;5230219404302996926;5;7;66;8;2023;2;14;1;1;0;1;0;0;1;0;1;0;0;0;484943,233099999837577;5768895,731699999421835;8,780330110000023;52,070441511000070;1
173039;5230218705000580893;5;5;54;8;2023;2;9;7;2;5;3;0;1;1;1;0;0;0;0;335721,527999999932945;5745219,107999999076128;6,615700782000033;51,833600231000048;1
173041;5230218702100072722;5;5;15;0;2023;2;23;7;3;4;6;2;1;1;0;0;0;0;0;404649,621700000017881;5752740,836600000038743;7,613599252000029;51,917233294000027;1
173042;5230218705000991380;5;5;54;24;2023;2;2;7;3;6;7;2;0;1;0;1;0;0;0;370196,784799999557436;5777751,783399999141693;7,103421958000069;52,135018087000049;1
173051;5230218603144423664;5;3;66;44;2023;2;10;7;3;0;1;0;0;1;0;0;0;0;0;334855,450000000186265;5619093,901000000536442;6,661404864000076;50,700184891000049;1
173054;5230218601400181663;5;3;15;0;2023;2;16;7;2;0;1;1;1;1;0;0;0;0;0;354500,627399999648333;5649333,779600000008941;6,927383949000046;50,977194766000082;1
173060;5230218515212096058;5;1;54;32;2023;2;10;7;3;4;3;0;1;1;1;0;0;0;0;309013,204699999652803;5718665,972300000488758;6,243062315000032;51,586636711000040;1
173063;5230218506100895891;5;1;16;0;2023;2;14;7;3;6;7;0;1;1;0;1;0;0;0;321138,973399999551475;5671572,102900000289083;6,441611030000047;51,167578130000038;1
173069;5230218400200190816;5;7;11;0;2023;2;12;7;3;5;2;0;1;1;1;0;0;0;0;469871,179399999789894;5762105,824599999934435;8,561040800000058;52,008781048000060;1
173070;5230218400100562250;5;7;11;0;2023;2;1;7;2;0;1;2;0;1;0;0;0;0;0;467180,203999999910593;5763465,435000000521541;8,521705957000052;52,020852187000060;1
173072;5230218315110699551;5;9;70;40;2023;2;20;7;3;0;1;2;1;1;0;0;0;0;0;431414,860700000077486;5636369,839900000020862;8,025189184000055;50,874933791000046;1
173073;5230218307000054000;5;9;62;4;2023;2;2;7;3;1;5;2;1;1;1;0;0;0;0;405762,819000000134110;5683782,853000000119209;7,648317366000072;51,297557854000047;1
173074;5230218300800195197;5;9;54;36;2023;2;14;7;3;1;7;0;1;1;1;0;0;0;0;386585,410799999721348;5700792,898399999365211;7,367928892000066;51,446951779000074;1
173075;5230218300100689967;5;9;11;0;2023;2;19;7;3;5;2;2;1;1;1;0;0;0;0;376253,519100000150502;5703958,523800000548363;7,218215947000033;51,473239275000026;1
173077;5230217709700991395;5;5;66;56;2023;2;14;6;3;0;1;0;1;1;0;0;0;0;0;417854,726200000382960;5796805,906199999153614;7,794918139000060;52,315430265000032;1
173080;5230217705000290508;5;5;54;24;2023;2;13;6;3;4;1;0;0;1;1;0;0;0;0;370288,891999999992549;5776451,178200000897050;7,105262924000044;52,123352687000079;1
173081;5230217705000047856;5;5;54;16;2023;2;14;6;3;0;7;0;1;1;0;0;0;0;0;363525,855200000107288;5757311,042700000107288;7,014173529000061;51,949741219000032;1
173091;5230217601300991403;5;3;15;0;2023;2;1;6;3;1;1;2;0;1;1;0;0;0;0;353262,578800000250340;5645080,575600000098348;6,911475447000043;50,938658863000057;1
173092;5230217601200825500;5;3;15;0;2023;2;12;6;3;2;2;0;0;1;1;0;0;0;0;352918,534099999815226;5642929,945100000128150;6,907449819000021;50,919244346000028;1
173097;5230221505200579060;5;1;14;0;2023;2;14;3;3;5;3;0;0;1;1;0;0;0;0;331022,490500000305474;5690903,978900000452995;6,573713564000059;51,344262090000029;1
173098;5230217518100473956;5;1;70;48;2023;2;21;6;3;0;1;2;1;1;0;0;0;0;0;335857,372499999590218;5725117,532800000160933;6,627154940000025;51,653055552000069;1
173099;5230217516800791138;5;1;58;20;2023;2;17;6;3;0;7;1;1;1;0;1;0;0;0;356524,464399999938905;5664075,989499999210238;6,950353049000057;51,110186231000057;1
173101;5230217513210173874;5;1;62;24;2023;2;12;6;3;5;3;0;0;1;1;0;0;0;0;338066,861299999989569;5676262,599799999967217;6,681405420000033;51,214764548000062;1
173108;5230217500100793808;5;1;11;0;2023;2;11;6;3;1;5;0;0;1;1;0;0;0;0;344132,435200000181794;5676558,261499999091029;6,768053107000071;51,219109048000064;1
173109;5230217410210890717;5;7;70;20;2023;2;13;6;3;6;7;0;1;1;0;1;0;0;0;473579,059200000017881;5795880,055299999192357;8,612432378000051;52,312617420000038;1
173110;5230217405228096966;5;7;54;28;2023;2;6;6;3;5;3;2;1;1;1;0;0;0;0;452614,017199999652803;5742798,830499999225140;8,312287777000051;51,833997797000052;1
173112;5230217404101582046;5;7;66;20;2023;2;11;6;3;0;7;0;1;1;0;0;0;1;0;486220,176599999889731;5754923,153000000864267;8,799522008000054;51,944848818000082;1
173119;5230217301202377630;5;9;13;0;2023;2;1;6;3;1;5;2;1;1;1;0;0;0;0;393373,911000000312924;5709496,392899999395013;7,462949933000061;51,526502188000052;1
173120;5230217301102194356;5;9;13;0;2023;2;11;6;3;1;1;0;1;1;1;0;0;0;0;395720,521800000220537;5703168,220100000500679;7,498634875000050;51,470058770000037;1
173123;5230216709700991410;5;5;66;48;2023;2;16;5;3;5;3;0;0;1;1;0;0;0;0;427915,056300000287592;5799320,463300000876188;7,941936142000031;52,339446666000072;1
173125;5230216709300881037;5;5;66;84;2023;2;21;5;2;8;6;2;0;1;0;0;0;0;0;385422,011699999682605;5778980,740700000897050;7,325356477000071;52,149429601000065;1
173128;5230216706000991418;5;5;58;24;2023;2;7;5;3;5;3;0;0;1;1;0;0;0;0;392892,166000000201166;5736673,528000000864267;7,447685566000075;51,770684912000036;1
173130;5230216705000391695;5;5;54;68;2023;2;13;5;3;0;1;0;1;1;0;0;0;0;0;350706,842500000260770;5767104,839700000360608;6,823519786000077;52,034440988000028;1
173132;5230216702100076681;5;5;15;0;2023;2;16;5;3;8;5;0;0;1;1;0;0;0;0;402253,028599999845028;5758240,804300000891089;7,577200655000070;51,966253006000045;1
173142;5230216601300573654;5;3;15;0;2023;2;21;5;3;0;1;2;0;1;0;0;0;0;0;353808,386099999770522;5645910,474199999123812;6,918905410000036;50,946255506000057;1
173143;5230216601200581466;5;3;15;0;2023;2;9;5;2;5;2;0;0;1;1;0;0;0;0;359587,128600000403821;5637422,066199999302626;7,004379335000067;50,871405238000079;1
173147;5230216600330791000;5;3;82;48;2023;2;17;5;3;4;7;0;0;1;0;0;0;0;1;355494,737099999561906;5610346,371899999678135;6,956878723000045;50,627063670000041;1
173148;5230216600110786300;5;3;14;0;2023;2;11;5;3;5;3;0;0;1;1;0;0;0;0;367987,203700000420213;5621632,787599999457598;7,129371840000033;50,731470919000060;1
173153;5230216515111091854;5;1;54;8;2023;2;7;5;3;0;1;0;1;1;0;0;0;0;0;311927,086699999868870;5745567,812400000169873;6,270560545000023;51,829228809000028;1
173154;5230216514217082323;5;1;66;36;2023;2;19;5;3;8;7;2;0;1;0;0;0;0;0;328900,487700000405312;5681821,114600000903010;6,547629349000033;51,262028940000050;1
173159;5230216500300778796;5;1;11;0;2023;2;20;5;2;0;1;2;0;1;0;0;0;0;0;342892,419800000265241;5675859,614800000563264;6,750617379000062;51,212491682000064;1
173161;5230228316100089341;5;9;74;40;2023;2;16;3;3;3;6;0;0;1;1;0;0;0;0;437905,947700000368059;5713606,845000000670552;8,104053613000076;51,570111203000067;1