OID_;UIDENTSTLAE;ULAND;UREGBEZ;UKREIS;UGEMEINDE;UJAHR;UMONAT;USTUNDE;UWOCHENTAG;UKATEGORIE;UART;UTYP1;ULICHTVERH;IstStrassenzustand;IstRad;IstPKW;IstFuss;IstKrad;IstGkfz;IstSonstige;LINREFX;LINREFY;XGCSWGS84;YGCSWGS84;PLST
173163;5230216500200087043;5;1;11;0;2023;2;8;5;3;5;7;0;0;1;1;0;0;0;0;347956,606800000183284;5677978,465600000694394;6,822167942000021;51,232901710000078;1
173164;5230216410110987385;5;7;70;24;2023;2;15;5;2;0;3;0;1;1;1;0;0;0;0;493696,230000000447035;5793002,207000000402331;8,907583069000054;52,287343745000044;1
173166;5230216302000961628;5;9;14;0;2023;2;14;5;3;1;5;0;0;1;1;0;0;0;0;392913,811599999666214;5692524,129899999126792;7,461457275000043;51,373859105000065;1
173173;5230301405236078113;5;7;54;36;2023;3;7;4;1;5;2;0;0;1;1;0;0;0;0;473668,288999999873340;5748208,608999999240041;8,617425589000050;51,884026554000059;1
173174;5230216300600089966;5;9;16;0;2023;2;13;5;3;0;1;0;1;1;1;0;0;0;0;379677,160799999721348;5711662,593599999323487;7,264858325000034;51,543218801000080;1
173175;5230215709110879618;5;5;66;8;2023;2;15;4;3;0;7;0;0;1;1;0;0;0;0;399867,834499999880791;5781436,206900000572205;7,535688757000059;52,174307037000062;1
173176;5230215705000991427;5;5;54;48;2023;2;13;4;3;5;3;0;0;1;1;0;0;0;0;341242,946000000461936;5744587,070000000298023;6,696056109000040;51,829518584000027;1
173177;5230215702100579224;5;5;15;0;2023;2;9;4;3;5;2;0;0;1;1;0;0;0;0;404473,814600000157952;5757654,353000000119209;7,609679011000026;51,961367838000058;1
173178;5230215702100550182;5;5;15;0;2023;2;6;4;3;5;2;2;0;1;1;0;0;0;0;403490,355999999679625;5760696,560000000521541;7,594514555000046;51,988542238000036;1
173179;5230215702100079224;5;5;15;0;2023;2;7;4;3;0;4;0;2;1;0;1;0;0;0;407053,238699999637902;5756671,157999999821186;7,647475375000056;51,952967579000074;1
173180;5230215701910894975;5;5;62;8;2023;2;10;4;3;5;3;0;0;1;1;0;0;0;0;384606,388000000268221;5723147,064999999478459;7,332130974000052;51,647468069000070;1
173182;5230215700000595020;5;5;13;0;2023;2;8;4;3;5;3;0;0;1;1;0;0;0;0;364783,017199999652803;5716072,395899999886751;7,048504555000022;51,579475397000067;1
173183;5230215700000275256;5;5;13;0;2023;2;11;4;2;4;7;0;0;1;1;0;0;0;0;367726,501699999906123;5708461,125199999660254;7,093821514000069;51,511773880000078;1
173184;5230215700000095053;5;5;13;0;2023;2;9;4;2;5;3;0;0;1;1;0;0;0;0;365547,344399999827147;5715632,290799999609590;7,059697225000036;51,575703256000054;1
173185;5230215610212989907;5;3;70;40;2023;2;18;4;3;5;5;2;0;1;1;0;0;0;0;309906,044300000183284;5669440,253200000151992;6,282251769000027;51,144807297000057;1
173186;5230215609108565738;5;3;58;8;2023;2;23;4;2;0;1;2;0;1;0;0;0;0;0;322984,020899999886751;5631467,240399999544024;6,487513013000068;50,807858085000078;1
173188;5230215608200269665;5;3;34;2;2023;2;11;4;3;5;2;0;0;1;1;0;0;0;0;297963,513500000350177;5626844,119699999690056;6,135368270000072;50,758151818000044;1
173190;5230215605148390185;5;3;74;48;2023;2;16;4;3;5;3;0;0;1;1;0;0;0;0;399165,769899999722838;5644907,268500000238419;7,564597816000060;50,946956874000080;1
173191;5230215602800089840;5;3;62;12;2023;2;16;4;3;4;6;0;0;1;0;0;0;0;1;351469,131199999712408;5630648,627699999138713;6,891829138000048;50,808505760000060;1
173192;5230215602600985793;5;3;62;20;2023;2;11;4;3;0;3;0;0;1;1;0;0;0;0;342774,673999999649823;5629944,808100000023842;6,768823020000070;50,799886941000068;1
173193;5230215601700772551;5;3;16;0;2023;2;12;4;3;5;2;0;0;1;1;0;0;0;0;360367,517400000244379;5658139,281099999323487;7,007511838000028;51,057782672000030;1
173194;5230215601700569851;5;3;16;0;2023;2;15;4;3;0;3;0;0;1;1;0;0;0;0;360329,905100000090897;5659055,638000000268221;7,006621709000058;51,066008786000054;1
173196;5230215601400064000;5;3;15;0;2023;2;18;4;3;5;3;2;0;1;1;0;0;0;0;353146,377999999560416;5650758,049000000581145;6,907531037000069;50,989650236000045;1
173199;5230215601200172647;5;3;15;0;2023;2;21;4;3;5;3;2;0;1;1;0;0;0;0;354855,300900000147521;5643810,237700000405312;6,934634849000076;50,927645749000078;1
173201;5230215601100186600;5;3;15;0;2023;2;8;4;3;0;1;0;0;1;0;0;0;0;0;356401,555100000463426;5644880,440600000321865;6,956200881000029;50,937650513000051;1
173203;5230215600140031255;5;3;14;0;2023;2;13;4;3;6;7;0;0;1;0;1;0;0;0;367254,650999999605119;5621362,767999999225140;7,119094702000041;50,728877019000038;1
173204;5230222515210017925;5;1;54;12;2023;2;15;4;3;0;2;0;0;1;1;0;0;0;0;315319,662499999627471;5711198,685399999842048;6,337910499000031;51,521668091000038;1
173206;5230215518310244684;5;1;70;32;2023;2;9;4;2;0;1;0;1;1;0;0;0;0;0;333814,055800000205636;5712952,752900000661612;6,603406870000072;51,543170729000053;1
173208;5230215513320282131;5;1;62;4;2023;2;14;4;3;0;1;0;0;1;0;0;0;0;0;344558,487999999895692;5665559,660000000149012;6,778903708000030;51,120397703000037;1
173209;5230302500200056863;5;1;11;0;2023;3;16;5;3;6;4;0;0;1;0;1;0;0;0;346134,575400000438094;5679723,462300000712276;6,795340465000038;51,248092970000073;1
173214;5230215505200578933;5;1;14;0;2023;2;10;4;3;4;2;0;0;1;1;0;0;0;0;333524,843100000172853;5691208,947000000625849;6,609467474000041;51,347740336000072;1
173215;5230215503400991434;5;1;22;0;2023;2;12;4;3;5;3;0;0;1;1;0;0;0;0;363659,543200000189245;5672018,507099999114871;7,049209905000055;51,183307920000061;1
173221;5230216601500590216;5;3;15;0;2023;2;13;5;3;1;5;0;0;1;1;0;0;0;0;359246,507500000298023;5647208,730299999937415;6,995765620000043;50,959276461000059;1
173225;5230215500300877565;5;1;11;0;2023;2;14;4;3;0;1;0;0;1;0;0;0;0;0;349354,578999999910593;5674249,609999999403954;6,843743296000071;51,199765763000073;1
173227;5230215500200478700;5;1;11;0;2023;2;14;4;3;6;4;0;0;1;0;1;0;0;0;344835,116000000387430;5678207,518999999389052;6,777392991000056;51,234119652000061;1
173228;5230215500200086214;5;1;11;0;2023;2;13;4;3;5;3;0;0;1;1;0;0;0;0;342684,774000000208616;5682662,907999999821186;6,744657874000040;51,273563205000073;1
173229;5230215411220187923;5;7;74;20;2023;2;8;4;3;0;7;0;0;1;0;0;0;0;0;469799,231999999843538;5735013,319900000467896;8,562364722000041;51,765191998000034;1
173233;5230215405244072226;5;7;54;44;2023;2;7;4;3;5;2;0;0;1;1;0;0;0;0;465515,740100000053644;5748240,029400000348687;8,498978075000025;51,883864370000026;1
173234;5230215400200076200;5;7;11;0;2023;2;10;4;3;5;2;0;0;1;1;0;0;0;0;470192,445299999788404;5762735,982100000604987;8,565666457000077;52,014463941000031;1
173236;5230215316300581975;5;9;74;28;2023;2;9;4;3;0;3;0;0;1;1;0;0;0;0;454530,303000000305474;5725201,343000000342727;8,342398813000045;51,675942664000047;1
173237;5230215316100079450;5;9;74;8;2023;2;12;4;2;0;7;0;0;1;0;0;0;0;0;442315,252899999730289;5716447,629899999126792;8,167200570000034;51,596120108000036;1
173238;5230215307000452228;5;9;62;32;2023;2;16;4;3;4;2;0;0;1;1;0;0;0;0;406392,513399999588728;5675594,941400000825524;7,659489661000066;51,224055452000073;1
173243;5230215300600285400;5;9;16;0;2023;2;16;4;3;0;7;0;0;1;0;0;0;0;0;378843,924999999813735;5711132,377100000157952;7,253030977000037;51,538275228000032;1
173247;5230215400200676200;5;7;11;0;2023;2;13;4;3;5;3;0;0;1;1;0;0;0;0;470344,803100000135601;5762132,748299999162555;8,567938673000072;52,009048620000044;1
173248;5230214711400687403;5;5;70;28;2023;2;18;3;3;6;4;2;0;1;0;1;0;0;0;440712,660000000149012;5742770,837400000542402;8,139587226000060;51,832609555000033;1
173250;5230214709110574686;5;5;66;64;2023;2;17;3;3;6;6;1;0;1;0;1;0;0;0;395882,967400000430644;5771473,414899999275804;7,480486403000043;52,084028015000058;1
173251;5230214706000321292;5;5;58;20;2023;2;14;3;3;5;3;0;0;1;1;0;0;0;0;391425,407700000330806;5758682,177200000733137;7,419516431000034;51,968210596000063;1
173252;5230214705000986785;5;5;54;16;2023;2;15;3;3;5;3;0;0;1;1;0;0;0;0;362336,945000000298023;5757999,152100000530481;6,996609516000035;51,955631287000074;1
173253;5230214705000395122;5;5;54;8;2023;2;15;3;3;5;3;0;0;1;1;0;0;0;0;335870,741499999538064;5746102,292799999937415;6,617445458000020;51,841578121000055;1
173255;5230214702100479162;5;5;15;0;2023;2;14;3;3;0;7;0;0;1;0;0;0;0;0;402670,427299999631941;5758134,650299999862909;7,583304364000071;51,965372105000029;1
173257;5230214702100191783;5;5;15;0;2023;2;9;3;3;0;3;0;0;1;0;0;0;0;0;404843,078999999910593;5758649,197499999776483;7,614776020000022;51,970373202000076;1
173258;5230214702100079168;5;5;15;0;2023;2;6;3;3;5;3;2;0;1;1;0;0;0;0;401567,211199999786913;5757722,001399999484420;7,567369999000050;51,961468884000055;1
173264;5230214610122585834;5;3;70;28;2023;2;14;3;3;3;7;0;0;1;1;0;0;0;0;298085,622800000011921;5644206,977099999785423;6,127532663000068;50,914138477000051;1
173265;5230214610121793352;5;3;70;12;2023;2;15;3;3;4;3;0;0;1;1;0;0;0;0;293721,155700000002980;5651923,208799999207258;6,061159132000057;50,981892992000041;1
173266;5230214609108978427;5;3;58;8;2023;2;11;3;3;5;2;0;0;1;0;0;0;0;1;322387,050999999977648;5630649,094000000506639;6,479444378000039;50,800325082000029;1
173269;5230214608200933184;5;3;34;2;2023;2;7;3;3;5;3;0;0;1;1;0;0;0;0;297321,894600000232458;5628867,835400000214577;6,125168470000062;50,776104206000070;1
173274;5230214602900267527;5;3;62;40;2023;2;15;3;3;5;2;0;0;1;1;0;0;0;0;358201,597099999897182;5630971,137599999085069;6,987197243000026;50,813091323000037;1
173277;5230214602700179466;5;3;62;28;2023;2;17;3;3;5;3;0;0;1;1;0;0;0;0;352259,808000000193715;5639733,073000000789762;6,899378548000072;50,890347076000069;1
173278;5230214601700991456;5;3;16;0;2023;2;7;3;3;1;1;0;0;1;1;0;0;0;0;361300,098299999721348;5658846,415799999609590;7,020539700000029;51,064363740000033;1
173279;5230214601600991446;5;3;15;0;2023;2;8;3;3;5;3;0;0;1;1;0;0;0;0;365460,804999999701977;5636326,084000000730157;7,088211401000024;50,862951940000073;1
173284;5230214601200793631;5;3;15;0;2023;2;14;3;3;0;1;0;0;1;0;0;0;0;0;355264,830199999734759;5643048,155200000852346;6,940760784000076;50,920899959000053;1
173285;5230214600330095320;5;3;82;48;2023;2;13;3;3;1;5;0;0;1;1;0;0;0;0;354965,073400000110269;5610948,348500000312924;6,949159600000030;50,632342303000030;1
173289;5230214600110686353;5;3;14;0;2023;2;9;3;3;5;3;0;0;1;1;0;0;0;0;361900,824799999594688;5623740,248400000855327;7,042390215000069;50,748996973000033;1
173291;5230214514218191632;5;1;66;36;2023;2;10;3;3;0;7;0;0;1;0;0;0;0;0;322972,456500000320375;5683891,480100000277162;6,461725624000053;51,278817692000075;1
173296;5230215501131373987;5;1;12;0;2023;2;7;4;3;0;5;0;0;1;1;0;0;0;0;341868,023699999786913;5712568,730399999767542;6,719625417000032;51,542034496000042;1
173297;5230214503100972000;5;1;24;0;2023;2;15;3;3;5;3;0;0;1;1;0;0;0;0;370647,616799999959767;5680613,422800000756979;7,146037728000067;51,262178327000072;1
173301;5230223600380078214;5;3;14;0;2023;2;11;5;3;5;3;0;1;1;1;0;0;0;0;368678,818400000222027;5617545,433100000023842;7,140620991000048;50,694889726000042;1
173303;5230214500300501653;5;1;11;0;2023;2;18;3;2;8;1;2;0;1;0;0;0;0;0;348096,047500000335276;5673722,865299999713898;6,825966087000040;51,194699360000072;1
173307;5230223411132991321;5;7;74;32;2023;2;14;5;3;5;3;0;1;1;0;0;0;0;0;483376,525999999605119;5728330,722999999299645;8,759428072000048;51,705674651000038;1
173308;5230214500200061178;5;1;11;0;2023;2;13;3;3;1;5;0;0;1;1;0;0;0;0;345860,463200000114739;5678108,207100000232458;6,792111226000031;51,233505173000026;1
173309;5230214411132991454;5;7;74;32;2023;2;8;3;3;1;5;0;0;1;1;0;0;0;0;482334,117700000293553;5728767,140699999406934;8,744320563000031;51,709566767000069;1
173310;5230214411132395765;5;7;74;32;2023;2;11;3;3;1;5;0;0;1;1;0;0;0;0;478709,155000000260770;5731407,137000000104308;8,691695601000049;51,733177781000052;1
173311;5230214410110096988;5;7;70;24;2023;2;6;3;3;5;3;2;0;1;1;0;0;0;0;491604,049999999813735;5792234,244000000879169;8,876929692000033;52,280411387000072;1
173312;5230214407314090685;5;7;62;36;2023;2;17;3;3;4;6;0;0;1;0;0;0;0;0;503110,674499999731779;5708723,954800000414252;9,044843245000038;51,529617193000036;1
173313;5230214406210886237;5;7;58;4;2023;2;15;3;3;1;5;0;0;1;1;0;0;0;0;471030,453499999828637;5783374,139699999243021;8,576121234000027;52,200056685000050;1
173315;5230214405108396846;5;7;54;8;2023;2;13;3;3;5;2;0;0;1;1;0;0;0;0;457066,071000000461936;5751289,582000000402331;8,375840093000022;51,910694931000080;1
173316;5230214316300991450;5;9;74;28;2023;2;15;3;2;6;4;0;0;1;0;1;0;0;0;454811,245000000111759;5724674,481000000610948;8,346529798000063;51,671228388000031;1
173319;5230214316200594362;5;9;74;52;2023;2;5;3;3;5;3;2;0;1;1;0;0;0;0;424563,900899999774992;5711912,044600000604987;7,911940873000049;51,553247618000057;1
173320;5230214315210699362;5;9;70;24;2023;2;16;3;3;1;5;0;0;1;1;0;0;0;0;427293,362599999643862;5649401,529400000348687;7,964019580000070;50,991599629000063;1
173326;5230214301301066260;5;9;78;24;2023;2;12;3;3;0;7;0;0;1;0;1;0;0;0;397811,127100000157952;5719304,931500000879169;7,524037605000046;51,615488021000033;1
173328;5230214300400043598;5;9;11;0;2023;2;12;3;3;5;3;0;0;1;1;0;0;0;0;373078,008700000122190;5700037,665699999779463;7,173924476000025;51,437298197000075;1
173329;5230214300300866127;5;9;11;0;2023;2;2;3;3;1;5;2;0;1;1;0;0;0;0;382526,098500000312924;5705225,481499999761581;7,308067852000022;51,485963696000056;1
173330;5230214300100390973;5;9;11;0;2023;2;10;3;3;1;5;0;0;1;1;0;0;0;0;375914,796600000001490;5705432,635199999436736;7,212823457000070;51,486413490000075;1
173331;5230213709800096586;5;5;66;40;2023;2;13;2;3;4;2;0;0;1;1;0;0;0;0;421242,162999999709427;5782794,722999999299645;7,847869057000025;52,189983731000041;1
173332;5230216610111694755;5;3;70;16;2023;2;12;5;3;0;5;0;0;1;1;0;0;0;0;300458,042700000107288;5658454,885999999940395;6,153418581000039;51,042930438000042;1
173334;5230213709110991476;5;5;66;64;2023;2;5;2;3;0;7;2;1;1;0;0;0;0;0;395281,882000000216067;5771438,476999999955297;7,471728087000031;52,083600624000042;1
173335;5230213705000595122;5;5;54;48;2023;2;17;2;3;6;4;0;0;1;0;1;0;0;0;342008,666500000283122;5745761,310799999162555;6,706622798000069;51,840285037000058;1
173336;5230213705000020848;5;5;54;20;2023;2;15;2;3;5;3;0;0;1;1;0;0;0;0;367205,497499999590218;5782257,774800000712276;7,057980810000061;52,174796173000061;1
173337;5230213701800990751;5;5;62;4;2023;2;16;2;3;1;5;0;0;1;1;0;0;0;0;383337,564799999818206;5714117,442700000479817;7,316804721000040;51,566050945000029;1
173341;5230213700000895032;5;5;13;0;2023;2;14;2;3;0;7;0;0;1;0;0;0;0;0;365680,426400000229478;5709630,596599999815226;7,063908036000043;51,521800707000068;1
173349;5230213608100994761;5;3;34;2;2023;2;14;2;3;5;3;0;0;1;1;0;0;0;0;291851,612399999983609;5628923,139000000432134;6,047653966000041;50,774663833000034;1
173350;5230213608100389794;5;3;34;2;2023;2;17;2;3;0;7;0;0;1;0;1;0;0;1;293674,150999999605119;5629534,838099999353290;6,073125251000022;50,780808657000080;1
173353;5230213606100381742;5;3;78;4;2023;2;16;2;2;0;1;0;0;1;0;0;0;0;0;369301,272499999962747;5651179,041300000622869;7,137427166000066;50,997329237000031;1
173354;5230213603116081217;5;3;66;16;2023;2;11;2;2;0;5;0;0;1;1;0;0;0;0;343953,161999999545515;5614166,275000000372529;6,792211091000070;50,658416164000073;1
173357;5230213601500899031;5;3;15;0;2023;2;14;2;3;6;4;0;0;1;0;1;0;0;0;362323,796500000171363;5647975,575600000098348;7,039266207000026;50,966911810000056;1
173358;5230213601300277184;5;3;15;0;2023;2;20;2;3;1;5;2;0;1;1;0;0;0;0;353328,347599999979138;5646335,494200000539422;6,911905531000059;50,949953060000041;1
173369;5230213518300086000;5;1;70;20;2023;2;9;2;3;5;3;0;0;1;1;0;0;0;0;330084,087100000120699;5708296,637599999085069;6,551913829000057;51,500232111000059;1
173373;5230213513120291200;5;1;62;20;2023;2;14;2;3;3;2;0;0;1;0;0;0;1;0;328986,618900000117719;5674595,412100000306964;6,552310892000037;51,197139643000071;1
173374;5230213506100654120;5;1;16;0;2023;2;15;2;3;5;2;0;0;1;1;0;0;0;0;322729,425999999977648;5672483,043600000441074;6,463887398000054;51,176256584000043;1
173375;5230213505200679068;5;1;14;0;2023;2;17;2;2;3;6;1;0;1;1;0;0;0;0;329978,251600000075996;5689531,066099999472499;6,559389728000042;51,331616726000050;1
173378;5230213503100086845;5;1;24;0;2023;2;19;2;2;6;3;2;0;1;0;1;0;0;0;370642,003600000403821;5680022,097799999639392;7,146171164000066;51,256862586000068;1
173379;5230213502403595123;5;1;17;0;2023;2;21;2;3;0;5;2;1;1;1;0;0;0;0;351096,934200000017881;5701777,533299999311566;6,857162566000056;51,447581255000046;1
173382;5230224500300991316;5;1;11;0;2023;2;9;6;3;2;5;0;0;1;1;0;0;0;0;344199,834800000302494;5675123,685399999842048;6,769640575000039;51,206237275000035;1
173386;5230213501128578986;5;1;12;0;2023;2;17;2;3;4;1;1;0;1;0;0;0;0;0;342890,836500000208616;5702443,230900000780821;6,738870770000062;51,451345439000079;1
173387;5230213500300069055;5;1;11;0;2023;2;13;2;3;5;3;0;0;1;1;0;0;0;0;349588,431499999947846;5670544,330299999564886;6,848639157000036;51,166532223000047;1
173388;5230213411132991462;5;7;74;32;2023;2;16;2;3;5;3;0;1;1;1;0;0;0;0;483172,315499999560416;5728067,168800000101328;8,756485525000073;51,703298860000075;1
173391;5230213405228582008;5;7;54;28;2023;2;11;2;3;3;2;0;0;1;1;0;0;0;0;450869,185899999924004;5745251,915799999609590;8,286618590000046;51,855901490000065;1
173392;5230213405108696846;5;7;54;8;2023;2;8;2;3;5;3;0;0;1;1;0;0;0;0;456367,510800000280142;5749283,443099999800324;8,365939293000054;51,892604334000055;1
173393;5230213400100991468;5;7;11;0;2023;2;14;2;2;0;5;0;0;1;1;0;0;0;0;467561,571100000292063;5764003,523499999195337;8,527212538000072;52,025712365000061;1
173400;5230213300700573303;5;9;16;0;2023;2;10;2;3;5;2;0;0;1;1;0;0;0;0;371564,096900000236928;5710602,488600000739098;7,148312577000070;51,531903705000047;1
173402;5230213300600093747;5;9;16;0;2023;2;11;2;2;5;3;0;0;1;1;0;0;0;0;374487,958599999547005;5711633,055299999192357;7,190076187000045;51,541823159000046;1
173403;5230213300200071444;5;9;11;0;2023;2;16;2;3;4;2;0;0;1;1;0;0;0;0;370988,516999999992549;5703862,702999999746680;7,142483899000069;51,471202095000081;1
173406;5230212702100568282;5;5;15;0;2023;2;15;1;3;3;6;0;0;1;0;0;0;0;0;407647,076600000262260;5755655,910499999299645;7,656386873000031;51,943940893000047;1
173411;5230212609108281075;5;3;58;8;2023;2;18;1;3;9;1;2;0;1;1;0;0;0;0;321672,807000000029802;5629334,649100000038743;6,469956892000027;50,788296714000069;1
173414;5230212601200943460;5;3;15;0;2023;2;22;1;3;1;5;2;0;1;0;0;0;0;1;356080,366399999707937;5640673,255300000309944;6,953292591000036;50,899760979000064;1
173415;5230212600110695817;5;3;14;0;2023;2;18;1;3;5;3;2;0;1;1;0;0;0;0;364182,168600000441074;5621248,507500000298023;7,075627842000074;50,727139869000041;1
173416;5230212600110694874;5;3;14;0;2023;2;19;1;3;0;1;2;0;1;0;0;0;0;0;364786,977599999867380;5620719,858200000599027;7,084385941000050;50,722529502000043;1
173417;5230212600110295260;5;3;14;0;2023;2;17;1;3;6;6;1;0;1;0;1;0;0;0;366122,794499999843538;5622192,414300000295043;7,102765158000068;50,736074126000062;1
173418;5230212600110186287;5;3;14;0;2023;2;15;1;3;1;5;0;0;1;1;0;0;0;1;365045,822999999858439;5620668,708000000566244;7,088069636000057;50,722129944000073;1
173420;5230212515212022211;5;1;54;64;2023;2;1;1;3;3;1;2;0;1;0;0;0;0;0;304249,127999999560416;5719337,720499999821186;6,174006155000029;51,591034941000032;1
173421;5230212515211586196;5;1;54;16;2023;2;17;1;3;0;2;1;0;1;1;0;0;0;0;303640,611100000329316;5729427,901599999517202;6,159573336000051;51,681437921000054;1
173424;5230212317210991478;5;9;78;20;2023;2;21;1;3;0;1;2;0;1;0;0;0;0;0;407503,120099999941885;5716800,469299999997020;7,664641236000023;51,594651245000080;1
173429;5230211706000096670;5;5;58;12;2023;2;0;7;2;0;1;2;0;1;0;0;0;0;0;373740,211099999956787;5756271,076500000432134;7,163098009000066;51,942808035000041;1
173430;5230211705000038825;5;5;54;44;2023;2;12;7;3;5;3;0;0;1;1;0;0;0;0;365754,902999999932945;5743827,837999999523163;7,051835379000067;51,829124754000077;1
173434;5230211701910767142;5;5;62;8;2023;2;1;7;2;8;1;2;0;1;0;0;0;0;0;385899,888899999670684;5724217,943700000643730;7,350469086000032;51,657356853000067;1
173437;5230211609224085726;5;3;58;24;2023;2;0;7;2;1;5;2;0;1;1;0;0;0;0;314334,071200000122190;5644276,623400000855327;6,358376250000049;50,920219710000026;1
173440;5230211601500257124;5;3;15;0;2023;2;17;7;3;3;5;2;1;1;1;0;0;0;0;363163,858799999579787;5648758,774599999189377;7,050927954000031;50,974150846000043;1
173441;5230211601300699818;5;3;15;0;2023;2;17;7;3;0;1;1;0;1;0;0;0;0;0;352999,803999999538064;5648329,900599999353290;6,906425951000074;50,967792215000031;1
173442;5230211601200991488;5;3;15;0;2023;2;15;7;3;1;5;0;0;1;1;0;0;0;0;360602,866799999959767;5638022,216399999335408;7,018577501000038;50,877044831000035;1
173443;5230211601100699161;5;3;15;0;2023;2;15;7;3;5;3;0;0;1;1;0;0;0;0;356706,027900000102818;5643749,687400000169873;6,960975989000076;50,927564282000048;1
173445;5230211600380081268;5;3;14;0;2023;2;23;7;3;0;1;2;0;1;0;0;0;0;0;368591,780799999833107;5617716,902200000360608;7,139328321000050;50,696411271000045;1
173447;5230211600140991493;5;3;14;0;2023;2;9;7;3;6;4;0;0;1;0;1;0;0;0;368525,332799999974668;5622107,447100000455976;7,136823549000042;50,735859281000046;1
173450;5230211518310695931;5;1;70;32;2023;2;18;7;3;8;1;2;0;1;0;0;0;0;0;331974,790199999697506;5713182,964900000020862;6,576798010000061;51,544694329000038;1
173452;5230211518200991500;5;1;70;24;2023;2;15;7;2;0;1;0;1;1;0;0;0;0;0;332637,525000000372529;5698486,723999999463558;6,593309358000056;51,412863182000081;1
173453;5230211518200689300;5;1;70;24;2023;2;8;7;3;0;1;0;1;1;0;0;0;0;0;336580,194000000134110;5699183,526000000536442;6,649632293000025;51,420273438000038;1
173457;5230211515110556538;5;1;54;36;2023;2;17;7;3;0;1;2;1;1;0;0;0;0;0;301099,333800000138581;5740285,522600000724196;6,116660287000059;51,778045299000041;1
173458;5230211505200576402;5;1;14;0;2023;2;3;7;3;4;6;2;0;1;1;0;0;0;0;329447,536799999885261;5690804,684399999678135;6,551169022000067;51,342899694000039;1
173462;5230211500300501484;5;1;11;0;2023;2;8;7;3;5;3;0;1;1;1;0;0;0;0;351229,121600000187755;5670242,949899999424815;6,872213437000028;51,164253083000062;1
173464;5230211500300271860;5;1;11;0;2023;2;11;7;3;5;3;0;0;1;1;0;0;0;0;349117,655000000260770;5674834,455000000074506;6,840108803000021;51,204958539000074;1
173468;5230211410230796865;5;7;70;4;2023;2;19;7;3;5;3;2;0;1;1;0;0;0;0;486375,449000000022352;5783920,314999999478459;8,800623004000045;52,205560007000031;1
173469;5230211404101176201;5;7;66;20;2023;2;16;7;3;0;1;0;1;1;0;0;0;0;0;489600,500799999572337;5752591,824300000444055;8,848771469000042;51,923961243000065;1
173470;5230211400100903466;5;7;11;0;2023;2;18;7;3;0;5;1;0;1;1;0;0;0;0;467982,001199999824166;5765263,196299999952316;8,533222138000042;52,037062022000043;1
173478;5230211301301685575;5;9;78;24;2023;2;11;7;2;5;3;0;0;1;1;0;0;0;0;397575,114799999631941;5718146,235600000247359;7,520968556000071;51,605030119000048;1
173482;5230211300100789633;5;9;11;0;2023;2;17;7;3;0;4;0;0;1;0;1;0;0;0;375936,286999999545515;5705412,188699999824166;7,213140002000046;51,486234444000047;1
173483;5230210711100091830;5;5;70;44;2023;2;11;6;3;5;3;0;0;1;1;0;0;0;0;415995,707499999552965;5759868,737900000065565;7,776786541000035;51,983133161000069;1
173485;5230213502135990718;5;1;13;0;2023;2;12;2;3;1;6;0;0;1;0;0;0;0;1;367197,295300000347197;5704503,392000000923872;7,087689044000058;51,476082698000027;1
173487;5230210705000891585;5;5;54;12;2023;2;9;6;3;5;7;0;1;1;1;0;0;0;0;352369,912999999709427;5746086,941899999976158;6,856768463000037;51,846046099000034;1
173492;5230210610111889851;5;3;70;16;2023;2;16;6;3;0;5;0;0;1;0;0;0;0;1;296402,215499999932945;5662538,567600000649691;6,093341183000064;51,078182580000032;1
173493;5230210609224075574;5;3;58;24;2023;2;8;6;2;5;2;0;0;1;1;0;0;0;0;315533,723000000230968;5644270,428999999538064;6,375428623000062;50,920548787000030;1
173494;5230210609108465738;5;3;58;8;2023;2;6;6;2;0;1;2;0;1;0;0;0;0;0;318455,586000000126660;5636250,768600000068545;6,420938641000021;50,849430424000047;1
173501;5230210602800090913;5;3;62;12;2023;2;8;6;3;0;1;0;2;1;0;0;0;0;0;351291,286700000055134;5633690,755499999970198;6,888073310000038;50,835798716000056;1
173502;5230210602800089850;5;3;62;12;2023;2;7;6;3;0;1;1;2;1;0;0;0;0;0;351292,492300000041723;5633691,877900000661612;6,888089963000027;50,835809113000039;1
173503;5230210601700086476;5;3;16;0;2023;2;7;6;3;2;2;2;2;1;1;0;0;0;0;359524,850899999961257;5657655,902799999341369;6,995682866000038;51,053233064000040;1
173505;5230210601600190271;5;3;15;0;2023;2;9;6;3;0;1;1;0;1;0;0;0;0;0;361439,419700000435114;5644609,011600000783801;7,027960470000039;50,936443649000068;1
173507;5230325518200196071;5;1;70;24;2023;3;12;7;3;0;1;0;1;1;0;0;0;0;0;337017,520999999716878;5701772,070000000298023;6,654725346000021;51,443655588000070;1
173509;5230325515111591854;5;1;54;8;2023;3;13;7;3;3;2;0;1;1;1;0;0;0;0;308115,528099999763072;5747825,330399999395013;6,214062556000044;51,848206657000048;1
173510;5230325514116089766;5;1;66;16;2023;3;17;7;3;1;5;0;1;1;0;0;0;0;1;304062,088600000366569;5689067,570000000298023;6,188075155000035;51,319116892000068;1