OID_;UIDENTSTLAE;ULAND;UREGBEZ;UKREIS;UGEMEINDE;UJAHR;UMONAT;USTUNDE;UWOCHENTAG;UKATEGORIE;UART;UTYP1;ULICHTVERH;IstStrassenzustand;IstRad;IstPKW;IstFuss;IstKrad;IstGkfz;IstSonstige;LINREFX;LINREFY;XGCSWGS84;YGCSWGS84;PLST
173908;5230317406220178203;5;7;58;24;2023;3;19;6;3;0;6;2;0;1;0;0;0;1;0;484131,295800000429153;5783682,847300000488758;8,767794238000022;52,203364988000033;1
173909;5230317405140678030;5;7;54;40;2023;3;11;6;3;0;1;0;0;1;0;0;0;0;0;459849,814600000157952;5762529,531600000336766;8,414992935000043;52,011955890000081;1
173916;5230317301302990978;5;9;13;0;2023;3;13;6;2;5;3;0;0;1;1;1;0;0;0;398297,362200000323355;5707559,104000000283122;7,534456610000063;51,509996599000033;1
173917;5230317301301990636;5;9;78;24;2023;3;10;6;3;5;3;0;0;1;1;0;0;0;0;399719,356900000013411;5719852,740399999544024;7,551432709000039;51,620755287000065;1
173920;5230317300400756331;5;9;11;0;2023;3;14;6;2;0;1;0;0;1;0;0;0;0;0;375673,338499999605119;5701734,343599999323487;7,210648663000029;51,453122496000049;1
173921;5230317300400436622;5;9;11;0;2023;3;16;6;3;0;1;1;0;1;0;0;0;0;0;372469,284099999815226;5698165,904999999329448;7,165845195000031;51,420339555000055;1
173923;5230316711100681000;5;5;70;52;2023;3;20;5;3;1;5;2;0;1;1;0;0;0;0;428986,704199999570847;5752916,701400000602007;7,967353025000023;51,922449945000039;1
173924;5230316702100272350;5;5;15;0;2023;3;8;5;3;5;3;0;0;1;0;0;0;0;0;405885,089599999599159;5758355,053799999877810;7,630020762000072;51,967906734000053;1
173928;5230316700000281384;5;5;13;0;2023;3;5;5;3;0;3;2;0;1;0;0;1;0;0;365244,463200000114739;5715701,464299999177456;7,055302479000034;51,576252558000078;1
173929;5230316610211080775;5;3;70;4;2023;3;10;5;3;0;1;0;0;1;0;0;0;0;0;312040,897900000214577;5662116,285399999469519;6,316552925000053;51,079725064000058;1
173930;5230316610111511745;5;3;70;16;2023;3;11;5;3;5;3;0;0;1;1;0;0;0;0;297881,879999999888241;5660621,105000000447035;6,115508331000058;51,061484916000040;1
173937;5230316602800990992;5;3;62;12;2023;3;10;5;3;5;3;0;0;1;1;0;0;0;0;352068,815799999982119;5632981,554099999368191;6,899393863000057;50,829624592000073;1
173938;5230316602300125963;5;3;62;36;2023;3;18;5;3;1;5;0;0;1;1;0;0;0;0;345537,420800000429153;5652137,754699999466538;6,798610212000028;51,000056618000031;1
173939;5230316601600719402;5;3;15;0;2023;3;17;5;3;9;1;0;0;1;0;0;0;0;0;358670,325899999588728;5641564,757500000298023;6,989755294000076;50,908412725000062;1
173940;5230316601600686431;5;3;15;0;2023;3;17;5;3;0;1;0;0;1;0;0;0;0;0;363126,250400000251830;5643645,166600000113249;7,052315036000039;50,928184022000039;1
173942;5230316600380286334;5;3;14;0;2023;3;10;5;2;5;3;0;0;1;1;0;0;0;0;370125,879999999888241;5617616,900699999183416;7,161073520000059;50,695857026000056;1
173943;5230316600140790938;5;3;14;0;2023;3;17;5;3;0;5;0;0;1;1;0;0;0;0;367653,086900000460446;5621765,339999999850988;7,124592503000031;50,732586283000046;1
173944;5230316600110173850;5;3;14;0;2023;3;13;5;3;0;7;0;0;1;0;0;0;0;0;364453,538099999539554;5624542,736600000411272;7,078258590000075;50,756811249000066;1
173947;5230316514215546110;5;1;66;28;2023;3;11;5;3;1;5;0;0;1;1;0;0;0;0;324728,816700000315905;5688588,606599999591708;6,484576025000024;51,321556718000068;1
173956;5230316501114676191;5;1;12;0;2023;3;5;5;3;2;6;0;0;1;1;0;0;0;0;347193,529000000096858;5706860,537000000476837;6,798835623000059;51,492213005000053;1
173957;5230316500300980854;5;1;11;0;2023;3;18;5;3;5;3;1;0;1;1;0;0;0;0;343364,857099999673665;5675818,674100000411272;6,757393798000066;51,212253593000071;1
173959;5230316500100257528;5;1;11;0;2023;3;22;5;3;0;1;2;0;1;0;0;0;0;0;344675,649000000208616;5677133,476999999955297;6,775576146000049;51,224425613000051;1
173961;5230316406220278143;5;7;58;24;2023;3;17;5;3;5;3;0;0;1;1;0;0;0;0;480069,083700000308454;5782303,096899999305606;8,708434069000020;52,190828358000033;1
173962;5230316405228376384;5;7;54;28;2023;3;13;5;2;5;3;0;0;1;1;0;0;0;0;450803,083999999798834;5744676,146999999880791;8,285740827000041;51,850719226000081;1
173963;5230316405112557400;5;7;54;12;2023;3;6;5;3;5;3;1;0;1;1;0;0;0;0;454936,550400000065565;5768212,266599999740720;8,342660254000066;52,062668218000056;1
173964;5230316400200903458;5;7;11;0;2023;3;7;5;3;0;3;0;0;1;1;0;0;0;0;468088,707799999974668;5762946,244200000539422;8,534993815000064;52,016237336000074;1
173969;5230315709300024206;5;5;66;68;2023;3;15;4;3;1;7;0;0;1;0;0;0;0;0;376815,682000000029802;5785617,840900000184774;7,197222965000037;52,207219658000042;1
173970;5230315706300596595;5;5;58;44;2023;3;15;4;3;5;3;0;0;1;1;0;0;0;0;395851,686700000427663;5745666,870100000873208;7,487858265000057;51,852076589000035;1
173971;5230315705000960691;5;5;54;4;2023;3;20;4;3;0;7;2;0;1;0;0;0;0;0;363598,929600000381470;5771887,670099999755621;7,009429600000033;52,080737723000027;1
173972;5230315705000795050;5;5;54;48;2023;3;12;4;3;3;6;0;0;1;0;0;0;0;0;340879,498900000005960;5745546,402899999171495;6,690345147000073;51,838033742000050;1
173973;5230315702100091867;5;5;15;0;2023;3;10;4;2;5;3;0;0;1;1;0;0;0;0;404872,967500000260770;5754414,064500000327826;7,616383258000042;51,932311219000042;1
173980;5230315602700671667;5;3;62;28;2023;3;15;4;3;5;2;0;0;1;1;0;0;0;0;350602,507600000128150;5638442,860500000417233;6,876359080000043;50,878326331000039;1
173981;5230315601700740461;5;3;16;0;2023;3;9;4;3;5;3;0;1;1;1;0;0;0;0;358800,112499999813735;5656947,558299999684095;6,985625299000048;51,046689542000081;1
173983;5230315601300991003;5;3;15;0;2023;3;8;4;3;0;1;0;1;1;0;0;0;0;0;353373,884600000455976;5648870,859400000423193;6,911531716000070;50,972748916000057;1
173984;5230315601300972523;5;3;15;0;2023;3;18;4;3;5;3;1;0;1;1;0;0;0;0;348251,987999999895692;5647858,242699999362230;6,839055016000032;50,962322716000074;1
173985;5230315601200686380;5;3;15;0;2023;3;8;4;2;5;3;0;1;1;1;0;0;0;0;355120,386099999770522;5641075,021900000050664;6,939490519000060;50,903131528000074;1
173987;5230315518401089298;5;1;70;36;2023;3;17;4;3;8;7;0;0;1;0;0;0;0;0;352982,856700000353158;5727743,924900000914931;6,873421451000070;51,681393983000078;1
173988;5230315518210044752;5;1;70;28;2023;3;13;4;2;3;6;0;0;1;0;0;0;1;0;328246,983599999919534;5700894,098799999803305;6,529068457000051;51,433176978000063;1
173990;5230315518100996060;5;1;70;48;2023;3;14;4;3;0;7;0;0;1;0;0;0;0;0;336526,958800000138581;5725844,537399999797344;6,636485684000036;51,659781931000055;1
173991;5230315513310890915;5;1;62;8;2023;3;16;4;3;0;7;0;0;1;1;0;0;0;0;330391,362800000235438;5663276,850400000810623;6,577729044000023;51,095869968000045;1
173992;5230315500200046013;5;1;11;0;2023;3;9;4;2;5;2;0;0;1;1;0;0;0;0;347840,094100000336766;5676470,930400000885129;6,821140351000054;51,219324485000072;1
173993;5230315500100866195;5;1;11;0;2023;3;17;4;3;1;5;0;0;1;1;0;0;0;0;344594,565200000070035;5677494,306500000879169;6,774259419000032;51,227645727000038;1
173995;5230315411132682120;5;7;74;32;2023;3;14;4;3;5;3;0;0;1;1;0;0;0;0;482924,904400000348687;5730579,204800000414252;8,752782143000047;51,725877888000070;1
173996;5230315410110500470;5;7;70;24;2023;3;8;4;3;3;3;0;0;1;1;0;0;0;0;492346,792799999937415;5791516,462500000372529;8,887833303000036;52,273969005000026;1
173997;5230315406110498523;5;7;58;12;2023;3;21;4;3;4;6;2;0;1;0;0;0;0;1;476517,155299999751151;5773233,607999999076128;8,657101429000022;52,109148681000079;1
173998;5230315405112087052;5;7;54;12;2023;3;18;4;3;0;1;0;0;1;0;0;0;0;0;456442,326000000350177;5769296,637000000104308;8,364485111000022;52,072537484000065;1
173999;5230315404301974610;5;7;66;44;2023;3;18;4;3;3;2;0;0;1;1;0;0;0;0;492490,729000000283122;5763840,614000000059605;8,890554654000027;52,025145390000034;1
174000;5230315400100072207;5;7;11;0;2023;3;8;4;3;4;3;0;0;1;1;0;0;0;0;466924,840200000442564;5763576,973799999803305;8,517973816000051;52,021839822000061;1
174001;5230323301302580495;5;9;13;0;2023;3;13;5;3;5;3;0;1;1;1;0;0;0;0;396354,811999999918044;5707184,809000000357628;7,506584455000052;51,506279191000033;1
174005;5230315307000677973;5;9;62;40;2023;3;9;4;2;1;5;0;1;1;1;0;0;0;0;416737,167999999597669;5698932,098999999463558;7,802139335000049;51,435460065000029;1
174006;5230315303100418602;5;9;15;0;2023;3;7;4;3;4;2;0;1;1;1;0;0;0;0;420955,392500000074506;5726507,099700000137091;7,856611261000069;51,683959560000062;1
174008;5230314711400548533;5;5;70;28;2023;3;12;3;3;0;7;0;1;1;0;0;0;0;1;445007,085300000384450;5739473,722400000318885;8,202427231000058;51,803406639000059;1
174012;5230314702100569260;5;5;15;0;2023;3;15;3;3;5;3;0;0;1;1;0;0;0;0;412749,610799999907613;5753603,579199999570847;7,731122319000065;51,926316458000031;1
174013;5230314702100272722;5;5;15;0;2023;3;11;3;3;6;6;0;1;1;0;1;0;0;0;404454,170800000429153;5755813,642799999564886;7,609905000000026;51,944819458000040;1
174014;5230314701610295208;5;5;62;12;2023;3;16;3;3;5;3;0;0;1;1;0;0;0;0;358891,335300000384450;5724342,876000000163913;6,960200492000070;51,652348612000026;1
174019;5230314608200185780;5;3;34;2;2023;3;17;3;3;5;3;0;1;1;1;0;0;0;0;299701,004999999888241;5625630,648000000044703;6,160631348000038;50,747854814000050;1
174023;5230314602700194776;5;3;62;28;2023;3;12;3;3;1;3;0;1;1;1;0;0;0;0;351471,700199999846518;5637843,518200000748038;6,888948856000070;50,873164348000046;1
174024;5230314601200893503;5;3;15;0;2023;3;17;3;3;1;5;0;0;1;1;0;0;0;0;356514,939100000075996;5641871,013900000602007;6,958997734000036;50,910633310000037;1
174025;5230314516900389336;5;1;58;26;2023;3;7;3;3;5;3;0;1;1;1;0;0;0;0;352143,423999999649823;5662433,966800000518560;6,888484334000054;51,094317214000057;1
174030;5230314506100991013;5;1;16;0;2023;3;16;3;3;5;3;0;0;1;1;0;0;0;0;321227,137000000104308;5674396,313999999314547;6,441465848000064;51,192976293000072;1
174031;5230314505200991017;5;1;14;0;2023;3;10;3;3;0;5;0;1;1;1;0;0;0;0;329680,516400000080466;5689639,738500000908971;6,555068049000056;51,332503925000026;1
174032;5230314505200596000;5;1;14;0;2023;3;12;3;3;0;1;0;1;1;0;0;0;0;0;329999,027200000360608;5690344,096300000324845;6,559299621000036;51,338927052000031;1
174034;5230314505200191560;5;1;14;0;2023;3;17;3;3;0;1;0;0;1;0;0;0;0;0;330912,422600000165403;5690153,224700000137091;6,572491173000060;51,337484663000055;1
174039;5230314500200501792;5;1;11;0;2023;3;9;3;3;5;3;0;1;1;1;0;0;0;0;349785,331899999640882;5676544,430199999362230;6,848943277000046;51,220500054000070;1
174042;5230314500100286825;5;1;11;0;2023;3;8;3;3;5;2;0;1;1;1;0;0;0;0;341874,348199999891222;5678640,575699999928474;6,734826525000074;51,237197977000051;1
174045;5230314410110196860;5;7;70;24;2023;3;14;3;3;0;3;0;1;1;1;0;0;0;0;492755,913999999873340;5794807,669700000435114;8,893758683000044;52,303564147000031;1
174046;5230314405228196992;5;7;54;28;2023;3;11;3;3;5;3;0;1;1;1;0;0;0;0;450941,536000000312924;5745103,574999999254942;8,287690087000044;51,854574200000059;1
174053;5230314301302684957;5;9;13;0;2023;3;14;3;3;5;2;0;1;1;1;0;0;0;0;396443,479299999773502;5706690,942399999126792;7,508006598000065;51,501856243000077;1
174059;5230313705000991042;5;5;54;20;2023;3;7;2;3;5;3;0;1;1;1;0;0;0;0;366055,419800000265241;5785925,391899999231100;7,039722942000026;52,207473215000050;1
174060;5230313705000070967;5;5;54;24;2023;3;13;2;3;5;3;0;0;1;1;0;0;0;0;369917,042399999685585;5778348,792600000277162;7,099108597000054;52,140316906000066;1
174061;5230313702100174122;5;5;15;0;2023;3;8;2;3;5;3;0;0;1;1;0;0;0;0;403716,876799999736249;5749583,410000000149012;7,600923536000039;51,888692515000059;1
174062;5230313702100074700;5;5;15;0;2023;3;17;2;3;5;3;0;0;1;1;0;0;0;0;406876,162700000219047;5751703,564200000837445;7,646243865000031;51,908286489000034;1
174066;5230313608200591020;5;3;34;2;2023;3;9;2;3;5;2;0;1;1;1;0;0;0;0;298155,404699999839067;5627811,081800000742078;6,137555173000067;50,766903483000078;1
174068;5230313601500993426;5;3;15;0;2023;3;16;2;3;0;2;0;0;1;1;0;0;0;0;360234,296699999831617;5646402,002299999818206;7,010131738000041;50,952266728000041;1
174070;5230313601100596516;5;3;15;0;2023;3;12;2;2;5;2;0;0;1;1;0;0;0;0;355352,928999999538064;5645207,258999999612570;6,941156573000058;50,940325482000048;1
174071;5230313601100090410;5;3;15;0;2023;3;13;2;3;4;2;0;0;1;1;0;0;0;0;355469,545599999837577;5644629,113700000569224;6,943044629000042;50,935159051000028;1
174073;5230313518400089298;5;1;70;8;2023;3;10;2;3;5;3;0;0;1;1;0;0;0;0;343905,190000000409782;5714915,540999999269843;6,747936747000040;51,563686943000050;1
174074;5230313516900991043;5;1;58;26;2023;3;5;2;3;5;3;2;1;1;1;0;0;0;0;352928,485999999567866;5661755,622999999672174;6,899963808000052;51,088423278000050;1
174075;5230313516300291112;5;1;58;24;2023;3;14;2;3;5;3;0;0;1;1;0;0;0;0;359237,282200000248849;5679997,394899999722838;6,982844141000044;51,253939138000078;1
174077;5230313514210360577;5;1;66;12;2023;3;16;2;3;6;7;0;0;1;0;1;0;0;0;320886,178399999625981;5693682,266200000420213;6,426924378000024;51,366115765000075;1
174080;5230313513130990637;5;1;62;22;2023;3;17;2;2;5;3;0;0;1;0;0;1;0;0;338947,151999999769032;5679450,255999999120831;6,692566018000036;51,243654115000027;1
174091;5230313500300991028;5;1;11;0;2023;3;21;2;3;5;3;2;0;1;1;0;0;0;0;351334,339999999850988;5670866,835000000894070;6,873459294000043;51,169886696000049;1
174093;5230313410230340100;5;7;70;4;2023;3;14;2;3;5;3;0;0;1;1;0;0;0;0;487467,664699999615550;5783101,879200000315905;8,816636308000056;52,198227696000060;1
174097;5230313301302394298;5;9;13;0;2023;3;12;2;3;0;5;0;0;1;0;0;0;0;0;399058,763000000268221;5709246,377000000327826;7,544941353000070;51,525299698000026;1
174100;5230313300800395833;5;9;54;36;2023;3;21;2;2;0;1;2;0;1;0;0;0;0;0;384779,842600000090897;5700463,625900000333786;7,342065012000035;51,443627776000028;1
174102;5230312705000520870;5;5;54;4;2023;3;16;1;3;0;1;0;0;1;0;0;0;0;0;361115,100999999791384;5773403,830000000074506;6,972588622000046;52,093743224000036;1
174103;5230312702100070563;5;5;15;0;2023;3;19;1;3;0;7;2;1;1;0;0;0;0;0;404849,477599999867380;5754447,282299999147654;7,616032519000044;51,932605780000074;1
174120;5230312502321086163;5;1;13;0;2023;3;16;1;3;0;7;0;0;1;1;0;0;0;0;357476,345800000242889;5705252,162699999287724;6,947502055000029;51,480445785000029;1
174125;5230312500300086800;5;1;11;0;2023;3;13;1;2;5;3;0;1;1;1;0;0;0;0;344704,759700000286102;5675614,065400000661612;6,776650729000039;51,210781034000036;1
174126;5230312500200889331;5;1;11;0;2023;3;11;1;3;3;2;0;1;1;1;0;0;0;0;347208,835099999792874;5677381,912100000306964;6,811719775000029;51,227341611000043;1
174129;5230312314110399352;5;9;66;24;2023;3;17;1;3;5;2;0;1;1;1;0;0;0;0;419465,466799999587238;5653667,166999999433756;7,851557615000047;51,028908423000075;1
174130;5230312300000093777;5;9;11;0;2023;3;3;1;3;1;7;2;0;1;1;0;0;0;0;376461,904099999926984;5704877,713600000366569;7,220893394000029;51,481545963000030;1
174132;5230311709110991063;5;5;66;12;2023;3;11;7;3;0;1;0;0;1;0;0;0;0;0;405200,328900000080466;5772052,903100000694394;7,616260485000055;52,090910699000062;1
174133;5230311705000765795;5;5;54;20;2023;3;18;7;3;5;2;1;0;1;1;0;0;0;0;365864,122000000439584;5786334,278000000864267;7,036763084000029;52,211100678000037;1
174134;5230311705000065800;5;5;54;20;2023;3;17;7;3;6;7;0;1;1;0;1;0;0;0;366688,705699999816716;5787151,385999999940395;7,048502386000052;52,218642822000049;1
174135;5230311702100557473;5;5;15;0;2023;3;9;7;3;4;6;0;0;1;1;0;0;0;0;405488,588000000454485;5756475,921000000089407;7,624767918000032;51,950949009000055;1
174140;5230311516000991237;5;1;58;16;2023;3;14;7;3;5;7;0;0;1;1;0;0;0;0;353757,320000000298023;5669131,980100000277162;6,908798397000055;51,154921542000068;1
174149;5230311500300371883;5;1;11;0;2023;3;12;7;3;3;2;0;0;1;1;0;0;0;0;348446,298999999649823;5672124,316999999806285;6,831649454000058;51,180428184000050;1
174153;5230311307000053902;5;9;62;24;2023;3;10;7;3;3;6;0;0;1;1;0;0;0;0;407995,251000000163913;5692337,055999999865890;7,678118724000058;51,374821793000081;1
174159;5230310711100081021;5;5;70;44;2023;3;16;6;3;4;6;0;0;1;1;0;0;0;0;415968,309999999590218;5759180,416899999603629;7,776556284000037;51,976941743000054;1
174161;5230310709500002376;5;5;66;76;2023;3;9;6;2;5;2;0;1;1;1;0;0;0;0;392675,605999999679625;5792483,870999999344349;7,427047456000025;52,272242929000072;1
174171;5230310601400477938;5;3;15;0;2023;3;19;6;3;5;5;2;1;1;1;0;0;0;0;355270,275999999605119;5647194,725999999791384;6,939190977000067;50,958165629000064;1
174172;5230310600110991085;5;3;14;0;2023;3;8;6;3;2;2;0;0;1;1;0;0;0;0;366972,931099999696016;5619601,528999999165535;7,115740379000044;50,712982448000048;1
174173;5230310600110594842;5;3;14;0;2023;3;8;6;2;0;1;0;1;1;0;0;0;0;0;365584,706299999728799;5621843,629200000315905;7,095271342000046;50,732814983000026;1
174174;5230310600110575843;5;3;14;0;2023;3;19;6;3;5;2;2;1;1;0;0;0;0;1;366198,078099999576807;5620534,701199999079108;7,104432966000047;50,721191962000034;1
174175;5230310600110278265;5;3;14;0;2023;3;11;6;3;1;5;0;0;1;1;0;0;0;0;365426,577100000344217;5622888,807900000363588;7,092650245000073;50,742172351000079;1
174178;5230310516800989215;5;1;58;20;2023;3;13;6;3;5;3;0;1;1;1;0;0;0;0;356454,638399999588728;5663957,875499999150634;6,949403212000050;51,109107308000034;1
174179;5230310516500895441;5;1;58;16;2023;3;18;6;3;5;3;2;1;1;1;0;0;0;0;355031,269000000320375;5672076,182000000029802;6,925815476000025;51,181703315000050;1
174180;5230310515210090665;5;1;54;12;2023;3;16;6;2;7;3;0;1;1;1;0;0;0;0;314398,547699999995530;5711876,053799999877810;6,324291736000021;51,527450239000075;1
174183;5230310514110082158;5;1;66;32;2023;3;19;6;3;7;1;2;1;1;0;0;0;0;0;318848,502600000239909;5682060,739499999210238;6,403587119000065;51,261076249000041;1
174185;5230310506100281636;5;1;16;0;2023;3;21;6;3;1;1;2;1;1;0;0;0;0;1;321528,618499999865890;5673205,428899999707937;6,446367606000024;51,182372477000058;1
174193;5230310500300994434;5;1;11;0;2023;3;14;6;3;5;3;0;1;1;1;0;0;0;0;351225,719999999739230;5670238,149000000208616;6,872166807000042;51,164209058000040;1
174195;5230310500300001984;5;1;11;0;2023;3;14;6;3;5;3;0;1;1;1;0;0;0;0;351163,137600000016391;5668455,231699999421835;6,872009827000056;51,148171397000056;1
174196;5230310500200991078;5;1;11;0;2023;3;16;6;3;5;3;0;1;1;1;0;0;0;0;342441,112900000065565;5688426,409800000488758;6,738623230000030;51,325281154000038;1
174198;5230310500200791140;5;1;11;0;2023;3;15;6;3;4;2;0;0;1;1;0;0;0;0;344878,020999999716878;5679294,128000000491738;6,777536437000037;51,243894891000082;1
174200;5230310500200476326;5;1;11;0;2023;3;18;6;3;0;5;2;1;1;1;0;0;0;0;346812,740899999625981;5677351,614199999719858;6,806064305000064;51,226963201000046;1
174202;5230310500100895508;5;1;11;0;2023;3;20;6;3;0;1;2;1;1;0;0;0;0;0;342554,677199999801815;5678075,722400000318885;6,744812478000028;51,232310811000048;1
174209;5230310317220818650;5;9;78;4;2023;3;8;6;3;5;2;0;1;1;1;0;0;0;0;404968,570700000040233;5719210,073599999770522;7,627408535000029;51,615889258000038;1
174213;5230310300600890121;5;9;16;0;2023;3;16;6;3;5;3;0;1;1;1;0;0;0;0;376784,546699999831617;5710164,837799999862909;7,223690282000064;51,529133836000028;1
174215;5230309711200091692;5;5;70;4;2023;3;10;5;3;0;3;0;1;1;1;0;0;0;0;423469,892500000074506;5735066,320199999958277;7,891095378000045;51,761252749000050;1
174220;5230309702100545124;5;5;15;0;2023;3;10;5;3;8;5;0;1;1;1;0;0;0;0;406541,808899999596179;5751745,768899999558926;7,641373335000026;51,908609852000041;1
174222;5230309701500081220;5;5;62;24;2023;3;15;5;3;0;7;0;1;1;0;0;0;0;0;368614,699099999852479;5725612,161000000312924;7,100193422000075;51,666111645000058;1
174225;5230309701120198915;5;5;62;32;2023;3;11;5;3;5;3;0;0;1;1;0;0;0;0;375470,066300000064075;5713934,066099999472499;7,203416289000074;51,562720411000043;1
174227;5230309608200089776;5;3;34;2;2023;3;7;5;3;2;7;0;1;1;0;0;0;0;1;296050,779299999587238;5628410,958100000396371;6,107416447000048;50,771555296000031;1
174228;5230309608100980802;5;3;34;2;2023;3;6;5;3;5;3;2;1;1;1;0;0;0;0;292946,860299999825656;5630331,743799999356270;6,062373753000031;50,787706485000058;1
174232;5230309602800490357;5;3;62;12;2023;3;8;5;2;5;3;0;1;1;1;0;0;0;0;352139,591900000348687;5633510,827199999243021;6,900184666000030;50,834399101000031;1
174234;5230309602700482484;5;3;62;28;2023;3;15;5;3;5;3;0;1;1;1;0;0;0;0;351013,724899999797344;5638689,194299999624491;6,882099749000076;50,880646183000067;1
174239;5230309601600599035;5;3;15;0;2023;3;14;5;3;6;4;0;1;1;0;1;0;0;0;360031,342400000430644;5645099,966399999335408;7,007744532000061;50,940515897000068;1
174240;5230309601400991100;5;3;15;0;2023;3;20;5;3;0;6;2;1;1;0;1;0;0;0;354502,349700000137091;5649811,010500000789762;6,927217445000053;50,981483904000072;1
174242;5230309601400567821;5;3;15;0;2023;3;8;5;3;0;5;0;1;1;1;0;0;0;0;353052,827100000344217;5654009,522800000384450;6,904882721000035;51,018845665000072;1
174244;5230309601300269882;5;3;15;0;2023;3;13;5;3;0;1;0;0;1;0;0;0;0;0;353729,994900000281632;5647479,199699999764562;6,917159965000053;50,960333172000048;1
174245;5230309601200099004;5;3;15;0;2023;3;16;5;3;1;3;0;0;1;1;0;0;0;0;360044,045500000007451;5636981,319299999624491;7,011037727000030;50,867554938000069;1
174249;5230309518200644730;5;1;70;24;2023;3;13;5;3;0;7;0;1;1;1;0;0;0;0;334609,683000000193715;5702838,392999999225140;6,619610736000027;51,452537539000048;1
174251;5230309514210991100;5;1;66;12;2023;3;14;5;3;5;2;0;1;1;1;0;0;0;0;319877,883200000040233;5692202,909900000318885;6,413204555000050;51,352508203000070;1
174252;5230309513320881393;5;1;62;4;2023;3;7;5;3;1;5;0;0;1;1;0;0;0;0;346936,242100000381470;5663168,114700000733137;6,813867184000060;51,099547972000039;1
174257;5230309506100073937;5;1;16;0;2023;3;9;5;2;5;3;0;1;1;1;0;0;0;0;321683,977199999615550;5675461,306800000369549;6,447468059000073;51,202686125000071;1
174260;5230320608100987716;5;3;34;2;2023;3;17;2;3;5;2;1;0;1;1;0;0;0;0;293853,155899999663234;5628747,208200000226498;6,076102515000059;50,773798508000027;1
174264;5230309500300065286;5;1;11;0;2023;3;9;5;2;4;6;0;0;1;0;0;0;0;0;351465,394399999640882;5669108,146999999880791;6,876058721000049;51,154117064000047;1
174265;5230309500200087320;5;1;11;0;2023;3;16;5;3;2;6;0;1;1;0;0;0;0;0;344048,838999999687076;5681406,893500000238419;6,764745517000051;51,262652561000039;1
174268;5230310711300176704;5;5;70;8;2023;3;10;6;3;5;3;0;1;1;1;0;0;0;0;432237,451000000350177;5738968,928999999538064;8,017352070000072;51,797466772000064;1
174269;5230309404302387396;5;7;66;8;2023;3;12;5;3;0;1;0;1;1;1;0;0;0;1;482777,617499999701977;5768377,582299999892712;8,748761431000048;52,065719835000039;1
174276;5230308705000695988;5;5;54;8;2023;3;7;4;3;5;2;0;1;1;1;0;0;0;0;336669,853000000119209;5745688,760999999940395;6,629230115000041;51,838097449000031;1
174278;5230308702100370514;5;5;15;0;2023;3;19;4;3;7;1;2;1;1;0;0;0;0;0;405730,201200000010431;5757148,188699999824166;7,628098097000077;51,957032658000060;1
174279;5230308701610747125;5;5;62;12;2023;3;12;4;2;5;3;0;1;1;0;0;0;0;1;359169,732800000347197;5725415,659099999815226;6,963789994000024;51,662058238000043;1
174280;5230324500200076297;5;1;11;0;2023;3;13;6;3;1;5;0;0;1;1;0;0;0;0;344992,384100000374019;5682143,948999999091029;6,777938947000052;51,269532585000036;1
174281;5230308701500944450;5;5;62;24;2023;3;12;4;3;5;3;0;1;1;1;0;0;0;0;371283,005300000309944;5725075,739399999380112;7,138952044000064;51,661908546000063;1
174282;5230308701200295077;5;5;62;20;2023;3;10;4;3;1;5;0;2;1;1;0;0;0;0;371484,808000000193715;5716793,552999999374151;7,144907011000043;51,587524290000033;1
174291;5230308602600073760;5;3;62;20;2023;3;15;4;3;0;5;0;1;1;1;0;0;0;0;345976,700299999676645;5631518,026200000196695;6,813567045000070;50,814884181000082;1
174295;5230308601200991044;5;3;15;0;2023;3;7;4;3;5;2;2;0;1;1;0;0;0;0;355266,322800000198185;5641785,661800000816584;6,941282853000075;50,909554533000062;1
174301;5230308515212396058;5;1;54;32;2023;3;8;4;3;1;1;0;1;1;1;0;0;0;0;309313,547899999655783;5717154,469100000336766;6,248213076000070;51,573163263000026;1
174310;5230308502111091451;5;1;13;0;2023;3;18;4;3;0;1;1;1;1;0;0;0;0;0;362764,977900000289083;5700501,569299999624491;7,025458266000044;51,439062725000042;1
174311;5230308501212985944;5;1;12;0;2023;3;7;4;3;5;2;0;1;1;1;0;0;0;0;341274,968999999575317;5698138,377000000327826;6,717563887000040;51,412217050000038;1
174313;5230308500300087388;5;1;11;0;2023;3;19;4;2;0;5;2;1;1;1;0;0;0;0;344661,419800000265241;5675611,029200000688434;6,776032051000072;51,210741967000047;1
174314;5230308411132747883;5;7;74;32;2023;3;12;4;3;5;3;0;1;1;0;0;0;1;0;482559,152999999932945;5732917,864499999210238;8,747369529000025;51,746894165000072;1
174315;5230308405228937514;5;7;54;28;2023;3;7;4;3;5;3;0;0;1;1;0;0;0;0;451635,633999999612570;5743002,815999999642372;8,298061137000047;51,835747866000077;1
174317;5230308400100950093;5;7;11;0;2023;3;8;4;3;5;2;0;1;1;0;0;0;0;0;466748,673200000077486;5765138,011600000783801;8,515254788000050;52,035863945000074;1
174322;5230308307000393700;5;9;62;16;2023;3;9;4;2;0;1;0;2;1;0;0;0;0;0;414452,334900000132620;5693420,505799999460578;7,770606348000058;51,385571562000052;1
174325;5230324702000442020;5;5;15;0;2023;3;13;6;3;0;6;0;0;1;1;0;0;0;0;405456,929200000129640;5766345,850400000810623;7,621585223000068;52,039658172000031;1