OID_;UIDENTSTLAE;ULAND;UREGBEZ;UKREIS;UGEMEINDE;UJAHR;UMONAT;USTUNDE;UWOCHENTAG;UKATEGORIE;UART;UTYP1;ULICHTVERH;IstStrassenzustand;IstRad;IstPKW;IstFuss;IstKrad;IstGkfz;IstSonstige;LINREFX;LINREFY;XGCSWGS84;YGCSWGS84;PLST
174333;5230307709700276377;5;5;66;28;2023;3;20;3;3;1;1;2;1;1;1;0;0;0;0;412686,480100000277162;5791374,042099999263883;7,720526847000031;52,265809552000064;1
174335;5230307709300064105;5;5;66;84;2023;3;8;3;3;2;1;0;1;1;1;0;0;0;0;388582,047000000253320;5775541,051000000908971;7,372649374000048;52,119163268000079;1
174339;5230307610211211597;5;3;70;4;2023;3;15;3;3;5;3;0;1;1;1;0;0;0;0;312305,662999999709427;5662062,882999999448657;6,320356213000025;51,079332038000075;1
174340;5230307608100394787;5;3;34;2;2023;3;21;3;3;4;7;2;1;1;1;0;0;0;0;294923,221499999985099;5629143,478000000119209;6,091037983000035;50,777736771000036;1
174341;5230307606000181774;5;3;78;4;2023;3;9;3;3;0;7;0;1;1;0;0;0;0;0;370922,789300000295043;5647616,968100000172853;7,161787487000026;50,965679724000040;1
174344;5230315711200802947;5;5;70;4;2023;3;15;4;3;5;3;0;0;1;1;0;0;0;0;422625,431099999696016;5732883,310699999332428;7,879347658000029;51,741512275000048;1
174346;5230307602700185768;5;3;62;28;2023;3;19;3;3;4;6;2;1;1;0;0;0;0;0;352340,004599999636412;5639841,988500000908971;6,900473973000032;50,891346365000061;1
174349;5230307601400478554;5;3;15;0;2023;3;15;3;3;3;6;0;1;1;1;0;0;0;0;356428,168100000359118;5647021,532500000670552;6,955735275000052;50,956898822000028;1
174351;5230307601300991132;5;3;15;0;2023;3;13;3;3;4;2;0;1;1;1;0;0;0;0;353462,113300000317395;5648139,277899999171495;6,913082264000025;50,966196958000069;1
174355;5230307601100693456;5;3;15;0;2023;3;8;3;3;5;3;0;1;1;1;0;0;0;0;355391,252299999818206;5645738,666799999773502;6,941490709000050;50,945110740000075;1
174356;5230307600380991140;5;3;14;0;2023;3;8;3;3;0;5;0;0;1;1;0;0;0;0;367699,803000000305474;5619289,066700000315905;7,126142261000041;50,710339895000061;1
174358;5230307600360836268;5;3;82;12;2023;3;9;3;3;3;6;0;1;1;1;0;0;0;0;360497,070700000040233;5628940,487999999895692;7,020531722000044;50,795398425000030;1
174359;5230307600350978116;5;3;82;32;2023;3;7;3;3;5;3;0;0;1;0;0;0;1;0;361649,205900000408292;5610282,671700000762939;7,043863629000043;50,627984087000073;1
174360;5230307600310991146;5;3;14;0;2023;3;7;3;3;5;3;0;0;1;1;0;0;0;0;360986,016999999992549;5619614,682000000029802;7,030986149000057;50,711699696000039;1
174362;5230307600110199972;5;3;14;0;2023;3;13;3;3;0;1;0;0;1;0;0;0;0;0;364162,178799999877810;5621895,041600000113249;7,075106578000032;50,732946139000035;1
174371;5230307501314580000;5;1;12;0;2023;3;9;3;3;1;5;0;1;1;1;0;0;0;0;345564,204300000332296;5701157,247099999338388;6,777875903000051;51,440526256000055;1
174376;5230307500100976255;5;1;11;0;2023;3;5;3;3;5;2;2;1;1;1;0;0;0;0;346905,254300000146031;5675579,052500000223517;6,808145076000073;51,211060538000027;1
174377;5230307405108006498;5;7;54;8;2023;3;7;3;3;5;3;0;1;1;1;0;0;0;0;456967,036999999545515;5750570,719000000506639;8,374490250000065;51,904224304000081;1
174382;5230307313110080634;5;9;58;4;2023;3;6;3;3;0;1;2;1;1;0;0;0;0;0;428282,787499999627471;5699013,687999999150634;7,968192573000067;51,437772944000073;1
174383;5230307303100423225;5;9;15;0;2023;3;7;3;3;0;3;0;1;1;1;0;0;0;0;418484,493300000205636;5726508,057299999520183;7,820877248000045;51,683614896000051;1
174389;5230306705000302663;5;5;54;16;2023;3;11;2;3;0;7;0;1;1;0;0;0;0;0;363056,808600000105798;5758006,618100000545382;7,007075745000066;51,955876098000033;1
174391;5230306702100876646;5;5;15;0;2023;3;18;2;3;5;3;1;1;1;0;0;0;0;0;404205,674399999901652;5755481,627900000661612;7,606383287000028;51,941792446000079;1
174392;5230306702100076698;5;5;15;0;2023;3;7;2;3;5;3;0;1;1;1;0;0;0;0;408063,458800000138581;5754802,583200000226498;7,662671027000044;51,936339642000064;1
174397;5230306608100780786;5;3;34;2;2023;3;16;2;2;4;1;0;1;1;1;0;0;0;0;291364,040000000037253;5630788,259999999776483;6,039689749000047;50,791239013000052;1
174401;5230306601600699067;5;3;15;0;2023;3;16;2;3;0;7;0;0;1;0;1;0;0;0;365461,500300000421703;5637754,229800000786781;7,087695984000050;50,875787834000050;1
174402;5230306601500099817;5;3;15;0;2023;3;16;2;3;5;3;1;1;1;1;0;0;0;0;362650,532999999821186;5647501,247999999672174;7,044095645000027;50,962726878000069;1
174404;5230306601100186427;5;3;15;0;2023;3;6;2;2;0;1;2;1;1;0;0;0;0;0;356391,794099999591708;5644339,783299999311566;6,956275111000025;50,932789264000064;1
174405;5230306600320134617;5;3;82;72;2023;3;7;2;3;5;3;1;1;1;1;0;0;0;0;369960,542000000365078;5611258,877000000327826;7,160968283000045;50,638671791000036;1
174406;5230316601300599071;5;3;15;0;2023;3;15;5;3;5;3;0;0;1;1;0;0;0;0;354446,813000000081956;5645393,228000000119209;6,928193997000051;50,941768714000034;1
174409;5230306518200491600;5;1;70;24;2023;3;18;2;3;4;6;1;1;1;0;0;0;0;0;336201,152999999932945;5702598,722400000318885;6,642606072000035;51,450846903000070;1
174413;5230306515111591522;5;1;54;8;2023;3;17;2;3;0;1;1;1;1;0;0;0;0;0;310109,465800000354648;5745688,599600000306964;6,244148537000058;51,829698804000031;1
174415;5230306506100191577;5;1;16;0;2023;3;11;2;3;5;2;0;1;1;1;0;0;0;0;321098,561999999918044;5674296,211600000038743;6,439677564000021;51,192036818000076;1
174416;5230306505200086183;5;1;14;0;2023;3;9;2;3;5;3;0;1;1;1;0;0;0;0;335147,953999999910593;5691454,895500000566244;6,632639460000064;51,350423109000076;1
174417;5230306502338894945;5;1;13;0;2023;3;10;2;3;0;7;0;1;1;0;0;0;0;0;363991,809999999590218;5706274,915999999269843;7,040877573000046;51,491240941000058;1
174420;5230318600360793494;5;3;82;12;2023;3;16;7;3;5;3;0;0;1;1;0;0;0;0;355386,610199999995530;5628113,910199999809265;6,948391246000028;50,786717338000074;1
174425;5230306500100984962;5;1;11;0;2023;3;17;2;3;5;3;0;0;1;1;0;0;0;0;344544,633000000379980;5677475,767000000923872;6,773552903000052;51,227465546000076;1
174427;5230306410110168145;5;7;70;24;2023;3;16;2;3;0;1;0;0;1;0;0;0;0;0;494625,190999999642372;5794987,942999999970198;8,921170472000028;52,305206367000039;1
174430;5230306405228174545;5;7;54;28;2023;3;21;2;3;5;3;2;1;1;1;0;0;0;0;453130,145100000314415;5743984,757600000128150;8,319617064000056;51,844703513000070;1
174431;5230306404301372287;5;7;66;44;2023;3;11;2;3;0;7;0;1;1;1;0;0;0;0;493929,728299999609590;5764876,068399999290705;8,911509228000057;52,034472674000028;1
174432;5230306404301090727;5;7;66;44;2023;3;13;2;3;1;5;0;1;1;1;0;0;0;0;493302,995900000445545;5762768,226199999451637;8,902414161000024;52,015514045000032;1
174441;5230314400200604174;5;7;11;0;2023;3;12;3;3;5;2;0;0;1;0;0;0;0;1;467772,027099999599159;5763234,849400000646710;8,530352191000077;52,018813774000080;1
174444;5230306301301996734;5;9;78;24;2023;3;17;2;3;3;3;0;0;1;1;0;0;0;0;397501,921000000089407;5719237,540999999269843;7,519592908000050;51,614826059000052;1
174448;5230320601200993465;5;3;15;0;2023;3;12;2;3;6;4;0;0;1;0;1;0;0;0;355010,715300000272691;5642817,443700000643730;6,937239544000022;50,918762806000075;1
174454;5230305601200886368;5;3;15;0;2023;3;14;1;3;5;3;0;0;1;1;0;0;0;0;354217,608500000089407;5642852,081900000572205;6,925950063000073;50,918874270000060;1
174456;5230305516900991160;5;1;58;26;2023;3;13;1;2;5;3;0;0;1;1;0;0;0;0;352896,046000000089407;5665692,529999999329448;6,897896134000064;51,123793120000073;1
174462;5230321500300276300;5;1;11;0;2023;3;15;3;3;0;3;0;0;1;0;0;0;0;1;344723,365199999883771;5675967,387399999424815;6,776763936000066;51,213960832000055;1
174464;5230305317230589232;5;9;78;8;2023;3;5;1;3;0;7;2;0;1;0;0;0;0;0;414508,901700000278652;5717060,938300000503659;7,765692510000065;51,598099575000049;1
174471;5230304702100291783;5;5;15;0;2023;3;12;7;3;5;3;0;0;1;1;0;0;0;0;403587,977599999867380;5761962,666799999773502;7,595579694000037;51,999939294000058;1
174474;5230304702100076646;5;5;15;0;2023;3;12;7;3;4;2;0;1;1;0;0;0;0;0;406945,455699999816716;5758303,348799999803305;7,645465255000033;51,967620511000064;1
174475;5230322500200546013;5;1;11;0;2023;3;13;4;3;6;4;0;0;1;0;1;0;0;0;346711,525600000284612;5678679,576999999582767;6,804047671000035;51,238868479000075;1
174480;5230304601500099817;5;3;15;0;2023;3;14;7;3;5;2;0;0;1;1;0;0;0;0;366062,707999999634922;5648353,323999999091029;7,092343292000066;50,971188321000056;1
174485;5230304600140290956;5;3;14;0;2023;3;16;7;3;5;3;0;0;1;1;0;0;0;0;368089,412700000219047;5623704,047100000083447;7,130077811000035;50,750110846000041;1
174486;5230304518300276415;5;1;70;20;2023;3;0;7;2;0;1;2;0;1;0;0;0;0;0;329744,279199999757111;5708811,879300000146031;6,546774157000073;51,504758531000050;1
174488;5230304516300087576;5;1;58;28;2023;3;14;7;3;0;7;0;0;1;0;0;0;0;0;347530,640999999828637;5684367,207299999892712;6,813347928000042;51,290194415000030;1
174492;5230304503100277802;5;1;24;0;2023;3;16;7;3;8;5;0;0;1;1;0;0;0;0;369811,915699999779463;5680174,267599999904633;7,134226547000026;51,258041249000030;1
174497;5230304500100071893;5;1;11;0;2023;3;6;7;2;5;3;1;0;1;1;0;0;0;0;344765,555999999865890;5677368,996300000697374;6,776760674000059;51,226566299000069;1
174499;5230304313110385560;5;9;58;4;2023;3;12;7;2;2;6;0;0;1;1;0;0;0;0;427832,533599999733269;5700824,375900000333786;7,961346556000024;51,453994445000035;1
174505;5230304300200893678;5;9;11;0;2023;3;12;7;3;5;3;0;0;1;1;0;0;0;0;371304,639200000092387;5705801,808299999684095;7,146326326000064;51,488700922000078;1
174508;5230303709300812400;5;5;66;84;2023;3;10;6;3;0;1;0;0;1;0;0;0;0;0;386198,477599999867380;5778416,894799999892712;7,336888759000033;52,144522896000069;1
174509;5230303705000064595;5;5;54;20;2023;3;9;6;2;5;3;0;0;1;1;0;0;0;0;364247,382000000216067;5786039,018999999389052;7,013233900000046;52,208051815000033;1
174510;5230303705000020870;5;5;54;4;2023;3;10;6;3;5;6;0;0;1;0;0;0;0;0;362197,344499999657273;5772089,114399999380112;6,988907736000044;52,082200687000068;1
174511;5230303702100045932;5;5;15;0;2023;3;23;6;3;4;3;2;0;1;0;0;0;0;0;406775,152599999681115;5757620,047700000926852;7,643172512000035;51,961450131000049;1
174514;5230303701700749527;5;5;62;16;2023;3;15;6;3;0;4;0;0;1;0;1;0;0;0;374461,393799999728799;5734426,447899999096990;7,181514444000072;51,746661314000050;1
174517;5230303610121594620;5;3;70;12;2023;3;13;6;3;5;2;0;0;1;1;0;0;0;0;297751,804999999701977;5649655,336999999359250;6,119766243000072;50,962954616000047;1
174518;5230304600110993483;5;3;14;0;2023;3;10;7;3;0;1;0;0;1;0;0;0;0;0;366515,996399999596179;5619586,766899999231100;7,109277228000053;50,712745012000028;1
174519;5230303608100571701;5;3;34;2;2023;3;22;6;3;5;2;2;0;1;1;0;0;0;0;294831,795500000007451;5629009,742599999532104;6,089817519000064;50,776503330000025;1
174520;5230303601600386431;5;3;15;0;2023;3;19;6;3;5;3;2;0;1;1;0;0;0;0;361721,394799999892712;5645029,281999999657273;7,031811594000033;50,940288421000048;1
174542;5230318607400386310;5;3;82;68;2023;3;9;7;3;0;1;0;1;1;0;0;0;0;0;373149,919099999591708;5635814,823200000450015;7,197590661000049;50,860094753000055;1
174544;5230303502323080345;5;1;13;0;2023;3;17;6;3;5;3;0;0;1;1;0;0;0;0;358350,035000000149012;5705132,293999999761581;6,960123614000054;51,479588103000026;1
174547;5230318601500086566;5;3;15;0;2023;3;15;7;3;5;2;0;1;1;1;0;0;0;0;360635,644000000320375;5646618,144999999552965;7,015759373000037;50,954306426000073;1
174550;5230303500200071876;5;1;11;0;2023;3;21;6;2;1;5;2;0;1;1;0;0;0;0;349550,125799999572337;5677155,699599999934435;6,845321152000054;51,225930859000073;1
174551;5230303411132372197;5;7;74;32;2023;3;21;6;2;5;3;2;0;1;1;0;0;0;0;480303,900999999605119;5726677,250000000000000;8,715055530000029;51,690708306000033;1
174559;5230418711200891797;5;5;70;4;2023;4;16;3;3;0;1;0;0;1;0;0;0;0;0;423147,736200000159442;5734032,164000000804663;7,886657019000040;51,751911942000049;1
174560;5230418709800090802;5;5;66;12;2023;4;9;3;3;5;1;0;0;1;1;0;0;0;0;404632,769999999552965;5772370,965299999341369;7,607889784000065;52,093671979000078;1
174561;5230418709110793617;5;5;66;8;2023;4;16;3;3;0;7;0;0;1;1;0;0;0;0;398567,275799999944866;5781539,393200000748038;7,516645673000028;52,174996891000035;1
174562;5230418706000020578;5;5;58;40;2023;4;17;3;3;5;3;0;0;1;1;0;0;0;0;371566,579599999822676;5763501,462500000372529;7,128787135000039;52,007284263000031;1
174563;5230418705000686830;5;5;54;8;2023;4;9;3;2;5;3;0;0;1;1;0;0;0;0;336165,847000000067055;5746073,366000000387430;6,621739020000064;51,841404913000076;1
174565;5230418701610989653;5;5;62;12;2023;4;22;3;3;0;1;2;0;1;0;0;0;0;0;361872,022800000384450;5724912,929700000211596;7,003034192000030;51,658211377000043;1
174567;5230418608404633441;5;3;34;4;2023;4;17;3;3;2;7;0;0;1;1;0;0;0;0;303261,389999999664724;5639619,859999999403954;6,203539316000047;50,874724622000031;1
174568;5230418602700448402;5;3;62;28;2023;4;17;3;3;1;5;0;0;1;1;0;0;0;0;351646,226999999955297;5639583,702199999243021;6,890721395000071;50,888847486000031;1
174573;5230418601400076796;5;3;15;0;2023;4;15;3;3;0;3;0;0;1;1;0;0;0;0;352583,956399999558926;5652602,523199999704957;6,898774223000032;51,006081753000046;1
174575;5230418601300074414;5;3;15;0;2023;4;14;3;3;5;2;0;0;1;0;0;1;0;0;353425,820799999870360;5647074,478599999099970;6,912994690000062;50,956618813000034;1
174576;5230418601200878656;5;3;15;0;2023;4;7;3;3;3;2;1;0;1;1;0;0;0;0;358825,917000000365078;5636906,481000000610948;6,993766653000023;50,866586162000033;1
174577;5230418601100976564;5;3;15;0;2023;4;10;3;3;0;1;0;0;1;0;0;0;0;0;354957,190000000409782;5644511,607999999076128;6,935804609000058;50,933974427000066;1
174578;5230418601100793525;5;3;15;0;2023;4;21;3;3;1;5;1;0;1;1;0;0;0;0;356612,532700000330806;5642884,550699999555945;6,959986669000045;50,919766143000061;1
174581;5230418600110293630;5;3;14;0;2023;4;11;3;3;5;3;0;0;1;1;0;0;0;0;366502,377000000327826;5619008,721999999135733;7,109293494000042;50,707546389000072;1
174587;5230418513210875935;5;1;62;24;2023;4;15;3;3;5;3;0;0;1;1;0;0;0;0;340116,819799999706447;5674133,407400000840425;6,711680585000067;51,196211393000056;1
174591;5230418411232090783;5;7;74;32;2023;4;13;3;3;5;3;0;0;1;1;0;0;0;0;480239,020700000226498;5735115,615599999204278;8,713637904000052;51,766577593000079;1
174593;5230418405228687082;5;7;54;28;2023;4;6;3;3;7;7;1;0;1;0;0;0;0;0;450260,244099999777973;5744797,334799999371171;8,277842908000025;51,851760651000063;1
174594;5230418405108082152;5;7;54;8;2023;4;13;3;3;5;3;0;0;1;1;0;0;0;0;457765,800999999977648;5752393,541999999433756;8,385876515000064;51,920673662000070;1
174596;5230418404101876078;5;7;66;20;2023;4;14;3;3;6;4;0;0;1;0;1;0;0;0;491347,608500000089407;5750960,903899999335408;8,874218652000025;51,909327429000029;1
174597;5230418602800062752;5;3;62;12;2023;4;15;3;3;0;7;0;0;1;0;0;0;0;0;351216,743400000035763;5632102,414699999615550;6,887659982000059;50,821505701000035;1
174598;5230418316400994422;5;9;74;44;2023;4;15;3;2;8;6;0;0;1;0;0;0;0;0;456666,065700000151992;5700921,026399999856949;8,376279375000024;51,457805030000031;1
174604;5230417711200102817;5;5;70;4;2023;4;15;2;3;1;5;0;0;1;1;0;0;0;0;423164,370400000363588;5733740,535399999469519;7,886962394000022;51,749292586000081;1
174606;5230417709110565870;5;5;66;12;2023;4;16;2;3;7;1;0;0;1;1;0;0;0;0;406611,538999999873340;5771159,952999999746680;7,637097375000053;52,083124557000076;1
174608;5230417705000893442;5;5;54;4;2023;4;7;2;3;5;3;0;0;1;1;0;0;0;0;363176,082999999634922;5772989,491000000387430;7,002820760000077;52,090533647000029;1
174612;5230417608332325060;5;3;34;32;2023;4;11;2;3;0;6;0;1;1;1;0;0;0;0;307422,203499999828637;5625362,024100000038743;6,270089575000043;50,748054177000029;1
174617;5230417602100015334;5;3;62;8;2023;4;10;2;3;3;6;0;0;1;1;0;0;0;0;333573,150999999605119;5646803,030799999833107;6,630688397000029;50,948789130000080;1
174621;5230417601600393440;5;3;15;0;2023;4;18;2;3;9;7;0;0;1;0;0;0;0;0;363603,058000000193715;5640900,206700000911951;7,060122038000031;50,903626721000080;1
174625;5230417601400474418;5;3;15;0;2023;4;17;2;3;5;3;0;0;1;1;0;0;0;0;349212,273699999786913;5659184,421000000089407;6,848012067000070;51,064353507000078;1
174626;5230417601300086614;5;3;15;0;2023;4;13;2;3;0;7;0;0;1;1;0;0;0;0;353505,690999999642372;5645948,566199999302626;6,914584154000067;50,946520985000063;1
174627;5230417601300078625;5;3;15;0;2023;4;21;2;3;0;3;2;0;1;1;0;0;0;0;354976,250000000000000;5646044,454399999231100;6,935465466000039;50,947754528000075;1
174628;5230417601100693451;5;3;15;0;2023;4;7;2;3;5;3;0;0;1;0;0;0;0;0;355868,348000000230968;5644531,253599999472499;6,948755189000053;50,934379405000072;1
174633;5230417514219089447;5;1;66;36;2023;4;17;2;3;7;7;0;0;1;0;0;0;0;0;325773,381000000052154;5678928,336699999868870;6,504261668000026;51,235094392000065;1
174634;5230417506100491524;5;1;16;0;2023;4;14;2;2;0;1;0;0;1;0;0;0;0;0;317581,851599999703467;5675681,521099999547005;6,388700282000059;51,203369256000030;1
174636;5230417505200072142;5;1;14;0;2023;4;13;2;3;0;1;0;0;1;0;0;0;0;0;330839,752999999560416;5691021,418600000441074;6,571036428000070;51,345262803000026;1
174639;5230417505100076541;5;1;14;0;2023;4;18;2;2;6;4;0;0;1;0;1;0;0;0;330050,097099999897182;5688882,548000000417233;6,560729361000028;51,325812021000047;1
174642;5230417502319196528;5;1;13;0;2023;4;16;2;3;0;3;0;0;1;1;0;0;0;0;357467,990000000223517;5706645,711999999359250;6,946819239000035;51,492966074000037;1
174644;5230417501325085991;5;1;12;0;2023;4;15;2;3;5;3;0;0;1;0;0;0;0;1;345772,718999999575317;5693340,490000000223517;6,784272193000049;51,370348457000034;1
174647;5230417405236053216;5;7;54;36;2023;4;18;2;3;5;3;0;0;1;1;0;0;0;0;472770,750099999830127;5751467,945100000128150;8,604128075000062;51,913287801000081;1
174649;5230417317110694360;5;9;78;36;2023;4;10;2;3;0;6;0;0;1;0;0;0;0;0;407075,699199999682605;5712390,557199999690056;7,659639127000048;51,554939547000060;1
174652;5230417303100075042;5;9;15;0;2023;4;7;2;3;5;3;0;0;1;1;0;0;0;0;418053,930100000463426;5725397,340299999341369;7,814911272000074;51,673567405000028;1
174653;5230417301306794380;5;9;13;0;2023;4;17;2;3;8;1;0;0;1;1;0;0;0;0;396661,245400000363588;5714234,165799999609590;7,508928698000034;51,569699342000035;1
174654;5230417300800990694;5;9;54;36;2023;4;14;2;3;5;3;0;0;1;1;0;0;0;0;384250,080000000074506;5699785,981000000610948;7,334667144000036;51,437429069000075;1
174655;5230417300300295188;5;9;11;0;2023;4;12;2;3;1;1;0;0;1;1;0;0;0;0;376637,612399999983609;5707424,680199999362230;7,222532241000067;51,504474947000062;1
174658;5230416706200281438;5;5;58;40;2023;4;1;1;3;8;1;2;1;1;0;0;0;0;0;377099,705699999816716;5765049,265399999916553;7,208803024000076;52,022446304000027;1
174659;5230416702100596673;5;5;15;0;2023;4;15;1;3;0;3;0;0;1;0;0;0;0;1;407950,515499999746680;5760572,003900000825524;7,659482322000031;51,988179733000038;1
174665;5230416601400993601;5;3;15;0;2023;4;13;1;2;5;3;0;0;1;0;1;0;0;0;355958,254700000397861;5648277,106899999082088;6,948551875000021;50,968065140000078;1
174670;5230416501114895546;5;1;12;0;2023;4;14;1;3;0;7;0;0;1;1;0;0;0;0;348832,605000000447035;5706885,981000000610948;6,822417039000072;51,492882213000030;1
174672;5230416301304485050;5;9;13;0;2023;4;17;1;2;0;1;0;0;1;0;0;0;0;0;399537,914200000464916;5709657,458100000396371;7,551728643000047;51,529080274000080;1
174675;5230415709500036092;5;5;66;76;2023;4;14;7;3;0;1;0;1;1;0;0;0;0;0;392719,548000000417233;5792402,311000000685453;7,427717150000035;52,271518512000057;1
174677;5230415702100994895;5;5;15;0;2023;4;21;7;2;0;1;2;1;1;0;0;0;0;1;405007,733000000007451;5759855,593000000342727;7,616838245000054;51,981244902000071;1
174682;5230415608100385694;5;3;34;2;2023;4;13;7;3;5;3;0;0;1;1;0;0;0;0;293877,798000000417233;5628678,160000000149012;6,076490232000026;50,773187133000079;1
174684;5230415607100872844;5;3;82;28;2023;4;17;7;3;5;7;0;1;1;1;0;0;0;0;374223,445299999788404;5633761,212099999189377;7,213541836000047;50,841870683000081;1
174686;5230415603116673856;5;3;66;16;2023;4;18;7;2;6;4;0;1;1;0;1;0;0;0;342935,755599999800324;5614448,855399999767542;6,777708188000076;50,660682020000081;1
174690;5230415514118785821;5;1;66;16;2023;4;10;7;3;0;7;0;0;1;1;0;0;0;0;309962,709200000390410;5687269,635299999266863;6,273608954000053;51,304969598000071;1
174692;5230415513120781506;5;1;62;20;2023;4;0;7;2;2;6;2;0;1;1;0;0;0;0;330557,662999999709427;5670821,176000000908971;6,576554909000038;51,163699313000052;1
174695;5230415505100585913;5;1;14;0;2023;4;15;7;3;2;6;0;0;1;0;0;0;0;1;330300,920699999667704;5689589,443399999290705;6,563989238000033;51,332237556000052;1
174697;5230415502407575351;5;1;17;0;2023;4;9;7;3;0;5;0;0;1;1;0;0;0;0;350775,949599999934435;5696192,055400000885129;6,854898738000031;51,397308272000032;1
174702;5230415501315078871;5;1;12;0;2023;4;18;7;3;4;2;0;1;1;1;0;0;0;0;346506,893000000156462;5698651,449999999254942;6,792514819000075;51,418267504000028;1
174703;5230415501212379398;5;1;12;0;2023;4;16;7;2;4;3;0;0;1;1;0;0;0;0;341057,157100000418723;5697376,395600000396371;6,714775942000074;51,405309859000056;1
174704;5230415500300893838;5;1;11;0;2023;4;16;7;3;0;6;0;0;1;0;0;0;0;0;344951,042000000365078;5675085,650900000706315;6,780402254000023;51,206099921000032;1
174707;5230415316200989302;5;9;74;52;2023;4;11;7;3;0;6;0;0;1;1;0;0;0;0;424914,547299999743700;5711856,453800000250340;7,917009347000032;51,552794635000055;1
174711;5230414705000586932;5;5;54;8;2023;4;6;6;3;5;3;2;0;1;1;0;0;0;0;335241,277900000102818;5745109,553999999538064;6,608789241000068;51,832474625000032;1
174712;5230414701200075491;5;5;62;20;2023;4;17;6;3;1;5;0;0;1;1;0;0;0;0;371762,166199999861419;5715709,726500000804663;7,149304226000027;51,577847234000046;1
174713;5230414700000591625;5;5;13;0;2023;4;13;6;3;5;3;0;0;1;1;0;0;0;0;366140,222500000149012;5708521,740199999883771;7,070952663000071;51,511945017000073;1
174719;5230414608200094843;5;3;34;2;2023;4;9;6;3;9;1;0;0;1;0;0;0;0;0;296261,544599999673665;5629175,384899999946356;6,109978219000027;50,778494973000079;1
174720;5230414608100394825;5;3;34;2;2023;4;18;6;3;3;2;0;0;1;1;0;0;0;0;294857,297699999995530;5629033,609300000593066;6,090165441000067;50,776726702000076;1
174723;5230414607100573822;5;3;82;60;2023;4;12;6;3;5;3;0;0;1;1;0;0;0;0;373232,048899999819696;5628639,049000000581145;7,201238100000069;50,795614576000048;1
174724;5230414601700693567;5;3;16;0;2023;4;11;6;3;0;1;0;0;1;0;0;0;0;0;364959,030799999833107;5658028,609600000083447;7,073031475000050;51,057886243000041;1
174733;5230414515110100000;5;1;54;36;2023;4;17;6;3;5;3;0;0;1;1;0;0;0;0;300144,131400000303984;5739988,722899999469519;6,103003171000069;51,775039878000030;1
174734;5230414514210889306;5;1;66;12;2023;4;8;6;3;5;3;0;0;1;1;0;0;0;0;320068,068699999712408;5694987,566400000825524;6,414523813000073;51,377582403000076;1
174735;5230414514114289800;5;1;66;24;2023;4;17;6;3;5;2;0;0;1;0;0;0;0;1;309756,765300000086427;5676907,994500000029802;6,276167519000069;51,211833481000042;1
174736;5230414513210386657;5;1;62;24;2023;4;19;6;3;0;7;0;0;1;1;0;0;0;0;341603,425699999555945;5670701,803799999877810;6,734452264000026;51,165791842000033;1
174739;5230414505200086043;5;1;14;0;2023;4;18;6;2;0;1;0;0;1;0;0;0;0;0;327749,244099999777973;5689640,445399999618530;6,527371904000063;51,331928583000035;1
174740;5230414505100085966;5;1;14;0;2023;4;16;6;3;0;1;0;0;1;0;0;0;0;0;331284,914599999785423;5685737,043999999761581;6,579923446000066;51,297920465000061;1
174749;5230414410220453271;5;7;70;8;2023;4;16;6;3;5;2;0;0;1;1;0;0;0;0;473419,945000000298023;5803222,830000000074506;8,609517231000041;52,378622900000039;1
174752;5230414407101196881;5;7;62;20;2023;4;9;6;2;5;3;0;0;1;1;0;0;0;0;525499,162999999709427;5735601,039000000804663;9,369549768000070;51,770710140000062;1
174755;5230414400300591276;5;7;11;0;2023;4;17;6;3;5;3;0;0;1;1;0;0;0;0;466070,350899999961257;5761318,296199999749660;8,505745066000031;52,001481338000076;1
174758;5230414310130186923;5;9;54;20;2023;4;16;6;3;0;1;0;0;1;0;0;0;0;0;392364,927199999801815;5696540,167300000786781;7,452356628000075;51,409853923000071;1
174762;5230414301205084916;5;9;13;0;2023;4;16;6;3;5;2;0;0;1;1;0;0;0;0;390252,096699999645352;5715361,824699999764562;7,416135917000076;51,578623838000055;1
174763;5230414300600885354;5;9;16;0;2023;4;20;6;3;0;1;0;0;1;0;0;0;0;0;374396,334599999710917;5710527,916899999603629;7,189149952000037;51,531870704000028;1
174769;5230413601200465970;5;3;15;0;2023;4;17;5;3;0;1;0;0;1;0;0;0;0;0;353990,254800000227988;5644771,771299999207258;6,921948954000072;50,936068450000050;1
174771;5230413601200381776;5;3;15;0;2023;4;15;5;3;5;3;0;0;1;1;0;0;0;0;353115,518199999816716;5644276,424399999901652;6,909707934000039;50,931394829000055;1
174772;5230413601200190340;5;3;15;0;2023;4;9;5;3;5;2;0;0;1;1;0;0;0;0;353472,971400000154972;5642707,586899999529123;6,915421611000056;50,917387141000063;1
174774;5230413600140275603;5;3;14;0;2023;4;13;5;3;1;5;0;0;1;1;0;0;0;0;369204,317499999888241;5621294,735200000926852;7,146728663000033;50,728707769000039;1
174779;5230413514114082308;5;1;66;24;2023;4;19;5;3;5;3;0;0;1;1;0;0;0;0;309519,361999999731779;5677195,574999999254942;6,272619885000040;51,214337397000065;1
174780;5230413513210775935;5;1;62;24;2023;4;15;5;2;0;1;0;0;1;0;0;0;0;0;336409,768000000156462;5670700,665200000628829;6,660233178000055;51,164319958000078;1