OID_;UIDENTSTLAE;ULAND;UREGBEZ;UKREIS;UGEMEINDE;UJAHR;UMONAT;USTUNDE;UWOCHENTAG;UKATEGORIE;UART;UTYP1;ULICHTVERH;IstStrassenzustand;IstRad;IstPKW;IstFuss;IstKrad;IstGkfz;IstSonstige;LINREFX;LINREFY;XGCSWGS84;YGCSWGS84;PLST
174790;5230413400100133605;5;7;11;0;2023;4;16;5;3;0;2;0;0;1;1;0;0;0;0;467015,472000000067055;5763640,967000000178814;8,519288436000068;52,022420556000043;1
174796;5230412711100993886;5;5;70;32;2023;4;10;4;2;5;3;0;1;1;1;0;0;0;0;420434,876000000163913;5766001,110999999567866;7,839987267000026;52,038911199000040;1
174798;5230412709500476680;5;5;66;76;2023;4;18;4;3;0;1;0;1;1;0;0;0;0;0;393687,951899999752641;5793209,583699999377131;7,441649701000074;52,278961730000049;1
174799;5230412709110593617;5;5;66;8;2023;4;16;4;3;0;7;1;1;1;0;0;0;0;0;399158,464200000278652;5781342,933900000527501;7,525346513000045;52,173339538000050;1
174800;5230412705000095150;5;5;54;12;2023;4;16;4;2;3;5;0;1;1;1;0;0;0;0;353652,840800000354648;5746723,347400000318885;6,875110211000049;51,852101954000034;1
174801;5230412702100972434;5;5;15;0;2023;4;9;4;3;5;3;0;1;1;1;0;0;0;0;403798,431699999608099;5761685,856599999591708;7,598722057000032;51,997487754000076;1
174802;5230412702100776698;5;5;15;0;2023;4;9;4;3;5;3;0;1;1;1;0;0;0;0;407052,480999999679625;5756792,752000000327826;7,647431462000043;51,954060403000028;1
174803;5230412702100372453;5;5;15;0;2023;4;11;4;3;5;7;0;1;1;1;0;0;0;0;403766,609000000171363;5758732,734999999403954;7,599087184000041;51,970938723000074;1
174804;5230412702100072350;5;5;15;0;2023;4;13;4;3;3;3;0;1;1;1;0;0;0;0;404694,189799999818206;5757394,224899999797344;7,612957586000050;51,959067527000059;1
174807;5230412701610695208;5;5;62;12;2023;4;9;4;3;1;5;0;1;1;1;0;0;0;0;361792,711500000208616;5726260,008400000631809;7,001355568000065;51,670296731000064;1
174808;5230412701610551228;5;5;62;12;2023;4;19;4;3;5;3;0;1;1;1;0;0;0;0;358717,691200000233948;5727676,888800000771880;6,956343990000050;51,682263604000070;1
174809;5230412608100694835;5;3;34;2;2023;4;20;4;3;8;2;1;1;1;1;0;0;0;0;294662,490000000223517;5629210,563400000333786;6,087307213000031;50,778247037000028;1
174813;5230412603116380740;5;3;66;16;2023;4;9;4;2;3;6;0;1;1;1;0;0;0;0;343615,946000000461936;5614125,360999999567866;6,787461147000045;50,657958049000058;1
174814;5230412602900086988;5;3;62;40;2023;4;12;4;3;5;3;0;1;1;1;0;0;0;0;356924,575000000186265;5632390,991000000387430;6,968528468000045;50,825537683000050;1
174815;5230412602600989881;5;3;62;20;2023;4;14;4;3;0;3;0;0;1;1;0;0;0;0;343173,022800000384450;5629912,883199999108911;6,774485043000027;50,799708003000035;1
174822;5230412516900171937;5;1;58;26;2023;4;17;4;3;5;3;0;1;1;1;0;0;0;0;352221,154900000430644;5660039,441099999472499;6,890572881000026;51,072819400000071;1
174823;5230412514110391300;5;1;66;32;2023;4;7;4;3;5;3;0;1;1;1;0;0;0;0;318479,364000000059605;5680492,071000000461936;6,399097842000060;51,246867756000029;1
174824;5230412513210695571;5;1;62;24;2023;4;14;4;3;0;1;0;1;1;0;0;0;0;0;340259,808000000193715;5673953,820900000631809;6,713805246000049;51,194637792000037;1
174826;5230412513110990721;5;1;62;16;2023;4;11;4;3;2;3;0;0;1;1;0;0;0;0;332406,903599999845028;5677907,828800000250340;6,599670778000075;51,227912721000052;1
174829;5230412316100581012;5;9;74;52;2023;4;8;4;3;5;2;0;1;1;1;0;0;0;0;423983,884399999864399;5711720,302200000733137;7,903618041000072;51,551445994000062;1
174830;5230412313110013548;5;9;58;4;2023;4;8;4;3;5;3;0;1;1;1;0;0;0;0;434998,926500000059605;5694263,759299999102950;8,065675322000061;51,395878493000055;1
174837;5230411702100696667;5;5;15;0;2023;4;17;3;3;4;3;0;0;1;1;0;0;0;0;406907,938199999742210;5757168,510600000619888;7,645226905000072;51,957413736000035;1
174838;5230411702100599923;5;5;15;0;2023;4;16;3;3;5;3;0;0;1;1;0;0;0;0;408444,505499999970198;5757606,551200000569224;7,667465297000035;51,961606224000036;1
174840;5230411701200575491;5;5;62;20;2023;4;16;3;3;5;2;0;0;1;1;0;0;0;0;367403,793200000189245;5718926,833399999886751;7,085226908000038;51,605749603000049;1
174841;5230413601600286498;5;3;15;0;2023;4;13;5;3;5;3;0;0;1;1;0;0;0;0;364765,536999999545515;5639747,938999999314547;7,077071886000056;50,893544079000037;1
174843;5230411607500074412;5;3;82;56;2023;4;18;3;2;0;1;0;0;1;0;0;0;0;0;371024,025200000032783;5628246,921199999749660;7,170062143000052;50,791602868000041;1
174844;5230411607400093636;5;3;82;44;2023;4;17;3;2;7;1;0;0;1;0;0;0;0;0;361378,517400000244379;5631068,750000000000000;7,032227454000065;50,814737666000042;1
174845;5230411602700582484;5;3;62;28;2023;4;10;3;3;3;2;0;0;1;1;0;0;0;0;350523,896300000138581;5638340,531300000846386;6,875284300000033;50,877386421000040;1
174848;5230411601200693562;5;3;15;0;2023;4;13;3;3;0;7;0;0;1;0;0;0;0;0;356509,034900000318885;5641727,498299999162555;6,958970235000038;50,909342078000066;1
174849;5230411600310093368;5;3;14;0;2023;4;0;3;2;0;7;2;1;1;0;0;0;0;0;362491,692200000397861;5620031,107300000265241;7,052144363000025;50,715800552000076;1
174851;5230413500200087043;5;1;11;0;2023;4;7;5;3;1;5;0;1;1;1;0;0;0;0;345338,479799999855459;5678447,512000000104308;6,784493849000057;51,236412736000034;1
174855;5230411515000790183;5;1;54;36;2023;4;7;3;3;5;2;0;0;1;1;0;0;0;0;303348,885599999688566;5738992,459000000730157;6,149958969000068;51,767228181000064;1
174857;5230411513120590232;5;1;62;20;2023;4;16;3;2;7;1;0;0;1;0;0;0;0;0;325628,125099999830127;5673782,974300000816584;6,504684169000029;51,188826001000052;1
174858;5230411508000296056;5;1;19;0;2023;4;15;3;3;0;3;0;0;1;1;0;0;0;0;352230,814799999818206;5703049,331000000238419;6,872936652000021;51,459306118000029;1
174865;5230411404302076065;5;7;66;8;2023;4;15;3;3;1;1;0;0;1;1;0;0;0;0;483013,462799999862909;5770239,666300000622869;8,752109182000027;52,082468669000036;1
174866;5230411400300587038;5;7;11;0;2023;4;9;3;3;5;3;0;1;1;1;0;0;0;0;467128,359000000171363;5762016,770999999716878;8,521089512000060;52,007824727000070;1
174868;5230411317120994321;5;9;78;16;2023;4;5;3;3;0;7;2;1;1;1;0;0;0;0;405237,366399999707937;5707456,716800000518560;7,634458489000053;51,510282846000052;1
174874;5230411300800877903;5;9;54;36;2023;4;19;3;3;5;3;0;0;1;1;0;0;0;0;387870,996000000275671;5701532,709000000730157;7,386186453000050;51,453857384000059;1
174875;5230410709000990725;5;5;66;96;2023;4;19;2;3;5;3;0;0;1;1;0;0;0;0;386396,713999999687076;5786718,246999999508262;7,337003367000023;52,219167087000073;1
174876;5230410705000996552;5;5;54;12;2023;4;19;2;3;0;2;0;1;1;1;0;0;0;0;352564,018099999986589;5746207,258400000631809;6,859532977000072;51,847178422000070;1
174877;5230410608200089776;5;3;34;2;2023;4;17;2;3;6;6;0;0;1;0;1;0;0;0;298550,467899999581277;5626466,033500000834465;6,143886376000069;50,754959974000030;1
174878;5230410605144876834;5;3;74;44;2023;4;12;2;3;0;1;0;0;1;0;0;0;0;0;405519,559000000357628;5638557,265000000596046;7,656663173000027;50,890945887000044;1
174887;5230410505100976202;5;1;14;0;2023;4;17;2;3;1;5;0;0;1;1;0;0;0;0;330682,437400000169873;5688515,141200000420213;6,569971027000065;51,322699855000053;1
174888;5230410505100096076;5;1;14;0;2023;4;17;2;3;1;5;0;0;1;1;0;0;0;0;330702,932300000451505;5689181,699500000104308;6,569948239000041;51,328694250000069;1
174890;5230412601200586508;5;3;15;0;2023;4;17;4;3;6;7;0;1;1;0;1;0;0;0;354880,664200000464916;5642925,596400000154972;6,935347563000050;50,919702059000031;1
174891;5230410503100077802;5;1;24;0;2023;4;16;2;3;5;3;0;0;1;1;0;0;0;0;369982,396999999880791;5680170,445000000298023;7,136669780000034;51,258045798000069;1
174893;5230410500300186800;5;1;11;0;2023;4;21;2;3;4;2;2;1;1;1;0;0;0;0;344719,879099999554455;5675502,596400000154972;6,776915267000049;51,209783552000033;1
174896;5230410400100438705;5;7;11;0;2023;4;20;2;3;5;3;0;0;1;1;0;0;0;0;468411,974299999885261;5767189,007099999114871;8,539312330000030;52,054400875000056;1
174897;5230410317210089210;5;9;78;20;2023;4;22;2;3;0;1;2;1;1;0;0;0;0;0;407717,833599999547005;5716701,446599999442697;7,667766153000059;51,593796332000068;1
174899;5230410310210793800;5;9;54;24;2023;4;12;2;3;0;1;0;0;1;0;0;0;0;0;381306,663999999873340;5684515,120999999344349;7,297438242000055;51,299566344000027;1
174904;5230409705000096573;5;5;54;4;2023;4;15;1;3;0;1;0;0;1;0;0;0;0;0;365059,338999999687076;5770975,110500000417233;7,031089322000071;52,072895764000066;1
174908;5230409601400481663;5;3;15;0;2023;4;13;1;3;2;6;0;0;1;1;0;0;0;0;357778,346900000236928;5647636,975500000640750;6,974706524000055;50,962764576000041;1
174909;5230409601100782123;5;3;15;0;2023;4;12;1;3;6;7;0;0;1;0;1;0;0;0;357237,872100000269711;5642938,083200000226498;6,968856603000063;50,920402292000063;1
174910;5230409600140469577;5;3;14;0;2023;4;20;1;3;5;3;0;0;1;1;0;0;0;0;368347,823099999688566;5621378,277699999511242;7,134569825000028;50,729265191000081;1
174913;5230409513210472150;5;1;62;24;2023;4;17;1;3;5;3;0;0;1;1;0;0;0;0;343060,694199999794364;5667857,484500000253320;6,756518635000020;51,140636276000066;1
174914;5230409508000077677;5;1;19;0;2023;4;13;1;3;5;3;0;0;1;1;0;0;0;0;349435,328599999658763;5706638,881799999624491;6,831198039000071;51,490822777000062;1
174915;5230409506100595942;5;1;16;0;2023;4;19;1;3;0;1;1;0;1;0;0;0;0;0;321792,075500000268221;5677215,644600000232458;6,448142350000069;51,218479511000055;1
174916;5230409506100289801;5;1;16;0;2023;4;14;1;3;1;5;0;0;1;1;0;0;0;0;315003,547799999825656;5675098,916400000452995;6,352134302000024;51,197306914000080;1
174919;5230409503200881202;5;1;24;0;2023;4;22;1;2;1;5;2;0;1;1;0;0;0;0;374261,017199999652803;5681760,102399999275804;7,197396164000054;51,273292767000044;1
174922;5230409407220580593;5;7;62;32;2023;4;16;1;3;0;3;0;0;1;1;0;0;0;0;506767,996100000105798;5746411,964800000190735;9,098298342000021;51,868453475000081;1
174924;5230409316100994273;5;9;74;24;2023;4;13;1;2;4;6;0;0;1;1;0;0;0;0;434838,758000000379980;5725496,585000000894070;8,057591853000076;51,676657648000059;1
174925;5230409310130990527;5;9;54;20;2023;4;13;1;2;0;1;0;0;1;0;0;0;0;0;392351,910799999721348;5696521,968800000846386;7,452175068000031;51,409687873000053;1
174926;5230417601500590325;5;3;15;0;2023;4;17;2;3;0;5;0;0;1;1;0;0;0;0;361973,255199999548495;5649723,288100000470877;7,033613597000056;50,982535037000048;1
174928;5230409301202989640;5;9;13;0;2023;4;12;1;3;0;5;0;0;1;0;0;0;0;0;392702,417999999597669;5708718,725999999791384;7,453510766000022;51,519385003000082;1
174931;5230408702100805104;5;5;15;0;2023;4;13;7;3;0;2;0;0;1;1;0;0;0;0;407277,891999999992549;5756687,037000000476837;7,650739176000059;51,953147808000040;1
174934;5230408701500576702;5;5;62;24;2023;4;17;7;3;5;3;0;0;1;1;0;0;0;0;367827,877999999560416;5725443,702999999746680;7,088886654000021;51,664413278000040;1
174936;5230408607200669580;5;3;82;20;2023;4;18;7;3;0;3;0;0;1;1;0;0;0;0;380486,654900000430644;5625419,992699999362230;7,305173683000021;50,768220301000042;1
174940;5230408601400686361;5;3;15;0;2023;4;11;7;3;1;5;0;0;1;1;0;0;0;0;356692,728799999691546;5646427,963999999687076;6,959733374000052;50,951630355000077;1
174942;5230408516500075930;5;1;58;16;2023;4;11;7;3;0;7;0;0;1;0;0;0;0;0;356601,638600000180304;5670077,288000000640750;6,949065835000056;51,164136384000074;1
174944;5230408515111496054;5;1;54;44;2023;4;15;7;3;4;6;0;0;1;1;0;0;0;0;324273,276899999938905;5739580,189699999988079;6,452573802000074;51,779465651000066;1
174945;5230408515111091854;5;1;54;8;2023;4;9;7;3;3;2;0;0;1;1;0;0;0;0;310110,738699999637902;5746204,284199999645352;6,243884083000069;51,834330501000068;1
174946;5230408514118077594;5;1;66;16;2023;4;15;7;3;1;2;0;0;1;1;0;0;0;0;310383,266499999910593;5687433,464600000530481;6,279548156000033;51,306581333000054;1
174957;5230408500300287317;5;1;11;0;2023;4;8;7;3;1;5;0;1;1;1;0;0;0;0;349328,596900000236928;5674265,830700000748038;6,843364876000066;51,199904667000055;1
174958;5230408410120687135;5;7;70;32;2023;4;10;7;2;5;3;0;0;1;1;0;0;0;0;494247,442400000058115;5789117,832200000062585;8,915730397000061;52,252427184000055;1
174962;5230407709500270593;5;5;66;76;2023;4;20;6;3;0;7;0;0;1;0;0;0;0;0;393333,474999999627471;5793061,791999999433756;7,436502532000077;52,277564830000074;1
174963;5230407702100596505;5;5;15;0;2023;4;17;6;3;0;1;0;1;1;0;0;0;0;0;406570,939500000327826;5760105,815300000831485;7,639524612000059;51,983759086000077;1
174969;5230407601300077184;5;3;15;0;2023;4;3;6;3;0;1;2;1;1;0;0;0;0;0;353708,964800000190735;5647516,957499999552965;6,916845535000050;50,960667148000027;1
174973;5230407600110987060;5;3;14;0;2023;4;15;6;3;0;1;0;1;1;0;0;0;0;0;365783,881000000052154;5622394,348099999129772;7,097891541000024;50,737810874000047;1
174974;5230407518120269630;5;1;70;44;2023;4;11;6;3;2;3;0;1;1;1;0;0;0;0;337617,183100000023842;5722066,948000000789762;6,653987030000053;51,626160249000066;1
174975;5230407515110091773;5;1;54;24;2023;4;13;6;2;0;1;0;0;1;0;0;0;0;0;313118,161999999545515;5735445,205000000074506;6,293275478000055;51,738715014000036;1
174982;5230407500200076370;5;1;11;0;2023;4;14;6;3;2;6;0;1;1;1;0;0;0;0;345717,618900000117719;5681386,809599999338388;6,788653656000065;51,262926184000037;1
174985;5230407317120073372;5;9;78;16;2023;4;18;6;2;0;1;1;1;1;0;0;0;0;0;403424,021800000220537;5706005,032800000160933;7,608733679000068;51,496926513000062;1
174990;5230408502102996200;5;1;13;0;2023;4;9;7;3;0;1;0;1;1;0;0;0;0;0;362424,758399999700487;5703006,826400000602007;7,019592169000020;51,461493521000079;1
174992;5230406706000296670;5;5;58;12;2023;4;8;5;3;0;7;0;0;1;0;0;0;0;0;373513,328200000338256;5754831,607100000604987;7,160328322000055;51,929820831000029;1
174993;5230406705000768648;5;5;54;4;2023;4;15;5;3;3;5;0;0;1;1;0;0;0;0;363216,519199999980628;5771318,881899999454618;7,004080591000047;52,075532602000067;1
174994;5230406705000020718;5;5;54;20;2023;4;13;5;3;0;3;0;0;1;1;0;0;0;0;365282,887199999764562;5785687,368400000035763;7,028518864000034;52,205146211000056;1
174995;5230406702100591788;5;5;15;0;2023;4;15;5;3;0;7;0;0;1;1;0;0;0;0;405820,382600000128150;5756324,329199999570847;7,629635894000046;51,949642714000049;1
174997;5230406702100091784;5;5;15;0;2023;4;14;5;2;0;7;0;0;1;0;0;0;0;1;404966,089300000108778;5757218,626399999484420;7,616962032000060;51,957535716000052;1
175000;5230414601600566048;5;3;15;0;2023;4;8;6;3;0;1;0;0;1;0;0;0;0;0;359321,248999999836087;5645769,562000000849366;6,997385330000043;50,946360802000072;1
175001;5230406701400094961;5;5;12;0;2023;4;10;5;2;5;2;0;0;1;0;0;0;1;0;355876,915000000037253;5710393,255000000819564;6,922384074000036;51,526237418000051;1
175006;5230406606100293400;5;3;78;4;2023;4;22;5;3;0;1;2;1;1;0;0;0;0;0;370155,745000000111759;5646856,438999999314547;7,151141340000038;50,958671808000076;1
175007;5230406605152191586;5;3;74;52;2023;4;13;5;3;0;1;0;0;1;0;0;0;0;0;387598,958899999968708;5663946,370100000873208;7,394101424000041;51,115958693000039;1
175008;5230406601600881866;5;3;15;0;2023;4;14;5;3;5;3;0;0;1;1;0;0;0;0;359227,654000000096858;5642677,821000000461936;6,997247988000026;50,918552161000036;1
175009;5230406601400465953;5;3;15;0;2023;4;20;5;3;0;2;1;1;1;1;0;0;0;0;357426,025500000454485;5648603,341199999675155;6,969313922000026;50,971362129000056;1
175010;5230406601400086478;5;3;15;0;2023;4;10;5;3;5;3;0;0;1;1;0;0;0;0;352642,625500000081956;5653829,020800000056624;6,899111757000071;51,017118622000055;1
175015;5230406518320091406;5;1;70;20;2023;4;8;5;3;3;6;0;0;1;0;0;0;0;0;329220,534500000067055;5708520,681500000879169;6,539375937000045;51,501984568000069;1
175017;5230406515111891401;5;1;54;8;2023;4;1;5;3;0;1;2;0;1;0;0;0;0;0;310422,171000000089407;5746943,720899999141693;6,247993560000054;51,841077031000054;1
175020;5230406513310795480;5;1;62;8;2023;4;16;5;3;5;2;0;1;1;1;0;0;0;0;330264,689500000327826;5662531,038200000301003;6,576272181000036;51,089131887000065;1
175023;5230406505100991610;5;1;14;0;2023;4;16;5;3;1;5;0;1;1;1;0;0;0;0;330483,320600000210106;5689147,955299999564886;6,566815085000030;51,328325683000060;1
175024;5230406502339593574;5;1;13;0;2023;4;12;5;3;0;3;0;0;1;1;0;0;0;0;364714,827499999664724;5705925,566600000485778;7,051419629000065;51,488274954000076;1
175025;5230406502111685882;5;1;13;0;2023;4;13;5;3;2;7;0;1;1;1;0;0;0;0;363371,653300000354648;5701247,023299999535084;7,033893855000031;51,445908410000072;1
175026;5230417316300655842;5;9;74;28;2023;4;17;2;3;5;3;0;0;1;1;0;0;0;0;454565,679299999959767;5725087,637900000438094;8,342925198000046;51,674923220000039;1
175032;5230406500200981600;5;1;11;0;2023;4;9;5;2;6;4;0;0;1;0;1;0;0;0;348592,133100000210106;5677181,412399999797344;6,831600832000049;51,225908601000071;1
175033;5230406500200491210;5;1;11;0;2023;4;16;5;3;3;2;0;1;1;1;0;0;0;0;347084,917200000025332;5676608,972999999299645;6,810276139000052;51,220363120000059;1
175035;5230406411132047882;5;7;74;32;2023;4;14;5;2;0;7;0;0;1;0;0;0;0;1;482160,518099999986589;5729823,389699999243021;8,741753989000074;51,719058331000042;1
175036;5230406405108766226;5;7;54;8;2023;4;7;5;3;0;3;1;0;1;0;0;0;0;0;457092,923000000417233;5752030,091600000858307;8,376138176000040;51,917354594000074;1
175042;5230406302100585273;5;9;14;0;2023;4;13;5;3;6;7;0;0;1;0;1;0;0;0;394153,477099999785423;5690931,300400000065565;7,479735447000053;51,359774001000062;1
175045;5230405702100576643;5;5;15;0;2023;4;9;4;3;0;7;0;0;1;0;0;0;0;0;408225,972699999809265;5753104,213199999183416;7,665487239000072;51,921100455000044;1
175046;5230405701610647423;5;5;62;12;2023;4;17;4;3;5;3;0;0;1;0;0;0;0;0;358332,071000000461936;5724276,581199999898672;6,952148442000066;51,651612254000042;1
175049;5230405609204494920;5;3;58;4;2023;4;18;4;2;5;3;0;0;1;1;0;0;0;0;308330,582000000402331;5641398,509999999776483;6,274572413000044;50,892404523000039;1
175054;5230405608100489886;5;3;34;2;2023;4;18;4;3;0;2;0;0;1;1;0;0;0;0;294457,058400000445545;5629264,232200000435114;6,084367214000054;50,778656285000068;1
175055;5230405608100032766;5;3;34;2;2023;4;11;4;3;1;3;0;0;1;1;0;0;0;0;295090,726599999703467;5628430,453700000420213;6,093807944000048;50,771392106000064;1
175058;5230405602300390285;5;3;62;36;2023;4;11;4;3;0;1;0;0;1;0;0;0;0;0;345917,474700000137091;5651850,784800000488758;6,804144227000052;50,997579835000067;1
175060;5230405601400990738;5;3;15;0;2023;4;8;4;3;4;5;0;0;1;1;0;0;0;0;350042,208700000308454;5659568,703299999237061;6,859688409000057;51,068024102000038;1
175063;5230405601200687597;5;3;15;0;2023;4;7;4;3;4;2;0;0;1;1;0;0;0;0;353122,765300000086427;5642967,045299999415874;6,910338440000032;50,919629773000054;1
175064;5230405600140586340;5;3;14;0;2023;4;15;4;3;5;3;0;0;1;1;0;0;0;0;368207,183699999935925;5623329,689899999648333;7,131880306000028;50,746772835000058;1
175066;5230405514215596115;5;1;66;28;2023;4;6;4;3;4;6;1;0;1;1;0;0;0;0;325123,752000000327826;5688586,325999999418855;6,490239258000031;51,321657767000033;1
175067;5230405506100795454;5;1;16;0;2023;4;14;4;3;0;7;0;0;1;0;1;0;0;0;320284,259800000116229;5671716,949799999594688;6,429326167000056;51,168611430000055;1
175069;5230405505200086043;5;1;14;0;2023;4;15;4;3;0;5;0;0;1;0;0;0;0;1;329908,642799999564886;5690552,694000000134110;6,557903600000031;51,340774019000037;1
175070;5230405505100482277;5;1;14;0;2023;4;11;4;3;0;7;0;0;1;0;1;0;0;0;335696,416299999691546;5690320,459499999880791;6,641032093000035;51,340389786000060;1
175072;5230405502101089940;5;1;13;0;2023;4;9;4;3;7;4;0;0;1;0;1;0;0;0;361813,956299999728799;5702071,713999999687076;7,011170671000059;51,452941467000073;1
175077;5230405500300045580;5;1;11;0;2023;4;12;4;3;6;4;0;0;1;0;1;0;0;0;351050,549200000241399;5670372,906300000846386;6,869607488000042;51,165374406000069;1
175082;5230405404302376078;5;7;66;8;2023;4;14;4;3;6;4;0;0;1;0;1;0;0;0;483132,175999999977648;5768878,632200000807643;8,753908885000044;52,070235571000069;1
175083;5230415513210175525;5;1;62;24;2023;4;17;7;3;5;3;0;0;1;0;0;0;0;0;340428,979000000283122;5669694,787000000476837;6,718115037000075;51,156417275000081;1
175085;5230405316100094368;5;9;74;40;2023;4;9;4;2;0;2;0;0;1;0;0;0;0;1;437809,764800000004470;5714366,096400000154972;8,102531561000035;51,576926659000037;1
175087;5230405314310786666;5;9;66;20;2023;4;19;4;2;0;1;0;0;1;0;0;0;0;0;434031,750599999912083;5663722,370799999684095;8,057407970000042;51,121173031000069;1
175089;5230405313121189351;5;9;58;32;2023;4;8;4;3;5;3;0;0;1;1;0;0;0;0;450697,067999999970198;5689960,992900000885129;8,291895910000051;51,358772940000051;1
175090;5230404709500012578;5;5;66;76;2023;4;9;3;3;5;3;0;0;1;1;0;0;0;0;392614,996000000275671;5792597,737999999895692;7,426123264000069;52,273254434000080;1
175093;5230404706000494962;5;5;58;12;2023;4;13;3;3;0;6;0;0;1;0;0;0;0;0;373761,407999999821186;5756288,347999999299645;7,163399882000022;51,942968054000062;1
175095;5230404705000020972;5;5;54;32;2023;4;10;3;3;0;1;0;0;1;0;0;0;0;0;324986,150600000284612;5745835,722999999299645;6,459738396000034;51,835878847000060;1
175098;5230404609108089815;5;3;58;8;2023;4;16;3;3;0;2;0;0;1;1;0;0;0;0;322263,895999999716878;5631407,828600000590086;6,477331197000069;50,807103857000072;1
175101;5230404608100064213;5;3;34;2;2023;4;18;3;2;3;6;0;0;1;1;0;0;0;0;294203,982800000347197;5628580,389399999752641;6,081164919000059;50,772424841000031;1
175102;5230404606100580067;5;3;78;4;2023;4;17;3;3;1;5;0;0;1;1;0;0;0;0;369074,641599999740720;5650933,365900000557303;7,134287880000045;50,995069652000041;1
175105;5230404601400097064;5;3;15;0;2023;4;18;3;3;4;3;0;0;1;1;0;0;0;0;358010,493499999865890;5647250,283500000834465;6,978161073000024;50,959346651000033;1
175106;5230404601300580846;5;3;15;0;2023;4;13;3;3;5;3;0;0;1;1;0;0;0;0;349196,893500000238419;5644346,297700000926852;6,853954916000021;50,931011540000043;1
175107;5230404601200790618;5;3;15;0;2023;4;13;3;3;5;3;0;0;1;0;0;0;0;0;355012,171799999661744;5642816,181299999356270;6,937260753000032;50,918751827000051;1
175108;5230404601200586368;5;3;15;0;2023;4;18;3;3;0;7;0;0;1;0;0;0;0;0;354308,907100000418723;5642683,802899999544024;6,927315273000033;50,917385049000075;1
175110;5230404601100187328;5;3;15;0;2023;4;17;3;3;4;6;0;0;1;1;0;0;0;0;356357,602199999615550;5645148,306700000539422;6,955470129000048;50,940046843000061;1
175112;5230404516600295441;5;1;58;4;2023;4;18;3;3;5;3;0;0;1;0;0;0;0;1;357316,582200000062585;5674084,947499999776483;6,957692748000056;51,200330008000037;1
175114;5230404516500074126;5;1;58;16;2023;4;10;3;3;3;6;0;0;1;0;0;0;0;1;355691,874499999918044;5671092,903300000354648;6,935655505000057;51,173034330000064;1
175115;5230404515211096750;5;1;54;16;2023;4;7;3;3;0;3;0;0;1;1;0;0;0;0;303407,527599999681115;5728629,831199999898672;6,156655385000022;51,674189423000030;1
175116;5230404513130869633;5;1;62;22;2023;4;18;3;2;0;1;0;0;1;0;0;0;0;0;333972,300800000317395;5682344,350500000640750;6,620012461000044;51,268229507000058;1
175118;5230404505200272076;5;1;14;0;2023;4;22;3;2;0;1;2;0;1;0;0;0;0;0;329950,217100000008941;5691183,911800000816584;6,558198424000068;51,346457189000034;1
175120;5230404503400608511;5;1;22;0;2023;4;8;3;3;0;3;0;0;1;1;0;0;0;0;360912,574000000022352;5670959,797000000253320;7,010340544000030;51,173131755000043;1
175125;5230404501113682155;5;1;12;0;2023;4;12;3;2;5;3;0;0;1;1;0;0;0;0;346045,423000000417233;5707685,167999999597669;6,781950775000041;51,499310870000045;1
175126;5230404500300045580;5;1;11;0;2023;4;13;3;3;5;3;0;0;1;1;0;0;0;0;344626,669400000013411;5676138,366699999198318;6,775306502000035;51,215470845000027;1
175129;5230404410110776118;5;7;70;24;2023;4;20;3;3;5;3;2;0;1;1;0;0;0;0;495899,149199999868870;5793233,968200000002980;8,939876299000048;52,289448252000057;1
175130;5230415602900086988;5;3;62;40;2023;4;22;7;3;0;1;2;1;1;0;0;0;0;0;357739,151800000108778;5632083,891000000759959;6,980205756000032;50,822978452000029;1
175135;5230404313211994322;5;9;58;12;2023;4;15;3;3;7;7;0;0;1;0;0;0;0;0;470119,549300000071526;5693379,999700000509620;8,570548959000064;51,390869319000046;1
175136;5230404313211389267;5;9;58;12;2023;4;8;3;3;5;3;0;0;1;1;0;0;0;0;469885,762199999764562;5693486,738199999555945;8,567179946000067;51,391816713000026;1
175137;5230404307000093927;5;9;62;4;2023;4;15;3;3;3;6;0;0;1;1;0;0;0;0;407299,757899999618530;5684269,905200000852346;7,670229365000068;51,302188609000041;1
175138;5230411500200501053;5;1;11;0;2023;4;15;3;3;5;3;0;0;1;1;0;0;0;0;344967,804600000381470;5679876,991100000217557;6,778569332000075;51,249156530000050;1
175140;5230404300800590003;5;9;54;36;2023;4;8;3;3;5;2;0;0;1;1;0;0;0;0;384736,979899999685585;5699592,869200000539422;7,341732040000068;51,435792649000064;1
175145;5230403705000855358;5;5;54;52;2023;4;10;2;3;5;3;0;0;1;1;0;0;0;0;379085,058000000193715;5773278,354000000283122;7,234809896000058;52,096834111000078;1
175146;5230403705000765870;5;5;54;8;2023;4;20;2;3;0;1;1;0;1;0;0;0;0;0;335610,894999999552965;5745853,347999999299645;6,613795266000068;51,839265321000028;1
175148;5230403609108889878;5;3;58;8;2023;4;7;2;2;4;2;0;1;1;1;0;0;0;0;322483,802000000141561;5632869,216499999165535;6,479742269000042;50,820300506000081;1
175150;5230403608404633166;5;3;34;4;2023;4;19;2;2;0;1;0;0;1;0;0;0;0;0;299518,798600000329316;5638510,874500000849366;6,151019104000056;50,863478286000031;1
175151;5230403608200089877;5;3;34;2;2023;4;22;2;3;3;6;2;0;1;1;0;0;0;0;295423,624400000087917;5629076,020600000396371;6,098163867000039;50,777307621000034;1