OID_;UIDENTSTLAE;ULAND;UREGBEZ;UKREIS;UGEMEINDE;UJAHR;UMONAT;USTUNDE;UWOCHENTAG;UKATEGORIE;UART;UTYP1;ULICHTVERH;IstStrassenzustand;IstRad;IstPKW;IstFuss;IstKrad;IstGkfz;IstSonstige;LINREFX;LINREFY;XGCSWGS84;YGCSWGS84;PLST
175153;5230403602700114918;5;3;62;28;2023;4;20;2;3;1;5;2;0;1;0;0;0;0;1;352123,629599999636412;5639542,074899999424815;6,897521012000027;50,888595805000080;1
175154;5230403602700085768;5;3;62;28;2023;4;7;2;3;5;2;0;1;1;1;0;0;0;0;351609,470700000412762;5638893,379399999976158;6,890479481000057;50,882634407000069;1
175155;5230403602600315084;5;3;62;20;2023;4;6;2;3;5;3;1;0;1;1;0;0;0;0;343537,397599999792874;5630134,328299999237061;6,779557347000036;50,801796413000034;1
175158;5230403601500286633;5;3;15;0;2023;4;16;2;2;6;4;0;0;1;0;1;0;0;0;363470,009200000204146;5648541,556900000199676;7,055367581000041;50,972271293000063;1
175160;5230403601400086478;5;3;15;0;2023;4;15;2;3;5;3;0;0;1;1;0;0;0;0;351533,196399999782443;5651808,018899999558926;6,884132812000075;50,998671831000081;1
175161;5230403601200853781;5;3;15;0;2023;4;12;2;3;5;3;0;0;1;1;0;0;0;0;357176,756000000052154;5642105,141000000759959;6,968313765000062;50,912901542000043;1
175162;5230403601200686508;5;3;15;0;2023;4;7;2;3;5;3;0;0;1;1;0;0;0;0;356160,944000000134110;5637117,879000000655651;6,955836957000031;50,867829077000067;1
175164;5230403600110586287;5;3;14;0;2023;4;18;2;3;3;6;0;0;1;0;0;0;0;0;363659,265899999998510;5620502,402100000530481;7,068499242000030;50,720311534000075;1
175165;5230403518100582317;5;1;70;48;2023;4;16;2;3;0;7;0;0;1;1;0;0;0;0;338644,430399999953806;5726357,753100000321865;6,666835914000046;51,665004528000054;1
175168;5230403514213560577;5;1;66;8;2023;4;8;2;3;5;3;0;0;1;1;0;0;0;0;314503,174999999813735;5690754,497999999672174;6,336859490000052;51,337769318000028;1
175172;5230403513110493591;5;1;62;16;2023;4;18;2;3;0;6;0;0;1;1;0;0;0;0;333188,747800000011921;5678598,858300000429153;6,610536467000031;51,234350177000067;1
175173;5230403513110291373;5;1;62;16;2023;4;6;2;2;5;2;1;1;1;1;0;0;0;0;332636,509899999946356;5674963,105799999088049;6,604330320000031;51,201523827000074;1
175180;5230403500200550580;5;1;11;0;2023;4;9;2;3;1;5;0;0;1;1;0;0;0;0;345143,698400000110269;5679210,221300000324845;6,781376076000072;51,243213142000059;1
175181;5230403500100500320;5;1;11;0;2023;4;8;2;3;6;4;0;0;1;0;1;0;0;0;344572,188900000415742;5676819,681900000199676;6,774231732000032;51,221577889000059;1
175183;5230403411132768120;5;7;74;32;2023;4;7;2;3;5;3;0;0;1;1;0;0;0;0;480912,531200000084937;5728317,901900000870228;8,723770702000024;51,705480954000052;1
175184;5230403411132037560;5;7;74;32;2023;4;14;2;3;3;2;0;0;1;1;0;0;0;0;482463,963100000284612;5729364,498500000685453;8,746169741000074;51,714941871000065;1
175186;5230403405116578115;5;7;54;16;2023;4;15;2;3;5;3;0;0;1;1;0;0;0;0;447177,717000000178814;5756666,729000000283122;8,231273281000028;51,958186805000082;1
175199;5230402705000065800;5;5;54;20;2023;4;19;1;3;5;5;0;0;1;1;0;0;0;0;365985,449300000444055;5782893,648800000548363;7,039898552000068;52,180214804000059;1
175200;5230418515110044727;5;1;54;40;2023;4;12;3;2;4;2;0;0;1;0;0;1;0;0;293880,932900000363588;5741768,143300000578165;6,011290094000060;51,788746568000079;1
175203;5230402607200267671;5;3;82;20;2023;4;14;1;3;0;3;0;0;1;1;0;0;0;0;378449,113400000147521;5626248,655200000852346;7,276019170000041;50,775245615000074;1
175210;5230402506100781636;5;1;16;0;2023;4;9;1;3;0;1;0;1;1;0;0;0;0;0;322921,658999999985099;5677654,869200000539422;6,464083513000048;51,222776645000067;1
175213;5230402502325481138;5;1;13;0;2023;4;6;1;3;0;1;2;1;1;0;0;0;0;0;362533,385999999940395;5706626,494999999180436;7,019746273000067;51,494047669000054;1
175214;5230402410230296562;5;7;70;4;2023;4;16;1;3;3;6;0;0;1;0;0;0;0;0;488345,625000000000000;5786031,380999999120831;8,829381028000057;52,224584919000051;1
175217;5230402310130993870;5;9;54;20;2023;4;9;1;3;0;1;0;1;1;0;0;0;0;0;392351,249099999666214;5696521,043700000271201;7,452165838000042;51,409679432000075;1
175219;5230401709700591162;5;5;66;28;2023;4;17;7;3;5;3;0;1;1;1;0;0;0;0;407403,182300000451505;5797051,261800000444055;7,641569209000068;52,315972159000069;1
175222;5230401706000591756;5;5;58;12;2023;4;16;7;3;0;1;0;1;1;0;0;0;0;0;375172,993999999947846;5758238,085999999195337;7,183217158000048;51,960807885000065;1
175226;5230401607400995265;5;3;82;44;2023;4;16;7;3;0;6;0;1;1;1;0;0;0;0;361386,803000000305474;5631209,365800000727177;7,032291874000066;50,816003430000080;1
175229;5230401607100953976;5;3;82;60;2023;4;8;7;2;0;1;0;1;1;0;0;0;0;0;373125,925999999977648;5630094,103000000119209;7,199230293000028;50,808669906000034;1
175231;5230401600110534445;5;3;14;0;2023;4;15;7;3;0;7;0;1;1;0;0;0;0;0;366566,252100000157952;5619541,297800000756979;7,110005097000055;50,712347872000066;1
175232;5230401518100078913;5;1;70;48;2023;4;13;7;2;0;1;0;1;1;0;0;0;0;0;332450,470099999569356;5728401,108799999579787;6,576377289000050;51,681548341000052;1
175236;5230401516500382000;5;1;58;16;2023;4;14;7;3;5;2;0;1;1;1;0;0;0;0;355591,713399999774992;5669966,229499999433756;6,934676138000043;51,162884314000053;1
175237;5230401515111022020;5;1;54;8;2023;4;12;7;3;5;3;0;1;1;1;0;0;0;0;310169,688000000081956;5746071,595000000670552;6,244811403000028;51,833158879000052;1
175249;5230401500100552274;5;1;11;0;2023;4;12;7;3;1;5;0;1;1;1;0;0;0;0;345541,607699999585748;5676856,319700000807643;6,788087157000064;51,222170200000050;1
175254;5230401313110075327;5;9;58;4;2023;4;16;7;3;5;3;0;1;1;1;0;0;0;0;428379,648699999786913;5700114,053300000727177;7,969363217000023;51,447677880000072;1
175265;5230331709300687312;5;5;66;84;2023;3;15;6;3;0;7;0;1;1;1;0;0;0;0;386589,539099999703467;5778740,513599999248981;7,342493184000034;52,147511679000047;1
175266;5230331706100753748;5;5;58;24;2023;3;15;6;3;3;6;0;1;1;1;0;0;0;0;393571,053899999707937;5736772,583900000900030;7,457490477000022;51,771704715000055;1
175268;5230331705000021075;5;5;54;56;2023;3;7;6;3;3;6;1;1;1;1;0;0;0;0;357976,456399999558926;5762585,887099999934435;6,931297935000032;51,995747295000058;1
175269;5230404600360634533;5;3;82;12;2023;4;8;3;3;5;3;0;0;1;1;0;0;0;0;358468,664699999615550;5625277,166400000452995;6,993178630000045;50,761983206000082;1
175274;5230331610211394744;5;3;70;4;2023;3;10;6;3;2;7;0;0;1;1;0;0;0;0;312988,059999999590218;5662559,537000000476837;6,329830213000037;51,084016079000037;1
175282;5230331602100175587;5;3;62;8;2023;3;21;6;3;1;5;2;1;1;1;0;0;0;0;332993,286600000225008;5646624,145300000905991;6,622522864000075;50,947014175000049;1
175288;5230331601100386520;5;3;15;0;2023;3;14;6;3;5;2;0;1;1;1;0;0;0;0;356657,138700000010431;5644488,995999999344349;6,959990049000055;50,934196230000055;1
175290;5230331516500086736;5;1;58;16;2023;3;17;6;3;0;7;0;1;1;0;0;0;0;0;355618,875000000000000;5669727,698000000789762;6,935160070000052;51,160747629000070;1
175294;5230331513310794920;5;1;62;8;2023;3;13;6;3;5;3;0;1;1;1;0;0;0;0;331665,838000000454485;5661247,529999999329448;6,596858790000056;51,078013171000066;1
175295;5230331513210995510;5;1;62;24;2023;3;10;6;3;5;3;0;1;1;1;0;0;0;0;342114,623900000005960;5669856,318700000643730;6,742128922000063;51,158336261000045;1
175296;5230331513210986831;5;1;62;24;2023;3;18;6;3;1;6;0;1;1;1;0;0;0;0;338520,406799999997020;5674432,413200000301003;6,688717351000037;51,198449020000055;1
175297;5230331513210395571;5;1;62;24;2023;3;19;6;3;0;1;0;1;1;0;0;0;0;0;338951,931400000117719;5673277,715299999341369;6,695406333000051;51,188195946000064;1
175298;5230405601300574414;5;3;15;0;2023;4;8;4;3;5;3;0;0;1;0;0;0;0;1;352946,009600000455976;5645840,442600000649691;6,906666158000064;50,945406828000046;1
175299;5230331513120078980;5;1;62;22;2023;3;14;6;3;4;2;0;0;1;1;0;0;0;0;339395,525399999693036;5680246,302699999883771;6,698627244000022;51,250932892000037;1
175301;5230331505100972301;5;1;14;0;2023;3;13;6;3;0;1;0;1;1;0;0;0;0;0;329918,069000000134110;5688618,641000000759959;6,558962163000047;51,323401663000027;1
175302;5230331505100082352;5;1;14;0;2023;3;13;6;3;0;1;0;1;1;0;0;0;0;0;332172,183000000193715;5685941,722999999299645;6,592542238000021;51,300021544000060;1
175305;5230331501313976620;5;1;12;0;2023;3;15;6;3;5;2;0;0;1;1;0;0;0;0;344463,117999999783933;5701357,844000000506639;6,761957558000063;51,442027355000050;1
175318;5230411316300051157;5;9;74;28;2023;4;12;3;3;5;3;0;1;1;1;0;0;0;0;454090,559700000099838;5728959,494999999180436;8,335544932000062;51,709695782000040;1
175324;5230412609108989775;5;3;58;8;2023;4;10;4;3;1;1;0;1;1;1;0;0;0;0;321447,381000000052154;5632864,185000000521541;6,465045631000066;50,819936684000027;1
175325;5230331301101564051;5;9;13;0;2023;3;10;6;3;5;2;0;1;1;1;0;0;0;0;394198,224000000394881;5708068,092000000178814;7,475256996000041;51,513818942000057;1
175326;5230330711100503042;5;5;70;52;2023;3;17;5;3;7;7;0;1;1;0;0;0;0;1;430565,577800000086427;5756262,945900000631809;7,989632921000066;51,952730683000027;1
175327;5230330711100087270;5;5;70;52;2023;3;18;5;3;6;4;0;0;1;1;1;0;0;0;430564,390499999746680;5756263,706299999728799;7,989615493000031;51,952737371000069;1
175328;5230330709700542797;5;5;66;28;2023;3;16;5;3;5;2;0;1;1;1;0;0;0;0;410973,701000000350177;5792604,227099999785423;7,695110467000063;52,276592116000074;1
175330;5230330702100972392;5;5;15;0;2023;3;9;5;3;5;2;0;1;1;0;0;1;0;0;409137,135999999940395;5755471,446000000461936;7,678107732000058;51,942528169000070;1
175334;5230330701400065455;5;5;12;0;2023;3;16;5;3;5;3;0;1;1;0;0;0;0;1;359344,201000000350177;5711934,069000000134110;6,971717369000032;51,540957477000063;1
175339;5230330609108985812;5;3;58;8;2023;3;16;5;3;0;7;0;0;1;0;1;0;0;0;321620,350499999709427;5630008,029799999669194;6,468886539000039;50,794330257000070;1
175343;5230330601700069796;5;3;16;0;2023;3;13;5;3;5;3;0;0;1;1;0;0;0;0;354809,094999999739230;5658284,263000000268221;6,928192113000023;51,057707026000060;1
175347;5230330601300093557;5;3;15;0;2023;3;23;5;3;0;1;2;0;1;0;0;0;0;0;353024,908900000154972;5645826,150599999353290;6,907794267000043;50,945298512000079;1
175349;5230330601200790340;5;3;15;0;2023;3;18;5;2;3;2;0;0;1;0;0;0;0;0;353340,951999999582767;5643121,929999999701977;6,913378158000057;50,921077163000064;1
175350;5230330601200686416;5;3;15;0;2023;3;12;5;2;5;3;0;1;1;1;0;0;0;0;352897,109000000171363;5642631,055999999865890;6,907265749000032;50,916552881000030;1
175351;5230331706000776774;5;5;58;16;2023;3;18;6;2;5;3;0;1;1;1;0;0;0;0;381399,866999999620020;5743896,445000000298023;7,278733693000049;51,833282048000058;1
175353;5230330600380081268;5;3;14;0;2023;3;10;5;3;5;2;0;0;1;1;0;0;0;0;369098,058299999684095;5618007,773800000548363;7,146389853000073;50,699139871000057;1
175355;5230330518400382196;5;1;70;8;2023;3;7;5;3;0;3;1;1;1;1;0;0;0;0;344138,358900000341237;5716505,985999999567866;6,750592517000030;51,578041075000044;1
175356;5230330516300378697;5;1;58;28;2023;3;13;5;3;5;3;0;0;1;1;0;0;0;0;349689,785799999721348;5684767,975899999961257;6,844121075000032;51,294369559000074;1
175358;5230330514110096067;5;1;66;32;2023;3;14;5;3;5;3;0;1;1;1;0;0;0;0;318204,952999999746680;5681736,324999999254942;6,394538302000058;51,257957261000058;1
175361;5230330513000376337;5;1;62;24;2023;3;22;5;3;0;1;2;1;1;0;0;0;0;0;338634,597699999809265;5672522,857599999755621;6,691208290000077;51,181324121000046;1
175363;5230330506100389783;5;1;16;0;2023;3;18;5;3;5;3;1;1;1;1;0;0;0;0;315412,777200000360608;5669809,619599999859929;6,360700614000052;51,149927227000035;1
175367;5230330502350196060;5;1;13;0;2023;3;13;5;3;3;7;0;0;1;0;0;0;1;0;359790,381000000052154;5706123,900000000372529;6,980458132000024;51,488857685000028;1
175368;5230330502103080548;5;1;13;0;2023;3;21;5;3;2;6;2;1;1;1;0;0;0;0;362051,867399999871850;5703987,900900000706315;7,013844973000062;51,470219068000063;1
175369;5230330501325791192;5;1;12;0;2023;3;11;5;3;2;2;0;0;1;1;0;0;0;0;345547,814500000327826;5692477,736899999901652;6,781418471000052;51,362535336000064;1
175370;5230330500300802205;5;1;11;0;2023;3;16;5;3;0;1;0;1;1;0;0;0;0;0;350593,353000000119209;5678369,135999999940395;6,859744595000052;51,237108652000074;1
175372;5230330500300082080;5;1;11;0;2023;3;12;5;3;5;3;0;0;1;1;0;0;0;0;344760,231599999591708;5674183,516200000420213;6,778063120000070;51,197942038000065;1
175374;5230330500200070605;5;1;11;0;2023;3;9;5;3;0;7;0;1;1;0;0;0;0;0;346440,112200000323355;5676963,735400000587106;6,800897934000034;51,223377780000078;1
175379;5230330405228087020;5;7;54;28;2023;3;13;5;3;5;3;0;0;1;1;0;0;0;0;451067,324599999934435;5744144,814500000327826;8,289652057000069;51,845965510000042;1
175381;5230412505200085954;5;1;14;0;2023;4;19;4;3;0;1;0;0;1;1;0;0;0;0;336189,067200000397861;5691914,523000000044703;6,647365208000053;51,354853623000054;1
175387;5230330301101580630;5;9;13;0;2023;3;16;5;3;5;3;0;1;1;1;0;0;0;0;393449,367800000123680;5707608,702999999746680;7,464607991000037;51,509548992000077;1
175388;5230329705000990818;5;5;54;8;2023;3;7;4;3;5;2;0;0;1;0;0;0;0;0;335240,716599999926984;5745574,011800000444055;6,608559973000069;51,836646858000051;1
175389;5230329705000396652;5;5;54;8;2023;3;7;4;3;5;3;0;0;1;0;0;0;0;0;334705,644999999552965;5745714,425000000745058;6,600733801000047;51,837750144000040;1
175390;5230329705000020897;5;5;54;20;2023;3;14;4;3;9;5;0;0;1;0;0;0;0;1;364399,269399999640882;5786571,144500000402331;7,015242217000036;52,212870480000049;1
175391;5230329702100776723;5;5;15;0;2023;3;19;4;3;0;5;1;0;1;1;0;0;0;0;406856,514499999582767;5758125,979699999094009;7,644219103000069;51,966011334000029;1
175394;5230329700000567105;5;5;13;0;2023;3;18;4;2;1;7;0;0;1;1;0;0;0;0;366736,659599999897182;5709246,390399999916553;7,079268716000058;51,518598185000030;1
175399;5230329606100178455;5;3;78;4;2023;3;14;4;3;0;1;0;0;1;0;0;0;0;0;370494,745000000111759;5647798,114000000059605;7,155630509000048;50,967211775000067;1
175400;5230329602600581827;5;3;62;20;2023;3;14;4;3;0;6;0;0;1;1;0;0;0;0;342853,031299999915063;5629962,886299999430776;6,769926350000048;50,800070646000052;1
175402;5230329602600269701;5;3;62;20;2023;3;8;4;3;5;3;0;1;1;1;0;0;0;0;343150,011099999770522;5629910,605599999427795;6,774159722000036;50,799681309000050;1
175404;5230329602100099667;5;3;62;8;2023;3;15;4;3;3;6;0;0;1;1;0;0;0;0;337281,998999999836087;5645311,441999999806285;6,684108488000049;50,936445699000046;1
175405;5230329601600978564;5;3;15;0;2023;3;8;4;3;2;6;0;0;1;0;0;0;0;0;359026,565700000151992;5644980,685499999672174;6,993498460000069;50,939199128000041;1
175406;5230329601400687497;5;3;15;0;2023;3;21;4;3;0;1;1;0;1;0;0;0;0;0;355036,925200000405312;5650844,721999999135733;6,934415386000069;50,990908372000035;1
175407;5230329601400295816;5;3;15;0;2023;3;15;4;3;8;3;0;0;1;0;0;0;0;1;349984,350999999791384;5659220,116000000387430;6,859007815000041;51,064876539000068;1
175409;5230329601200578241;5;3;15;0;2023;3;8;4;3;0;5;0;1;1;1;0;0;0;0;352674,633000000379980;5642947,607000000774860;6,903975147000040;50,919340848000047;1
175410;5230329601100090878;5;3;15;0;2023;3;0;4;3;0;1;2;1;1;0;0;0;0;0;355140,319099999964237;5644422,311100000515580;6,938444523000044;50,933217962000072;1
175411;5230329600360696857;5;3;82;12;2023;3;16;4;3;5;2;0;0;1;1;0;0;0;0;357895,339800000190735;5625479,008700000122190;6,984976674000052;50,763657100000046;1
175413;5230329600110393630;5;3;14;0;2023;3;11;4;3;3;6;0;0;1;1;0;0;0;0;366185,400799999944866;5620589,672399999573827;7,104233531000034;50,721683124000037;1
175414;5230329518400989601;5;1;70;8;2023;3;10;4;3;0;6;0;0;1;1;0;0;0;0;342999,396499999798834;5714796,778899999335408;6,734932380000032;51,562368494000054;1
175416;5230329516600186914;5;1;58;8;2023;3;13;4;3;1;5;0;0;1;1;0;0;0;0;358971,047799999825656;5672521,835899999365211;6,981972123000048;51,186693730000059;1
175418;5230329515211000575;5;1;54;16;2023;3;17;4;3;0;3;0;0;1;1;0;0;0;0;302855,318300000391901;5729672,512199999764562;6,148090741000033;51,683359527000050;1
175420;5230329514111089770;5;1;66;32;2023;3;18;4;2;5;3;0;0;1;0;0;0;0;1;314764,151200000196695;5682061,515000000596046;6,345113098000070;51,259770892000063;1
175421;5230329513210157400;5;1;62;24;2023;3;6;4;3;3;2;1;1;1;1;0;0;0;0;337959,012600000016391;5672632,851099999621511;6,681500984000024;51,182121319000032;1
175422;5230329513130491465;5;1;62;22;2023;3;9;4;2;0;7;0;1;1;0;0;0;0;0;337651,784699999727309;5681784,524399999529123;6,672964386000046;51,264259612000046;1
175425;5230405706000920578;5;5;58;12;2023;4;16;4;3;6;5;0;0;1;0;1;0;0;0;374173,223600000143051;5756527,000900000333786;7,169300594000049;51,945205983000051;1
175426;5230329503400590755;5;1;22;0;2023;3;13;4;3;0;5;0;0;1;1;0;0;0;0;366395,685399999842048;5670191,990700000897050;7,089014585000029;51,167538656000033;1
175429;5230329500200095908;5;1;11;0;2023;3;17;4;3;5;2;0;0;1;1;0;0;0;0;347500,906600000336766;5677615,844599999487400;6,815800021000030;51,229521747000035;1
175432;5230329410210690762;5;7;70;20;2023;3;18;4;3;0;1;0;0;1;0;0;0;0;0;472516,330299999564886;5795459,457200000062585;8,596878016000062;52,308783961000074;1
175433;5230329410110087385;5;7;70;24;2023;3;10;4;3;5;2;0;0;1;1;0;0;0;0;494061,442900000140071;5793404,238700000569224;8,912930209000024;52,290962281000077;1
175434;5230329410110086693;5;7;70;24;2023;3;7;4;3;5;2;0;0;1;1;0;0;0;0;491121,589999999850988;5795673,083000000566244;8,869767021000030;52,311320624000075;1
175435;5230329405228796871;5;7;54;28;2023;3;10;4;3;5;3;0;0;1;1;0;0;0;0;452755,384999999776483;5743249,078999999910593;8,314277801000060;51,838057763000052;1
175436;5230329405116196961;5;7;54;16;2023;3;5;4;3;2;6;2;1;1;1;0;0;0;0;446935,489699999801815;5757203,591800000518560;8,227665530000024;51,962990246000061;1
175437;5230329405108276095;5;7;54;8;2023;3;15;4;3;4;2;0;0;1;1;0;0;0;0;459043,649000000208616;5750141,814999999478459;8,404724210000040;51,900524731000075;1
175438;5230329400100096887;5;7;11;0;2023;3;14;4;3;0;2;0;1;1;1;0;0;0;0;473127,574000000022352;5768327,172000000253320;8,607994357000052;52,064882487000034;1
175440;5230329316300576135;5;9;74;16;2023;3;23;4;3;0;1;2;0;1;0;0;0;0;0;455020,919999999925494;5718833,697000000625849;8,350312700000075;51,618731165000042;1
175442;5230329313212889267;5;9;58;36;2023;3;16;4;3;5;3;0;0;1;1;0;0;0;0;463034,229799999855459;5689540,372800000011921;8,469120261000057;51,355927786000052;1
175444;5230329313130373343;5;9;58;44;2023;3;18;4;3;0;1;0;0;1;0;0;0;0;0;433791,029500000178814;5686584,021500000730157;8,049745525000048;51,326692567000066;1
175448;5230329300400238397;5;9;11;0;2023;3;7;4;3;2;6;0;0;1;1;0;0;0;0;375813,758600000292063;5701250,183499999344349;7,212838530000056;51,448801961000072;1
175449;5230328709110925693;5;5;66;12;2023;3;7;3;3;5;3;0;0;1;1;0;0;0;0;405685,201600000262260;5772271,453099999576807;7,623275222000075;52,092957921000050;1
175450;5230328709110074198;5;5;66;8;2023;3;15;3;3;3;6;0;0;1;1;0;0;0;0;401665,124400000087917;5779529,642000000923872;7,562515285000075;52,157494318000033;1
175451;5230328705000016031;5;5;54;12;2023;3;5;3;3;5;3;2;0;1;1;0;0;0;0;353738,399000000208616;5746761,406999999657273;6,876335449000067;51,852466344000050;1
175452;5230328702100976723;5;5;15;0;2023;3;7;3;3;6;4;0;0;1;0;1;0;0;0;406824,236399999819696;5757607,421900000423193;7,643890104000036;51,961344872000041;1
175454;5230328702100079223;5;5;15;0;2023;3;7;3;3;5;3;0;0;1;0;0;0;0;0;404892,116100000217557;5758412,153799999505281;7,615555310000047;51,968250957000066;1
175459;5230328610211711597;5;3;70;4;2023;3;9;3;3;5;3;0;0;1;1;0;0;0;0;311922,066999999806285;5662652,823999999091029;6,314579187000049;51,084505580000041;1
175461;5230328608436073661;5;3;34;36;2023;3;21;3;3;0;7;2;1;1;0;0;0;0;0;297047,365600000135601;5633487,649299999698997;6,118727485000022;50,817500823000046;1
175463;5230328607400137094;5;3;82;68;2023;3;14;3;3;2;6;0;0;1;1;0;0;0;0;369804,066300000064075;5630426,024900000542402;7,151990041000033;50,810916192000036;1
175464;5230328606100067857;5;3;78;4;2023;3;16;3;3;7;5;0;0;1;1;0;0;0;0;368195,406600000336766;5650143,336500000208616;7,122052455000073;50,987768418000030;1
175466;5230328605132090200;5;3;74;32;2023;3;15;3;3;0;7;0;0;1;0;0;0;0;0;397368,975999999791384;5636652,376000000163913;7,541350418000036;50,872430600000030;1
175467;5230328602700390930;5;3;62;28;2023;3;15;3;3;5;3;0;0;1;1;0;0;0;0;350370,427000000141561;5638482,869000000879169;6,873046176000059;50,878625822000060;1
175471;5230413500300987321;5;1;11;0;2023;4;15;5;3;5;3;0;0;1;1;0;0;0;0;347772,434200000017881;5672768,170499999076128;6,821742810000046;51,186034642000038;1
175475;5230328601200481745;5;3;15;0;2023;3;17;3;2;4;6;0;0;1;0;0;0;0;0;353509,618300000205636;5643309,846599999815226;6,915700712000046;50,922808753000027;1
175477;5230328601100373817;5;3;15;0;2023;3;23;3;3;0;1;2;0;1;0;0;0;0;0;356817,262799999676645;5644645,870500000193715;6,962205705000031;50,935645823000073;1
175481;5230328516300395853;5;1;58;28;2023;3;12;3;3;5;3;0;0;1;1;0;0;0;0;348673,047500000335276;5685005,001700000837445;6,829448854000020;51,296230078000065;1
175482;5230328514213889306;5;1;66;8;2023;3;17;3;3;5;3;0;0;1;1;0;0;0;0;314714,777999999932945;5690796,582000000402331;6,339872020000030;51,338216322000051;1
175485;5230328513310535826;5;1;62;8;2023;3;18;3;3;5;3;0;0;1;1;0;0;0;0;331617,968999999575317;5661622,267000000923872;6,596001480000041;51,081365934000075;1
175486;5230328513210549256;5;1;62;24;2023;3;17;3;3;5;2;0;0;1;1;0;0;0;0;337170,486600000411272;5675953,964600000530481;6,668722399000046;51,211736658000063;1
175493;5230404709500279180;5;5;66;76;2023;4;13;3;3;0;7;0;0;1;0;0;0;1;0;392628,761699999682605;5792809,819199999794364;7,426257419000024;52,275163127000042;1
175501;5230328501115990821;5;1;12;0;2023;3;17;3;3;6;6;0;0;1;0;1;0;0;0;345400,532700000330806;5707066,408500000834465;6,772938348000025;51,493575355000075;1
175506;5230328500100185343;5;1;11;0;2023;3;19;3;2;0;7;1;0;1;0;0;0;0;0;346489,482200000435114;5676875,789599999785423;6,801642056000048;51,222600818000046;1
175507;5230328411132990823;5;7;74;32;2023;3;15;3;3;5;3;0;0;1;1;0;0;0;0;484750,135800000280142;5728997,623299999162555;8,779277359000048;51,711709996000081;1
175508;5230328411132078108;5;7;74;32;2023;3;13;3;3;5;3;0;0;1;1;0;0;0;0;481463,217899999581277;5727490,584100000560284;8,731783999000072;51,698060741000063;1
175511;5230328317230792215;5;9;78;8;2023;3;17;3;3;5;3;0;0;1;1;0;0;0;0;414514,395399999804795;5717228,323200000450015;7,765731012000060;51,599605113000052;1
175517;5230328301101796737;5;9;13;0;2023;3;14;3;3;5;3;0;0;1;1;0;0;0;0;394336,032599999569356;5707936,288000000640750;7,477281753000057;51,512660010000047;1
175519;5230327709700990834;5;5;66;28;2023;3;18;2;3;5;3;0;1;1;1;0;0;0;0;417152,832999999634922;5791173,047000000253320;7,786008793000065;52,264693880000038;1
175521;5230327709300391743;5;5;66;68;2023;3;17;2;3;4;1;0;0;1;1;0;0;0;0;375286,714399999938905;5784851,668199999257922;7,175141202000020;52,199990913000079;1
175524;5230327705000195196;5;5;54;8;2023;3;16;2;3;5;3;0;0;1;0;0;0;0;0;335232,591300000436604;5744403,617300000041723;6,608999300000050;51,826130362000072;1
175525;5230327705000191842;5;5;54;68;2023;3;15;2;3;3;6;0;1;1;1;0;0;0;0;350318,916699999943376;5766577,048299999907613;6,818099744000051;52,029594544000076;1
175530;5230327608200569678;5;3;34;2;2023;3;18;2;3;0;1;0;1;1;0;0;0;0;0;297323,763000000268221;5628867,256999999284744;6,125195255000051;50,776099664000071;1
175536;5230327602300165700;5;3;62;36;2023;3;12;2;3;2;2;0;0;1;1;0;0;0;0;346083,320000000298023;5651818,539000000804663;6,806519530000060;50,997334460000047;1
175538;5230327601500493531;5;3;15;0;2023;3;16;2;3;1;7;0;1;1;0;0;0;0;1;362364,033400000073016;5647787,640300000086427;7,039909994000027;50,965232397000079;1
175539;5230410301306566105;5;9;13;0;2023;4;20;2;3;0;7;0;0;1;1;0;0;0;0;403136,214399999938905;5713519,384600000455976;7,602521913000032;51,564423832000045;1
175544;5230327601300090622;5;3;15;0;2023;3;17;2;3;1;3;0;0;1;1;0;0;0;0;354221,286199999973178;5645626,055500000715256;6,924892916000033;50,943804085000068;1
175545;5230327601100990628;5;3;15;0;2023;3;10;2;3;0;4;0;0;1;0;1;0;0;0;354760,198400000110269;5645191,283600000664592;6,932732133000059;50,940032920000078;1
175548;5230327600140586325;5;3;14;0;2023;3;17;2;3;5;7;0;1;1;0;0;0;0;1;368524,215800000354648;5622263,301200000569224;7,136752130000048;50,737259868000081;1
175549;5230327600140534450;5;3;14;0;2023;3;17;2;3;5;3;0;1;1;1;0;0;0;0;370598,120400000363588;5623681,001000000163913;7,165628907000041;50,750468367000053;1
175551;5230414709300674742;5;5;66;36;2023;4;14;6;3;4;6;0;0;1;0;0;0;0;0;387601,937699999660254;5768523,650699999183416;7,360653665000029;52,055898552000031;1
175552;5230327518400382165;5;1;70;8;2023;3;21;2;3;4;6;2;0;1;0;0;0;0;1;343201,097699999809265;5716738,923100000247359;6,736973217000070;51,579873994000081;1
175553;5230327518100691568;5;1;70;48;2023;3;18;2;3;2;7;0;0;1;1;0;0;0;0;335259,271999999880791;5725802,602800000458956;6,618194062000043;51,659035087000063;1
175555;5230327516800495475;5;1;58;20;2023;3;16;2;3;3;6;0;0;1;0;0;0;0;1;356456,906200000084937;5663947,497099999338388;6,949439715000040;51,109014609000042;1
175558;5230327515210022167;5;1;54;12;2023;3;18;2;2;7;7;0;0;1;0;0;0;0;0;314649,003999999724329;5710908,376000000163913;6,328407204000030;51,518840899000054;1