OID_;UIDENTSTLAE;ULAND;UREGBEZ;UKREIS;UGEMEINDE;UJAHR;UMONAT;USTUNDE;UWOCHENTAG;UKATEGORIE;UART;UTYP1;ULICHTVERH;IstStrassenzustand;IstRad;IstPKW;IstFuss;IstKrad;IstGkfz;IstSonstige;LINREFX;LINREFY;XGCSWGS84;YGCSWGS84;PLST
175568;5230327500300676015;5;1;11;0;2023;3;13;2;3;5;2;0;1;1;1;0;0;0;0;347376,750599999912083;5673297,271600000560284;6,815860469000029;51,190683458000080;1
175570;5230327500200990835;5;1;11;0;2023;3;16;2;3;5;2;0;0;1;1;0;0;0;0;348801,278800000436604;5678146,731399999931455;6,834186503000069;51,234638121000046;1
175572;5230327500200272184;5;1;11;0;2023;3;11;2;3;0;1;0;0;1;0;0;0;0;0;345164,136699999682605;5678899,544900000095367;6,781802994000032;51,240427144000080;1
175573;5230327500100597118;5;1;11;0;2023;3;16;2;3;5;3;0;1;1;1;0;0;0;0;342264,353000000119209;5679232,426000000908971;6,740148060000024;51,242623777000063;1
175577;5230327410110896948;5;7;70;24;2023;3;7;2;3;1;5;0;0;1;0;0;0;0;1;491947,145200000144541;5794624,274700000882149;8,881901742000025;52,301904075000039;1
175578;5230327407140890767;5;7;62;16;2023;3;14;2;2;0;1;0;0;1;0;0;0;0;0;513482,283400000073016;5729654,938500000163913;9,195164736000038;51,717665415000056;1
175579;5230327405228496974;5;7;54;28;2023;3;7;2;3;5;3;0;1;1;1;0;0;0;0;452365,747999999672174;5743760,482999999076128;8,308552506000069;51,842622464000044;1
175584;5230327307000165201;5;9;62;40;2023;3;5;2;3;5;3;2;1;1;1;0;0;0;0;414988,457600000314415;5701538,361199999228120;7,776361452000060;51,458630011000082;1
175595;5230326601200693576;5;3;15;0;2023;3;21;1;2;0;1;0;0;1;0;0;0;0;0;355211,404199999757111;5641247,725800000131130;6,940715608000062;50,904706421000071;1
175598;5230326601100085202;5;3;15;0;2023;3;17;1;2;3;6;0;1;1;1;0;0;0;0;356206,495099999941885;5645105,227600000798702;6,953337820000058;50,939622035000070;1
175599;5230326600140431255;5;3;14;0;2023;3;13;1;3;5;2;0;1;1;1;0;0;0;0;367832,973199999891222;5622421,282800000160933;7,126904894000063;50,738522922000072;1
175600;5230326518200995977;5;1;70;24;2023;3;18;1;3;5;3;0;1;1;1;0;0;0;0;335403,112999999895692;5697241,376000000163913;6,633619953000050;51,402484262000030;1
175602;5230326515111022020;5;1;54;8;2023;3;19;1;2;6;4;0;0;1;0;1;0;0;0;310816,468999999575317;5746541,177400000393391;6,253930392000029;51,837595543000077;1
175603;5230326505100591408;5;1;14;0;2023;3;20;1;3;5;3;2;0;1;1;0;0;0;0;328113,864099999889731;5687669,349300000816584;6,533551275000036;51,314331252000045;1
175604;5230326503400386744;5;1;22;0;2023;3;17;1;3;1;5;0;1;1;1;0;0;0;0;359930,821000000461936;5669721,461899999529123;6,996787980000022;51,161763537000070;1
175605;5230326503100781505;5;1;24;0;2023;3;13;1;3;0;7;0;1;1;1;0;0;0;0;369694,909599999897182;5679380,786199999973178;7,132839611000065;51,250883242000043;1
175609;5230326500200578870;5;1;11;0;2023;3;13;1;3;1;5;0;1;1;1;0;0;0;0;343709,239400000311434;5685239,386099999770522;6,758205642000064;51,296995207000066;1
175613;5230326405228082008;5;7;54;28;2023;3;4;1;2;8;1;2;1;1;0;0;0;0;0;454072,511199999600649;5741701,991200000047684;8,333598865000056;51,824258386000054;1
175615;5230326317250075401;5;9;78;32;2023;3;15;1;2;0;7;0;1;1;0;0;0;0;0;394359,735799999907613;5728111,805299999192357;7,471545351000032;51,694009637000079;1
175618;5230325702100976646;5;5;15;0;2023;3;17;7;3;5;2;0;1;1;1;0;0;0;0;406028,112999999895692;5751494,811000000685453;7,633976333000021;51,906267681000031;1
175622;5230325608200585692;5;3;34;2;2023;3;8;7;3;0;7;0;1;1;0;0;0;0;1;296389,684500000439584;5628944,744699999690056;6,111921104000032;50,776468496000064;1
175623;5230325608100033491;5;3;34;2;2023;3;13;7;3;0;7;0;1;1;1;0;0;0;0;294622,518400000408292;5628701,778500000014901;6,087025103000030;50,773663379000027;1
175627;5230325601600074403;5;3;15;0;2023;3;19;7;3;6;6;2;1;1;0;1;0;0;0;359386,398400000296533;5644857,174599999561906;6,998664349000023;50,938176982000073;1
175632;5230505515211054173;5;1;54;16;2023;5;10;6;2;0;1;0;0;1;0;0;0;0;0;298624,984799999743700;5732042,379000000655651;6,085611165000046;51,703139710000073;1
175633;5230505515110056538;5;1;54;24;2023;5;6;6;3;0;2;0;0;1;0;0;0;0;0;312349,516400000080466;5735921,874700000509620;6,281899134000071;51,742739305000043;1
175634;5230505513210290300;5;1;62;24;2023;5;18;6;3;6;7;0;0;1;0;1;0;0;0;338498,895399999804795;5673413,093800000846386;6,688868175000039;51,189284481000072;1
175637;5230505505200279068;5;1;14;0;2023;5;16;6;3;5;3;0;1;1;1;0;0;0;0;328406,158800000324845;5690429,136299999430776;6,536412459000076;51,339212511000028;1
175639;5230505505100091503;5;1;14;0;2023;5;19;6;3;5;3;0;1;1;1;0;0;0;0;328113,381599999964237;5687669,471799999475479;6,533544299000027;51,314332207000064;1
175647;5230505500300901866;5;1;11;0;2023;5;13;6;3;5;3;0;1;1;0;0;0;0;1;349104,840699999593198;5675927,341700000688434;6,839465812000071;51,214775592000080;1
175649;5230505500300191245;5;1;11;0;2023;5;13;6;3;0;1;0;1;1;0;0;0;0;0;351427,888600000180304;5669866,762599999085069;6,875209569000049;51,160924300000033;1
175655;5230505411132082114;5;7;74;32;2023;5;15;6;3;7;3;0;0;1;1;0;0;0;0;484996,205699999816716;5730487,928099999204278;8,782774689000064;51,725116450000030;1
175656;5230505410120290692;5;7;70;32;2023;5;15;6;3;7;1;0;0;1;1;0;0;0;0;495801,128200000151992;5790534,990000000223517;8,938472798000021;52,265182273000050;1
175660;5230505400100090763;5;7;11;0;2023;5;14;6;3;4;2;0;0;1;1;0;0;0;0;468303,086000000126660;5764820,819000000134110;8,537943945000052;52,033103229000062;1
175662;5230505307000785535;5;9;62;32;2023;5;14;6;3;5;3;0;1;1;1;0;0;0;0;403805,728199999779463;5674928,248999999836087;7,622635712000033;51,217632091000041;1
175665;5230504711200180017;5;5;70;4;2023;5;15;5;3;0;2;0;0;1;1;0;0;0;0;422718,225999999791384;5734818,779999999329448;7,880261178000069;51,758924223000065;1
175667;5230504709110196500;5;5;66;8;2023;5;8;5;3;0;1;0;0;1;0;0;0;0;0;399233,995500000193715;5781141,889799999073148;7,526510359000042;52,171546408000040;1
175668;5230504705000386830;5;5;54;8;2023;5;17;5;3;0;5;0;0;1;1;0;0;0;1;333556,557199999690056;5745008,445800000801682;6,584410157000036;51,831066932000056;1
175672;5230504701110295215;5;5;62;32;2023;5;19;5;3;1;5;0;0;1;1;0;0;0;0;374006,211199999786913;5720303,656999999657273;7,180021932000045;51,619639133000078;1
175674;5230504609132285730;5;3;58;32;2023;5;12;5;3;0;7;0;0;1;0;0;0;0;0;310804,727900000289083;5629041,640499999746680;6,316090648000056;50,782220221000046;1
175675;5230504608436989872;5;3;34;36;2023;5;7;5;3;2;3;0;0;1;1;0;0;0;0;297332,253999999724329;5633424,073699999600649;6,122801647000074;50,817029575000049;1
175681;5230504608100071701;5;3;34;2;2023;5;12;5;2;3;6;0;0;1;0;0;0;0;0;290897,077800000086427;5627397,181600000709295;6,035001411000053;50,760616228000060;1
175683;5230504606700976547;5;3;78;16;2023;5;21;5;3;0;7;1;0;1;0;0;0;0;0;360656,614699999801815;5663101,772900000214577;7,009721126000045;51,102450571000077;1
175685;5230504606400390400;5;3;78;28;2023;5;15;5;3;0;1;0;0;1;0;0;0;0;0;371979,486499999649823;5639262,479199999943376;7,179761844000041;50,890824866000060;1
175687;5230504601600593357;5;3;15;0;2023;5;17;5;2;0;1;0;0;1;0;0;0;0;0;359225,331000000238419;5643827,074999999254942;6,996771289000037;50,928880075000052;1
175689;5230504601200681745;5;3;15;0;2023;5;18;5;3;5;3;0;0;1;0;0;0;0;0;354066,621000000275671;5641090,929999999701977;6,924507754000047;50,903009108000049;1
175690;5230504601100478502;5;3;15;0;2023;5;22;5;3;6;6;2;0;1;0;1;0;0;0;355338,856599999591708;5645906,735899999737740;6,940678612000056;50,946607993000043;1
175691;5230504601100478421;5;3;15;0;2023;5;11;5;3;0;1;0;0;1;1;0;0;0;0;356384,514000000432134;5645427,892999999225140;6,955742694000037;50,942566150000061;1
175699;5230504518200576616;5;1;70;24;2023;5;7;5;3;3;6;0;0;1;0;0;0;0;0;336232,118200000375509;5702322,999399999156594;6,643178929000044;51,448378711000032;1
175701;5230504515210091857;5;1;54;52;2023;5;15;5;2;3;6;0;0;1;1;0;0;0;0;310054,566700000315905;5702998,976999999955297;6,266518091000023;51,446276633000082;1
175704;5230504513210856505;5;1;62;24;2023;5;14;5;2;0;1;0;0;1;0;0;0;0;0;338262,924499999731779;5674892,881100000813603;6,684827707000068;51,202513426000053;1
175705;5230504513130781545;5;1;62;22;2023;5;9;5;3;5;3;0;0;1;1;0;0;0;0;338116,796000000089407;5686096,869000000879169;6,677669631000072;51,303136871000049;1
175709;5230504503200696651;5;1;24;0;2023;5;17;5;3;6;4;0;0;1;0;1;0;0;0;374781,417200000025332;5681270,726399999111891;7,205024150000042;51,269009018000077;1
175710;5230504503100086758;5;1;24;0;2023;5;13;5;2;0;6;0;0;1;0;0;0;0;0;368007,817499999888241;5676888,665400000289083;7,109597582000049;51,228097995000041;1
175711;5230504502249689624;5;1;13;0;2023;5;8;5;3;0;1;0;0;1;0;0;0;0;0;361789,733000000007451;5698925,451999999582767;7,012050495000040;51,424661981000042;1
175712;5230504502241775244;5;1;13;0;2023;5;7;5;3;0;7;0;0;1;0;0;0;0;0;359036,101200000382960;5699167,795499999076128;6,972373568000023;51,426161560000025;1
175713;5230504501134473940;5;1;12;0;2023;5;8;5;3;4;6;0;0;1;1;0;0;0;0;343419,809000000357628;5711436,486800000071526;6,742488045000073;51,532294266000065;1
175716;5230504500300001484;5;1;11;0;2023;5;14;5;3;5;3;0;0;1;1;0;0;0;0;350401,061300000175834;5672559,825200000777841;6,859414776000051;51,184856465000053;1
175717;5230504500200976644;5;1;11;0;2023;5;19;5;3;0;1;0;0;1;0;0;0;0;0;345188,769000000320375;5678932,483999999240041;6,782141357000057;51,240729799000064;1
175719;5230504411232996816;5;7;74;32;2023;5;17;5;2;0;4;0;0;1;0;1;0;0;0;478442,517599999904633;5733363,146500000730157;8,687713368000061;51,750754504000042;1
175723;5230504405108090757;5;7;54;8;2023;5;16;5;2;0;1;0;0;1;0;0;0;0;0;455836,690999999642372;5749708,766499999910593;8,358171541000047;51,896386417000031;1
175724;5230504404302596913;5;7;66;8;2023;5;19;5;3;6;4;0;0;1;0;1;0;0;0;483252,667600000277162;5768935,202500000596046;8,755663989000027;52,070747838000045;1
175726;5230504316300180312;5;9;74;28;2023;5;18;5;3;0;7;0;0;1;1;0;0;0;0;454997,326200000010431;5723211,727499999105930;8,349408911000069;51,658091866000063;1
175731;5230504307000580374;5;9;62;56;2023;5;11;5;3;0;1;0;0;1;0;0;0;0;0;399993,032100000418723;5679481,385099999606609;7,566789871000026;51,257906552000065;1
175732;5230504301304166985;5;9;13;0;2023;5;12;5;3;4;6;0;0;1;0;0;0;0;0;399898,701999999582767;5708496,724999999627471;7,557257839000044;51,518710712000029;1
175733;5230504301304077898;5;9;13;0;2023;5;19;5;3;1;7;0;0;1;1;0;0;0;0;399394,462399999611080;5708717,439500000327826;7,549929805000033;51,520605086000046;1
175734;5230504301302454085;5;9;13;0;2023;5;18;5;3;6;7;0;0;1;0;1;0;0;0;396840,752999999560416;5708490,296800000593066;7,513201775000027;51,518102722000037;1
175735;5230504301103085080;5;9;13;0;2023;5;16;5;2;0;5;0;0;1;1;0;0;0;0;391828,264000000432134;5703885,007999999448657;7,442398461000039;51,475770864000026;1
175736;5230504301101585008;5;9;13;0;2023;5;17;5;3;5;3;0;0;1;1;0;0;0;0;392722,428100000135601;5706756,327199999243021;7,454396183000028;51,501749908000079;1
175739;5230503711200179616;5;5;70;4;2023;5;13;4;2;0;4;0;0;1;0;1;0;0;0;423148,196399999782443;5736511,469000000506639;7,886115270000062;51,774200021000070;1
175741;5230503709110576751;5;5;66;8;2023;5;11;4;2;0;1;0;0;1;0;0;0;0;0;401491,308600000105798;5780340,651100000366569;7,559739945000047;52,164752575000080;1
175743;5230503705000095046;5;5;54;12;2023;5;10;4;3;0;3;0;0;1;1;0;0;0;0;351759,199000000022352;5745594,628000000491738;6,848120124000047;51,841460918000053;1
175747;5230503607100393620;5;3;82;40;2023;5;10;4;3;0;1;0;0;1;0;0;0;0;0;383327,809000000357628;5634936,377000000327826;7,342420553000068;50,854341770000076;1
175752;5230503601700786548;5;3;16;0;2023;5;8;4;3;4;6;0;0;1;0;0;0;0;0;360813,225300000049174;5654384,220799999311566;7,015310711000041;51,024144035000063;1
175755;5230503601400493386;5;3;15;0;2023;5;19;4;3;4;2;0;0;1;1;0;0;0;0;354725,117100000381470;5651159,958200000226498;6,929849440000055;50,993662670000049;1
175759;5230503601200376827;5;3;15;0;2023;5;22;4;3;0;1;2;0;1;0;0;0;0;0;353713,698099999688566;5642121,035399999469519;6,919079093000050;50,912177054000040;1
175760;5230503601100386351;5;3;15;0;2023;5;16;4;3;0;5;0;0;1;1;0;0;0;1;355783,262000000104308;5644136,479000000283122;6,947701304000020;50,930810363000035;1
175761;5230503601100372577;5;3;15;0;2023;5;15;4;3;5;2;0;0;1;0;0;0;0;0;355132,954199999570847;5643927,718599999323487;6,938536351000039;50,928771318000031;1
175763;5230505508000095002;5;1;19;0;2023;5;15;6;3;3;7;0;0;1;0;0;0;1;0;352157,137699999846518;5703970,946100000292063;6,871491504000062;51,467568123000035;1
175768;5230503600110094842;5;3;14;0;2023;5;16;4;3;0;1;0;0;1;0;0;0;0;0;365649,542600000277162;5621838,557900000363588;7,096191410000074;50,732784403000039;1
175769;5230503600110081294;5;3;14;0;2023;5;11;4;3;1;5;0;0;1;1;0;0;0;1;365617,147400000132620;5622352,988900000229478;7,095545068000035;50,737400583000067;1
175770;5230503518410469377;5;1;70;16;2023;5;16;4;2;5;3;0;0;1;0;0;0;0;0;345932,578499999828637;5723442,096899999305606;6,773417577000032;51,640853696000079;1
175771;5230503518100685933;5;1;70;48;2023;5;12;4;3;5;3;0;0;1;1;0;0;0;0;336124,543999999761581;5726551,932000000029802;6,630341201000022;51,666019829000049;1
175773;5230503516900591732;5;1;58;26;2023;5;17;4;3;0;2;0;0;1;1;0;0;0;0;352973,497700000181794;5665082,776599999517202;6,899250750000022;51,118333599000039;1
175775;5230503515211285994;5;1;54;16;2023;5;7;4;3;5;3;0;0;1;1;0;0;0;0;302663,516999999992549;5730314,724999999627471;6,144956792000073;51,689059417000067;1
175779;5230503514118096067;5;1;66;16;2023;5;17;4;3;0;7;0;0;1;0;0;0;0;0;309979,770800000056624;5687444,111800000071526;6,273760516000038;51,306542413000045;1
175780;5230503513210790300;5;1;62;24;2023;5;15;4;3;5;3;0;0;1;0;0;0;0;0;339174,667600000277162;5669262,869500000029802;6,700386664000064;51,152185343000042;1
175781;5230503513130082238;5;1;62;22;2023;5;13;4;3;2;6;0;0;1;1;0;0;0;0;334070,260300000198185;5682628,598099999129772;6,621283481000034;51,270811807000030;1
175782;5230503508000476902;5;1;19;0;2023;5;11;4;3;6;7;0;0;1;0;1;0;0;0;350932,348699999973178;5704214,158800000324845;6,853768764000051;51,469432209000047;1
175783;5230503506100573744;5;1;16;0;2023;5;9;4;3;1;5;0;0;1;1;0;0;0;0;323160,228000000119209;5677913,395999999716878;6,467368914000076;51,225173031000054;1
175785;5230503505100078948;5;1;14;0;2023;5;11;4;3;5;3;0;0;1;1;0;0;0;0;329926,022900000214577;5688874,317999999970198;6,558954200000073;51,325701000000038;1
175792;5230503501131491396;5;1;12;0;2023;5;6;4;3;0;3;0;0;1;1;0;0;0;0;343010,893000000156462;5712217,689999999478459;6,736249073000067;51,539199556000028;1
175801;5230503411132577876;5;7;74;32;2023;5;12;4;3;5;3;0;0;1;1;0;0;0;0;482340,128999999724329;5730806,923000000417233;8,744304145000058;51,727907253000069;1
175802;5230503411132274480;5;7;74;32;2023;5;8;4;3;2;6;0;0;1;1;0;0;0;0;482509,588000000454485;5728840,423000000417233;8,746856451000042;51,710231170000043;1
175805;5230503405108482051;5;7;54;8;2023;5;18;4;2;5;3;0;0;1;1;0;0;0;0;461205,231999999843538;5748876,233999999240041;8,436282228000039;51,889300997000078;1
175809;5230503317230577815;5;9;78;8;2023;5;13;4;3;0;1;0;0;1;0;0;0;0;0;414031,468999999575317;5717126,913300000131130;7,758784976000072;51,598619984000038;1
175811;5230503316300013614;5;9;74;28;2023;5;8;4;3;0;1;0;0;1;1;0;0;0;0;454667,998300000093877;5725836,107300000265241;8,344307657000058;51,681660874000045;1
175812;5230504516500881934;5;1;58;16;2023;5;13;5;3;0;7;0;0;1;0;0;0;0;0;355325,912200000137091;5670169,200799999758601;6,930795670000066;51,164641133000032;1
175813;5230503316100580504;5;9;74;40;2023;5;15;4;3;5;7;0;0;1;1;0;0;0;0;437341,457899999804795;5712253,634199999272823;8,096151011000075;51,557882694000057;1
175816;5230503310130789436;5;9;54;20;2023;5;17;4;3;8;1;0;0;1;0;0;0;0;0;392641,520600000396371;5699475,168800000101328;7,455442856000047;51,436287849000053;1
175817;5230503310110877957;5;9;54;16;2023;5;11;4;2;5;3;0;0;1;1;0;0;0;0;372943,294800000265241;5695793,810399999842048;7,173508596000033;51,399127296000074;1
175820;5230503301103087260;5;9;13;0;2023;5;8;4;3;5;3;0;0;1;1;0;0;0;0;393149,220999999903142;5704514,016400000080466;7,461221663000060;51,481675762000066;1
175822;5230502711200990622;5;5;70;4;2023;5;7;3;3;0;1;0;0;1;0;0;0;0;0;423741,241999999620020;5735846,260999999940395;7,894855176000021;51,768301161000068;1
175823;5230502711100593886;5;5;70;44;2023;5;13;3;3;5;3;0;0;1;1;0;0;0;0;416448,190299999900162;5759802,058900000527501;7,783389919000058;51,982602023000027;1
175824;5230502709300042420;5;5;66;84;2023;5;7;3;3;5;3;0;1;1;1;0;0;0;0;390433,916000000201166;5775798,095000000670552;7,399603163000052;52,121843493000029;1
175825;5230502709110779618;5;5;66;8;2023;5;18;3;3;1;5;0;0;1;1;0;0;0;0;399535,870400000363588;5782547,059699999168515;7,530506839000054;52,184230733000049;1
175826;5230502706000965764;5;5;58;16;2023;5;14;3;3;4;6;0;0;1;0;0;0;0;0;381100,410000000149012;5744275,279999999329448;7,274259563000044;51,836623022000026;1
175827;5230502705000081093;5;5;54;28;2023;5;10;3;3;0;7;0;1;1;0;0;0;0;0;358508,464800000190735;5743290,430600000545382;6,946965710000029;51,822507655000038;1
175828;5230502702100672453;5;5;15;0;2023;5;16;3;3;0;1;0;0;1;0;0;0;0;0;405436,113400000147521;5758994,419700000435114;7,623311168000043;51,973577414000033;1
175829;5230502702100394895;5;5;15;0;2023;5;15;3;3;3;6;0;0;1;1;0;0;0;0;404000,826600000262260;5762204,760500000789762;7,601523845000031;52,002186836000078;1
175830;5230502701910785415;5;5;62;8;2023;5;12;3;3;5;3;0;0;1;1;0;0;0;0;385175,709200000390410;5723908,594900000840425;7,340106029000026;51,654429040000082;1
175838;5230502601600587253;5;3;15;0;2023;5;18;3;3;5;3;0;0;1;1;0;0;0;0;359229,875199999660254;5642679,907199999317527;6,997278763000054;50,918571452000037;1
175840;5230502601300086614;5;3;15;0;2023;5;16;3;3;1;5;0;0;1;1;0;0;0;0;353295,972000000067055;5645004,237400000914931;6,911981135000076;50,937981338000043;1
175841;5230502601200786416;5;3;15;0;2023;5;18;3;3;2;4;0;0;1;0;1;0;0;0;354598,822599999606609;5643650,863600000739098;6,931051341000057;50,926148906000037;1
175842;5230502601100086607;5;3;15;0;2023;5;12;3;3;1;5;0;0;1;1;0;0;0;1;355820,616000000387430;5645209,486099999397993;6,947807972000021;50,940462631000059;1
175844;5230502600110576000;5;3;14;0;2023;5;18;3;3;1;5;0;0;1;1;0;0;0;0;365827,431200000457466;5620897,530500000342727;7,099053119000075;50,724367599000061;1
175850;5230502515111591401;5;1;54;8;2023;5;18;3;3;4;2;0;0;1;1;0;0;0;0;310571,591400000266731;5747261,044099999591708;6,249986157000023;51,843977558000063;1
175852;5230502505200096042;5;1;14;0;2023;5;12;3;3;5;3;0;0;1;1;0;0;0;0;326487,104500000365078;5694212,123099999502301;6,507043250000038;51,372614310000074;1
175862;5230502500300496980;5;1;11;0;2023;5;17;3;3;5;3;1;0;1;1;0;0;0;0;347880,655000000260770;5675925,627199999988079;6,821952034000049;51,214435384000069;1
175864;5230502500200245454;5;1;11;0;2023;5;12;3;3;5;3;0;0;1;1;0;0;0;0;350218,982300000265241;5676801,721400000154972;6,855040930000030;51,222925969000073;1
175865;5230502411132086905;5;7;74;32;2023;5;18;3;2;3;6;0;0;1;0;0;0;0;1;483783,444000000134110;5731524,983400000259280;8,765168134000021;51,734407156000032;1
175866;5230502410220490817;5;7;70;8;2023;5;17;3;3;0;1;0;0;1;0;0;0;0;0;474290,686400000005960;5803083,286299999803305;8,622319531000073;52,377409941000053;1
175869;5230502400200603493;5;7;11;0;2023;5;7;3;2;0;1;0;0;1;0;0;0;0;1;468417,208999999798834;5763154,241000000387430;8,539761324000040;52,018126156000051;1
175870;5230502400100596916;5;7;11;0;2023;5;20;3;3;2;1;1;0;1;1;0;0;0;0;466862,723000000230968;5765263,644999999552965;8,516905192000024;52,037000290000037;1
175873;5230502302130278472;5;9;14;0;2023;5;12;3;3;5;3;0;0;1;0;0;0;0;1;399615,823400000110269;5690194,712999999523163;7,558371143000045;51,354144333000079;1
175874;5230502301103177731;5;9;13;0;2023;5;18;3;3;2;6;0;0;1;1;0;0;0;0;392148,685999999754131;5703004,539100000634789;7,447279244000072;51,467917978000060;1
175875;5230502301102181007;5;9;13;0;2023;5;13;3;3;1;5;0;0;1;1;0;0;0;0;395400,454800000414252;5704820,877699999138713;7,493539028000043;51,484854857000073;1
175878;5230501711100702617;5;5;70;44;2023;5;15;2;3;0;1;0;0;1;0;0;0;0;0;413889,091000000014901;5764923,506999999284744;7,744848708000063;52,028246896000041;1
175879;5230501705000577676;5;5;54;8;2023;5;19;2;3;5;7;0;0;1;0;0;0;0;0;335451,321000000461936;5744628,019999999552965;6,612063734000060;51,828210721000062;1
175880;5230501702100864200;5;5;15;0;2023;5;18;2;3;5;3;0;0;1;1;0;0;0;0;405226,723500000312924;5755338,283500000834465;7,621272353000052;51,940678868000077;1
175881;5230501701930136471;5;5;62;36;2023;5;18;2;3;0;1;0;1;1;0;0;0;0;0;389250,338999999687076;5720484,195000000298023;7,400067195000076;51,624468096000044;1
175883;5230501609204145458;5;3;58;4;2023;5;10;2;3;5;3;0;0;1;1;0;0;0;0;308137,933000000193715;5640691,681099999696016;6,272207488000049;50,885991500000046;1
175887;5230501602400190558;5;3;62;32;2023;5;13;2;2;5;3;0;0;1;1;0;0;0;0;340909,674999999813735;5637459,161000000312924;6,739117386000032;50,866900131000079;1
175895;5230501601300886635;5;3;15;0;2023;5;15;2;3;0;1;0;0;1;0;0;0;0;0;352717,013500000350177;5647074,220699999481440;6,902909610000052;50,956435778000071;1
175896;5230501601300086376;5;3;15;0;2023;5;14;2;3;0;7;0;0;1;1;0;0;0;0;354367,433100000023842;5646790,168199999257922;6,926506224000036;50,954302536000057;1
175897;5230501600110693385;5;3;14;0;2023;5;19;2;3;6;4;0;1;1;0;1;0;0;0;365038,406499999575317;5622798,186799999326468;7,087185047000048;50,741267767000068;1
175898;5230501518410090522;5;1;70;16;2023;5;15;2;2;0;1;0;0;1;0;0;0;0;0;343029,584999999962747;5721955,335000000894070;6,732165197000029;51,626693248000038;1
175899;5230501515210085908;5;1;54;12;2023;5;17;2;3;4;6;0;0;1;0;0;0;0;0;318082,636099999770522;5712141,391899999231100;6,377205592000053;51,531032298000071;1
175900;5230501513320095636;5;1;62;4;2023;5;9;2;3;9;1;0;0;1;0;0;0;0;0;348195,768000000156462;5662892,367000000551343;6,831958451000048;51,097404983000047;1
175902;5230501505100285907;5;1;14;0;2023;5;11;2;3;4;6;0;0;1;1;0;0;0;0;333123,805700000375509;5689828,609099999070168;6,604361035000068;51,335221631000081;1
175903;5230501503400870547;5;1;22;0;2023;5;14;2;2;5;3;0;0;1;0;0;1;0;0;366364,594999999739230;5674589,661000000312924;7,086934025000062;51,207054125000070;1
175907;5230501501326074521;5;1;12;0;2023;5;14;2;3;5;3;0;0;1;1;0;0;0;0;345165,446000000461936;5691207,736999999731779;6,776483268000050;51,351020076000054;1
175908;5230501501318086182;5;1;12;0;2023;5;20;2;3;5;2;1;0;1;1;0;0;0;0;343111,596900000236928;5695764,432499999180436;6,745001828000056;51,391398514000059;1
175911;5230501411132596875;5;7;74;32;2023;5;15;2;3;0;1;0;0;1;0;0;0;0;0;478424,758000000379980;5726692,446299999952316;8,687869348000049;51,690775860000031;1
175915;5230430702100174710;5;5;15;0;2023;4;15;1;3;0;6;0;0;1;1;0;0;0;0;407203,840099999681115;5764363,520400000736117;7,647584754000036;52,022135332000062;1
175916;5230430702100168282;5;5;15;0;2023;4;15;1;3;1;5;0;0;1;1;0;0;0;0;404562,061300000175834;5748305,450300000607967;7,613554379000050;51,877350917000058;1
175917;5230430701700095065;5;5;62;16;2023;4;23;1;3;8;1;2;0;1;0;0;0;0;0;374673,136400000192225;5734231,737400000914931;7,184650133000048;51,744958886000063;1
175918;5230430701620117111;5;5;62;12;2023;4;19;1;3;0;1;0;0;1;0;0;0;0;0;357007,653500000014901;5735667,716199999675155;6,928345735000050;51,753632540000069;1
175920;5230430701400877854;5;5;12;0;2023;4;18;1;3;0;1;0;0;1;0;0;0;0;0;359097,542899999767542;5711747,265300000086427;6,968237698000053;51,539217337000082;1
175924;5230430608100971773;5;3;34;2;2023;4;15;1;3;2;6;0;0;1;1;0;0;0;0;294996,393400000408292;5628477,953600000590086;6,092445403000056;50,771785390000048;1
175925;5230430608100769685;5;3;34;2;2023;4;11;1;3;5;3;0;0;1;1;0;0;0;0;293671,288399999961257;5628417,252299999818206;6,073711633000073;50,770770481000056;1
175929;5230430602700667484;5;3;62;28;2023;4;17;1;3;6;6;0;0;1;0;1;0;0;0;351802,566599999554455;5638918,588800000026822;6,893212328000061;50,882910513000070;1
175930;5230430601500990262;5;3;15;0;2023;4;15;1;3;0;1;0;0;1;0;0;0;0;0;362076,159300000406802;5651563,337400000542402;7,034380045000034;50,999096625000050;1
175933;5230430601300072043;5;3;15;0;2023;4;1;1;3;1;1;2;0;1;1;0;0;0;0;353662,605800000019372;5646054,279400000348687;6,916773852000063;50,947510844000078;1
175935;5230430600380678286;5;3;14;0;2023;4;19;1;3;1;5;0;0;1;1;0;0;0;0;370351,743700000457466;5615010,062400000169873;7,165184143000033;50,672476187000029;1
175937;5230430600360834533;5;3;82;12;2023;4;11;1;3;0;1;0;0;1;0;0;0;0;0;355491,437199999578297;5624483,101700000464916;6,951303729000074;50,754113046000043;1
175939;5230430515210885967;5;1;54;12;2023;4;11;1;3;2;6;0;0;1;0;0;0;0;0;308629,127000000327826;5709111,618000000715256;6,242719975000057;51,500696661000063;1
175940;5230430515210081473;5;1;54;12;2023;4;17;1;2;8;1;0;0;1;0;0;0;0;0;314766,825000000186265;5710701,879399999976158;6,330211975000054;51,517024804000073;1