OID_;UIDENTSTLAE;ULAND;UREGBEZ;UKREIS;UGEMEINDE;UJAHR;UMONAT;USTUNDE;UWOCHENTAG;UKATEGORIE;UART;UTYP1;ULICHTVERH;IstStrassenzustand;IstRad;IstPKW;IstFuss;IstKrad;IstGkfz;IstSonstige;LINREFX;LINREFY;XGCSWGS84;YGCSWGS84;PLST
175942;5230430514217885930;5;1;66;36;2023;4;21;1;2;0;1;2;0;1;0;0;0;0;0;328327,101999999955297;5682451,919999999925494;6,539116323000030;51,267523591000042;1
175946;5230430505200075931;5;1;14;0;2023;4;17;1;3;1;7;0;0;1;0;0;0;0;1;331995,698699999600649;5692788,976999999955297;6,586784148000049;51,361485338000080;1
175947;5230430505100118235;5;1;14;0;2023;4;11;1;3;1;5;0;0;1;1;0;0;0;0;330197,719399999827147;5689041,462899999693036;6,562770386000068;51,327283777000048;1
175948;5230430502208095017;5;1;13;0;2023;4;21;1;2;0;1;2;0;1;0;0;0;0;0;359118,430999999865890;5702279,095000000670552;6,972318859000040;51,454140753000047;1
175949;5230430502000281427;5;1;13;0;2023;4;15;1;3;0;7;0;0;1;0;0;0;0;1;362022,866000000387430;5699247,487999999895692;7,015276191000055;51,427612742000065;1
175953;5230430500100078077;5;1;11;0;2023;4;15;1;2;5;3;0;0;1;0;0;1;0;0;347014,911000000312924;5675656,336999999359250;6,809680838000077;51,211784370000032;1
175958;5230430405220097000;5;7;54;20;2023;4;1;1;3;8;1;2;0;1;0;0;0;0;0;447268,099600000306964;5748435,166200000792742;8,233849389000056;51,884191382000040;1
175959;5230430404102387060;5;7;66;40;2023;4;14;1;3;6;6;0;0;1;0;1;0;0;0;485075,207899999804795;5760566,526499999687076;8,782619003000036;51,995558507000055;1
175962;5230430317140153470;5;9;78;28;2023;4;17;1;2;3;6;0;0;1;0;0;0;0;0;402069,616600000299513;5700605,401799999177456;7,590725120000059;51,448155967000048;1
175963;5230430316300189752;5;9;74;28;2023;4;18;1;3;5;3;0;0;1;1;0;0;0;0;454989,078399999998510;5724960,593900000676513;8,349064377000047;51,673815073000071;1
175966;5230430307000789994;5;9;62;20;2023;4;16;1;3;8;7;0;0;1;0;0;0;0;0;415073,623300000093877;5672091,360300000756979;7,784605835000036;51,193915461000074;1
175969;5230430301102982148;5;9;13;0;2023;4;14;1;3;8;1;0;0;1;0;0;0;0;0;394197,266499999910593;5705199,356200000271201;7,476103630000068;51,488033013000063;1
175972;5230429711400276178;5;5;70;28;2023;4;12;7;3;3;6;0;1;1;1;0;0;0;0;439937,861499999649823;5739820,169299999251962;8,128856053000050;51,805999689000032;1
175973;5230429709700448421;5;5;66;56;2023;4;16;7;2;0;1;0;0;1;0;0;0;0;0;417625,211900000460446;5796958,247800000011921;7,791514644000074;52,316765192000048;1
175975;5230429706000581020;5;5;58;28;2023;4;12;7;3;5;3;0;0;1;1;0;0;0;0;397527,561200000345707;5732351,322799999266863;7,516115412000033;51,732703295000078;1
175976;5230429705000495196;5;5;54;8;2023;4;3;7;3;0;6;2;1;1;1;0;0;0;0;335950,341000000014901;5746247,175000000745058;6,618531160000032;51,842903049000029;1
175984;5230429608312089793;5;3;34;12;2023;4;12;7;2;5;3;0;0;1;1;0;0;0;0;307660,791799999773502;5635104,603700000792742;6,268367976000036;50,835647077000033;1
175985;5230429602900089780;5;3;62;40;2023;4;13;7;3;8;6;0;0;1;1;0;0;0;0;357754,042000000365078;5631050,474999999627471;6,980817731000059;50,813694603000044;1
175990;5230429601600269863;5;3;15;0;2023;4;15;7;3;1;1;0;0;1;1;0;0;0;0;364896,280700000002980;5640332,684200000017881;7,078713530000073;50,898830135000026;1
175992;5230429601600078514;5;3;15;0;2023;4;19;7;3;8;1;0;0;1;0;0;0;0;0;365380,517699999734759;5642359,361999999731779;7,084848130000069;50,917158230000041;1
175995;5230429518400144467;5;1;70;8;2023;4;15;7;3;5;3;0;0;1;1;0;0;0;0;343157,104000000283122;5715228,754000000655651;6,737012987000071;51,566293499000039;1
175996;5230429518200695061;5;1;70;24;2023;4;16;7;1;0;3;0;0;1;1;0;0;0;0;337578,919800000265241;5701223,054999999701977;6,663048377000052;51,438884315000053;1
175999;5230429514215646110;5;1;66;28;2023;4;14;7;3;3;6;0;0;1;1;0;0;0;0;326129,320000000298023;5688497,343000000342727;6,504699473000073;51,321166609000045;1
176001;5230429508000595905;5;1;19;0;2023;4;15;7;3;0;2;0;0;1;1;0;0;0;0;352149,280299999751151;5703965,665599999949336;6,871380672000043;51,467518622000057;1
176006;5230429501215895938;5;1;12;0;2023;4;11;7;3;1;5;0;0;1;1;0;0;0;0;338099,039099999703467;5696369,482999999076128;6,672741932000065;51,395426646000033;1
176009;5230429501113663480;5;1;12;0;2023;4;7;7;2;0;6;0;0;1;0;0;0;0;0;346189,586500000208616;5707681,370799999684095;6,784027747000039;51,499315996000064;1
176013;5230429404101476201;5;7;66;20;2023;4;11;7;2;0;1;0;1;1;0;0;0;0;0;489070,769999999552965;5753177,309000000357628;8,841049611000074;51,929215210000052;1
176018;5230428711100087235;5;5;70;44;2023;4;21;6;3;1;5;2;1;1;1;0;0;0;0;416679,831199999898672;5759467,618300000205636;7,786843283000053;51,979630536000059;1
176022;5230428709110574686;5;5;66;12;2023;4;10;6;3;5;3;0;0;1;1;0;0;0;0;404845,428199999965727;5772110,120500000193715;7,611065864000068;52,091364070000054;1
176025;5230428705000580993;5;5;54;20;2023;4;12;6;3;9;1;0;0;1;0;0;0;0;0;365315,813000000081956;5786061,885199999436736;7,028851434000046;52,208519409000075;1
176026;5230428705000520714;5;5;54;40;2023;4;12;6;3;1;5;0;1;1;1;0;0;0;0;350915,429700000211596;5737460,532299999147654;6,839379587000053;51,768152665000059;1
176027;5230428705000487252;5;5;54;64;2023;4;17;6;3;5;2;0;1;1;1;0;0;0;0;356744,964100000448525;5750467,590600000694394;6,918420835000063;51,886546935000069;1
176028;5230428702100276643;5;5;15;0;2023;4;22;6;3;4;6;2;1;1;0;0;0;0;0;405800,241999999620020;5755171,116000000387430;7,629658898000059;51,939273682000078;1
176029;5230428702100118366;5;5;15;0;2023;4;13;6;3;5;3;0;0;1;0;0;0;0;0;403661,307300000451505;5757385,172299999743700;7,597932807000063;51,958808160000046;1
176030;5230428701930548827;5;5;62;36;2023;4;13;6;3;2;6;0;0;1;1;0;0;0;0;388644,987099999561906;5719800,731399999931455;7,391543000000070;51,618205664000072;1
176032;5230428701120076673;5;5;62;32;2023;4;17;6;2;0;7;0;0;1;0;0;0;0;0;377773,325199999846518;5716570,467700000852346;7,235710749000020;51,586918549000075;1
176035;5230428608436089921;5;3;34;36;2023;4;13;6;3;0;1;0;0;1;0;0;0;0;0;298949,249300000257790;5633314,898000000044703;6,145786808000025;50,816612526000029;1
176036;5230428607100590870;5;3;82;28;2023;4;15;6;3;2;2;0;0;1;0;0;0;0;0;373614,614000000059605;5632018,504000000655651;7,205499809000059;50,826073960000031;1
176040;5230428602700073708;5;3;62;28;2023;4;8;6;3;0;5;0;0;1;1;0;0;0;0;351608,484000000171363;5638116,024800000712276;6,890780992000032;50,875648388000059;1
176043;5230502317240857162;5;9;78;40;2023;5;14;3;3;5;3;0;0;1;1;0;0;0;0;406817,458999999798834;5724560,692999999970198;7,652680193000037;51,664295231000040;1
176047;5230428601300093546;5;3;15;0;2023;4;15;6;3;3;2;0;0;1;1;0;0;0;0;350181,125400000251830;5644449,825200000777841;6,867908344000057;50,932198360000029;1
176048;5230428601200686638;5;3;15;0;2023;4;9;6;3;5;3;0;0;1;0;0;0;0;1;353858,485700000077486;5642736,169299999251962;6,920890844000041;50,917741760000069;1
176050;5230428601200324758;5;3;15;0;2023;4;15;6;3;1;5;0;0;1;1;0;0;0;0;359333,320899999700487;5639372,314899999648333;7,000023982000073;50,888870810000071;1
176052;5230428600110595527;5;3;14;0;2023;4;19;6;2;7;7;0;0;1;0;0;0;0;0;363009,600999999791384;5623666,247999999672174;7,058125404000066;50,748594586000081;1
176056;5230428515211096080;5;1;54;16;2023;4;7;6;3;5;7;0;1;1;0;0;0;0;0;303522,627199999988079;5728795,058900000527501;6,158224943000050;51,675713494000036;1
176063;5230428506100395570;5;1;16;0;2023;4;8;6;3;4;2;0;1;1;1;0;0;0;0;322115,917200000025332;5675430,678099999204278;6,453659756000036;51,202545630000031;1
176065;5230428506100091577;5;1;16;0;2023;4;14;6;3;5;3;0;0;1;1;0;0;0;0;321233,129099999554455;5672879,853399999439716;6,442306108000025;51,179355434000058;1
176067;5230428505200082285;5;1;14;0;2023;4;18;6;3;0;1;0;0;1;0;0;0;0;0;330440,744300000369549;5689750,304300000891089;6,565917878000050;51,333724416000052;1
176076;5230428501311773957;5;1;12;0;2023;4;21;6;3;4;2;2;1;1;1;0;0;0;0;344115,867999999783933;5700389,372999999672174;6,757391407000057;51,433230256000058;1
176077;5230428501215373970;5;1;12;0;2023;4;12;6;2;3;2;0;1;1;1;0;0;0;0;336779,949000000022352;5697031,362999999895692;6,653493174000062;51,400995277000050;1
176082;5230428500300679070;5;1;11;0;2023;4;7;6;3;0;1;0;1;1;0;0;0;0;0;344947,279500000178814;5674874,504300000146031;6,780439670000021;51,204201657000056;1
176083;5230428500300401077;5;1;11;0;2023;4;13;6;3;6;6;0;0;1;0;1;0;0;0;345505,560499999672174;5674275,436899999156594;6,788682866000045;51,198970006000081;1
176084;5230428411224139610;5;7;74;24;2023;4;15;6;3;5;3;0;1;1;1;0;0;0;0;475734,656000000424683;5741066,092000000178814;8,647948716000030;51,819901843000082;1
176087;5230428405108466303;5;7;54;8;2023;4;10;6;3;5;3;0;0;1;1;0;0;0;0;456499,236499999649823;5751401,212700000032783;8,367586072000051;51,911654568000074;1
176089;5230428316300794491;5;9;74;28;2023;4;16;6;3;5;3;0;0;1;1;0;0;0;0;453815,497000000439584;5726013,928999999538064;8,331954252000060;51,683190170000046;1
176099;5230428301101684943;5;9;13;0;2023;4;18;6;3;0;7;0;0;1;0;0;0;0;0;393239,525399999693036;5707287,223099999129772;7,461682674000031;51,506619769000054;1
176103;5230427709110596500;5;5;66;8;2023;4;7;5;3;0;3;0;0;1;1;0;0;0;0;399396,049899999983609;5781827,982400000095367;7,528675742000075;52,177742388000070;1
176104;5230427709110370631;5;5;66;8;2023;4;18;5;3;1;5;0;0;1;1;0;0;0;0;399518,263700000010431;5781583,856399999931455;7,530534792000026;52,175570522000044;1
176105;5230427706300457496;5;5;58;44;2023;4;11;5;3;0;5;0;0;1;1;0;0;0;0;395604,399899999611080;5746210,721499999985099;7,484104958000046;51,856918547000078;1
176106;5230427705000979183;5;5;54;56;2023;4;14;5;3;0;1;0;0;1;0;0;0;0;0;356981,914699999615550;5762305,279699999839067;6,916938903000073;51,992970801000070;1
176108;5230427701610197120;5;5;62;12;2023;4;23;5;3;0;1;2;0;1;0;0;0;0;0;359269,272800000384450;5725983,469599999487400;6,964999564000038;51,667185404000065;1
176110;5230427701300491092;5;5;62;14;2023;4;16;5;3;5;2;0;0;1;1;0;0;0;0;358536,311999999918044;5716785,403999999165535;6,958123085000068;51,584349292000070;1
176111;5230427610211432874;5;3;70;4;2023;4;8;5;3;5;3;0;0;1;1;0;0;0;0;312116,793600000441074;5662843,698000000789762;6,317257028000029;51,086283907000052;1
176115;5230427601600086500;5;3;15;0;2023;4;16;5;3;1;5;0;0;1;1;0;0;0;1;362850,664800000376999;5644249,466000000014901;7,048168563000047;50,933549637000056;1
176117;5230427601500374363;5;3;15;0;2023;4;9;5;3;0;1;0;0;1;0;0;0;0;0;358541,176400000229478;5646511,936300000175834;6,985999607000053;50,952841645000035;1
176118;5230427601500090325;5;3;15;0;2023;4;7;5;3;5;2;0;0;1;1;0;0;0;0;361896,175999999977648;5649573,190999999642372;7,032573223000043;50,981167597000081;1
176120;5230427601400693423;5;3;15;0;2023;4;22;5;3;5;3;2;0;1;1;0;0;0;0;356155,250000000000000;5654332,997700000181794;6,948956930000065;51,022537125000042;1
176121;5230427705000679155;5;5;54;8;2023;4;7;5;3;5;2;0;0;1;1;0;0;0;0;334678,940000000409782;5743320,173000000417233;6,601489834000063;51,816233870000076;1
176124;5230427601200450802;5;3;15;0;2023;4;18;5;3;5;2;0;0;1;0;0;0;0;0;352720,890100000426173;5643491,935699999332428;6,904412964000073;50,924244321000060;1
176125;5230427600380995314;5;3;14;0;2023;4;11;5;3;5;3;0;0;1;1;0;0;0;0;368233,960900000296533;5617479,124500000849366;7,134349451000048;50,694193119000033;1
176126;5230427600380695273;5;3;14;0;2023;4;15;5;3;5;3;0;0;1;1;0;0;0;0;370265,657999999821186;5615548,176999999210238;7,163777743000026;50,677293786000064;1
176128;5230427600330286337;5;3;82;48;2023;4;17;5;3;5;3;0;0;1;1;0;0;0;0;354100,470999999903142;5610142,643600000068545;6,937259260000076;50,624885482000082;1
176129;5230427600310993865;5;3;14;0;2023;4;13;5;3;1;5;0;0;1;1;0;0;0;0;361766,617399999871850;5620451,743499999865890;7,041722198000059;50,719409096000049;1
176131;5230427600110795275;5;3;14;0;2023;4;12;5;3;5;3;0;0;1;0;0;1;0;0;364335,946100000292063;5621413,403100000694394;7,077744704000054;50,728657856000041;1
176133;5230427518210078931;5;1;70;28;2023;4;16;5;3;0;5;0;0;1;1;0;0;0;0;331698,891300000250340;5703500,128599999472499;6,577442071000064;51,457624753000061;1
176134;5230427518100596138;5;1;70;48;2023;4;16;5;3;5;3;0;0;1;1;0;0;0;0;331847,705199999734759;5721694,565600000321865;6,570890993000035;51,621120666000081;1
176135;5230427516600095786;5;1;58;4;2023;4;14;5;2;4;6;0;0;1;1;0;0;0;0;357770,559399999678135;5674224,728099999949336;6,964130980000050;51,201699347000044;1
176136;5230427516300065187;5;1;58;28;2023;4;11;5;3;5;3;0;0;1;1;0;0;0;0;349969,668899999931455;5685234,097400000318885;6,847936449000031;51,298631797000041;1
176138;5230427513320981737;5;1;62;4;2023;4;18;5;3;1;7;0;0;1;1;0;0;0;0;346944,660000000149012;5658956,066800000146031;6,815771105000067;51,061701473000028;1
176140;5230427513210071716;5;1;62;24;2023;4;8;5;2;5;2;0;0;1;0;0;0;0;1;338409,686999999918044;5677892,395999999716878;6,685575160000042;51,229505081000070;1
176141;5230427506100991452;5;1;16;0;2023;4;16;5;3;6;4;0;0;1;0;1;0;0;0;321424,273500000126660;5675404,510500000789762;6,443782713000076;51,202094795000050;1
176142;5230429609108089815;5;3;58;8;2023;4;12;7;3;8;6;0;0;1;1;0;0;0;0;322949,991100000217557;5634534,721200000494719;6,485549929000058;50,835406284000044;1
176143;5230427505200596000;5;1;14;0;2023;4;16;5;3;5;3;0;0;1;1;0;0;0;0;329429,757600000128150;5689480,588999999687076;6,551548137000054;51,330999004000034;1
176144;5230427505200085911;5;1;14;0;2023;4;18;5;3;1;5;0;0;1;1;0;0;0;0;330831,918100000359118;5691025,937899999320507;6,570921888000044;51,345301072000041;1
176145;5230427505100591493;5;1;14;0;2023;4;16;5;3;3;6;0;0;1;1;0;0;0;0;330848,081000000238419;5688231,916999999433756;6,572480431000031;51,320204667000041;1
176148;5230427502405560650;5;1;17;0;2023;4;10;5;3;1;1;0;0;1;1;0;0;0;0;357297,599999999627471;5699264,259199999272823;6,947345235000057;51,426593316000037;1
176150;5230427502404589562;5;1;17;0;2023;4;7;5;3;0;1;0;0;1;0;0;0;0;0;354722,105600000359118;5703416,060799999162555;6,908620955000060;51,463246324000067;1
176154;5230427500300295564;5;1;11;0;2023;4;18;5;3;4;6;0;0;1;1;0;0;0;0;350163,756400000303984;5667510,346499999985099;6,858125032000032;51,139419928000052;1
176156;5230427411132070287;5;7;74;32;2023;4;17;5;3;8;1;0;0;1;0;0;0;0;0;481371,038999999873340;5729461,002000000327826;8,730344929000069;51,715774326000030;1
176158;5230427316400584982;5;9;74;44;2023;4;13;5;2;5;3;0;0;1;0;0;0;0;1;454666,303000000305474;5705933,172000000253320;8,346854641000050;51,502713472000039;1
176159;5230427316400496672;5;9;74;44;2023;4;22;5;2;0;1;2;0;1;0;0;0;0;0;455669,621000000275671;5700382,057800000533462;8,362005699000065;51,452881871000045;1
176164;5230503709110657480;5;5;66;12;2023;5;17;4;3;3;2;0;0;1;0;0;0;0;1;405995,389000000432134;5772124,698999999091029;7,627842131000023;52,091691641000068;1
176167;5230427301205885041;5;9;13;0;2023;4;12;5;3;0;6;0;0;1;1;0;0;0;0;388207,071000000461936;5714654,142999999225140;7,386860148000039;51,571861263000073;1
176168;5230427301204073417;5;9;13;0;2023;4;9;5;3;5;3;0;0;1;1;0;0;0;0;385687,145999999716878;5706138,982999999076128;7,353278880000062;51,494822093000039;1
176169;5230426709500442572;5;5;66;76;2023;4;13;4;3;0;5;0;0;1;1;1;0;0;0;396791,234299999661744;5787432,892200000584126;7,488886640000032;52,227635498000041;1
176170;5230426709110979240;5;5;66;8;2023;4;13;4;3;5;3;0;0;1;1;0;0;0;0;399633,281999999657273;5781453,065999999642372;7,532254942000066;52,174415947000057;1
176171;5230426709110372342;5;5;66;12;2023;4;16;4;3;5;2;0;0;1;0;0;0;0;0;404878,152999999932945;5772663,580000000074506;7,611388918000046;52,096344285000043;1
176172;5230426705000418560;5;5;54;20;2023;4;22;4;3;5;3;2;0;1;1;0;0;0;0;364665,362999999895692;5786516,869300000369549;7,019156145000068;52,212448219000066;1
176176;5230426610121769680;5;3;70;12;2023;4;11;4;3;5;3;0;0;1;1;0;0;0;0;297178,777999999932945;5651075,239000000059605;6,110825124000030;50,975505506000047;1
176177;5230426609224075613;5;3;58;24;2023;4;6;4;3;2;6;0;0;1;1;0;0;0;0;317534,552099999971688;5642517,816999999806285;6,404741207000029;50,905440496000040;1
176178;5230426608436133508;5;3;34;36;2023;4;14;4;3;5;3;0;0;1;1;0;0;0;0;297948,132500000298023;5634617,501900000497699;6,130875967000065;50,827963507000050;1
176179;5230426608200089887;5;3;34;2;2023;4;11;4;3;5;3;0;0;1;1;0;0;0;0;298011,588899999856949;5629916,233899999409914;6,134362242000066;50,785761059000038;1
176180;5230426607400895265;5;3;82;68;2023;4;6;4;3;5;3;0;0;1;0;0;0;0;0;368442,062699999660254;5630790,817299999296665;7,132537798000044;50,813887213000044;1
176184;5230426605104086485;5;3;74;4;2023;4;11;4;3;5;2;0;0;1;1;0;0;0;0;405117,514299999922514;5652644,763900000602007;7,647276253000030;51,017527568000048;1
176190;5230426601300490324;5;3;15;0;2023;4;10;4;3;5;3;0;0;1;1;0;0;0;0;347819,845700000412762;5645450,484799999743700;6,833912247000058;50,940572289000045;1
176193;5230426600380686250;5;3;14;0;2023;4;18;4;2;0;1;0;0;1;0;0;0;0;0;369820,990000000223517;5615389,423399999737740;7,157543389000068;50,675767560000054;1
176195;5230426600380495273;5;3;14;0;2023;4;18;4;3;3;3;0;0;1;1;0;0;0;0;371130,009700000286102;5615368,413499999791384;7,176067538000041;50,675870030000056;1
176197;5230426600110086285;5;3;14;0;2023;4;17;4;2;2;2;0;0;1;1;0;0;0;0;366205,440499999560416;5620081,267899999395013;7,104701653000063;50,717118194000079;1
176198;5230505411132078147;5;7;74;32;2023;5;13;6;3;1;6;0;0;1;1;0;0;0;0;483547,028099999763072;5730347,929999999701977;8,761800262000065;51,723817029000031;1
176199;5230426518210991498;5;1;70;28;2023;4;13;4;3;1;5;0;0;1;1;0;0;0;0;331612,438799999654293;5703062,084799999371171;6,576407380000035;51,453663773000073;1
176202;5230426515111578935;5;1;54;8;2023;4;7;4;3;5;3;0;0;1;1;0;0;0;0;309808,838000000454485;5747146,819000000134110;6,238989591000063;51,842692477000071;1
176205;5230426514118096023;5;1;66;16;2023;4;21;4;3;5;3;2;0;1;1;0;0;0;0;310363,358099999837577;5687381,201899999752641;6,279290651000053;51,306105283000079;1
176206;5230426514117586903;5;1;66;16;2023;4;12;4;3;5;2;0;0;1;1;0;0;0;0;307433,743800000287592;5687948,246799999848008;6,237005578000037;51,310214746000042;1
176210;5230426508000296606;5;1;19;0;2023;4;12;4;3;5;3;0;0;1;1;0;0;0;0;349887,641099999658763;5707439,931399999186397;6,837367632000053;51,498140727000077;1
176212;5230426505200272144;5;1;14;0;2023;4;16;4;3;5;3;0;0;1;1;0;0;0;0;332030,133700000122190;5691061,982100000604987;6,588093585000024;51,345980238000038;1
176216;5230426501317379022;5;1;12;0;2023;4;7;4;3;5;3;0;0;1;1;0;0;0;0;346060,023900000378489;5699768,073599999770522;6,785608190000062;51,428179343000068;1
176218;5230505500300882080;5;1;11;0;2023;5;7;6;3;0;5;0;0;1;1;0;0;0;1;344675,630300000309944;5674893,756400000303984;6,776545849000058;51,204300848000059;1
176219;5230426501223291403;5;1;12;0;2023;4;14;4;3;5;1;0;0;1;1;0;0;0;0;339284,742499999701977;5701851,030400000512600;6,687285439000050;51,445012851000058;1
176221;5230426500200079565;5;1;11;0;2023;4;19;4;3;0;6;0;0;1;1;0;0;0;0;345945,983300000429153;5678833,643999999389052;6,793023235000021;51,240046650000068;1
176223;5230426500100881116;5;1;11;0;2023;4;19;4;3;4;6;0;0;1;0;0;0;0;0;344266,396999999880791;5677122,078999999910593;6,769724893000046;51,224211695000065;1
176224;5230426500100586913;5;1;11;0;2023;4;17;4;3;4;6;0;0;1;1;0;0;0;0;345313,759100000374019;5676575,029899999499321;6,784948242000041;51,219580998000026;1
176225;5230426411132595765;5;7;74;32;2023;4;18;4;3;5;3;0;0;1;1;0;0;0;0;483256,258999999612570;5731898,994400000199676;8,757516047000024;51,737754494000058;1
176226;5230426405228087023;5;7;54;28;2023;4;15;4;3;1;5;0;0;1;1;0;0;0;0;451121,904199999757111;5744903,956499999389052;8,290336978000028;51,852795357000048;1
176227;5230426404301821574;5;7;66;12;2023;4;17;4;3;4;5;0;0;1;1;0;0;0;0;508218,515999999828637;5760802,857999999076128;9,119709448000037;51,997823110000070;1
176229;5230426316500789208;5;9;74;20;2023;4;7;4;3;5;3;0;0;1;1;0;0;0;0;463911,226800000295043;5720577,786299999803305;8,478539984000065;51,635052869000049;1
176230;5230426316300113614;5;9;74;28;2023;4;13;4;3;3;3;0;0;1;1;0;0;0;0;455730,598500000312924;5725190,866000000387430;8,359758118000059;51,675944359000027;1
176243;5230425609236580828;5;3;58;36;2023;4;7;3;2;0;1;0;0;1;0;0;0;0;0;309114,974299999885261;5653809,825500000268221;6,279207357000075;51,004148355000041;1
176244;5230425608100994800;5;3;34;2;2023;4;20;3;3;5;2;0;0;1;1;0;0;0;0;294842,102199999615550;5629019,388399999588728;6,089958131000060;50,776593607000052;1
176245;5230425607400036932;5;3;82;68;2023;4;13;3;3;0;3;0;0;1;1;0;0;0;0;367929,194000000134110;5629302,667999999597669;7,125797213000055;50,800395031000050;1
176249;5230425606100093610;5;3;78;4;2023;4;11;3;3;1;5;0;0;1;1;0;0;0;0;367950,215300000272691;5651774,886700000613928;7,117967744000055;51,002376030000050;1
176254;5230425601400586504;5;3;15;0;2023;4;13;3;3;5;3;0;0;1;1;0;0;0;0;355076,446200000122190;5647738,489399999380112;6,936216384000033;50,963003565000065;1
176255;5230425601400090461;5;3;15;0;2023;4;15;3;3;4;6;0;0;1;1;0;0;0;0;355844,331000000238419;5649585,457000000402331;6,946411782000041;50,979794471000048;1
176256;5230425601300090397;5;3;15;0;2023;4;19;3;3;0;3;0;0;1;0;0;0;0;0;347962,618400000035763;5647923,143600000068545;6,834910316000048;50,962829639000063;1
176259;5230425601200082434;5;3;15;0;2023;4;16;3;3;0;7;0;0;1;0;1;0;0;0;359586,571999999694526;5637893,186000000685453;7,004190538000046;50,875639167000031;1
176261;5230425600380762731;5;3;14;0;2023;4;7;3;3;5;5;0;0;1;1;0;0;0;0;370513,275700000114739;5617804,053600000217557;7,166490166000074;50,697625601000027;1
176262;5230505300100790145;5;9;11;0;2023;5;17;6;1;6;4;0;1;1;0;1;0;0;0;376366,809000000357628;5704908,555999999865890;7,219513817000063;51,481802378000054;1
176263;5230425600140165580;5;3;14;0;2023;4;17;3;3;0;1;0;0;1;0;0;0;0;0;367274,777099999599159;5622494,890300000086427;7,118972065000037;50,739057203000073;1
176266;5230425516300091342;5;1;58;28;2023;4;8;3;3;6;4;0;0;1;0;1;0;0;0;347880,108400000259280;5684886,921399999409914;6,818134514000064;51,294957771000043;1
176268;5230425515212095515;5;1;54;32;2023;4;12;3;3;5;3;0;0;1;1;0;0;0;0;308827,196899999864399;5717482,151900000870228;6,241025011000033;51,575941558000068;1
176270;5230425515110054330;5;1;54;36;2023;4;8;3;3;1;7;0;0;1;1;0;0;0;0;300279,571100000292063;5740069,413100000470877;6,104917319000037;51,775812796000082;1
176272;5230425513320781737;5;1;62;4;2023;4;16;3;3;3;2;0;0;1;1;0;0;0;0;347492,778400000184774;5663080,253799999132752;6,821846865000055;51,098906767000074;1
176273;5230425513210781443;5;1;62;24;2023;4;14;3;3;5;3;0;0;1;1;0;0;0;0;339864,291500000283122;5673671,207699999213219;6,708275510000021;51,191987815000061;1
176274;5230425506100591595;5;1;16;0;2023;4;19;3;3;5;1;0;0;1;0;0;0;0;0;321852,242800000123680;5671961,722200000658631;6,451609623000024;51,171300791000078;1
176276;5230425505100991408;5;1;14;0;2023;4;15;3;3;6;2;0;0;1;0;1;0;0;0;330504,043700000271201;5689379,528899999335408;6,567002089000027;51,330412288000048;1
176285;5230425411132672234;5;7;74;32;2023;4;16;3;3;1;5;0;0;1;1;0;0;0;0;481471,274199999868870;5730589,311799999326468;8,731735793000041;51,725922606000040;1
176286;5230425410210282106;5;7;70;20;2023;4;14;3;2;5;3;0;0;1;1;0;0;0;0;469671,018000000156462;5795464,262000000104308;8,555144721000033;52,308677364000062;1
176289;5230503609108789775;5;3;58;8;2023;5;13;4;3;0;1;0;0;1;0;0;0;0;0;320588,696299999952316;5631328,507400000467896;6,453618237000057;50,805874933000041;1
176291;5230425404302887396;5;7;66;8;2023;4;15;3;3;0;5;0;0;1;1;0;0;0;0;483287,061599999666214;5769034,456800000742078;8,756160916000056;52,071641250000027;1
176292;5230425316300590687;5;9;74;28;2023;4;16;3;3;5;3;0;0;1;1;0;0;0;0;455512,007000000216067;5724670,139000000432134;8,356663309000055;51,671245286000044;1
176298;5230425300200163873;5;9;11;0;2023;4;13;3;3;0;1;0;0;1;0;0;0;0;0;374235,133600000292063;5703507,089500000700355;7,189330035000069;51,468737049000026;1
176299;5230424711300081008;5;5;70;8;2023;4;14;2;3;4;6;0;1;1;0;0;0;0;1;433444,685999999754131;5739726,906999999657273;8,034710373000053;51,804425966000053;1
176301;5230424705000991834;5;5;54;68;2023;4;12;2;3;5;3;0;1;1;1;0;0;0;0;351546,380900000222027;5767135,235200000926852;6,835736389000033;52,034939441000063;1
176303;5230424701930049551;5;5;62;36;2023;4;7;2;3;3;6;0;0;1;1;0;0;0;0;388459,155700000002980;5720260,308399999514222;7,388713597000049;51,622299539000039;1
176304;5230424701920170552;5;5;62;28;2023;4;11;2;2;5;2;0;1;1;1;0;0;0;0;380750,668999999761581;5722200,301999999210238;7,276750818000039;51,638154580000048;1
176308;5230424608100480740;5;3;34;2;2023;4;18;2;3;4;6;0;0;1;1;0;0;0;0;293992,184200000017881;5628529,314200000837445;6,078193716000044;50,771890957000039;1
176310;5230424607100990678;5;3;82;60;2023;4;10;2;3;5;3;0;1;1;1;0;0;0;0;373396,343100000172853;5628678,737299999222159;7,203554433000022;50,796007224000050;1
176315;5230424602400485860;5;3;62;32;2023;4;18;2;3;6;4;0;0;1;0;1;0;0;0;336402,622999999672174;5641173,157999999821186;6,673459592000029;50,899013602000082;1
176316;5230504411236096911;5;7;74;36;2023;5;12;5;3;7;5;0;0;1;1;0;0;0;0;472640,836799999698997;5724404,610700000077486;8,604374152000048;51,669953287000055;1