OID_;UIDENTSTLAE;ULAND;UREGBEZ;UKREIS;UGEMEINDE;UJAHR;UMONAT;USTUNDE;UWOCHENTAG;UKATEGORIE;UART;UTYP1;ULICHTVERH;IstStrassenzustand;IstRad;IstPKW;IstFuss;IstKrad;IstGkfz;IstSonstige;LINREFX;LINREFY;XGCSWGS84;YGCSWGS84;PLST
176319;5230424601400581663;5;3;15;0;2023;4;11;2;2;5;3;0;1;1;1;0;0;0;0;358184,308000000193715;5647983,246700000017881;6,980348747000050;50,965976571000056;1
176323;5230424601200093503;5;3;15;0;2023;4;14;2;3;1;5;0;0;1;1;0;0;0;0;359229,690399999730289;5639698,167700000107288;6,998425988000065;50,891774062000081;1
176327;5230424600110393540;5;3;14;0;2023;4;15;2;3;6;6;0;0;1;0;1;0;0;0;365303,223399999551475;5620507,231699999421835;7,091773098000033;50,720738329000028;1
176330;5230424518300595940;5;1;70;20;2023;4;9;2;3;1;3;0;1;1;1;0;0;0;0;330037,461000000126660;5708876,400000000372529;6,550963389000060;51,505426392000061;1
176331;5230424516500586812;5;1;58;16;2023;4;12;2;3;0;7;0;0;1;0;0;0;0;1;355159,621000000275671;5671179,841800000518560;6,928011855000022;51,173681031000058;1
176333;5230424505100291455;5;1;14;0;2023;4;9;2;3;3;5;0;1;1;1;0;0;0;0;330550,919900000095367;5689617,105100000277162;6,567561316000024;51,332560612000066;1
176335;5230424503300406811;5;1;20;0;2023;4;13;2;2;6;7;0;1;1;0;1;0;0;0;373119,332399999722838;5672047,452199999243021;7,184476927000048;51,185746099000028;1
176336;5230424503100493771;5;1;24;0;2023;4;15;2;3;2;6;0;1;1;1;0;0;0;0;370677,256500000134110;5682214,543700000271201;7,145883114000071;51,276574922000066;1
176338;5230424502407077748;5;1;17;0;2023;4;15;2;3;5;3;0;0;1;1;0;0;0;0;351869,605999999679625;5696556,687000000849366;6,870456171000058;51,400871338000059;1
176341;5230424500200046013;5;1;11;0;2023;4;11;2;3;4;6;0;1;1;1;0;0;0;0;348951,776300000026822;5677503,686200000345707;6,836611717000039;51,228899751000029;1
176342;5230424411132737692;5;7;74;32;2023;4;13;2;3;3;6;0;1;1;1;0;0;0;0;483735,246100000105798;5732443,310900000855327;8,764427256000033;51,742662703000065;1
176343;5230424410110390658;5;7;70;24;2023;4;7;2;3;3;3;0;0;1;1;0;0;0;0;494146,198900000192225;5793494,396400000900030;8,914171315000033;52,291773753000030;1
176346;5230424405228782008;5;7;54;28;2023;4;15;2;3;5;3;0;0;1;0;0;0;0;0;452925,664099999703467;5743112,994899999350309;8,316767610000056;51,836848670000052;1
176350;5230424310120789436;5;9;54;32;2023;4;15;2;2;0;1;0;1;1;0;0;0;0;0;385879,035799999721348;5694961,121999999508262;7,359646332000068;51,394392944000060;1
176352;5230424300500696273;5;9;11;0;2023;4;8;2;3;5;3;0;1;1;1;0;0;0;0;375742,691399999894202;5703209,299100000411272;7,211127989000033;51,466393743000026;1
176353;5230424300100289320;5;9;11;0;2023;4;8;2;3;5;3;0;1;1;1;0;0;0;0;376475,755800000391901;5704901,577600000426173;7,221084426000061;51,481763464000039;1
176354;5230423705000791777;5;5;54;8;2023;4;5;1;3;0;1;2;0;1;0;0;0;0;0;337127,189399999566376;5747019,513900000602007;6,635235663000060;51,850185870000075;1
176355;5230423705000095050;5;5;54;8;2023;4;12;1;3;5;2;0;0;1;1;0;0;0;0;336870,774899999611080;5745474,191600000485778;6,632245009000030;51,836228580000068;1
176363;5230425500200565856;5;1;11;0;2023;4;17;3;3;5;3;0;0;1;0;0;0;0;1;346953,324500000104308;5680561,454500000923872;6,806704294000042;51,255843051000056;1
176364;5230423608100485810;5;3;34;2;2023;4;14;1;3;0;7;0;0;1;0;0;0;0;0;293288,546600000001490;5629952,220300000160933;6,067428163000045;50,784419881000076;1
176366;5230423602400194921;5;3;62;32;2023;4;18;1;2;0;1;0;1;1;0;0;0;0;0;336815,407599999569356;5641371,343900000676513;6,679236140000057;50,900911149000081;1
176367;5230423601400493500;5;3;15;0;2023;4;23;1;3;6;6;2;0;1;0;1;0;0;0;354140,481100000441074;5655157,731399999931455;6,919917190000035;51,029441008000049;1
176369;5230423600110495817;5;3;14;0;2023;4;14;1;3;0;1;0;0;1;0;0;0;0;1;365576,052500000223517;5622043,485700000077486;7,095075903000065;50,734609278000050;1
176373;5230423516500586812;5;1;58;16;2023;4;10;1;3;2;2;0;0;1;0;0;0;0;0;355111,760499999858439;5671624,713199999183416;6,927148351000028;51,177666672000043;1
176374;5230423515210500745;5;1;54;60;2023;4;15;1;2;7;1;0;0;1;0;0;0;0;0;313010,425699999555945;5697608,235700000077486;6,311848876000056;51,398840917000030;1
176375;5230423514213177510;5;1;66;8;2023;4;17;1;2;1;5;1;1;1;1;0;0;0;0;314560,176500000059605;5690101,603900000452995;6,338016791000030;51,331923441000072;1
176378;5230423505200782285;5;1;14;0;2023;4;10;1;3;5;3;0;0;1;1;0;0;0;0;335066,279400000348687;5695886,746400000527501;6,629411290000064;51,390216185000043;1
176380;5230423503100681100;5;1;24;0;2023;4;15;1;3;5;3;0;0;1;1;0;0;0;0;370647,713499999605119;5680612,474300000816584;7,146039456000040;51,262169824000068;1
176381;5230427601500386382;5;3;15;0;2023;4;14;5;3;5;3;0;0;1;1;0;0;0;0;365288,536999999545515;5648962,381999999284744;7,081097792000037;50,976481677000038;1
176385;5230423405112139150;5;7;54;12;2023;4;14;1;3;5;3;0;0;1;1;0;0;0;0;457083,688500000163913;5766738,431099999696016;8,374163633000023;52,049588453000069;1
176386;5230423404103053238;5;7;66;16;2023;4;19;1;3;0;1;0;0;1;0;0;0;0;0;506279,145399999804795;5754624,754399999976158;9,091347953000025;51,942301143000066;1
176388;5230423316100975324;5;9;74;40;2023;4;11;1;2;5;3;0;0;1;0;0;0;0;0;438002,951500000432134;5713610,652400000020862;8,105452411000044;51,570156109000038;1
176391;5230423307000080600;5;9;62;40;2023;4;14;1;3;1;5;0;1;1;1;0;0;0;0;416674,285000000149012;5698607,647299999371171;7,801311230000067;51,432534044000079;1
176393;5230423601500086596;5;3;15;0;2023;4;11;1;3;1;5;0;0;1;0;0;0;0;1;363327,151899999938905;5648748,900699999183416;7,053256149000049;50,974100881000027;1
176395;5230423300400238397;5;9;11;0;2023;4;13;1;3;0;1;0;0;1;0;0;0;0;0;372852,635599999688566;5699484,578700000420213;7,170882311000071;51,432276932000036;1
176396;5230422709110542392;5;5;66;80;2023;4;14;7;3;5;3;0;0;1;1;0;0;0;0;407156,502999999560416;5780341,698999999091029;7,642542477000063;52,165744024000048;1
176397;5230422706200795040;5;5;58;16;2023;4;13;7;3;0;1;0;0;1;0;0;0;0;0;381469,232599999755621;5743723,631300000473857;7,279799110000056;51,831743668000058;1
176398;5230422705000676765;5;5;54;8;2023;4;16;7;3;5;3;0;1;1;1;0;0;0;0;336876,996000000275671;5745478,623999999836087;6,632333133000031;51,836270216000059;1
176400;5230422702100370567;5;5;15;0;2023;4;19;7;3;0;7;0;1;1;0;0;0;0;0;406901,341599999926984;5756832,111899999901652;7,645222087000036;51,954388909000045;1
176404;5230422609224294896;5;3;58;24;2023;4;15;7;3;0;5;0;0;1;1;0;0;0;0;312736,881900000385940;5647503,343800000846386;6,334020030000033;50,948688833000062;1
176407;5230422608200041526;5;3;34;2;2023;4;13;7;3;1;5;0;0;1;1;0;0;0;0;297952,561900000087917;5627880,521500000730157;6,134644282000068;50,767456568000057;1
176409;5230422606100793400;5;3;78;4;2023;4;18;7;3;5;3;1;1;1;1;0;0;0;0;368383,036000000312924;5650649,610999999567866;7,124540829000068;50,992361590000030;1
176411;5230422601400781768;5;3;15;0;2023;4;20;7;3;0;1;2;1;1;0;0;0;0;0;356909,867999999783933;5650376,249900000169873;6,961269344000073;50,987166971000079;1
176412;5230422601100686622;5;3;15;0;2023;4;18;7;3;1;5;1;1;1;1;0;0;0;0;355022,893899999558926;5643951,949899999424815;6,936961637000024;50,928961428000036;1
176414;5230422600110294924;5;3;14;0;2023;4;14;7;3;1;5;0;0;1;1;0;0;0;1;365710,205199999734759;5621520,681199999526143;7,097166311000024;50,729941370000063;1
176415;5230422518400579063;5;1;70;8;2023;4;10;7;3;1;5;0;0;1;1;0;0;0;0;342160,642099999822676;5716254,788699999451637;6,722186958000066;51,575233904000072;1
176417;5230422518100696122;5;1;70;48;2023;4;17;7;3;0;7;0;1;1;1;0;0;0;0;335182,815100000239909;5725791,739299999549985;6,617094807000058;51,658915079000053;1
176422;5230422513320367487;5;1;62;4;2023;4;11;7;3;3;7;0;0;1;0;0;0;0;1;349098,203300000168383;5665804,418500000610948;6,843619088000025;51,123810754000033;1
176426;5230422505100079008;5;1;14;0;2023;4;14;7;3;5;3;0;0;1;1;0;0;0;0;332256,423899999819696;5685790,975800000131130;6,593820361000041;51,298692042000027;1
176432;5230422411220694300;5;7;74;20;2023;4;18;7;3;0;1;0;0;1;0;0;0;0;0;469439,792799999937415;5734819,655099999159575;8,557173340000077;51,763431243000070;1
176438;5230422307000473445;5;9;62;20;2023;4;12;7;3;0;1;0;0;1;0;0;0;0;0;414587,293899999931455;5671858,862900000065565;7,777702903000034;51,191752782000037;1
176439;5230422307000093868;5;9;62;52;2023;4;15;7;3;2;6;0;0;1;1;0;0;0;0;421678,037999999709427;5674097,275000000372529;7,878664550000053;51,212893049000058;1
176441;5230422302000085208;5;9;14;0;2023;4;13;7;3;5;2;0;0;1;1;0;0;0;0;397359,546099999919534;5689194,478299999609590;7,526268379000044;51,344750112000042;1
176442;5230422301303784937;5;9;13;0;2023;4;16;7;3;0;1;0;0;1;0;0;0;0;0;400590,830000000074506;5706927,196299999952316;7,567672577000053;51,504724618000068;1
176445;5230422300000395177;5;9;16;0;2023;4;19;7;3;0;6;0;1;1;0;1;0;0;0;376881,244099999777973;5711185,089999999850988;7,224726827000040;51,538324299000067;1
176447;5230421709300370598;5;5;66;84;2023;4;14;6;3;5;3;0;0;1;1;0;0;0;0;385305,121700000017881;5779056,689899999648333;7,323623192000071;52,150087884000072;1
176451;5230503608404393572;5;3;34;4;2023;5;19;4;3;4;6;0;0;1;1;0;0;0;0;301771,932799999602139;5636990,176699999719858;6,183819586000027;50,850596376000055;1
176452;5230421700000795114;5;5;13;0;2023;4;13;6;3;5;3;0;0;1;1;0;0;0;0;367588,809999999590218;5714181,618699999526143;7,089686758000028;51,563149836000036;1
176453;5230421700000089620;5;5;13;0;2023;4;12;6;3;5;3;0;0;1;0;0;0;0;0;366795,202399999834597;5705922,567399999126792;7,081367237000052;51,488741884000035;1
176454;5230421610221586144;5;3;70;40;2023;4;12;6;3;0;6;0;0;1;1;0;0;0;0;309480,435100000351667;5669866,817900000140071;6,275948556000060;51,148497271000053;1
176455;5230421610111671730;5;3;70;16;2023;4;16;6;3;2;7;0;0;1;1;0;0;0;0;297240,386199999600649;5660293,101600000634789;6,106549621000056;51,058312989000058;1
176456;5230421608200765663;5;3;34;2;2023;4;7;6;3;4;2;0;1;1;1;0;0;0;0;296632,717400000430644;5628019,389499999582767;6,115875253000070;50,768242724000061;1
176462;5230421605124086578;5;3;74;24;2023;4;21;6;3;0;1;1;0;1;0;0;0;0;0;396536,739699999801815;5659475,430400000885129;7,523031283000023;51,077451467000060;1
176464;5230505314210394415;5;9;66;4;2023;5;8;6;3;5;3;0;0;1;1;0;0;0;0;426594,355999999679625;5663261,956000000238419;7,951250067000046;51,116128784000068;1
176465;5230421601400486361;5;3;15;0;2023;4;19;6;2;0;1;0;0;1;0;0;0;0;0;357409,465699999593198;5648331,437799999490380;6,969184823000035;50,968914463000033;1
176467;5230503601300786586;5;3;15;0;2023;5;16;4;3;5;2;0;0;1;1;0;0;0;0;351926,272800000384450;5649449,830299999564886;6,890691748000052;50,977581452000038;1
176468;5230421601300078423;5;3;15;0;2023;4;17;6;3;6;4;0;0;1;0;1;0;0;0;353521,465400000102818;5646457,665200000628829;6,914603759000045;50,951100071000042;1
176469;5230421601100876583;5;3;15;0;2023;4;18;6;3;4;6;0;0;1;0;0;0;0;0;356168,598199999891222;5645042,603900000452995;6,952823511000076;50,939049793000038;1
176470;5230421600380575884;5;3;14;0;2023;4;16;6;3;8;1;0;0;1;1;0;0;0;0;370803,985600000247359;5617028,174799999222159;7,170875659000046;50,690716358000032;1
176471;5230421600380095310;5;3;14;0;2023;4;15;6;3;0;7;0;0;1;1;0;0;0;0;370329,388700000010431;5616465,547199999913573;7,164357518000031;50,685553656000081;1
176472;5230421600370993632;5;3;82;4;2023;4;18;6;3;0;7;0;0;1;0;0;0;0;0;359541,532399999909103;5622671,088999999687076;7,009375311000042;50,738821906000055;1
176474;5230421600110095270;5;3;14;0;2023;4;19;6;3;0;6;0;0;1;1;0;0;0;0;365906,210799999535084;5621236,705900000408292;7,100045278000039;50,727434286000062;1
176475;5230421600110086275;5;3;14;0;2023;4;8;6;3;5;2;0;0;1;1;0;0;0;0;366242,951700000092387;5617893,251800000667572;7,106025480000028;50,697460867000075;1
176480;5230421518120076346;5;1;70;44;2023;4;8;6;3;4;6;0;0;1;1;0;0;0;0;340334,958100000396371;5718667,676799999549985;6,694765580000023;51,596397959000058;1
176481;5230421516300990680;5;1;58;28;2023;4;18;6;3;5;3;0;0;1;1;0;0;0;0;354453,552299999631941;5688876,484300000593066;6,910720759000071;51,332526371000029;1
176483;5230421514213686826;5;1;66;8;2023;4;16;6;3;0;3;0;0;1;0;0;0;0;1;314998,240699999965727;5691094,339400000870228;6,343782291000025;51,340983171000062;1
176484;5230421513210567206;5;1;62;24;2023;4;0;6;3;0;1;2;1;1;0;0;0;0;0;338553,431800000369549;5674606,456499999389052;6,689111355000023;51,200022109000031;1
176485;5230421508000391326;5;1;19;0;2023;4;9;6;3;0;5;0;0;1;1;0;0;0;1;349569,484799999743700;5705321,393899999558926;6,833690265000030;51,479020437000031;1
176486;5230421505200896118;5;1;14;0;2023;4;8;6;3;0;1;0;1;1;0;0;0;0;0;333880,480600000359118;5690875,304500000551343;6,614725269000076;51,344846894000057;1
176487;5230421505100018200;5;1;14;0;2023;4;14;6;3;1;7;0;0;1;1;0;0;0;0;331498,443400000222027;5689718,611700000241399;6,581101935000049;51,333754093000039;1
176491;5230421500300045580;5;1;11;0;2023;4;13;6;3;5;3;0;0;1;1;0;0;0;0;352017,280000000260770;5668619,368300000205636;6,884145479000040;51,149867818000075;1
176493;5230421500200056863;5;1;11;0;2023;4;14;6;3;1;3;0;0;1;1;0;0;0;0;344433,093999999575317;5679332,244999999180436;6,771150484000032;51,244116221000070;1
176496;5230421404101890720;5;7;66;20;2023;4;15;6;2;0;3;0;0;1;0;0;0;0;0;491528,980999999679625;5753553,384800000116229;8,876791496000067;51,932639366000046;1
176497;5230502505200065232;5;1;14;0;2023;5;15;3;3;5;2;0;0;1;1;0;0;0;0;335957,849000000394881;5691861,380400000140071;6,644071992000022;51,354309466000075;1
176498;5230421404101872250;5;7;66;20;2023;4;12;6;3;5;3;0;0;1;1;0;0;0;0;489256,091099999845028;5754382,228000000119209;8,843707202000076;51,940052275000028;1
176499;5230421400300576391;5;7;11;0;2023;4;14;6;3;5;3;0;0;1;1;0;0;0;0;467066,112399999983609;5756911,855799999088049;8,520672862000026;51,961924446000069;1
176500;5230430502400195458;5;1;17;0;2023;4;16;1;2;0;7;0;0;1;0;0;0;0;0;348848,250099999830127;5694739,569499999284744;6,827827620000051;51,383746761000054;1
176501;5230421400100164734;5;7;11;0;2023;4;14;6;3;5;3;0;0;1;1;0;0;0;0;466012,795800000429153;5766096,721999999135733;8,504432124000061;52,044438670000034;1
176503;5230421314210290037;5;9;66;4;2023;4;21;6;3;5;2;2;1;1;1;0;0;0;0;423314,049999999813735;5664276,625000000000000;7,904177344000061;51,124821683000050;1
176504;5230421313110480588;5;9;58;4;2023;4;10;6;3;5;3;0;1;1;1;0;0;0;0;428321,856999999843538;5700036,507999999448657;7,968547432000037;51,446973407000030;1
176505;5230421307000980375;5;9;62;40;2023;4;17;6;2;5;2;0;0;1;1;0;0;0;0;414302,923700000159442;5700913,758500000461936;7,766647816000045;51,452911639000035;1
176508;5230421301302069244;5;9;13;0;2023;4;7;6;3;2;3;0;1;1;1;0;0;0;0;397154,964900000020862;5706641,512900000438094;7,518268058000046;51,501541853000049;1
176510;5230420705000187245;5;5;54;60;2023;4;17;5;3;0;7;0;0;1;0;0;0;0;0;353739,883000000379980;5756359,298000000417233;6,872285882000028;51,938703071000077;1
176514;5230420702100079245;5;5;15;0;2023;4;15;5;3;0;7;0;0;1;0;0;0;0;1;403614,001699999906123;5761955,165100000798702;7,595960770000033;51,999876385000050;1
176515;5230420702100076646;5;5;15;0;2023;4;8;5;3;3;6;0;0;1;0;0;0;0;0;405306,282399999909103;5756050,379399999976158;7,622233261000076;51,947093048000056;1
176519;5230420610111989851;5;3;70;16;2023;4;12;5;3;5;3;0;0;1;1;0;0;0;0;297881,879999999888241;5660621,105000000447035;6,115508331000058;51,061484916000040;1
176530;5230420601300693602;5;3;15;0;2023;4;7;5;3;5;3;0;0;1;1;0;0;0;0;351382,395999999716878;5647017,817999999970198;6,883943472000055;50,955586283000059;1
176531;5230420601200064423;5;3;15;0;2023;4;17;5;3;3;5;0;0;1;1;0;0;0;0;355286,073900000192225;5641875,320299999788404;6,941528049000055;50,910365231000071;1
176534;5230420518410253524;5;1;70;16;2023;4;15;5;3;5;3;0;0;1;1;0;0;0;0;340186,368999999947846;5722375,583000000566244;6,690931581000029;51,629668586000037;1
176537;5230420516500886752;5;1;58;16;2023;4;14;5;3;4;6;0;0;1;0;0;0;0;1;354885,545099999755621;5671940,078500000759959;6,923786919000065;51,180443276000062;1
176538;5230420515111495175;5;1;54;8;2023;4;14;5;2;0;7;0;0;1;1;0;0;0;0;309732,928199999965727;5745869,466299999505281;6,238591337000059;51,831195028000081;1
176540;5230420513210085055;5;1;62;24;2023;4;6;5;2;2;3;0;0;1;1;0;0;0;0;338486,486999999731779;5674386,448999999091029;6,688252955000053;51,198026451000032;1
176541;5230420508000517057;5;1;19;0;2023;4;18;5;3;3;6;0;0;1;1;0;0;0;0;355106,524600000120699;5706320,834699999541044;6,912959643000022;51,489446573000066;1
176542;5230420508000291607;5;1;19;0;2023;4;18;5;3;5;3;0;0;1;1;0;0;0;0;352244,076299999840558;5704541,959799999371171;6,872503507000033;51,472721712000066;1
176543;5230420506100291504;5;1;16;0;2023;4;18;5;3;5;3;0;0;1;1;0;0;0;0;321739,133700000122190;5676325,448499999940395;6,447827481000047;51,210466141000040;1
176545;5230420502404570224;5;1;17;0;2023;4;18;5;3;0;2;0;0;1;1;0;0;0;0;352972,113699999637902;5702168,957599999383092;6,883965381000053;51,451588407000031;1
176550;5230420406110596808;5;7;58;12;2023;4;9;5;3;5;3;0;0;1;1;0;0;0;0;479669,912999999709427;5775181,092000000178814;8,703021217000071;52,126782731000048;1
176556;5230420316200090114;5;9;74;56;2023;4;9;5;3;1;5;0;0;1;1;0;0;0;0;421163,770700000226498;5705804,514799999073148;7,864275904000067;51,497876503000043;1
176559;5230420310110880876;5;9;54;16;2023;4;18;5;3;1;2;0;0;1;1;0;0;0;0;373253,755199999548495;5695604,074899999424815;7,178036930000076;51,397491531000071;1
176562;5230420301301494300;5;9;78;24;2023;4;16;5;3;8;1;0;0;1;0;0;0;0;1;396653,302000000141561;5715850,608699999749660;7,508338471000059;51,584227380000073;1
176566;5230419711200302817;5;5;70;4;2023;4;18;4;3;5;3;0;0;1;1;0;0;0;0;423170,552400000393391;5734240,844699999317527;7,886941367000077;51,753791036000052;1
176567;5230419711100696160;5;5;70;52;2023;4;7;4;3;4;6;0;0;1;0;0;0;0;0;431511,599100000225008;5755355,617499999701977;8,003577373000041;51,944691403000036;1
176571;5230419705000995988;5;5;54;48;2023;4;15;4;3;1;5;0;0;1;1;0;0;0;0;340828,155600000172853;5745443,023499999195337;6,689648106000050;51,837090363000073;1
176576;5230419701120481333;5;5;62;32;2023;4;16;4;3;5;3;0;0;1;1;0;0;0;0;377131,223100000061095;5715718,132200000807643;7,226745328000050;51,579118718000075;1
176580;5230419608200685780;5;3;34;2;2023;4;18;4;3;0;3;0;0;1;1;0;0;0;0;299184,762900000438094;5626052,402200000360608;6,153092975000050;50,751464605000081;1
176582;5230419608100485695;5;3;34;2;2023;4;8;4;3;3;2;0;0;1;1;0;0;0;0;294362,595999999903142;5628546,489000000059605;6,083430391000036;50,772176618000060;1
176584;5230428600380178214;5;3;14;0;2023;4;17;6;3;2;6;0;1;1;1;0;0;0;0;369539,309200000017881;5614638,789000000804663;7,153823637000073;50,668957535000061;1
176585;5230419607100890907;5;3;82;28;2023;4;18;4;3;4;5;0;0;1;1;0;0;0;0;376083,466000000014901;5642333,337999999523163;7,237041116000057;50,919321989000082;1
176588;5230502609108086515;5;3;58;8;2023;5;12;3;3;0;7;0;0;1;0;1;0;0;0;319104,165599999949336;5630549,784499999135733;6,432954404000043;50,798417494000034;1
176589;5230419606100076823;5;3;78;4;2023;4;18;4;3;0;1;0;0;1;0;0;0;0;0;369333,877500000409782;5649240,823999999091029;7,138588670000047;50,979916399000047;1
176597;5230419601700096150;5;3;16;0;2023;4;13;4;3;5;7;0;0;1;0;0;0;0;1;360723,526300000026822;5654772,660199999809265;7,013883268000029;51,027613236000036;1
176599;5230419601600093425;5;3;15;0;2023;4;10;4;3;0;3;0;0;1;1;0;0;0;0;364177,712399999611080;5639614,675699999555945;7,068768094000063;50,892208430000039;1
176600;5230505410120590734;5;7;70;32;2023;5;14;6;3;0;3;0;0;1;1;0;0;0;0;493056,062599999830127;5790087,673100000247359;8,898257871000055;52,261132841000062;1
176601;5230419601500278215;5;3;15;0;2023;4;17;4;3;0;5;0;0;1;1;0;0;0;0;360250,867999999783933;5647979,924200000241399;7,009761560000072;50,966451742000061;1
176602;5230419601400493515;5;3;15;0;2023;4;15;4;3;5;3;0;0;1;1;0;0;0;0;356096,162700000219047;5650124,876700000837445;6,949783241000034;50,984705102000078;1
176605;5230419601300587295;5;3;15;0;2023;4;17;4;3;1;1;0;0;1;1;0;0;0;0;353751,095399999991059;5646038,318600000813603;6,918039090000036;50,947389866000037;1
176606;5230419601300093557;5;3;15;0;2023;4;7;4;3;0;1;0;0;1;0;0;0;0;0;352230,658499999903142;5647941,344000000506639;6,895637511000075;50,964103670000043;1
176607;5230419601200987077;5;3;15;0;2023;4;10;4;3;1;5;0;0;1;1;0;0;0;0;353568,623999999836087;5643067,406199999153614;6,916637008000066;50,920644999000046;1
176608;5230419601200893630;5;3;15;0;2023;4;13;4;3;6;4;0;0;1;1;1;0;0;0;356364,272499999962747;5641499,045600000768900;6,957002426000031;50,907252988000039;1
176609;5230419601200381847;5;3;15;0;2023;4;10;4;3;5;3;0;0;1;1;0;0;0;0;353091,398000000044703;5644506,873999999836087;6,909272040000076;50,933459648000053;1
176611;5230419601100893407;5;3;15;0;2023;4;21;4;3;5;3;2;0;1;1;0;0;0;0;356694,813000000081956;5642506,153999999165535;6,961305159000062;50,916385959000081;1
176613;5230419601100336283;5;3;15;0;2023;4;21;4;3;0;5;2;0;1;1;0;0;0;0;356487,001000000163913;5645434,382799999788404;6,957197970000038;50,942649992000042;1
176615;5230419600340086262;5;3;82;64;2023;4;10;4;3;1;5;0;0;1;0;0;0;0;1;352752,672000000253320;5620366,899000000208616;6,914147860000071;50,716432652000037;1
176616;5230420503100878825;5;1;24;0;2023;4;17;5;3;8;7;0;0;1;0;0;0;0;0;371554,344200000166893;5684053,116800000891089;7,157789869000055;51,293297339000048;1
176619;5230419518100195955;5;1;70;48;2023;4;15;4;3;0;7;0;0;1;0;0;0;0;0;335501,689199999906123;5725759,968499999493361;6,621715713000071;51,658723068000029;1
176623;5230419506100691491;5;1;16;0;2023;4;11;4;3;0;1;0;0;1;0;0;0;0;0;323774,462299999780953;5670524,537200000137091;6,479782296000053;51,158985284000039;1
176624;5230419505100091612;5;1;14;0;2023;4;13;4;3;5;3;0;0;1;1;0;0;0;0;329257,896599999628961;5688393,429600000381470;6,549604445000057;51,321180649000041;1
176625;5230419503400467151;5;1;22;0;2023;4;18;4;3;5;3;0;0;1;1;0;0;0;0;360518,542000000365078;5667965,684499999508262;7,005868349000025;51,146128296000029;1
176627;5230419503100693682;5;1;24;0;2023;4;7;4;3;0;1;0;0;1;0;0;0;0;0;373378,628700000233948;5681054,234799999743700;7,185002979000046;51,266753339000047;1
176629;5230419500300601027;5;1;11;0;2023;4;17;4;3;3;7;0;0;1;0;0;0;0;1;352813,526200000196695;5668000,734500000253320;6,895774853000034;51,144513971000038;1
176631;5230420601500793350;5;3;15;0;2023;4;17;5;2;7;1;0;0;1;0;0;0;0;0;359614,929999999701977;5646479,414999999105930;7,001289581000037;50,952811916000030;1
176632;5230419500300041000;5;1;11;0;2023;4;8;4;3;5;3;0;0;1;1;0;0;0;0;351387,948200000450015;5671801,486199999228120;6,873839153000063;51,178299436000032;1
176635;5230419410120887170;5;7;70;32;2023;4;15;4;3;5;3;0;0;1;0;0;0;0;0;495326,643000000156462;5790270,767000000923872;8,931523703000039;52,262802936000071;1
176642;5230419316100494491;5;9;74;8;2023;4;19;4;3;5;3;0;0;1;1;0;0;0;0;442130,818699999712408;5716098,369200000539422;8,164595792000057;51,592961117000073;1
176644;5230520608200094843;5;3;34;2;2023;5;0;7;3;1;5;2;0;1;1;0;0;0;0;300462,089999999850988;5623728,351199999451637;6,172436078000032;50,731030546000056;1
176646;5230520606100781877;5;3;78;12;2023;5;12;7;3;5;2;0;0;1;0;0;0;0;0;374833,458300000056624;5653058,187500000000000;7,215575830000034;51,015449225000054;1
176647;5230520605128090626;5;3;74;28;2023;5;17;7;3;5;3;0;0;1;1;0;0;0;0;409430,514200000092387;5639821,102099999785423;7,711940918000039;50,902934809000044;1
176652;5230520601500990144;5;3;15;0;2023;5;13;7;3;4;2;0;0;1;1;0;0;0;0;360220,436499999836087;5647929,138100000098348;7,009347964000028;50,965987938000069;1
176653;5230520601400799002;5;3;15;0;2023;5;10;7;3;0;5;0;0;1;1;0;0;0;0;357343,451100000180304;5647796,604599999263883;6,968455000000063;50,964091629000052;1
176654;5230520601300199181;5;3;15;0;2023;5;16;7;3;5;3;0;0;1;1;0;0;0;0;352743,583999999798834;5644590,771999999880791;6,904291766000028;50,934124905000033;1
176655;5230520601100786351;5;3;15;0;2023;5;15;7;3;2;6;0;0;1;0;0;0;0;0;355302,852300000376999;5644919,707000000402331;6,940558497000040;50,937728752000055;1
176658;5230520600140590956;5;3;14;0;2023;5;10;7;3;5;2;0;0;1;1;0;0;0;0;367513,293999999761581;5622516,835000000894070;7,122342581000055;50,739308909000044;1
176659;5230520518310996233;5;1;70;32;2023;5;17;7;2;0;5;0;0;1;1;0;0;0;0;332261,512099999934435;5712747,103900000452995;6,581136775000061;51,540863997000031;1
176663;5230520514124990153;5;1;66;20;2023;5;13;7;3;5;3;0;0;1;1;0;0;0;0;299365,924999999813735;5677009,565999999642372;6,127533779000032;51,209190395000064;1
176669;5230520501115987945;5;1;12;0;2023;5;16;7;3;5;3;0;0;1;1;0;0;0;0;343378,531999999657273;5710629,478000000119209;6,742252269000062;51,525032089000035;1
176670;5230520500200987951;5;1;11;0;2023;5;9;7;3;5;2;0;0;1;1;0;0;0;0;347507,904699999839067;5676309,561599999666214;6,816455880000035;51,217785858000070;1
176672;5230520500100069160;5;1;11;0;2023;5;11;7;3;5;3;0;0;1;1;0;0;0;0;346609,768000000156462;5675520,634999999776483;6,803942912000025;51,210456338000029;1
176673;5230520411232076916;5;7;74;32;2023;5;13;7;3;0;5;0;0;1;1;0;0;0;0;480859,212399999611080;5733765,578999999910593;8,722699535000061;51,754460664000078;1