OID_;UIDENTSTLAE;ULAND;UREGBEZ;UKREIS;UGEMEINDE;UJAHR;UMONAT;USTUNDE;UWOCHENTAG;UKATEGORIE;UART;UTYP1;ULICHTVERH;IstStrassenzustand;IstRad;IstPKW;IstFuss;IstKrad;IstGkfz;IstSonstige;LINREFX;LINREFY;XGCSWGS84;YGCSWGS84;PLST
176675;5230520406220981431;5;7;58;24;2023;5;0;7;3;0;1;2;0;1;0;0;0;0;0;484764,581500000320375;5783036,080399999395013;8,777090085000054;52,197568046000072;1
176676;5230520404101990150;5;7;66;20;2023;5;13;7;3;6;7;0;0;1;0;1;0;0;0;491794,074000000022352;5753922,469000000506639;8,880638382000029;51,935961788000043;1
176678;5230520314110499536;5;9;66;24;2023;5;15;7;3;5;3;0;0;1;0;0;1;0;0;418207,012400000356138;5650035,791500000283122;7,834434447000035;50,996082398000055;1
176679;5230520313110989738;5;9;58;4;2023;5;5;7;3;3;6;1;0;1;1;0;0;0;0;428274,481800000183284;5699724,069099999964237;7,967929148000053;51,444158473000073;1
176682;5230520300100589633;5;9;11;0;2023;5;0;7;3;0;7;2;0;1;1;0;0;0;0;375929,234899999573827;5705418,898199999704957;7,213036128000056;51,486293198000055;1
176685;5230519705000990200;5;5;54;8;2023;5;10;6;3;5;2;0;0;1;0;0;0;1;0;336406,167000000365078;5744964,520999999716878;6,625748583000075;51,831514076000076;1
176687;5230519705000021120;5;5;54;20;2023;5;17;6;3;5;2;0;0;1;1;0;0;0;0;365408,550999999977648;5783665,676000000908971;7,031159754000043;52,187011310000059;1
176688;5230519702100768387;5;5;15;0;2023;5;19;6;2;0;1;0;0;1;0;0;0;0;0;404828,372000000439584;5757705,589800000190735;7,614823531000070;51,961889179000082;1
176689;5230519701500699283;5;5;62;24;2023;5;19;6;2;0;7;0;0;1;0;0;0;0;0;368165,927799999713898;5725754,136499999091029;7,093654569000023;51,667282396000076;1
176691;5230519701110095076;5;5;62;32;2023;5;17;6;3;5;2;0;0;1;0;0;0;0;1;375212,132799999788404;5719870,232200000435114;7,197586479000051;51,616012567000041;1
176699;5230519608320280717;5;3;34;20;2023;5;15;6;2;0;1;0;0;1;0;0;0;0;0;304176,491000000387430;5604606,997999999672174;6,235110937000059;50,560536282000044;1
176701;5230519608200573660;5;3;34;2;2023;5;10;6;3;0;1;0;0;1;0;0;0;0;0;299956,843299999833107;5626867,588700000196695;6,163581370000031;50,759053034000033;1
176702;5230519607500878580;5;3;82;56;2023;5;22;6;2;9;1;2;0;1;0;0;0;0;0;372051,891900000162423;5626330,438899999484420;7,185304989000031;50,774604716000056;1
176703;5230519607100269547;5;3;82;60;2023;5;13;6;3;1;5;0;0;1;1;0;0;0;0;374412,329699999652803;5627521,208900000900030;7,218358991000059;50,785823871000048;1
176704;5230519606100090434;5;3;78;4;2023;5;9;6;3;4;6;0;0;1;0;0;0;1;0;369936,774699999950826;5647072,311499999836087;7,147947996000028;50,960562656000036;1
176707;5230519602300673723;5;3;62;36;2023;5;19;6;3;0;1;0;0;1;0;0;0;0;0;346639,012299999594688;5651755,527799999341369;6,814459187000068;50,996916607000060;1
176709;5230519601600099174;5;3;15;0;2023;5;12;6;3;0;2;0;0;1;1;0;0;0;0;359816,494500000029802;5634973,250499999150634;7,008575106000023;50,849452726000038;1
176710;5230519601300990206;5;3;15;0;2023;5;8;6;3;6;5;0;0;1;0;0;0;0;1;352542,932300000451505;5646618,041899999603629;6,900617520000026;50,952291798000033;1
176712;5230519600310899962;5;3;14;0;2023;5;12;6;3;0;1;0;0;1;0;0;0;0;0;360935,368499999865890;5619712,961999999359250;7,030232177000073;50,712570886000037;1
176713;5230519600140799966;5;3;14;0;2023;5;17;6;3;0;1;0;0;1;0;0;0;0;0;367272,818400000222027;5622491,091700000688434;7,118945690000032;50,739022613000031;1
176714;5230519518310428508;5;1;70;32;2023;5;15;6;3;0;2;0;0;1;0;0;0;0;1;329706,952999999746680;5713511,789000000804663;6,543965027000070;51,546968584000069;1
176715;5230519518200990170;5;1;70;24;2023;5;19;6;3;5;3;0;0;1;1;0;0;0;0;336539,918999999761581;5703443,380999999120831;6,647086862000037;51,458533382000041;1
176717;5230519516300990183;5;1;58;28;2023;5;15;6;3;0;1;0;0;1;0;0;0;0;0;349803,412700000219047;5684863,752000000327826;6,845709278000072;51,295260156000040;1
176719;5230519515110987961;5;1;54;40;2023;5;16;6;3;0;6;0;0;1;1;0;0;0;0;294504,193599999882281;5740425,431299999356270;6,021108968000021;51,776919419000080;1
176724;5230519506100990207;5;1;16;0;2023;5;7;6;3;5;3;0;0;1;1;0;0;0;0;319069,708399999886751;5676018,265100000426173;6,409805616000028;51,206867360000047;1
176726;5230519506100089350;5;1;16;0;2023;5;17;6;3;2;6;0;0;1;0;0;0;0;0;319025,717699999921024;5673632,110400000587106;6,410379233000072;51,185418597000080;1
176728;5230519505200987967;5;1;14;0;2023;5;10;6;3;2;7;0;0;1;1;0;0;0;0;328585,597400000318885;5691931,107499999925494;6,538262855000028;51,352759840000033;1
176732;5230519502403878097;5;1;17;0;2023;5;22;6;3;0;1;2;0;1;0;0;0;0;0;350651,347699999809265;5702369,562000000849366;6,850505156000054;51,452783580000073;1
176735;5230519502210767154;5;1;13;0;2023;5;10;6;3;5;3;0;0;1;1;0;0;0;0;360908,719100000336766;5699580,136800000444055;6,999129661000040;51,430329685000061;1
176736;5230519502200178811;5;1;13;0;2023;5;8;6;3;0;1;0;0;1;0;0;0;0;0;361436,290900000371039;5700414,140000000596046;7,006387674000052;51,437953608000043;1
176737;5230519502136980960;5;1;13;0;2023;5;17;6;3;5;3;0;0;1;1;0;0;0;0;364523,371000000275671;5702454,798000000417233;7,049994414000025;51,457038868000041;1
176739;5230519501212987960;5;1;12;0;2023;5;19;6;3;6;4;0;0;1;0;1;0;0;0;340942,661799999885261;5697973,015499999746680;6,712863628000036;51,410638213000027;1
176742;5230519410230136410;5;7;70;4;2023;5;20;6;3;5;3;0;0;1;1;0;0;0;0;487869,032999999821186;5784767,019999999552965;8,822449136000046;52,213207289000081;1
176743;5230519406220896956;5;7;58;24;2023;5;19;6;3;0;1;0;0;1;0;0;0;0;0;478300,446000000461936;5780925,392500000074506;8,682649572000059;52,178375289000030;1
176744;5230519405220306582;5;7;54;20;2023;5;11;6;3;0;7;0;0;1;0;1;0;0;0;448349,841000000014901;5748458,794999999925494;8,249561182000036;51,884505085000058;1
176746;5230519404302742855;5;7;66;8;2023;5;17;6;3;1;7;0;0;1;0;0;0;0;1;478685,369099999777973;5769461,221300000324845;8,688997258000029;52,075320163000072;1
176749;5230519316200095367;5;9;74;52;2023;5;20;6;3;8;1;0;0;1;0;0;0;0;0;424171,749599999748170;5712271,391000000759959;7,906208262000064;51,556425567000076;1
176750;5230519316100990257;5;9;74;40;2023;5;13;6;2;4;2;0;0;1;0;0;0;0;1;438681,025600000284612;5711927,047399999573827;8,115528715000039;51,555093719000070;1
176752;5230519313110990186;5;9;58;4;2023;5;13;6;3;0;7;0;0;1;0;0;0;0;0;431044,927699999883771;5697901,565199999138713;8,008141967000029;51,428117407000059;1
176754;5230519301301987968;5;9;78;24;2023;5;9;6;3;5;3;0;0;1;1;0;0;0;0;398107,627100000157952;5718159,154999999329448;7,528651626000055;51,605242856000075;1
176756;5230519300700085223;5;9;16;0;2023;5;10;6;3;1;5;0;0;1;1;0;0;0;0;371485,790400000289083;5709628,600999999791384;7,147539582000036;51,523133577000067;1
176758;5230518711100548068;5;5;70;52;2023;5;3;5;3;1;5;2;0;1;1;0;0;0;0;430836,457399999722838;5757016,835100000724196;7,993422167000062;51,959541627000078;1
176759;5230518705000990240;5;5;54;12;2023;5;16;5;3;3;3;0;0;1;0;0;0;0;0;352498,973000000230968;5747686,153999999165535;6,857958284000063;51,860448965000046;1
176760;5230518705000591777;5;5;54;48;2023;5;18;5;3;0;1;0;0;1;1;0;0;0;0;340944,030000000260770;5744480,300000000745058;6,691770978000022;51,828474350000079;1
176761;5230518705000551912;5;5;54;20;2023;5;20;5;2;9;5;0;0;1;1;0;0;0;0;365738,739400000311434;5786059,903300000354648;7,035037941000041;52,208604794000053;1
176762;5230518705000491248;5;5;54;8;2023;5;19;5;3;5;3;0;0;1;1;0;0;0;0;335700,546000000089407;5747319,255999999120831;6,614398953000034;51,852460536000081;1
176763;5230518702100074054;5;5;15;0;2023;5;20;5;3;0;1;1;0;1;0;0;0;0;0;406512,784799999557436;5761185,594499999657273;7,638383678000025;51,993454828000040;1
176764;5230518610121980724;5;3;70;12;2023;5;11;5;3;0;7;0;0;1;0;0;0;0;0;298310,750699999742210;5652028,088700000196695;6,126399624000044;50,984460745000035;1
176765;5230518609224099604;5;3;58;24;2023;5;20;5;3;0;1;0;0;1;0;0;0;0;0;310666,317400000058115;5646621,100199999287724;6,305035580000037;50,940087687000073;1
176767;5230518607100540961;5;3;82;28;2023;5;10;5;3;6;6;0;0;1;0;1;0;0;0;377396,371700000017881;5635429,599199999123812;7,258027127000048;50,857548147000045;1
176770;5230518605112086485;5;3;74;12;2023;5;15;5;3;0;1;0;0;1;0;0;0;0;0;399845,578700000420213;5653384,561400000005960;7,571935141000040;51,023283982000066;1
176771;5230518605108790250;5;3;74;8;2023;5;20;5;2;9;1;1;0;1;0;0;0;0;0;393114,512699999846518;5650548,805299999192357;7,476829887000065;50,996580432000030;1
176772;5230519316200990200;5;9;74;52;2023;5;14;6;3;5;3;0;0;1;1;0;0;0;0;423623,597099999897182;5711759,312999999150634;7,898414170000024;51,551748039000074;1
176774;5230518601700999863;5;3;16;0;2023;5;23;5;2;0;1;2;0;1;0;0;0;0;0;358970,675999999977648;5655559,949999999254942;6,988597219000042;51,034261160000028;1
176777;5230518601600264461;5;3;15;0;2023;5;11;5;3;0;1;0;0;1;0;0;0;0;0;364264,079400000162423;5639337,018400000408292;7,070098547000043;50,889733271000068;1
176778;5230518601300990215;5;3;15;0;2023;5;22;5;2;0;1;2;0;1;0;0;0;0;0;355090,885300000198185;5647091,219000000506639;6,936679612000034;50,957190356000069;1
176779;5230518601100299166;5;3;15;0;2023;5;21;5;3;5;3;1;0;1;1;0;0;0;0;355870,923600000329316;5642777,454900000244379;6,949485113000037;50,918618927000068;1
176780;5230518601100186377;5;3;15;0;2023;5;19;5;3;0;1;2;0;1;0;0;0;0;0;356817,330900000408292;5644569,924000000581145;6,962236514000040;50,934963315000061;1
176781;5230518518400987978;5;1;70;8;2023;5;18;5;2;0;1;0;0;1;0;0;0;0;0;345955,257299999706447;5717045,583100000396371;6,776556061000065;51,583388701000047;1
176782;5230518600110990225;5;3;14;0;2023;5;19;5;2;2;6;0;0;1;0;0;0;0;0;365984,441700000315905;5623213,452299999073148;7,100434285000063;50,745219262000035;1
176784;5230518515211596750;5;1;54;16;2023;5;18;5;3;0;1;0;0;1;1;0;0;0;0;303518,869500000029802;5728588,287799999117851;6,158286971000052;51,673855295000067;1
176785;5230518515211096103;5;1;54;16;2023;5;21;5;3;6;4;1;0;1;0;1;0;0;0;303509,973100000061095;5728706,669999999925494;6,158091883000054;51,674915302000045;1
176786;5230518515110978100;5;1;54;36;2023;5;16;5;2;0;1;0;0;1;0;0;0;0;0;303820,871700000017881;5743584,271400000900030;6,154194490000066;51,808629103000044;1
176787;5230518514118589427;5;1;66;16;2023;5;13;5;3;0;7;0;0;1;1;0;0;0;0;310803,693400000222027;5687121,339900000020862;6,285738291000030;51,303917744000046;1
176788;5230518513320681393;5;1;62;4;2023;5;16;5;3;6;4;0;0;1;0;1;0;0;0;347484,720800000242889;5667744,033600000664592;6,819759323000028;51,140812437000079;1
176789;5230518513130093885;5;1;62;22;2023;5;11;5;3;5;3;0;0;1;1;0;0;0;0;334197,792700000107288;5682318,663799999281764;6,623253786000021;51,268064368000068;1
176790;5230518506100990220;5;1;16;0;2023;5;18;5;3;1;5;0;0;1;1;0;0;0;0;324579,158300000242889;5671361,546499999240041;6,490870315000052;51,166751921000071;1
176793;5230518501213976426;5;1;12;0;2023;5;19;5;3;0;6;0;0;1;0;0;0;0;0;338094,506000000052154;5699063,754699999466538;6,671447012000044;51,419631880000054;1
176794;5230518500200095105;5;1;11;0;2023;5;11;5;3;5;3;0;0;1;1;0;0;0;0;342665,862599999643862;5687805,758199999108911;6,742120239000030;51,319766803000050;1
176799;5230518404102096806;5;7;66;40;2023;5;21;5;3;0;7;1;0;1;0;0;0;0;0;486186,020999999716878;5760315,716600000858307;8,798808096000073;51,993332244000044;1
176800;5230518404101990253;5;7;66;20;2023;5;13;5;3;0;1;0;0;1;0;0;0;0;0;490698,058799999766052;5749337,772099999710917;8,864819870000076;51,894723245000080;1
176801;5230518400300155592;5;7;11;0;2023;5;23;5;3;4;1;2;0;1;1;0;0;0;0;468172,172500000335276;5756623,358100000768900;8,536796863000063;51,959395067000059;1
176806;5230518310230987975;5;9;54;12;2023;5;18;5;3;4;6;0;0;1;1;0;0;0;0;385144,423999999649823;5687487,712999999523163;7,351505553000038;51,327072120000082;1
176807;5230518307000365193;5;9;62;32;2023;5;19;5;2;8;1;0;0;1;0;0;0;0;0;407110,525799999944866;5675259,301000000908971;7,669855989000041;51,221155438000039;1
176808;5230518307000293768;5;9;62;32;2023;5;11;5;3;0;1;0;0;1;0;0;0;0;0;402359,439299999736249;5678601,984400000423193;7,600932101000069;51,250411457000041;1
176809;5230518303100990233;5;9;15;0;2023;5;16;5;3;6;1;0;0;1;0;1;0;0;0;420165,392799999564886;5725625,724999999627471;7,845387870000025;51,675924567000038;1
176810;5230518301201280497;5;9;13;0;2023;5;13;5;3;1;5;0;0;1;1;0;0;0;0;389705,954300000332296;5710270,263299999758601;7,409854315000075;51,532753400000047;1
176811;5230518300800599520;5;9;54;36;2023;5;12;5;3;3;2;0;0;1;1;0;0;0;0;384895,913999999873340;5700587,765000000596046;7,343694071000073;51,444767146000061;1
176812;5230518300800336134;5;9;54;36;2023;5;11;5;3;0;1;0;0;1;0;0;0;0;0;382859,061999999918044;5699883,744000000879169;7,314631007000060;51,438021824000032;1
176814;5230518300300999785;5;9;11;0;2023;5;18;5;3;5;7;0;0;1;1;0;0;0;0;384927,763399999588728;5704344,984999999403954;7,342929314000060;51,478543608000052;1
176816;5230517709110693617;5;5;66;8;2023;5;23;4;3;0;6;2;0;1;0;0;0;0;0;399919,036500000394881;5781379,984999999403954;7,536453846000029;52,173811018000038;1
176817;5230517709000064326;5;5;66;40;2023;5;8;4;3;5;3;0;0;1;1;0;0;0;0;421210,077200000174344;5782732,192299999296665;7,847414321000031;52,189417068000068;1
176818;5230517706000987994;5;5;58;12;2023;5;18;4;3;7;1;0;0;1;0;0;0;0;1;374370,772499999962747;5755485,155999999493361;7,172553814000025;51,935888118000037;1
176820;5230517705000990285;5;5;54;68;2023;5;15;4;3;5;3;0;0;1;0;0;0;0;0;350783,086500000208616;5768192,861099999397993;6,824155666000024;52,044236738000052;1
176821;5230517705000990278;5;5;54;48;2023;5;18;4;3;5;2;0;0;1;1;0;0;0;0;341232,197399999946356;5745520,600800000131130;6,695471978000057;51,837902311000050;1
176822;5230517705000291868;5;5;54;68;2023;5;16;4;2;5;3;0;0;1;0;0;0;0;0;350779,452999999746680;5767096,078999999910593;6,824581339000076;52,034381819000032;1
176823;5230517702100987838;5;5;15;0;2023;5;15;4;3;0;6;0;0;1;0;0;0;0;1;405154,255400000140071;5755061,714999999850988;7,620294717000036;51,938180600000067;1
176824;5230517702100176643;5;5;15;0;2023;5;17;4;3;5;3;0;0;1;0;0;0;0;0;411833,718000000342727;5752487,395999999716878;7,718091976000039;51,916138974000035;1
176825;5230517701920907138;5;5;62;28;2023;5;10;4;3;6;4;0;0;1;0;1;0;0;0;379657,351499999873340;5722186,335599999874830;7,260964103000049;51,637796197000057;1
176826;5230517701300286670;5;5;62;14;2023;5;17;4;2;0;7;0;0;1;0;1;0;0;0;361313,168600000441074;5715448,069399999454618;6,998705557000051;51,573022060000028;1
176828;5230517608332099724;5;3;34;32;2023;5;4;4;3;0;1;1;0;1;0;0;0;0;0;303880,564500000327826;5629503,895400000736117;6,217739843000061;50,784072105000064;1
176830;5230517608100875601;5;3;34;2;2023;5;17;4;3;0;1;0;0;1;0;0;0;0;0;294202,745600000023842;5628379,305600000545382;6,081259880000061;50,770618433000038;1
176831;5230517608100180802;5;3;34;2;2023;5;8;4;3;0;1;0;0;1;0;0;0;0;0;293721,238800000399351;5628698,718599999323487;6,074261253000032;50,773316125000065;1
176833;5230517606700799860;5;3;78;16;2023;5;8;4;3;5;3;0;0;1;1;0;0;0;0;360454,522199999541044;5663332,902499999850988;7,006747092000069;51,104478553000035;1
176837;5230517602800094866;5;3;62;12;2023;5;12;4;3;7;1;0;0;1;0;0;0;0;0;351993,052400000393391;5633025,786299999803305;6,898300947000052;50,830002728000068;1
176841;5230517601200886398;5;3;15;0;2023;5;14;4;3;5;3;0;0;1;1;0;0;0;0;351750,484000000171363;5643083,689999999478459;6,890781294000021;50,920327077000081;1
176842;5230519515111990212;5;1;54;8;2023;5;3;6;3;1;5;2;0;1;1;0;0;0;0;309275,395499999634922;5747076,854399999603629;6,231293911000023;51,841882224000074;1
176843;5230517601100599021;5;3;15;0;2023;5;17;4;3;4;2;0;0;1;1;0;0;0;0;356348,723699999973178;5645928,642000000923872;6,955036092000057;50,947057392000033;1
176845;5230517600380988001;5;3;14;0;2023;5;15;4;3;0;2;0;0;1;1;0;0;0;1;368585,480999999679625;5617712,954099999740720;7,139240574000041;50,696374361000039;1
176847;5230517518200191498;5;1;70;24;2023;5;17;4;2;0;7;0;0;1;0;0;0;0;0;336298,010999999940395;5702653,976999999955297;6,643973221000067;51,451371329000040;1
176848;5230517518120144473;5;1;70;44;2023;5;18;4;3;0;6;0;0;1;0;0;0;0;0;339523,357400000095367;5718819,225199999287724;6,682988709000028;51,597528893000060;1
176849;5230518405112470600;5;7;54;12;2023;5;19;5;3;6;4;0;0;1;0;1;0;0;0;455978,779199999757111;5767910,091900000348687;8,357901139000035;52,060035382000081;1
176850;5230517516900990307;5;1;58;26;2023;5;10;4;3;5;3;0;0;1;0;0;0;0;1;352975,174999999813735;5665694,443099999800324;6,899025286000040;51,123830625000039;1
176851;5230517516900990293;5;1;58;20;2023;5;15;4;3;5;3;0;0;1;1;0;0;0;0;356465,510999999940395;5663756,062999999150634;6,949638703000062;51,107296428000041;1
176854;5230517516100191207;5;1;58;32;2023;5;7;4;3;5;3;0;0;1;1;0;0;0;0;363754,022099999710917;5688610,546299999579787;7,044241803000034;51,332441027000073;1
176856;5230517515000988013;5;1;54;36;2023;5;8;4;3;0;2;0;0;1;1;0;0;0;0;302210,181699999608099;5741071,139200000092387;6,132294143000024;51,785493768000038;1
176858;5230517513210990294;5;1;62;24;2023;5;15;4;3;3;5;0;0;1;1;0;0;0;0;338861,652599999681115;5674152,891899999231100;6,693722869000055;51,196033888000045;1
176866;5230517502213295084;5;1;13;0;2023;5;23;4;3;3;6;2;0;1;1;0;0;0;0;361376,832000000402331;5700386,504000000655651;7,005543574000058;51,437690715000031;1
176867;5230517502210595172;5;1;13;0;2023;5;8;4;3;3;2;0;0;1;1;0;0;0;0;362162,169999999925494;5700694,857000000774860;7,016715364000049;51,440653334000046;1
176869;5230517502106985367;5;1;13;0;2023;5;14;4;3;0;7;0;0;1;1;0;0;0;0;363419,514999999664724;5702306,225999999791384;7,034173264000060;51,455438487000038;1
176871;5230517500300990297;5;1;11;0;2023;5;15;4;2;5;3;0;0;1;0;0;0;0;1;348607,419999999925494;5676030,195000000298023;6,832305724000037;51,215568143000041;1
176872;5230517500300057378;5;1;11;0;2023;5;14;4;3;4;6;0;0;1;0;0;0;0;0;345547,834599999710917;5675451,766400000080466;6,788781175000054;51,209551325000064;1
176873;5230517500200650580;5;1;11;0;2023;5;16;4;3;5;2;0;0;1;1;0;0;0;0;347427,418800000101328;5677196,556800000369549;6,814926801000070;51,225734553000052;1
176877;5230517500200001155;5;1;11;0;2023;5;13;4;3;3;6;0;0;1;1;0;0;0;0;345200,151399999856949;5678291,917899999767542;6,782581143000073;51,234977150000077;1
176880;5230517410110990315;5;7;70;24;2023;5;9;4;3;0;7;0;0;1;0;0;0;0;0;494033,254499999806285;5792683,425599999725819;8,912529682000070;52,284481500000027;1
176884;5230517317110990305;5;9;78;36;2023;5;14;4;2;8;1;0;0;1;0;0;0;0;0;410955,042700000107288;5710061,699100000783801;7,716169565000030;51,534630231000051;1
176886;5230517317110607743;5;9;78;36;2023;5;11;4;2;3;3;0;0;1;1;0;0;0;0;408037,584499999880791;5712166,529200000688434;7,673568137000075;51,553083340000057;1
176887;5230517310110399548;5;9;54;16;2023;5;12;4;3;0;7;0;0;1;0;0;0;0;0;374136,517599999904633;5696719,405700000002980;7,190324028000020;51,407711984000059;1
176889;5230517301301785066;5;9;78;24;2023;5;10;4;3;1;5;0;0;1;1;0;0;0;0;397452,672500000335276;5718785,706000000238419;7,519014057000049;51,610755750000067;1
176890;5230519406210987956;5;7;58;20;2023;5;21;6;3;0;1;2;0;1;0;0;0;0;0;475648,155000000260770;5783009,454800000414252;8,643711530000076;52,197001338000064;1
176892;5230517301101988012;5;9;13;0;2023;5;6;4;3;5;2;0;0;1;0;0;0;0;1;392382,121000000275671;5707149,330000000074506;7,449375216000021;51,505217689000062;1
176894;5230516709700990368;5;5;66;28;2023;5;7;3;3;5;3;0;0;1;1;0;0;0;0;416379,651999999769032;5791851,087999999523163;7,774513819000049;52,270671430000050;1
176895;5230516709500988020;5;5;66;76;2023;5;13;3;3;6;7;0;0;1;0;1;0;0;0;394122,339900000020862;5795251,239600000903010;7,447373071000072;52,297394367000038;1
176897;5230516709110990350;5;5;66;8;2023;5;9;3;3;5;3;0;0;1;1;0;0;0;0;399716,640100000426173;5781447,063400000333786;7,533475298000042;52,174377154000069;1
176899;5230516705000990364;5;5;54;8;2023;5;7;3;3;0;1;0;0;1;0;0;0;0;0;335506,337700000032783;5746240,450099999085069;6,612094905000049;51,842712023000047;1
176900;5230516705000990324;5;5;54;8;2023;5;20;3;3;0;7;1;0;1;0;0;0;0;1;334331,549100000411272;5743623,006100000813603;6,596309768000026;51,818851462000055;1
176905;5230516701610780957;5;5;62;12;2023;5;17;3;3;5;3;0;0;1;1;0;0;0;0;359684,696999999694526;5724981,874299999326468;6,971404752000069;51,658289125000067;1
176906;5230516701500299283;5;5;62;24;2023;5;6;3;3;5;3;0;0;1;1;0;0;0;0;364044,828900000080466;5725282,108200000599027;7,034283565000067;51,662058649000073;1
176910;5230516701110075335;5;5;62;32;2023;5;15;3;3;6;1;0;0;1;0;1;0;0;0;376366,320500000379980;5718109,950600000098348;7,214869358000044;51,600447265000071;1
176911;5230516608200469720;5;3;34;2;2023;5;16;3;3;1;7;0;0;1;1;0;0;0;0;296266,104100000113249;5628025,698100000619888;6,110679554000058;50,768170773000065;1
176912;5230516607500274412;5;3;82;56;2023;5;12;3;3;0;1;0;0;1;0;0;0;0;0;372911,913499999791384;5626926,550100000575185;7,197290220000070;50,780151886000056;1
176915;5230516602500567800;5;3;62;24;2023;5;7;3;3;5;3;0;0;1;1;0;0;0;0;346002,037999999709427;5642850,600999999791384;6,809156457000029;50,916727046000062;1
176917;5230516601600590336;5;3;15;0;2023;5;11;3;3;0;1;0;0;1;0;0;0;0;0;363222,528400000184774;5639345,563899999484420;7,055295595000075;50,889564385000028;1
176919;5230516601500098993;5;3;15;0;2023;5;17;3;3;4;6;0;0;1;1;0;0;0;0;362375,157300000078976;5651012,101600000634789;7,038847451000038;50,994214133000071;1
176920;5230516601500090406;5;3;15;0;2023;5;19;3;3;1;5;0;0;1;1;0;0;0;0;357732,769899999722838;5645016,345499999821186;6,975081936000038;50,939201848000039;1
176921;5230516601400990332;5;3;15;0;2023;5;16;3;3;5;3;0;0;1;1;0;0;0;0;353222,952100000344217;5651380,346999999135733;6,908369874000073;50,995262058000037;1
176922;5230516601300999051;5;3;15;0;2023;5;7;3;3;5;3;0;0;1;1;0;0;0;0;352473,530899999663234;5646713,192299999296665;6,899591587000032;50,953129109000031;1
176923;5230516601300799071;5;3;15;0;2023;5;14;3;3;0;5;0;0;1;1;0;0;0;1;353279,609400000423193;5645041,643100000917912;6,911733351000066;50,938313325000081;1
176924;5230516601100769773;5;3;15;0;2023;5;13;3;3;2;6;0;0;1;1;0;0;0;0;356554,401999999769032;5643253,678899999707937;6,959015002000058;50,923069017000046;1
176925;5230516601100190354;5;3;15;0;2023;5;3;3;3;3;1;2;1;1;0;0;0;0;0;356566,052299999631941;5643938,991100000217557;6,958911054000055;50,929230749000055;1
176927;5230516600110395527;5;3;14;0;2023;5;12;3;2;0;3;0;0;1;0;0;0;0;0;364957,399100000038743;5621466,789499999955297;7,086525412000071;50,729282482000031;1
176928;5230516518400944430;5;1;70;8;2023;5;13;3;3;5;3;0;0;1;1;0;0;0;0;341821,325199999846518;5717110,875199999660254;6,716908816000057;51,582830280000053;1
176930;5230516516500671937;5;1;58;16;2023;5;7;3;3;5;3;0;0;1;0;0;0;0;0;355643,382799999788404;5671423,777499999850988;6,934829433000061;51,175995454000031;1
176931;5230516516400379338;5;1;58;24;2023;5;18;3;2;0;1;0;0;1;0;0;1;0;0;357892,261699999682605;5678893,068099999800324;6,964021184000046;51,243681570000035;1
176932;5230516516300990326;5;1;58;28;2023;5;18;3;3;5;3;0;0;1;1;0;0;0;0;348838,470399999991059;5684865,409600000828505;6,831878875000029;51,295019701000058;1
176933;5230516516100230283;5;1;58;32;2023;5;11;3;2;2;6;0;0;1;0;0;0;0;0;364386,415099999867380;5690667,218599999323487;7,052530504000060;51,351075051000066;1
176936;5230516514121990353;5;1;66;4;2023;5;8;3;3;0;1;0;0;1;0;0;0;0;0;301596,224799999967217;5680905,945299999788404;6,157265743000039;51,244963108000036;1
176938;5230516513210988017;5;1;62;24;2023;5;17;3;2;0;1;0;0;1;0;0;0;0;0;341350,944000000134110;5672578,084000000730157;6,730016000000035;51,182580570000027;1
176939;5230516506100990361;5;1;16;0;2023;5;8;3;2;5;2;0;0;1;1;0;0;0;0;322393,636599999852479;5677827,229900000616908;6,456444356000077;51,224160990000030;1
176940;5230516505100379008;5;1;14;0;2023;5;23;3;3;0;7;2;0;1;0;0;0;0;0;329972,626400000415742;5686946,867300000041723;6,560541558000068;51,308399005000069;1
176941;5230516505100186881;5;1;14;0;2023;5;7;3;3;0;1;0;0;1;0;0;0;0;0;331368,009800000116229;5686205,889699999243021;6,580892715000061;51,302157198000032;1
176944;5230516502404095882;5;1;17;0;2023;5;7;3;3;1;5;0;0;1;1;0;0;0;0;354320,368400000035763;5703107,136800000444055;6,902969101000053;51,460367150000081;1
176946;5230516501222976348;5;1;12;0;2023;5;19;3;3;0;6;0;0;1;0;0;0;0;0;340805,712700000032783;5700849,792999999597669;6,709603750000042;51,436446649000061;1
176948;5230516500300901077;5;1;11;0;2023;5;15;3;3;5;5;0;0;1;0;0;0;0;1;348826,478199999779463;5670350,035000000149012;6,837830781000036;51,164585452000040;1
176951;5230516500300501484;5;1;11;0;2023;5;17;3;2;1;5;0;0;1;0;0;0;0;1;347910,850200000219047;5671955,010700000450015;6,824066099000049;51,178764656000055;1
176953;5230516500200050580;5;1;11;0;2023;5;7;3;3;5;3;0;0;1;1;0;0;0;0;347331,842000000178814;5676443,304800000041723;6,813879849000045;51,218940573000054;1
176958;5230516407315990325;5;7;62;36;2023;5;19;3;3;5;2;0;0;1;1;0;0;0;0;502247,289900000207126;5708610,240100000053644;9,032396036000023;51,528598803000079;1
176960;5230519701910077767;5;5;62;8;2023;5;16;6;3;5;2;0;0;1;1;0;0;0;0;385801,452700000256300;5723619,207299999892712;7,349242199000059;51,651955566000026;1