OID_;UIDENTSTLAE;ULAND;UREGBEZ;UKREIS;UGEMEINDE;UJAHR;UMONAT;USTUNDE;UWOCHENTAG;UKATEGORIE;UART;UTYP1;ULICHTVERH;IstStrassenzustand;IstRad;IstPKW;IstFuss;IstKrad;IstGkfz;IstSonstige;LINREFX;LINREFY;XGCSWGS84;YGCSWGS84;PLST
176962;5230516405244990336;5;7;54;44;2023;5;14;3;3;3;2;0;0;1;0;0;0;0;0;463315,376500000245869;5746982,521999999880791;8,467144104000056;51,872417978000044;1
176963;5230516405104070600;5;7;54;4;2023;5;7;3;3;5;2;0;0;1;1;0;0;0;0;452584,189899999648333;5772474,661399999633431;8,307756459000075;52,100791541000035;1
176965;5230516404301990344;5;7;66;44;2023;5;12;3;3;1;5;0;0;1;1;0;0;0;0;492806,623800000175834;5762911,011800000444055;8,895178255000076;52,016791606000027;1
176966;5230516404101690764;5;7;66;64;2023;5;12;3;2;5;3;0;0;1;1;0;0;0;0;488674,014000000432134;5739709,239000000059605;8,835721136000075;51,808114201000080;1
176969;5230516317110990341;5;9;78;36;2023;5;13;3;3;5;3;0;0;1;1;0;0;0;0;408123,835300000384450;5709677,722500000149012;7,675461594000069;51,530724870000029;1
176970;5230516313110093780;5;9;58;4;2023;5;16;3;3;3;6;0;0;1;1;0;0;0;0;427747,111999999731779;5700693,724999999627471;7,960144051000043;51,452808956000069;1
176971;5230516313110085014;5;9;58;4;2023;5;15;3;2;0;1;0;0;1;0;0;0;0;0;427291,016900000162423;5701037,424399999901652;7,953510496000035;51,455840523000063;1
176973;5230516307000285514;5;9;62;32;2023;5;8;3;3;2;6;0;1;1;0;0;0;1;0;406065,526399999856949;5674735,438500000163913;7,655033625000044;51,216275076000045;1
176975;5230516301304988030;5;9;13;0;2023;5;7;3;3;0;7;0;0;1;0;1;0;0;0;400194,189000000245869;5710383,721999999135733;7,560980485000073;51,535724931000061;1
176976;5230516301101990340;5;9;13;0;2023;5;14;3;3;1;5;0;0;1;1;0;0;0;0;392397,428500000387430;5706997,719200000166893;7,449641945000053;51,503857861000029;1
176979;5230515711200676705;5;5;70;4;2023;5;16;2;3;5;3;0;0;1;0;0;0;0;1;423662,225999999791384;5736484,059299999848008;7,893570102000069;51,774023964000037;1
176980;5230515709300990407;5;5;66;84;2023;5;15;2;3;1;1;0;0;1;1;0;0;0;0;386254,105999999679625;5778215,240199999883771;7,337768842000060;52,142722094000078;1
176981;5230515709110990395;5;5;66;8;2023;5;16;2;2;5;3;0;0;1;1;0;0;0;0;398829,105999999679625;5780887,400000000372529;7,520667719000073;52,169185047000042;1
176982;5230515706200303157;5;5;58;12;2023;5;13;2;3;5;3;0;0;1;1;0;0;0;0;373918,139000000432134;5756952,903000000864267;7,165435126000034;51,948975570000073;1
176983;5230515706000586168;5;5;58;16;2023;5;14;2;3;0;3;0;0;1;1;0;0;0;0;383179,019799999892712;5743856,222699999809265;7,304556159000072;51,833295504000034;1
176984;5230515705000291841;5;5;54;44;2023;5;11;2;3;0;3;0;0;1;1;0;0;0;0;366463,809000000357628;5743723,365499999374151;7,062156957000070;51,828355858000066;1
176985;5230515702100839948;5;5;15;0;2023;5;18;2;3;1;7;0;0;1;1;0;0;0;0;408165,172600000165403;5759681,727299999445677;7,662845809000032;51,980212986000026;1
176986;5230515702100588887;5;5;15;0;2023;5;12;2;3;5;2;0;0;1;0;0;0;0;0;405759,017400000244379;5758387,493599999696016;7,628177262000065;51,968176956000036;1
176987;5230515702100542667;5;5;15;0;2023;5;11;2;3;5;3;0;0;1;1;0;0;0;0;407613,858000000007451;5751432,072000000625849;7,657037461000073;51,905968984000026;1
176989;5230515701930685484;5;5;62;36;2023;5;9;2;3;2;6;0;0;1;0;0;0;0;1;388983,461799999698997;5720509,510299999266863;7,396205384000041;51,624643043000049;1
176994;5230515608200233184;5;3;34;2;2023;5;9;2;3;5;3;0;0;1;1;0;0;0;0;297185,787200000137091;5629190,969900000840425;6,123062288000028;50,778958866000039;1
176995;5230515608100373715;5;3;34;2;2023;5;23;2;3;3;6;2;1;1;1;0;0;0;0;294781,344999999739230;5628963,614000000059605;6,089128634000076;50,776071192000074;1
176999;5230515602900999640;5;3;62;40;2023;5;10;2;3;0;7;0;0;1;0;0;0;0;0;357212,413499999791384;5631423,440199999138713;6,972989296000037;50,816913227000043;1
177000;5230515601400455655;5;3;15;0;2023;5;12;2;3;5;2;0;0;1;1;0;0;0;0;353175,604899999685585;5650716,109899999573827;6,907964134000053;50,989280806000068;1
177001;5230515601300699164;5;3;15;0;2023;5;15;2;3;0;6;0;0;1;1;0;0;0;0;347938,457799999974668;5645541,767000000923872;6,835561147000021;50,941423859000054;1
177002;5230515601200378241;5;3;15;0;2023;5;12;2;3;3;2;0;0;1;1;0;0;0;0;353707,083200000226498;5642109,642999999225140;6,918989630000056;50,912072998000042;1
177004;5230515600310369522;5;3;14;0;2023;5;13;2;2;0;7;0;0;1;0;0;0;0;0;362283,330799999646842;5619878,392200000584126;7,049251665000043;50,714378656000065;1
177007;5230515516800958550;5;1;58;20;2023;5;14;2;3;5;2;0;0;1;1;0;0;0;0;358300,298299999907613;5665349,637900000438094;6,975204592000068;51,122073927000031;1
177008;5230515516500781934;5;1;58;16;2023;5;15;2;3;1;5;0;0;1;1;0;0;0;0;354772,091400000266731;5672052,307099999859929;6,922119475000045;51,181422987000076;1
177009;5230515516500586752;5;1;58;16;2023;5;7;2;3;5;3;0;0;1;1;0;0;0;0;353780,973199999891222;5670955,899499999359250;6,908394958000031;51,171317788000067;1
177011;5230515516300990386;5;1;58;24;2023;5;18;2;2;8;6;0;0;1;1;0;0;0;0;356371,001600000075996;5681505,432900000363588;6,941192434000072;51,266776054000047;1
177014;5230515513210990411;5;1;62;24;2023;5;11;2;3;1;1;0;0;1;1;0;0;0;0;338784,762900000438094;5673968,427999999374151;6,692706173000033;51,194354810000050;1
177015;5230515513210071997;5;1;62;24;2023;5;17;2;3;0;3;0;0;1;1;0;0;0;0;338165,631900000385940;5675736,332800000905991;6,683055834000072;51,210064138000064;1
177017;5230515506100990397;5;1;16;0;2023;5;17;2;3;3;7;0;0;1;1;0;0;0;0;321248,052899999544024;5676688,311300000175834;6,440623342000038;51,213572330000034;1
177019;5230515505100174035;5;1;14;0;2023;5;6;2;3;5;3;0;0;1;1;0;0;0;0;326925,934899999760091;5689291,236700000241399;6,515734983000073;51,328541490000077;1
177020;5230515503200978714;5;1;24;0;2023;5;14;2;2;0;1;0;0;1;0;0;0;0;0;373947,848199999891222;5676840,557499999180436;7,194641730000058;51,229008479000072;1
177025;5230515500300541000;5;1;11;0;2023;5;9;2;3;2;6;0;0;1;1;0;0;0;1;347341,656999999657273;5673494,528999999165535;6,815274796000040;51,192446574000030;1
177026;5230515500200990403;5;1;11;0;2023;5;15;2;3;6;7;0;0;1;0;1;0;0;0;346634,157100000418723;5677211,276699999347329;6,803568709000047;51,225654237000072;1
177028;5230516410230787062;5;7;70;4;2023;5;18;3;3;5;3;0;0;1;1;0;0;0;0;486946,463000000454485;5782742,783999999985099;8,809024359000034;52,194987117000039;1
177029;5230515411132990423;5;7;74;32;2023;5;9;2;2;5;2;0;0;1;1;0;0;0;0;480186,498999999836087;5730996,482000000774860;8,713111519000051;51,729539648000070;1
177030;5230515411132990418;5;7;74;32;2023;5;13;2;3;5;3;0;0;1;1;0;0;0;0;482452,458999999798834;5729964,567999999970198;8,745972995000045;51,720336919000033;1
177031;5230515405220990382;5;7;54;20;2023;5;18;2;3;5;3;0;0;1;0;0;0;0;0;447506,320100000128150;5748095,434499999508262;8,237361891000035;51,881159560000071;1
177032;5230515405108706298;5;7;54;8;2023;5;15;2;2;5;3;0;0;1;0;0;0;0;1;459028,286000000312924;5750044,066999999806285;8,404512550000049;51,899644786000067;1
177033;5230515405108094428;5;7;54;8;2023;5;12;2;3;0;5;0;0;1;1;0;0;0;0;456889,027499999850988;5749568,485500000417233;8,373481763000029;51,895207618000029;1
177034;5230515400200990398;5;7;11;0;2023;5;19;2;3;0;5;0;0;1;1;0;0;0;0;468925,507100000046194;5763376,904300000518560;8,547148007000033;52,020156745000065;1
177038;5230515317110988042;5;9;78;36;2023;5;12;2;3;5;3;0;0;1;1;0;0;0;0;409127,741799999959767;5712144,348300000652671;7,689293439000039;51,553060609000056;1
177040;5230515316200746640;5;9;74;52;2023;5;10;2;3;3;6;0;0;1;0;0;0;0;1;425456,810600000433624;5712080,362999999895692;7,924781699000050;51,554879507000066;1
177042;5230515315220990400;5;9;70;4;2023;5;17;2;2;5;3;0;0;1;1;0;0;0;0;458086,612999999895692;5656785,798800000920892;8,401896821000037;51,061065495000037;1
177053;5230516500200990330;5;1;11;0;2023;5;18;3;3;5;3;0;0;1;1;0;0;0;0;348134,660799999721348;5678509,580399999395013;6,824491208000040;51,237721532000080;1
177054;5230514709300990456;5;5;66;36;2023;5;10;1;3;0;1;0;0;1;0;0;0;0;0;386705,626699999906123;5768427,797199999913573;7,347618453000052;52,054854572000067;1
177055;5230514705000781394;5;5;54;20;2023;5;12;1;3;0;3;0;0;1;1;0;0;0;0;364766,559999999590218;5786340,207000000402331;7,020706945000029;52,210885706000056;1
177056;5230514705000310936;5;5;54;56;2023;5;0;1;3;8;1;2;0;1;0;0;0;0;0;357262,250699999742210;5762134,649900000542402;6,921090124000045;51,991509801000063;1
177059;5230514610112689925;5;3;70;12;2023;5;17;1;3;0;7;0;0;1;0;0;0;0;0;303965,850999999791384;5653120,869999999180436;6,206278046000023;50,996229071000073;1
177060;5230514609140469684;5;3;58;40;2023;5;1;1;3;0;1;2;0;1;0;0;0;0;0;325495,634499999694526;5634654,555999999865890;6,521609509000029;50,837256019000051;1
177062;5230514609108065730;5;3;58;8;2023;5;14;1;3;0;5;0;0;1;1;0;0;0;0;319440,463499999605119;5628050,238700000569224;6,438949572000070;50,776066858000036;1
177064;5230514605140999084;5;3;74;40;2023;5;17;1;2;8;1;0;0;1;0;0;0;0;0;405785,205699999816716;5640611,045399999246001;7,659909103000075;50,909453165000059;1
177066;5230514518200096071;5;1;70;24;2023;5;19;1;3;5;3;0;0;1;0;0;0;0;0;336351,631099999882281;5701593,913200000301003;6,645234410000057;51,441862994000076;1
177068;5230514513320646600;5;1;62;4;2023;5;19;1;3;1;1;0;0;1;1;0;0;0;0;349789,287999999709427;5663530,987099999561906;6,854433916000062;51,103563298000040;1
177069;5230514513210273874;5;1;62;24;2023;5;17;1;3;5;2;0;0;1;1;0;0;0;0;338841,263700000010431;5674119,724999999627471;6,693446196000025;51,195730136000066;1
177070;5230514513130990454;5;1;62;22;2023;5;11;1;3;7;7;0;0;1;0;0;0;0;0;333410,748100000433624;5682847,041099999099970;6,611735922000037;51,272581960000082;1
177076;5230514502319481143;5;1;13;0;2023;5;7;1;3;5;2;0;0;1;1;0;0;0;0;356758,646499999798834;5706527,539300000295043;6,936656177000032;51,491724922000060;1
177078;5230514500300076015;5;1;11;0;2023;5;16;1;3;5;3;0;0;1;1;0;0;0;0;347026,318900000303984;5674913,809699999168515;6,810160639000060;51,205115371000034;1
177080;5230518700000790482;5;5;13;0;2023;5;20;5;3;0;1;0;0;1;0;0;0;0;0;362097,046199999749660;5711105,411599999293685;7,011712541000065;51,534190259000070;1
177083;5230514411108737612;5;7;74;8;2023;5;17;1;3;5;2;0;0;1;1;0;0;0;0;488456,978000000119209;5738344,881999999284744;8,832618564000029;51,795842521000054;1
177088;5230515609108089815;5;3;58;8;2023;5;17;2;3;0;5;0;0;1;1;0;0;0;0;322266,620000000111759;5632530,887000000104308;6,476825958000063;50,817194323000081;1
177090;5230514301101555766;5;9;13;0;2023;5;17;1;2;3;7;0;0;1;0;0;0;0;0;392411,395299999974668;5706860,377499999478459;7,449884996000037;51,502626034000059;1
177092;5230514300300988032;5;9;11;0;2023;5;12;1;3;0;1;0;0;1;0;0;0;0;0;379444,800800000317395;5707495,476900000125170;7,262935206000066;51,505717041000082;1
177095;5230513705000181025;5;5;54;8;2023;5;0;7;2;8;1;2;0;1;0;0;0;0;0;334216,275399999693036;5743234,445699999108911;6,594824803000051;51,815326723000055;1
177096;5230513702100970611;5;5;15;0;2023;5;8;7;2;0;1;0;0;1;0;0;0;0;0;410386,620000000111759;5754207,732000000774860;7,696609620000061;51,931371653000042;1
177097;5230513702100872392;5;5;15;0;2023;5;14;7;3;3;2;0;0;1;1;0;0;0;0;407192,545800000429153;5751409,016400000080466;7,650921135000033;51,905691717000082;1
177098;5230513702100364312;5;5;15;0;2023;5;14;7;2;0;1;0;0;1;0;0;0;0;0;406856,117700000293553;5757338,251299999654293;7,644426964000047;51,958930773000077;1
177099;5230513702100087235;5;5;15;0;2023;5;9;7;2;0;4;0;0;1;0;1;0;0;0;405594,481599999591708;5756063,088899999856949;7,626421683000046;51,947256272000061;1
177100;5230513700000189437;5;5;13;0;2023;5;10;7;3;3;6;0;0;1;1;0;0;0;0;367591,972000000067055;5714192,968000000342727;7,089728074000050;51,563252570000031;1
177102;5230515706100981061;5;5;58;16;2023;5;17;2;3;0;3;0;0;1;1;0;0;0;0;381779,719800000078976;5743229,387299999594688;7,284471745000076;51,827367604000074;1
177110;5230515606100199108;5;3;78;4;2023;5;20;2;3;0;1;1;0;1;0;0;0;0;0;368719,708800000138581;5650596,531899999827147;7,129354650000039;50,991961425000056;1
177111;5230513602250099737;5;3;62;16;2023;5;11;7;3;0;7;0;0;1;0;0;0;0;0;330337,977900000289083;5644249,586699999868870;6,585863483000026;50,924904387000026;1
177118;5230513601100699814;5;3;15;0;2023;5;17;7;3;0;5;0;0;1;1;0;0;0;0;356354,755499999970198;5645931,642699999734759;6,955120716000067;50,947085861000062;1
177121;5230517606100572571;5;3;78;20;2023;5;18;4;2;5;3;0;0;1;1;0;0;0;0;373198,273000000044703;5653843,584899999201298;7,192001712000035;51,022150130000057;1
177124;5230513518200990474;5;1;70;24;2023;5;17;7;3;0;3;0;0;1;1;0;0;0;0;333290,027999999932945;5706449,711999999359250;6,598932101000059;51,484594213000037;1
177125;5230513516700567818;5;1;58;8;2023;5;15;7;3;0;1;0;0;1;0;0;0;0;0;359666,400399999693036;5672764,941500000655651;6,991820594000046;51,189049586000067;1
177128;5230513515212017930;5;1;54;32;2023;5;9;7;3;5;2;0;0;1;1;0;0;0;0;309066,273000000044703;5717943,085999999195337;6,244220472000052;51,580162314000063;1
177131;5230513513340076527;5;1;62;28;2023;5;17;7;3;0;3;0;1;1;1;0;0;0;0;337994,390999999828637;5663805,267000000923872;6,685977746000049;51,102816148000045;1
177132;5230513513210095672;5;1;62;24;2023;5;9;7;3;5;3;0;0;1;1;0;0;0;0;337105,845499999821186;5675762,560900000855327;6,667884649000030;51,209998516000041;1
177133;5230513505200595978;5;1;14;0;2023;5;16;7;3;0;1;0;1;1;0;0;0;0;0;331907,268400000408292;5690080,464999999850988;6,586794393000048;51,337125979000064;1
177135;5230513502102091218;5;1;13;0;2023;5;12;7;3;5;2;0;0;1;0;0;1;0;0;362598,062699999660254;5702335,331000000238419;7,022346201000062;51,455501271000060;1
177139;5230513500200990475;5;1;11;0;2023;5;15;7;3;4;2;0;0;1;1;0;0;0;0;343832,469999999739230;5679842,216000000014901;6,762329743000066;51,248534328000062;1
177144;5230513407220096881;5;7;62;32;2023;5;19;7;3;0;1;0;0;1;0;0;0;0;0;506159,070000000298023;5746457,646900000050664;9,089455129000044;51,868871266000042;1
177145;5230513405228990467;5;7;54;28;2023;5;21;7;3;0;7;0;0;1;0;0;0;0;0;453204,679200000129640;5742940,514000000432134;8,320840231000034;51,835321418000035;1
177146;5230513405116478030;5;7;54;16;2023;5;4;7;3;5;3;1;0;1;1;0;0;0;0;450327,957999999634922;5756198,868000000715256;8,277182555000024;51,954270945000076;1
177148;5230513400200988067;5;7;11;0;2023;5;11;7;3;3;2;0;0;1;0;0;0;0;0;467956,433400000445545;5763070,719499999657273;8,533054752000055;52,017348824000067;1
177150;5230513315120276000;5;9;70;16;2023;5;11;7;3;2;6;0;0;1;1;0;0;0;0;420221,536000000312924;5639036,489000000059605;7,865545544000042;50,897472551000078;1
177156;5230512711300681008;5;5;70;48;2023;5;17;6;3;2;6;0;0;1;1;0;0;0;0;447985,796000000089407;5732038,631999999284744;8,246737479000046;51,736846269000068;1
177157;5230512709000990548;5;5;66;76;2023;5;9;6;3;5;3;0;0;1;1;0;0;0;0;392919,525200000032783;5792290,748999999836087;7,430682200000035;52,270554866000055;1
177159;5230512705000990535;5;5;54;8;2023;5;13;6;3;3;6;0;0;1;1;0;0;0;0;335322,406399999745190;5745518,969699999317527;6,609770762000039;51,836176485000067;1
177160;5230512705000990523;5;5;54;56;2023;5;16;6;3;0;1;0;0;1;0;0;0;0;0;356453,406600000336766;5761911,699599999934435;6,909411462000037;51,989298148000046;1
177161;5230512705000782336;5;5;54;8;2023;5;23;6;2;1;5;2;0;1;0;0;0;0;1;335586,234799999743700;5746110,594100000336766;6,613315383000042;51,841569005000053;1
177163;5230512702100556497;5;5;15;0;2023;5;18;6;3;5;7;0;0;1;1;0;0;0;0;405683,970800000242889;5751651,669399999082088;7,628932312000074;51,907619448000048;1
177164;5230520317130987952;5;9;78;12;2023;5;1;7;2;8;1;2;0;1;0;0;0;0;0;414007,553999999538064;5703322,694000000134110;7,761811925000075;51,474522419000039;1
177167;5230512701610351417;5;5;62;12;2023;5;9;6;3;5;3;0;0;1;1;0;0;0;0;358010,230499999597669;5727175,487800000235438;6,946321505000071;51,677579759000082;1
177168;5230512701500955785;5;5;62;24;2023;5;13;6;3;5;3;0;0;1;1;0;0;0;0;368753,227699999697506;5723441,989600000903010;7,103010014000063;51,646641660000057;1
177170;5230512701110381136;5;5;62;32;2023;5;12;6;3;5;2;0;0;1;0;0;0;0;1;375283,863099999725819;5718493,141100000590086;7,199111908000020;51,603652393000061;1
177173;5230512609108065738;5;3;58;8;2023;5;8;6;3;0;1;0;1;1;0;0;0;0;0;320176,447999999858439;5632487,267999999225140;6,447205685000029;50,816157281000073;1
177176;5230512608200399596;5;3;34;2;2023;5;7;6;3;0;1;0;1;1;0;0;0;0;0;296438,083599999547005;5628644,498199999332428;6,112772850000056;50,773788842000044;1
177177;5230512608100569708;5;3;34;2;2023;5;11;6;3;5;3;0;0;1;0;0;0;0;1;293758,085400000214577;5627706,947599999606609;6,075339039000028;50,764422001000071;1
177179;5230512607100989950;5;3;82;28;2023;5;14;6;3;5;2;0;0;1;1;0;0;0;0;373607,627700000070035;5632015,502800000831485;7,205401700000039;50,826045458000067;1
177182;5230512601700595391;5;3;16;0;2023;5;18;6;3;0;7;0;0;1;1;0;0;0;0;362573,154099999926984;5655591,947699999436736;7,039932113000020;51,035421510000049;1
177184;5230512601500490247;5;3;15;0;2023;5;11;6;3;6;6;0;0;1;0;1;0;0;0;359979,228600000031292;5647187,950200000777841;7,006200294000053;50,959268226000063;1
177187;5230512601300584967;5;3;15;0;2023;5;13;6;3;5;3;0;0;1;1;0;0;0;0;354189,862599999643862;5646580,191600000485778;6,924063879000073;50,952370648000056;1
177188;5230512601300045698;5;3;15;0;2023;5;9;6;3;5;3;0;1;1;1;0;0;0;0;354648,680800000205636;5646229,242900000885129;6,930731732000027;50,949332666000032;1
177189;5230512601200399870;5;3;15;0;2023;5;18;6;3;2;2;0;0;1;1;0;0;0;0;355289,788999999873340;5641931,039000000804663;6,941558763000046;50,910866897000062;1
177190;5230512601100990198;5;3;15;0;2023;5;20;6;3;5;2;0;0;1;0;0;0;0;0;355431,081000000238419;5643263,142899999395013;6,943039286000044;50,922873693000042;1
177194;5230512516900990507;5;1;58;26;2023;5;22;6;3;0;7;2;0;1;0;0;0;0;0;353475,063199999742210;5664800,979599999263883;6,906526591000045;51,115929766000079;1
177195;5230512516100540715;5;1;58;36;2023;5;11;6;3;0;1;0;0;1;0;0;0;0;1;361500,481999999843538;5682744,440999999642372;7,014191112000049;51,279180174000032;1
177196;5230512515210990524;5;1;54;52;2023;5;17;6;3;5;3;0;0;1;0;0;0;0;0;308609,664499999955297;5696763,054199999198318;6,249116898000068;51,389782498000045;1
177198;5230512515111988078;5;1;54;44;2023;5;16;6;3;0;5;0;0;1;1;0;0;0;0;320369,957100000232458;5737248,194199999794364;6,397257341000056;51,757280528000081;1
177201;5230512515110990555;5;1;54;36;2023;5;8;6;3;1;5;0;0;1;1;0;0;0;0;301478,424300000071526;5740445,828099999576807;6,122056587000031;51,779619406000052;1
177202;5230512514110089857;5;1;66;32;2023;5;13;6;3;0;1;0;0;1;0;0;0;0;0;318677,505599999800324;5680220,056299999356270;6,402071522000028;51,244487302000039;1
177204;5230512508000577781;5;1;19;0;2023;5;14;6;3;5;3;0;0;1;1;0;0;0;0;351040,529000000096858;5708952,889000000432134;6,853325444000063;51,512040230000082;1
177207;5230512505200990540;5;1;14;0;2023;5;10;6;3;5;3;0;1;1;1;0;0;0;0;331916,923999999649823;5690993,347999999299645;6,586501945000066;51,345330165000064;1
177210;5230512503200195708;5;1;24;0;2023;5;14;6;3;0;3;0;0;1;1;0;0;0;0;375799,961099999956787;5681028,919399999082088;7,219701119000035;51,267058606000035;1
177213;5230512502210379006;5;1;13;0;2023;5;16;6;2;0;1;0;1;1;0;0;0;0;0;360244,510700000450015;5698919,205800000578165;6,989841850000062;51,424226935000036;1
177214;5230512502105394941;5;1;13;0;2023;5;7;6;3;2;6;0;0;1;1;0;0;0;0;362075,970999999903142;5700774,913000000640750;7,015444695000042;51,441351769000050;1
177219;5230512500100069282;5;1;11;0;2023;5;2;6;3;0;1;2;1;1;0;0;0;0;0;344092,058899999596179;5676716,661000000312924;6,767406531000063;51,220521295000026;1
177222;5230512407201988073;5;7;62;4;2023;5;18;6;3;0;3;0;0;1;1;0;0;0;0;501454,987300000153482;5730686,406300000846386;9,021066253000072;51,727099917000032;1
177223;5230512406210990511;5;7;58;4;2023;5;17;6;3;5;2;0;0;1;1;0;0;0;0;471009,399000000208616;5783217,114000000059605;8,575826616000029;52,198643853000078;1
177224;5230512406110290710;5;7;58;12;2023;5;18;6;2;0;1;0;0;1;0;0;0;0;0;476610,775399999693036;5773851,391499999910593;8,658426009000038;52,114706910000052;1
177227;5230512404101870346;5;7;66;20;2023;5;15;6;3;0;1;0;0;1;0;0;0;0;0;484820,583800000138581;5753602,355000000447035;8,779218261000040;51,932937111000058;1
177228;5230512400200574613;5;7;11;0;2023;5;14;6;3;0;1;0;0;1;1;0;0;0;0;472343,717199999839067;5761318,591199999675155;8,597126770000045;52,001831964000075;1
177232;5230512316300076617;5;9;74;28;2023;5;14;6;3;4;3;0;0;1;1;0;0;0;0;455468,899000000208616;5722855,369999999180436;8,356271236000055;51,654925448000029;1
177238;5230512300200095202;5;9;11;0;2023;5;15;6;3;4;2;0;0;1;1;0;0;0;0;373142,352300000376999;5707231,903300000354648;7,172267279000039;51,501968675000057;1
177239;5230511711200587238;5;5;70;4;2023;5;14;5;3;0;5;0;1;1;1;0;0;0;0;425464,281000000424683;5734887,477900000289083;7,920026384000039;51,759914033000030;1
177241;5230511706300990588;5;5;58;36;2023;5;12;5;3;5;3;0;0;1;1;0;0;0;0;387189,034400000236928;5729927,924200000241399;7,367252558000075;51,708937212000080;1
177242;5230511706100076632;5;5;58;16;2023;5;17;5;3;5;2;0;1;1;1;0;0;0;0;381204,866000000387430;5743864,958000000566244;7,275915797000039;51,832957631000056;1
177243;5230511705000990585;5;5;54;40;2023;5;13;5;3;5;3;0;0;1;1;0;0;0;0;350655,826700000092387;5737787,985899999737740;6,835479373000055;51,771025615000042;1
177245;5230511705000931360;5;5;54;68;2023;5;12;5;3;0;7;0;0;1;0;0;0;0;0;351404,013000000268221;5767647,504100000485778;6,833439870000063;52,039503777000050;1
177246;5230511705000720881;5;5;54;20;2023;5;16;5;3;5;2;0;1;1;1;0;0;0;0;365934,098000000230968;5785982,463999999687076;7,037925929000039;52,207956531000036;1
177247;5230511705000277676;5;5;54;8;2023;5;5;5;3;4;2;1;1;1;0;0;0;0;0;334950,315100000239909;5746053,521700000390410;6,604120088000059;51,840868721000049;1
177248;5230512518310295931;5;1;70;32;2023;5;14;6;3;3;3;0;0;1;1;0;0;0;0;329712,304499999620020;5713511,454800000414252;6,544042294000064;51,546967196000026;1
177249;5230511705000089360;5;5;54;4;2023;5;17;5;2;0;7;0;1;1;0;0;0;0;0;362792,137199999764562;5771161,448799999430776;6,997955474000037;52,074013022000031;1
177250;5230513410110090671;5;7;70;24;2023;5;21;7;3;0;1;1;0;1;0;0;0;0;0;492310,501400000415742;5793308,052100000903010;8,887260542000035;52,290075800000068;1
177251;5230511702100479188;5;5;15;0;2023;5;21;5;3;5;3;2;1;1;0;0;0;0;0;407853,066999999806285;5756810,732999999076128;7,659073272000057;51,954355256000042;1
177253;5230511702100150184;5;5;15;0;2023;5;16;5;3;6;4;0;0;1;0;1;0;0;0;402590,677799999713898;5754373,863199999555945;7,583209716000056;51,931555113000059;1
177254;5230511702100095613;5;5;15;0;2023;5;19;5;3;5;3;0;1;1;0;0;0;0;1;407383,552000000141561;5751281,892000000923872;7,653731001000040;51,904580832000079;1
177255;5230511701800849718;5;5;62;4;2023;5;7;5;3;5;3;0;0;1;1;0;0;0;0;384922,124400000087917;5714732,738700000569224;7,339454690000025;51,571906727000055;1
177256;5230511701300773594;5;5;62;14;2023;5;15;5;3;0;1;0;1;1;0;0;0;0;0;360097,925300000235438;5717135,613099999725819;6,980508578000070;51,587886105000052;1
177257;5230511701300673594;5;5;62;14;2023;5;17;5;3;4;6;0;0;1;1;0;0;0;0;360205,514899999834597;5717780,838899999856949;6,981803590000027;51,593710810000061;1
177259;5230511701120976673;5;5;62;32;2023;5;15;5;3;6;4;0;1;1;0;1;0;0;0;378122,982699999585748;5716835,437999999150634;7,240663332000054;51,589375666000080;1
177264;5230511610221826494;5;3;70;20;2023;5;13;5;2;4;3;0;0;1;1;0;0;0;0;305406,262000000104308;5659475,564999999478459;6,223369466000065;51,053795154000056;1
177270;5230511607500195371;5;3;82;56;2023;5;17;5;3;4;2;0;1;1;1;0;0;0;0;372123,508999999612570;5627029,528999999165535;7,186077061000049;50,780904166000028;1
177273;5230511603116023664;5;3;66;16;2023;5;7;5;3;5;3;0;0;1;1;0;0;0;0;343844,703999999910593;5612909,799000000581145;6,791207624000037;50,647095964000073;1
177274;5230511700000570107;5;5;13;0;2023;5;12;5;3;5;3;0;0;1;1;0;0;0;0;369076,827600000426173;5708909,541099999099970;7,113102955000045;51,516118229000028;1
177276;5230511601700595761;5;3;16;0;2023;5;5;5;2;7;1;2;1;1;0;0;0;0;0;362872,183799999766052;5656594,583300000056624;7,043814843000064;51,044503824000060;1
177279;5230511601300898995;5;3;15;0;2023;5;13;5;3;3;6;0;0;1;1;0;0;0;0;350247,505900000222027;5644450,993799999356270;6,868851834000054;50,932226100000037;1
177280;5230511601200990564;5;3;15;0;2023;5;8;5;3;0;1;0;1;1;0;0;0;0;0;354884,048600000329316;5643831,671299999579787;6,935035104000065;50,927845600000069;1
177281;5230511601200990560;5;3;15;0;2023;5;21;5;3;5;3;2;1;1;1;0;0;0;0;355817,555100000463426;5642622,468599999323487;6,948787623000044;50,917212755000037;1
177283;5230511601200481756;5;3;15;0;2023;5;13;5;3;5;3;0;0;1;1;0;0;0;0;357166,945899999700487;5641294,148900000378489;6,968491708000045;50,905610743000068;1
177284;5230511601100990594;5;3;15;0;2023;5;10;5;2;0;1;0;0;1;0;0;0;0;0;355005,179200000129640;5643936,625499999150634;6,936715825000022;50,928819259000079;1