OID_;UIDENTSTLAE;ULAND;UREGBEZ;UKREIS;UGEMEINDE;UJAHR;UMONAT;USTUNDE;UWOCHENTAG;UKATEGORIE;UART;UTYP1;ULICHTVERH;IstStrassenzustand;IstRad;IstPKW;IstFuss;IstKrad;IstGkfz;IstSonstige;LINREFX;LINREFY;XGCSWGS84;YGCSWGS84;PLST
177288;5230511600110379307;5;3;14;0;2023;5;18;5;3;0;3;0;1;1;1;0;0;0;0;363546,670599999837577;5621907,645999999716878;7,066385125000068;50,732915156000047;1
177289;5230511600110087363;5;3;14;0;2023;5;15;5;2;0;5;0;0;1;1;0;0;0;0;365272,639700000174344;5624446,984999999403954;7,089899728000034;50,756141375000027;1
177290;5230511515212743541;5;1;54;32;2023;5;10;5;3;5;3;0;0;1;1;0;0;0;0;309143,182699999772012;5718021,749399999156594;6,245286394000061;51,580894850000050;1
177291;5230511515212429663;5;1;54;12;2023;5;4;5;3;5;3;2;0;1;1;0;0;0;0;308683,567699999548495;5708765,878100000321865;6,243690836000042;51,497609889000046;1
177292;5230511514218086051;5;1;66;36;2023;5;15;5;3;0;5;0;0;1;1;0;0;0;0;322994,697200000286102;5683743,517100000753999;6,462117470000067;51,277495414000043;1
177296;5230513307000990505;5;9;62;24;2023;5;1;7;3;0;1;2;1;1;0;0;0;0;0;406294,928000000305474;5692274,834300000220537;7,653712865000045;51,373984359000076;1
177297;5230511513210671932;5;1;62;24;2023;5;10;5;3;5;3;0;0;1;1;0;0;0;0;338300,720599999651313;5677045,381799999624491;6,684397942000032;51,221863967000047;1
177298;5230511506100994817;5;1;16;0;2023;5;9;5;3;5;3;0;0;1;1;0;0;0;0;320763,401200000196695;5666300,090500000864267;6,438868562000039;51,120100627000056;1
177299;5230513301301990493;5;9;78;24;2023;5;10;7;3;0;3;0;0;1;1;0;0;0;0;397980,112999999895692;5720737,469000000506639;7,526060269000027;51,628395127000033;1
177302;5230511505100274035;5;1;14;0;2023;5;20;5;3;0;1;0;1;1;0;0;0;0;0;330180,891699999570847;5688057,915999999269843;6,562997680000024;51,318442707000031;1
177305;5230511502401085336;5;1;17;0;2023;5;19;5;2;5;3;0;1;1;1;0;0;0;0;353484,013100000098348;5699218,911299999803305;6,892548088000069;51,425212771000076;1
177307;5230511501319990565;5;1;12;0;2023;5;20;5;3;1;7;0;1;1;1;0;0;0;0;344595,865799999795854;5696807,159299999475479;6,765861550000068;51,401175885000043;1
177311;5230511411132990596;5;7;74;32;2023;5;9;5;2;4;6;0;1;1;0;0;0;0;0;483423,109000000171363;5729500,829800000414252;8,760046544000033;51,716196839000077;1
177313;5230511410230190794;5;7;70;4;2023;5;10;5;3;5;3;0;1;1;1;0;0;0;0;486383,381400000303984;5782198,273499999195337;8,800808306000022;52,190078016000029;1
177314;5230511410110990592;5;7;70;24;2023;5;10;5;2;0;1;0;1;1;0;0;0;0;0;494157,268799999728799;5792854,405300000682473;8,914344720000031;52,286020028000053;1
177315;5230511406110990572;5;7;58;12;2023;5;16;5;3;1;5;0;1;1;1;0;0;0;0;477927,265499999746680;5773559,923399999737740;8,677670464000073;52,112140548000070;1
177317;5230511404103988087;5;7;66;16;2023;5;16;5;3;5;3;0;1;1;1;0;0;0;0;506464,601999999955297;5754550,491000000387430;9,094044544000042;51,941631314000063;1
177319;5230511400200390723;5;7;11;0;2023;5;16;5;3;5;3;0;1;1;0;0;0;0;0;468101,968000000342727;5764040,402000000700355;8,535085058000050;52,026075266000078;1
177322;5230511313220990567;5;9;58;24;2023;5;15;5;3;5;3;0;1;1;1;0;0;0;0;494278,139999999664724;5704848,210000000894070;8,917577051000023;51,494747233000055;1
177323;5230511310120790600;5;9;54;32;2023;5;15;5;2;1;1;0;0;1;1;0;0;0;0;382714,207700000144541;5692491,573799999430776;7,314992046000043;51,371551196000041;1
177325;5230511303100596700;5;9;15;0;2023;5;15;5;3;1;1;0;1;1;1;0;0;0;0;418355,267099999822676;5726161,746200000867248;7,819089416000054;51,680482945000051;1
177327;5230510711100591858;5;5;70;44;2023;5;16;4;3;5;3;0;0;1;1;0;0;0;0;416249,475700000301003;5760408,467100000008941;7,780349041000022;51,988023070000054;1
177328;5230510706300196685;5;5;58;36;2023;5;17;4;3;0;3;0;0;1;1;0;0;0;0;387614,450000000186265;5729517,574500000104308;7,373539348000065;51,705334458000038;1
177330;5230510705000596683;5;5;54;4;2023;5;7;4;2;0;3;0;1;1;1;0;0;0;0;363275,626600000075996;5771226,337999999523163;7,004979591000051;52,074715656000080;1
177332;5230510701800975251;5;5;62;4;2023;5;14;4;3;5;3;0;0;1;1;0;0;0;0;384671,751099999994040;5716592,317500000819564;7,335232764000068;51,588569100000029;1
177338;5230510608200541526;5;3;34;2;2023;5;7;4;3;5;1;0;1;1;0;0;0;0;1;297672,890899999998510;5628619,471300000324845;6,130277028000023;50,773996043000068;1
177343;5230510602700989780;5;3;62;28;2023;5;15;4;2;0;1;0;0;1;0;0;0;0;0;350610,297699999995530;5639320,633400000631809;6,876110985000025;50,886216450000063;1
177344;5230510602700890930;5;3;62;28;2023;5;9;4;3;4;6;0;1;1;0;0;0;0;0;350901,369300000369549;5638541,263199999928474;6,880564070000048;50,879287816000044;1
177345;5230510602400267505;5;3;62;32;2023;5;18;4;3;0;7;0;0;1;0;0;0;0;0;330075,402999999932945;5637404,104399999603629;6,585315142000070;50,863322781000079;1
177350;5230510601100572043;5;3;15;0;2023;5;17;4;3;5;3;0;0;1;1;0;0;0;0;356636,188000000081956;5642748,799599999561906;6,960376348000068;50,918552036000051;1
177351;5230510601100476468;5;3;15;0;2023;5;16;4;3;0;1;0;0;1;0;0;0;0;0;356952,212299999780953;5644160,024100000038743;6,964315722000038;50,931313049000039;1
177352;5230510601100193554;5;3;15;0;2023;5;15;4;3;0;1;0;0;1;0;0;0;0;0;356687,317999999970198;5643956,604000000283122;6,960628591000045;50,929419175000078;1
177353;5230510600340189882;5;3;82;64;2023;5;13;4;3;0;1;0;1;1;0;0;0;0;0;352449,259399999864399;5619612,285199999809265;6,910154571000021;50,709574022000027;1
177355;5230510600140071666;5;3;14;0;2023;5;12;4;2;0;1;0;1;1;0;0;0;0;0;370433,631099999882281;5619701,975600000470877;7,164696955000068;50,714667029000054;1
177356;5230510600110494874;5;3;14;0;2023;5;11;4;2;0;1;0;1;1;0;0;0;0;0;366317,634999999776483;5622453,286000000312924;7,105430092000063;50,738463718000048;1
177357;5230513503100990470;5;1;24;0;2023;5;18;7;3;0;1;0;1;1;0;0;0;0;0;368233,700899999588728;5680366,701600000262260;7,111550788000045;51,259408128000075;1
177359;5230510600110085802;5;3;14;0;2023;5;9;4;3;1;5;0;1;1;1;0;0;0;0;363713,895899999886751;5624922,841499999165535;7,067637757000057;50,760054320000052;1
177361;5230520513320095615;5;1;62;4;2023;5;16;7;3;0;1;0;0;1;0;0;0;0;0;344367,416699999943376;5665735,485500000417233;6,776099810000062;51,121925719000046;1
177362;5230510505200575931;5;1;14;0;2023;5;16;4;2;5;3;0;1;1;1;0;0;0;0;331643,686200000345707;5690317,821599999442697;6,582901707000076;51,339180398000053;1
177367;5230510500300791127;5;1;11;0;2023;5;13;4;3;1;3;0;0;1;1;0;0;0;0;344807,052000000141561;5675154,527000000700355;6,778312841000059;51,206679699000063;1
177368;5230520516100990146;5;1;58;32;2023;5;15;7;3;5;3;0;0;1;1;0;0;0;0;364066,849299999885261;5690895,053700000047684;7,047857218000047;51,353046190000043;1
177369;5230510500300274478;5;1;11;0;2023;5;22;4;3;1;5;2;0;1;0;0;0;0;0;344115,711099999956787;5673918,185499999672174;6,768960828000047;51,195382468000048;1
177372;5230510500200046013;5;1;11;0;2023;5;14;4;3;3;6;0;0;1;1;0;0;0;0;347429,007000000216067;5677206,075999999418855;6,814945477000037;51,225820513000031;1
177373;5230510411232587018;5;7;74;32;2023;5;16;4;3;5;3;0;1;1;1;0;0;0;0;481449,153300000354648;5732878,613500000908971;8,731293474000040;51,746505593000052;1
177375;5230510405112260956;5;7;54;12;2023;5;7;4;3;3;6;0;1;1;0;0;0;0;0;456703,783599999733269;5766203,509099999442697;8,368691721000062;52,044749773000035;1
177376;5230510404101596836;5;7;66;20;2023;5;16;4;2;5;3;0;0;1;1;0;0;0;0;490724,042999999597669;5754951,080000000074506;8,865046240000027;51,945193247000077;1
177378;5230510400200204092;5;7;11;0;2023;5;16;4;3;5;2;0;1;1;1;0;0;0;0;468092,149299999698997;5764153,145800000056624;8,534931441000026;52,027088338000056;1
177380;5230510307000085236;5;9;62;40;2023;5;7;4;3;0;1;0;1;1;0;0;0;0;0;414368,355200000107288;5700853,234699999913573;7,767603924000070;51,452377448000050;1
177381;5230510303100594462;5;9;15;0;2023;5;12;4;3;1;5;0;0;1;1;0;0;0;0;418168,056900000199676;5725810,804899999871850;7,816464482000072;51,677300898000055;1
177382;5230510301203173368;5;9;13;0;2023;5;10;4;3;5;2;2;1;1;1;0;0;0;0;393797,519199999980628;5710954,892300000414252;7,468614114000047;51,539691684000047;1
177383;5230510301202894325;5;9;13;0;2023;5;6;4;3;5;6;0;1;1;1;0;0;0;0;392313,487999999895692;5709485,631999999284744;7,447672884000042;51,526204236000069;1
177387;5230515609108077600;5;3;58;8;2023;5;13;2;2;5;7;0;0;1;1;0;0;0;0;323320,305499999783933;5632320,996799999848008;6,491870213000027;50,815631025000073;1
177390;5230509705000186008;5;5;54;48;2023;5;11;3;3;3;2;0;0;1;1;0;0;0;0;341279,170800000429153;5745836,039000000804663;6,696008487000029;51,840749537000079;1
177391;5230509705000086932;5;5;54;8;2023;5;22;3;3;4;2;2;1;1;0;0;0;0;0;335668,127299999818206;5744360,981200000271201;6,615333844000077;51,825875607000057;1
177392;5230509702100366381;5;5;15;0;2023;5;16;3;3;5;3;0;1;1;1;0;0;0;0;403027,943099999800324;5757526,393899999558926;7,588678273000028;51,959967403000064;1
177395;5230509608200972072;5;3;34;2;2023;5;8;3;3;3;6;0;0;1;0;0;0;0;1;294350,006599999964237;5631777,616699999198318;6,081444353000052;50,801191433000042;1
177397;5230509608200075611;5;3;34;2;2023;5;15;3;3;5;2;0;1;1;1;0;0;0;0;297689,030299999751151;5628426,462799999862909;6,130611785000042;50,772268154000074;1
177398;5230511500100574084;5;1;11;0;2023;5;18;5;3;5;2;0;1;1;1;0;0;0;0;343671,103000000119209;5678472,138000000268221;6,760617609000064;51,236179629000048;1
177399;5230509608100771701;5;3;34;2;2023;5;17;3;3;4;6;0;1;1;0;0;0;0;0;292110,016999999992549;5630282,846000000834465;6,050545211000042;50,786967910000044;1
177401;5230509601700781831;5;3;16;0;2023;5;17;3;2;1;5;0;1;1;1;0;0;0;0;358815,780399999581277;5656946,265100000426173;6,985849176000045;51,046681771000067;1
177403;5230514411132577876;5;7;74;32;2023;5;0;1;3;7;7;2;0;1;0;0;0;0;0;485692,494400000199676;5730309,791899999603629;8,792862821000028;51,723532971000054;1
177404;5230509601500793350;5;3;15;0;2023;5;8;3;3;2;7;0;0;1;0;0;0;0;1;358877,826999999582767;5644612,608699999749660;6,991525384000056;50,935854815000027;1
177405;5230509601500390325;5;3;15;0;2023;5;21;3;2;6;6;2;1;1;0;1;0;0;0;358689,404000000096858;5646684,807000000029802;6,988041480000049;50,954431600000078;1
177406;5230509601500174376;5;3;15;0;2023;5;19;3;3;7;5;1;1;1;1;0;0;0;0;362181,726900000125170;5648249,211200000718236;7,037140491000059;50,969337075000055;1
177410;5230509601100082434;5;3;15;0;2023;5;14;3;3;0;3;0;0;1;1;0;0;0;0;356503,685899999924004;5645143,870999999344349;6,957549741000037;50,940043353000078;1
177413;5230509600110095270;5;3;14;0;2023;5;17;3;3;5;3;0;1;1;1;0;0;0;0;366047,785699999891222;5618195,517899999395013;7,103153956000028;50,700132726000049;1
177417;5230509516300078722;5;1;58;28;2023;5;17;3;3;5;3;0;1;1;1;0;0;0;0;349895,354700000025332;5685310,843599999323487;6,846839003000071;51,299301826000033;1
177424;5230518503200990230;5;1;24;0;2023;5;18;5;3;0;7;0;0;1;0;0;0;0;0;376662,759999999776483;5683197,048000000417233;7,231313911000029;51,286732649000044;1
177426;5230509505200582274;5;1;14;0;2023;5;18;3;3;0;1;0;1;1;0;0;0;0;0;329954,077899999916553;5690498,808700000867248;6,558581034000042;51,340303516000063;1
177428;5230509505100062197;5;1;14;0;2023;5;12;3;3;0;3;0;0;1;1;0;0;0;0;328553,437599999830127;5688511,240800000727177;6,539447767000070;51,322027170000069;1
177430;5230509502407989588;5;1;17;0;2023;5;15;3;3;4;1;0;0;1;1;0;0;0;0;351870,162800000049174;5696763,302600000053644;6,870377908000023;51,402728061000062;1
177431;5230509502404995146;5;1;17;0;2023;5;18;3;3;0;1;0;1;1;0;0;0;0;0;354430,872499999590218;5703256,429199999198318;6,904497181000067;51,461737085000038;1
177435;5230509502101073501;5;1;13;0;2023;5;9;3;3;5;3;0;0;1;0;0;0;0;1;361830,882600000128150;5701954,628000000491738;7,011459854000066;51,451893418000054;1
177439;5230509411132987042;5;7;74;32;2023;5;17;3;3;5;6;0;0;1;0;0;0;0;1;483412,938000000081956;5729497,641000000759959;8,759899470000050;51,716167866000035;1
177441;5230509400300620666;5;7;11;0;2023;5;18;3;3;6;7;0;0;1;0;1;0;0;0;471507,130099999718368;5754450,933599999174476;8,585510492000026;51,940044144000069;1
177446;5230509303100973344;5;9;15;0;2023;5;17;3;3;5;3;0;0;1;1;0;0;0;0;421830,957700000144541;5727054,169600000604987;7,869151192000061;51,689000122000039;1
177453;5230509300500061175;5;9;11;0;2023;5;6;3;2;5;3;0;0;1;1;0;0;0;0;378394,162100000306964;5704167,716800000518560;7,248950730000047;51,475583569000037;1
177455;5230508711200274651;5;5;70;16;2023;5;9;2;3;5;3;0;0;1;1;0;0;0;0;413017,718000000342727;5739070,794999999925494;7,738679407000063;51,795723437000049;1
177456;5230508709700702596;5;5;66;28;2023;5;20;2;3;5;3;0;0;1;0;0;0;0;1;411276,491999999620020;5792520,898000000044703;7,699569263000058;52,275892087000045;1
177457;5230508709500060910;5;5;66;76;2023;5;7;2;3;5;3;0;0;1;1;0;0;0;0;391497,394000000320375;5793820,212999999523163;7,409356670000022;52,284021484000050;1
177458;5230508709300568287;5;5;66;68;2023;5;14;2;3;0;3;0;0;1;1;0;0;0;0;375375,646999999880791;5784830,266000000759959;7,176449662000039;52,199818702000073;1
177459;5230508709300296684;5;5;66;84;2023;5;9;2;2;5;3;0;0;1;1;0;0;0;0;390349,031299999915063;5775610,626700000837445;7,398424210000030;52,120141837000062;1
177460;5230517701300289736;5;5;62;14;2023;5;13;4;3;8;1;0;0;1;0;0;0;0;0;360836,722000000067055;5715931,367000000551343;6,991643353000029;51,577247609000040;1
177461;5230508705000517283;5;5;54;8;2023;5;7;2;3;8;5;0;0;1;1;0;0;0;0;335190,817699999548495;5746232,442600000649691;6,607522717000052;51,842547058000036;1
177462;5230508705000465795;5;5;54;20;2023;5;16;2;3;5;3;0;0;1;1;0;0;0;0;364977,849000000394881;5786694,870999999344349;7,023655932000054;52,214124270000070;1
177463;5230508702100888887;5;5;15;0;2023;5;15;2;2;1;5;0;0;1;1;0;0;0;0;406295,107400000095367;5757650,621500000357628;7,636179556000059;51,961644242000034;1
177464;5230508702100754102;5;5;15;0;2023;5;13;2;3;0;1;0;0;1;0;0;0;0;0;402205,231100000441074;5756014,908199999481440;7,577138731000048;51,946237689000043;1
177465;5230508702100153167;5;5;15;0;2023;5;7;2;3;5;3;0;0;1;1;0;0;0;0;404827,116000000387430;5757574,009999999776483;7,614841716000058;51,960706274000074;1
177466;5230508701700986130;5;5;62;16;2023;5;15;2;3;1;5;0;0;1;1;0;0;0;0;374599,443300000391901;5734131,424799999222159;7,183619437000061;51,744040906000066;1
177471;5230508609144077520;5;3;58;52;2023;5;17;2;3;4;5;0;0;1;1;0;0;0;0;333774,338000000454485;5630478,473699999973178;6,640970576000029;50,802170383000032;1
177474;5230508608100275511;5;3;34;2;2023;5;11;2;3;1;2;0;0;1;1;0;0;0;0;294952,775200000032783;5629106,580600000917912;6,091477190000035;50,777415834000067;1
177475;5230508607100681284;5;3;82;28;2023;5;10;2;3;0;1;0;1;1;0;0;0;0;0;377882,700799999758601;5633196,678099999204278;7,265678149000053;50,837580194000054;1
177478;5230508601500276495;5;3;15;0;2023;5;6;2;3;0;3;0;1;1;1;0;0;0;0;361837,233000000007451;5648437,502000000327826;7,032165640000073;50,970946761000050;1
177479;5230508601400181768;5;3;15;0;2023;5;10;2;3;1;5;0;0;1;1;0;0;0;0;355697,489400000311434;5647200,579399999231100;6,945267565000051;50,958325373000037;1
177481;5230508601300114988;5;3;15;0;2023;5;16;2;3;0;5;0;0;1;1;0;0;0;0;350290,835699999704957;5648744,820900000631809;6,867702405000045;50,970823170000074;1
177482;5230508601200481783;5;3;15;0;2023;5;7;2;2;5;3;0;0;1;1;0;0;0;0;355791,901999999769032;5642577,447000000625849;6,948440717000040;50,916801742000075;1
177485;5230508601100878502;5;3;15;0;2023;5;9;2;1;6;7;0;0;1;0;1;0;0;0;354747,999599999748170;5644305,642599999904633;6,932911644000058;50,932070822000071;1
177486;5230517518200990277;5;1;70;24;2023;5;18;4;3;5;3;0;0;1;1;0;0;0;0;336353,821000000461936;5701223,726999999955297;6,645437004000030;51,438537793000080;1
177487;5230508601100293571;5;3;15;0;2023;5;10;2;3;7;1;0;0;1;0;0;0;0;0;357076,550099999643862;5643576,678099999204278;6,966312659000039;50,926101376000076;1
177489;5230508600380795271;5;3;14;0;2023;5;19;2;3;0;1;0;0;1;0;0;0;0;0;368531,424999999813735;5617847,563699999824166;7,138427691000061;50,697572045000072;1
177490;5230516601200093503;5;3;15;0;2023;5;17;3;3;3;2;0;0;1;1;0;0;0;0;356230,967000000178814;5640936,063200000673532;6,955329371000062;50,902160329000026;1
177492;5230508518210444730;5;1;70;28;2023;5;12;2;3;5;3;0;0;1;1;0;0;0;0;328253,282999999821186;5701774,408999999985099;6,528732030000072;51,441087115000073;1
177493;5230508516800792020;5;1;58;20;2023;5;7;2;3;5;3;0;0;1;1;0;0;0;0;359603,907999999821186;5666439,992000000551343;6,993395312000075;51,132193655000037;1
177494;5230508516700095786;5;1;58;8;2023;5;18;2;3;0;7;0;0;1;0;0;0;0;0;360130,622999999672174;5673403,814999999478459;6,998210444000051;51,194904753000060;1
177496;5230508515210091516;5;1;54;52;2023;5;15;2;2;9;1;0;0;1;0;0;0;0;0;308271,769600000232458;5696217,486800000071526;6,244560839000030;51,384768443000041;1
177499;5230508514217786017;5;1;66;36;2023;5;16;2;2;1;5;0;0;1;1;0;0;0;0;329106,561999999918044;5682129,609799999743700;6,550432713000021;51,264862230000062;1
177500;5230508514210391566;5;1;66;12;2023;5;7;2;3;0;1;0;1;1;0;0;0;0;0;319946,882199999876320;5693861,599500000476837;6,413354749000064;51,367429705000063;1
177506;5230508502208463333;5;1;13;0;2023;5;16;2;3;6;7;0;0;1;0;1;0;0;0;359219,425200000405312;5701579,966000000014901;6,974049665000052;51,447883378000029;1
177509;5230508500300501484;5;1;11;0;2023;5;7;2;3;3;6;0;1;1;1;0;0;0;0;351362,135900000110269;5670905,479499999433756;6,873840623000035;51,170241181000051;1
177512;5230508410230990726;5;7;70;4;2023;5;16;2;3;5;3;0;0;1;1;0;0;0;0;486132,623999999836087;5785358,155999999493361;8,797010700000044;52,218480971000076;1
177513;5230508407140590730;5;7;62;16;2023;5;7;2;3;2;6;0;0;1;1;0;0;0;0;512052,633399999700487;5729455,277599999681115;9,174462832000074;51,715902742000026;1
177516;5230508405108306275;5;7;54;8;2023;5;1;2;3;0;7;2;0;1;0;0;0;0;0;457189,697900000028312;5749999,291400000452995;8,377797533000034;51,899103994000029;1
177517;5230508404301390693;5;7;66;44;2023;5;18;2;3;0;1;0;0;1;0;0;0;0;0;492462,767900000326335;5763868,126399999484420;8,890146525000034;52,025392372000056;1
177519;5230508400100790748;5;7;11;0;2023;5;16;2;3;4;2;0;0;1;1;0;0;0;0;468300,819799999706447;5764819,277599999681115;8,537911053000073;52,033089241000027;1
177520;5230508317240291703;5;9;78;40;2023;5;19;2;3;5;3;0;0;1;1;0;0;0;0;406237,400999999605119;5725476,038000000640750;7,644050030000074;51,672426728000062;1
177523;5230508314210360174;5;9;66;4;2023;5;13;2;2;8;1;0;1;1;0;0;0;0;0;422510,330099999904633;5664570,295600000768900;7,892631539000035;51,127353796000079;1
177530;5230508301301566346;5;9;78;24;2023;5;17;2;2;5;3;0;0;1;1;0;0;0;0;397392,819000000134110;5718530,341000000014901;7,518224712000062;51,608449483000072;1
177533;5230510711100789568;5;5;70;24;2023;5;15;4;2;4;6;0;0;1;0;0;0;0;0;420263,804899999871850;5753645,013199999928474;7,840365915000064;51,927815975000044;1
177538;5230507709500461952;5;5;66;60;2023;5;1;1;2;0;1;2;1;1;0;0;0;0;0;389130,583999999798834;5788750,755899999290705;7,376339492000056;52,237990228000058;1
177539;5230507705000572472;5;5;54;48;2023;5;11;1;2;0;1;0;0;1;0;0;0;0;0;341289,438699999824166;5745975,530999999493361;6,696093405000056;51,842005641000071;1
177540;5230507702100756377;5;5;15;0;2023;5;14;1;3;6;4;0;0;1;0;1;0;0;0;402139,826200000010431;5759348,196699999272823;7,575237742000070;51,976186576000032;1
177546;5230507605152295292;5;3;74;52;2023;5;10;1;3;0;1;0;0;1;0;0;0;0;0;387722,835500000044703;5664270,408500000834465;7,395769644000040;51,118895693000070;1
177547;5230507603228213258;5;3;66;28;2023;5;12;1;3;5;3;0;0;1;1;0;0;0;0;333793,202399999834597;5608727,606499999761581;6,651028441000051;50,606736378000051;1
177548;5230507602800685804;5;3;62;12;2023;5;18;1;3;0;6;0;0;1;1;0;0;0;0;352370,976900000125170;5633336,146199999377131;6,903538647000062;50,832888355000080;1
177550;5230507602250785727;5;3;62;16;2023;5;12;1;3;4;6;0;0;1;0;0;0;0;0;328615,575000000186265;5644437,076999999582767;6,561290746000054;50,926079829000059;1
177553;5230507601400285270;5;3;15;0;2023;5;13;1;2;0;1;0;0;1;0;0;0;0;0;355769,449099999852479;5648895,415100000798702;6,945619531000034;50,973574485000029;1
177557;5230507601100086500;5;3;15;0;2023;5;1;1;2;0;1;2;0;1;0;0;0;0;0;355648,510999999940395;5645962,017999999225140;6,945061745000032;50,947182423000072;1
177559;5230509316000080478;5;9;74;40;2023;5;16;3;3;0;1;0;0;1;0;0;0;0;0;436772,186300000175834;5713191,347500000149012;8,087771708000048;51,566249668000069;1
177561;5230507518200944677;5;1;70;24;2023;5;9;1;3;3;6;0;0;1;0;0;0;0;0;336437,066399999894202;5704304,637299999594688;6,645209298000054;51,466241363000051;1
177562;5230507518110690435;5;1;70;12;2023;5;17;1;3;1;5;0;0;1;1;0;0;0;0;335483,686999999918044;5738310,591000000014901;6,615530261000060;51,771467859000040;1
177563;5230507516700286752;5;1;58;8;2023;5;13;1;3;2;6;0;0;1;0;0;0;0;0;363197,431800000369549;5674475,454700000584126;7,041665916000056;51,205277971000044;1
177565;5230507515000591082;5;1;54;64;2023;5;12;1;3;5;3;0;0;1;0;0;1;0;0;302601,358400000259280;5718056,573799999430776;6,150969596000039;51,578954843000076;1
177569;5230507506100996020;5;1;16;0;2023;5;16;1;3;5;3;0;1;1;1;0;0;0;0;314298,986399999819696;5676507,490700000897050;6,341332680000050;51,209730905000072;1
177570;5230515316100990426;5;9;74;40;2023;5;8;2;3;5;3;0;0;1;1;0;0;0;0;438803,743999999947846;5712696,092000000178814;8,117164725000066;51,562021195000057;1
177572;5230507501131096120;5;1;12;0;2023;5;14;1;3;3;3;0;1;1;1;0;0;0;0;342387,588000000454485;5712737,410000000149012;6,727036006000048;51,543695334000063;1
177573;5230507500300886906;5;1;11;0;2023;5;19;1;3;6;4;0;1;1;0;1;0;0;0;345198,212000000290573;5675946,241200000047684;6,783566411000038;51,213899744000059;1
177577;5230507500200086700;5;1;11;0;2023;5;9;1;3;0;5;0;0;1;1;0;0;0;0;342427,092699999921024;5684745,981599999591708;6,740047928000024;51,292208561000052;1
177579;5230507411236596941;5;7;74;36;2023;5;17;1;3;0;7;0;0;1;0;0;0;0;0;470388,765499999746680;5725693,677999999374151;8,571699813000066;51,681429360000038;1
177581;5230507316300977856;5;9;74;20;2023;5;10;1;3;0;1;0;0;1;0;0;0;0;0;466853,220300000160933;5721482,252399999648333;8,520962587000042;51,643366176000029;1
177582;5230507315230695362;5;9;70;28;2023;5;14;1;2;0;1;0;0;1;0;0;0;0;0;450448,826200000010431;5645469,588800000026822;8,294459453000059;50,958703924000076;1
177585;5230507300800889238;5;9;54;36;2023;5;13;1;2;0;1;0;0;1;0;0;0;0;0;384367,110199999995530;5700093,185699999332428;7,336249793000036;51,440214134000030;1
177588;5230506706000158240;5;5;58;8;2023;5;16;7;3;2;1;0;0;1;0;0;0;0;0;382600,526200000196695;5759865,735600000247359;7,290710282000020;51,977053506000061;1
177589;5230506705000020978;5;5;54;68;2023;5;21;7;3;4;6;2;0;1;0;0;0;0;0;351137,815700000151992;5767795,100700000301003;6,829497411000034;52,040758448000076;1
177591;5230506700000289437;5;5;13;0;2023;5;13;7;3;5;3;0;0;1;1;0;0;0;0;365268,933000000193715;5716769,309000000357628;7,055245672000069;51,585854508000068;1
177593;5230506608436089901;5;3;34;36;2023;5;19;7;3;0;1;0;1;1;0;0;0;0;0;297770,259100000374019;5633880,755699999630451;6,128759777000027;50,821284345000038;1
177594;5230506608404091025;5;3;34;4;2023;5;13;7;3;0;4;0;0;1;0;1;0;0;0;304001,384300000034273;5638750,238199999555945;6,214510297000061;50,867165016000058;1
177595;5230506608100173715;5;3;34;2;2023;5;4;7;2;0;1;2;0;1;0;0;0;0;0;293589,213800000026822;5629219,799699999392033;6,072098871000037;50,777949046000060;1
177601;5230506601200086398;5;3;15;0;2023;5;15;7;3;0;1;0;1;1;1;0;0;0;0;353274,950799999758601;5642995,116200000047684;6,912490794000064;50,919920753000042;1
177602;5230506601200081745;5;3;15;0;2023;5;12;7;3;0;1;0;0;1;0;0;0;0;0;355387,261900000274181;5640894,054300000891089;6,943355148000023;50,901572104000081;1
177605;5230506518401356285;5;1;70;36;2023;5;16;7;2;5;2;0;0;1;0;0;0;0;1;353515,459999999962747;5728270,014000000432134;6,880899017000047;51,686260215000061;1
177607;5230506518400185932;5;1;70;8;2023;5;14;7;3;0;1;0;0;1;0;0;0;0;0;341876,398400000296533;5716192,996899999678135;6,718116289000022;51,574599085000045;1
177609;5230506508000076300;5;1;19;0;2023;5;10;7;3;3;5;0;0;1;1;0;0;0;0;351211,968899999745190;5712996,276000000536442;6,854086035000023;51,548416746000044;1
177610;5230506505200860520;5;1;14;0;2023;5;15;7;3;0;1;0;0;1;0;0;0;0;0;330434,964999999850988;5689748,387000000104308;6,565835907000064;51,333705468000062;1
177616;5230506501214779031;5;1;12;0;2023;5;16;7;3;1;5;0;0;1;1;0;0;0;0;339655,605000000447035;5696565,774000000208616;6,695008686000051;51,397632266000073;1
177617;5230506501213791477;5;1;12;0;2023;5;12;7;3;0;3;0;0;1;1;0;0;0;0;339662,400700000114739;5697983,046700000762939;6,694465760000071;51,410367803000042;1
177621;5230506500300874180;5;1;11;0;2023;5;13;7;3;5;3;0;0;1;0;0;0;0;1;351415,345999999903142;5669156,995999999344349;6,875323422000065;51,154543032000049;1
177622;5230506500300500526;5;1;11;0;2023;5;20;7;3;5;3;1;1;1;0;0;0;0;0;351071,158800000324845;5669096,511499999091029;6,870430409000051;51,153910044000042;1
177627;5230506410110004150;5;7;70;24;2023;5;16;7;2;0;5;0;0;1;1;0;0;0;0;491741,406600000336766;5793403,226099999621511;8,878914454000039;52,290923202000045;1