OID_;UIDENTSTLAE;ULAND;UREGBEZ;UKREIS;UGEMEINDE;UJAHR;UMONAT;USTUNDE;UWOCHENTAG;UKATEGORIE;UART;UTYP1;ULICHTVERH;IstStrassenzustand;IstRad;IstPKW;IstFuss;IstKrad;IstGkfz;IstSonstige;LINREFX;LINREFY;XGCSWGS84;YGCSWGS84;PLST
177630;5230506404302296892;5;7;66;48;2023;5;15;7;3;5;3;0;0;1;1;0;0;0;0;478299,095900000073016;5759507,476600000634789;8,683992698000054;51,985813285000063;1
177633;5230506316200494445;5;9;74;52;2023;5;11;7;2;5;3;0;0;1;1;0;0;0;0;424414,729000000283122;5711938,427999999374151;7,909784028000047;51,553464837000035;1
177636;5230505711200785563;5;5;70;40;2023;5;12;6;3;0;6;0;0;1;1;0;0;0;0;419057,735999999567866;5744558,743000000715256;7,824961634000033;51,845963273000052;1
177637;5230505709500591754;5;5;66;76;2023;5;21;6;3;1;5;0;0;1;0;0;0;0;1;395479,559999999590218;5794081,444000000134110;7,467630961000054;52,287140981000050;1
177638;5230505705000872210;5;5;54;12;2023;5;17;6;3;3;2;0;1;1;1;0;0;0;0;353161,082999999634922;5746454,878000000491738;6,868089482000073;51,849560626000027;1
177640;5230505702100165913;5;5;15;0;2023;5;13;6;3;0;7;0;0;1;0;1;0;0;0;404947,817200000397861;5757699,851999999955297;7,616563037000049;51,961858040000038;1
177641;5230505701800990605;5;5;62;4;2023;5;20;6;3;5;3;0;0;1;1;0;0;0;0;382631,295400000177324;5712328,118799999356270;7,307216795000045;51,549822464000044;1
177643;5230505701300289645;5;5;62;14;2023;5;8;6;3;5;3;0;0;1;1;0;0;0;0;359288,006099999882281;5716260,386399999260902;6,969176023000045;51,579819700000030;1
177651;5230505607500493374;5;3;82;56;2023;5;14;6;3;5;3;0;0;1;1;0;0;0;0;372583,072399999946356;5626845,781199999153614;7,192656165000074;50,779353741000079;1
177653;5230505607400536932;5;3;82;68;2023;5;13;6;3;0;3;0;0;1;1;0;0;0;0;367015,439399999566376;5629015,798599999397993;7,112941580000040;50,797607686000049;1
177655;5230505607300095270;5;3;82;16;2023;5;17;6;2;0;1;0;1;1;0;0;0;0;0;387878,156000000424683;5624652,369799999520183;7,410182459000055;50,762795596000046;1
177657;5230505602900615446;5;3;62;40;2023;5;13;6;3;5;3;0;1;1;1;0;0;0;0;357802,574000000022352;5630417,411000000312924;6,981751468000027;50,808017043000063;1
177658;5230505602700890701;5;3;62;28;2023;5;7;6;3;2;6;0;0;1;1;0;0;0;0;349244,355999999679625;5639005,850999999791384;6,856835547000060;50,883032873000047;1
177659;5230505602100694771;5;3;62;8;2023;5;16;6;3;0;1;0;1;1;0;0;0;0;0;337022,594999999739230;5650665,507999999448657;6,678021913000066;50,984479686000043;1
177660;5230507307000794454;5;9;62;24;2023;5;13;1;2;5;2;0;1;1;1;0;0;0;0;404841,326000000350177;5692031,097999999299645;7,632900161000066;51,371551551000039;1
177661;5230505601700178581;5;3;16;0;2023;5;6;6;3;5;2;0;0;1;1;0;0;0;0;359121,215499999932945;5654680,102600000798702;6,991084839000052;51,026390965000076;1
177662;5230505601400725950;5;3;15;0;2023;5;15;6;3;0;3;0;1;1;0;0;1;0;0;357000,009499999694526;5647471,651599999517202;6,963695126000061;50,961086174000059;1
177666;5230505601300793463;5;3;15;0;2023;5;15;6;3;2;6;0;0;1;1;0;0;0;0;353942,064199999906123;5646733,012599999085069;6,920477080000069;50,953681255000049;1
177669;5230505601200373835;5;3;15;0;2023;5;23;6;3;0;1;2;1;1;0;0;0;0;0;354031,612399999983609;5643290,149700000882149;6,923130424000021;50,922764039000072;1
177673;5230505601100390297;5;3;15;0;2023;5;7;6;3;5;3;0;0;1;0;0;0;1;0;356731,224999999627471;5644689,992000000551343;6,960964687000057;50,936020970000072;1
177675;5230505600380990610;5;3;14;0;2023;5;7;6;3;0;3;0;0;1;0;0;0;0;1;369459,905000000260770;5614913,672000000253320;7,152603598000042;50,671410475000073;1
177676;5230505600380969550;5;3;14;0;2023;5;7;6;3;5;3;0;0;1;1;0;0;0;0;370679,032700000330806;5616324,819399999454618;7,169353685000033;50,684366561000047;1
177677;5230513303100079097;5;9;15;0;2023;5;16;7;3;0;7;0;0;1;1;0;0;0;0;419475,623999999836087;5723841,424000000581145;7,835825531000069;51,659785928000076;1
177679;5230505518310196106;5;1;70;32;2023;5;16;6;3;0;3;0;1;1;1;0;0;0;0;332321,716000000014901;5713056,391000000759959;6,581856762000029;51,543660411000076;1
177681;5230505518200395912;5;1;70;24;2023;5;8;6;3;0;1;0;0;1;0;0;0;0;0;335768,096800000406802;5702759,142500000074506;6,636304754000037;51,452162711000028;1
177682;5230505518120082170;5;1;70;44;2023;5;16;6;2;0;1;0;1;1;0;0;0;0;0;336965,757000000216067;5722348,403999999165535;6,644453133000070;51,628500483000039;1
177683;5230603711200591707;5;5;70;4;2023;6;20;7;3;0;1;0;0;1;0;0;0;0;0;423444,437699999660254;5733887,685100000351667;7,890986216000044;51,750653756000077;1
177685;5230603709700986250;5;5;66;92;2023;6;14;7;3;5;3;0;0;1;1;0;0;0;0;423885,436999999918044;5796319,199999999254942;7,883480606000035;52,311924675000057;1
177687;5230603709110896664;5;5;66;8;2023;6;15;7;3;8;1;0;0;1;0;0;0;0;0;400036,243300000205636;5781894,368499999865890;7,538015638000047;52,178455420000034;1
177688;5230603709000564326;5;5;66;40;2023;6;18;7;2;0;1;0;0;1;0;0;0;0;0;421550,258000000379980;5782443,464999999850988;7,852456429000028;52,186870237000051;1
177690;5230603705000978011;5;5;54;48;2023;6;1;7;3;0;1;2;0;1;0;0;0;0;0;341415,424999999813735;5744474,185000000521541;6,698608725000042;51,828553416000034;1
177696;5230603700000579550;5;5;13;0;2023;6;15;7;3;0;7;0;0;1;0;0;0;0;0;364894,014999999664724;5716284,599999999627471;7,050023869000029;51,581408963000058;1
177698;5230603609108254052;5;3;58;8;2023;6;14;7;3;3;3;0;0;1;1;0;0;0;0;320427,484000000171363;5631211,125000000000000;6,451389979000055;50,804770441000073;1
177701;5230603607200979308;5;3;82;20;2023;6;18;7;3;5;3;0;0;1;1;0;0;0;0;378147,209999999962747;5626727,144999999552965;7,271580718000052;50,779483287000062;1
177702;5230603607100981193;5;3;82;28;2023;6;12;7;3;5;2;0;0;1;1;0;0;0;0;377830,682099999859929;5633024,105599999427795;7,264997270000038;50,836018025000044;1
177708;5230603601400499820;5;3;15;0;2023;6;14;7;3;0;1;0;0;1;0;0;0;0;0;355653,625000000000000;5650400,320499999448657;6,943373266000037;50,987069652000059;1
177714;5230603600370293632;5;3;82;4;2023;6;6;7;3;5;2;0;0;1;1;0;0;0;0;359813,973000000230968;5619919,676000000908971;7,014279888000033;50,714159370000061;1
177715;5230603600140954231;5;3;14;0;2023;6;20;7;3;8;6;0;0;1;0;0;0;0;0;369391,392300000414252;5620417,164699999615550;7,149688677000029;50,720862051000040;1
177717;5230603600110986263;5;3;14;0;2023;6;17;7;3;5;3;0;0;1;1;0;0;0;0;363344,894000000320375;5623609,415999999269843;7,062896454000054;50,748162819000072;1
177718;5230603600110793540;5;3;14;0;2023;6;18;7;3;0;1;0;0;1;0;0;0;0;0;365577,397199999541044;5622055,666699999943376;7,095090505000030;50,734719071000029;1
177719;5230603600110095311;5;3;14;0;2023;6;12;7;3;0;1;0;0;1;0;0;0;0;0;363626,739000000059605;5622933,288000000640750;7,067139518000033;50,742152211000075;1
177722;5230603518200978008;5;1;70;24;2023;6;5;7;3;7;1;1;0;1;0;0;0;0;0;334093,446700000204146;5702708,381300000473857;6,612248668000063;51,451218497000070;1
177723;5230603518120065302;5;1;70;44;2023;6;15;7;2;0;7;0;0;1;0;0;0;0;0;337309,957399999722838;5721720,789499999955297;6,649713200000065;51,622961640000028;1
177724;5230603516600986260;5;1;58;4;2023;6;17;7;2;0;3;0;0;1;1;0;0;0;0;358749,336799999698997;5674948,344599999487400;6,977846946000057;51,208445027000039;1
177727;5230603515110978047;5;1;54;4;2023;6;0;7;3;0;1;2;0;1;0;0;0;0;0;310330,387900000438094;5735928,021999999880791;6,252684942000030;51,742114849000075;1
177728;5230603515000591637;5;1;54;36;2023;6;12;7;3;4;5;0;0;1;1;0;0;0;0;303294,367999999783933;5742791,337999999523163;6,147017049000056;51,801323510000032;1
177730;5230603514217589306;5;1;66;36;2023;6;19;7;3;0;1;0;0;1;0;0;0;0;0;328236,859600000083447;5682484,370200000703335;6,537808416000075;51,267787930000054;1
177731;5230603514210977970;5;1;66;12;2023;6;22;7;3;0;1;2;0;1;0;0;0;0;0;320406,456000000238419;5692821,268600000068545;6,420475161000070;51,358230104000029;1
177732;5230603513320977980;5;1;62;4;2023;6;17;7;2;5;3;0;0;1;0;0;0;0;0;344421,847099999897182;5660995,589400000870228;6,778919702000053;51,079349808000075;1
177733;5230603513210977998;5;1;62;24;2023;6;12;7;3;8;3;0;0;1;1;0;0;0;0;338531,413999999873340;5674428,539200000464916;6,688876504000064;51,198417324000047;1
177736;5230603506100075528;5;1;16;0;2023;6;14;7;3;0;1;0;0;1;0;0;0;0;0;321966,045800000429153;5672870,894700000062585;6,452785567000035;51,179503628000077;1
177740;5230603502408181511;5;1;17;0;2023;6;19;7;3;1;1;0;0;1;1;0;0;0;0;350777,082200000062585;5699407,799399999901652;6,853561769000066;51,426203806000046;1
177741;5230603501322782182;5;1;12;0;2023;6;17;7;3;7;5;0;0;1;1;0;0;0;0;346939,777300000190735;5695558,838300000876188;6,800069785000062;51,390596693000077;1
177743;5230603500300977964;5;1;11;0;2023;6;21;7;2;8;1;1;0;1;0;0;0;0;0;342284,428199999965727;5674299,430099999532104;6,742605435000030;51,198305535000031;1
177745;5230603500300545580;5;1;11;0;2023;6;14;7;3;3;5;0;0;1;1;0;0;0;0;344401,394000000320375;5675801,243100000545382;6,772229791000029;51,212380325000026;1
177746;5230603500300076015;5;1;11;0;2023;6;9;7;3;5;3;0;0;1;1;0;0;0;0;349937,004999999888241;5675086,679999999701977;6,851723506000042;51,207440830000053;1
177749;5230603411108977987;5;7;74;8;2023;6;16;7;3;3;2;0;0;1;1;0;0;0;0;486774,309999999590218;5736304,814999999478459;8,808296674000076;51,777462534000051;1
177752;5230603405108478047;5;7;54;8;2023;6;15;7;3;4;4;0;0;1;0;1;0;0;0;456741,134600000455976;5752015,422399999573827;8,371025405000069;51,917195491000030;1
177755;5230603400200087041;5;7;11;0;2023;6;16;7;3;5;3;0;0;1;0;0;0;0;0;468222,487599999643862;5763600,163200000301003;8,536882455000068;52,022124161000079;1
177756;5230603400100977967;5;7;11;0;2023;6;22;7;3;0;7;2;0;1;0;0;0;0;0;468129,683500000275671;5763760,728599999099970;8,535515046000057;52,023562421000065;1
177758;5230603315210080408;5;9;70;24;2023;6;0;7;2;8;1;2;0;1;1;0;0;0;0;431599,345800000242889;5646625,108599999919534;8,025887287000046;50,967164102000027;1
177759;5230603310140899548;5;9;54;28;2023;6;10;7;3;4;6;0;0;1;1;0;0;0;0;377057,666299999691546;5692741,433700000867248;7,233680391000064;51,372600313000078;1
177760;5230603302100899422;5;9;14;0;2023;6;13;7;3;3;2;0;0;1;1;0;0;0;0;393010,026899999938905;5691461,658099999651313;7,463158906000046;51,364327013000036;1
177763;5230603301203094451;5;9;13;0;2023;6;12;7;3;0;5;0;0;1;1;0;0;0;0;394072,704499999992549;5712512,135399999096990;7,472111771000073;51,553740609000045;1
177764;5230603300800038683;5;9;54;36;2023;6;20;7;3;0;1;0;0;1;0;0;0;0;0;387088,563000000081956;5701611,114399999380112;7,374905132000038;51,454406601000073;1
177765;5230602711400494426;5;5;70;20;2023;6;22;6;3;6;6;2;0;1;1;1;0;0;0;433236,786000000312924;5743585,541999999433756;8,030951535000042;51,839090099000032;1
177766;5230602711100396945;5;5;70;12;2023;6;17;6;3;5;3;0;0;1;1;0;0;0;0;439361,421699999831617;5753696,116100000217557;8,118059731000073;51,930683578000071;1
177768;5230602705000951453;5;5;54;20;2023;6;13;6;3;5;2;0;0;1;0;0;0;0;0;366443,377000000327826;5782805,220000000670552;7,046626818000050;52,179531281000038;1
177769;5230602702100072400;5;5;15;0;2023;6;21;6;3;1;1;1;0;1;1;0;0;0;0;407147,742499999701977;5756608,508899999782443;7,648867071000041;51,952420242000073;1
177770;5230602702100069102;5;5;15;0;2023;6;15;6;3;4;2;0;0;1;1;0;0;0;0;405967,718700000084937;5758597,483999999240041;7,631156777000058;51,970099787000038;1
177771;5230602701800785656;5;5;62;4;2023;6;13;6;3;1;5;0;0;1;1;0;0;0;0;384371,107499999925494;5711291,941899999976158;7,332638716000076;51,540868697000064;1
177772;5230602701400399774;5;5;12;0;2023;6;14;6;3;0;7;0;0;1;0;0;0;0;1;358051,998599999584258;5708431,501099999994040;6,954507583000066;51,509160084000030;1
177773;5230602608200877527;5;3;34;2;2023;6;18;6;2;0;2;0;0;1;1;0;0;0;0;295816,190499999560416;5628100,468399999663234;6,104266150000058;50,768684162000056;1
177775;5230602607300815196;5;3;82;36;2023;6;15;6;3;0;1;0;0;1;0;0;0;0;0;387500,331199999898672;5640316,347599999979138;7,400019420000035;50,903530021000051;1
177779;5230602602800685807;5;3;62;12;2023;6;16;6;3;0;1;0;0;1;0;0;0;0;0;351876,313299999572337;5632409,036299999803305;6,896893593000073;50,824430319000044;1
177782;5230602601500098993;5;3;15;0;2023;6;7;6;3;0;6;0;0;1;0;0;0;1;0;357601,184700000099838;5644748,260800000280142;6,973315083000045;50,936760100000072;1
177783;5230602601200426410;5;3;15;0;2023;6;18;6;3;0;5;0;0;1;0;0;0;0;1;355468,407800000160933;5641889,634400000795722;6,944114188000071;50,910539553000035;1
177785;5230602601100393376;5;3;15;0;2023;6;16;6;3;1;5;0;0;1;1;0;0;0;0;355246,354500000365078;5642065,085100000724196;6,940888178000023;50,912060655000062;1
177786;5230602600310099942;5;3;14;0;2023;6;9;6;3;5;3;0;0;1;1;0;0;0;0;362885,879499999806285;5618863,722799999639392;7,058158406000075;50,705401488000064;1
177789;5230602518200978015;5;1;70;24;2023;6;20;6;3;0;1;0;0;1;0;0;0;0;0;336571,822800000198185;5702207,252000000327826;6,648116718000040;51,447436943000071;1
177790;5230602516800691362;5;1;58;20;2023;6;7;6;3;5;3;0;0;1;1;0;0;0;0;353871,831299999728799;5664559,664100000634789;6,912289138000062;51,113862538000035;1
177792;5230602515212986221;5;1;54;64;2023;6;11;6;3;0;3;0;0;1;1;0;0;0;0;302651,174399999901652;5720296,249800000339746;6,150428539000075;51,599085618000061;1
177795;5230602513210995672;5;1;62;24;2023;6;16;6;2;6;1;0;0;1;0;1;0;0;0;338975,364799999631941;5671103,958100000396371;6,696715304000065;51,168671451000080;1
177798;5230602506100978040;5;1;16;0;2023;6;7;6;3;4;6;0;0;1;1;0;0;0;0;321506,655000000260770;5668700,976399999111891;6,448288598000033;51,141900700000065;1
177799;5230602505200978020;5;1;14;0;2023;6;18;6;2;1;5;0;0;1;1;0;0;0;0;330860,911899999715388;5691853,047599999234080;6,570944733000033;51,352740350000033;1
177800;5230602505100978022;5;1;14;0;2023;6;17;6;3;1;5;0;0;1;1;0;0;0;0;331830,685200000181794;5686550,530099999159575;6,587361268000052;51,305390330000080;1
177801;5230602503100978024;5;1;24;0;2023;6;16;6;3;1;7;0;0;1;1;0;0;0;0;370671,912999999709427;5680920,846300000324845;7,146274586000061;51,264946772000030;1
177802;5230602502339881138;5;1;13;0;2023;6;12;6;3;5;2;0;0;1;1;0;0;0;0;365776,205000000074506;5706334,911000000312924;7,066542133000041;51,492206503000034;1
177810;5230602500200056863;5;1;11;0;2023;6;17;6;3;0;1;0;0;1;0;0;0;0;0;345765,322300000116229;5679420,247899999842048;6,790184478000072;51,245268728000042;1
177812;5230602411132986240;5;7;74;32;2023;6;16;6;3;0;3;0;0;1;1;0;0;0;0;484187,164800000376999;5731003,945499999448657;8,771038035000061;51,729733885000030;1
177817;5230602317130978017;5;9;78;12;2023;6;18;6;2;0;1;0;0;1;0;0;0;0;0;419378,957200000062585;5704323,707800000905991;7,838907540000037;51,484312453000030;1
177819;5230602303100594470;5;9;15;0;2023;6;13;6;3;5;3;0;0;1;1;0;0;0;0;412687,120000000111759;5723667,098999999463558;7,737749507000046;51,657205197000053;1
177827;5230601709500986203;5;5;66;76;2023;6;15;5;2;0;3;0;0;1;1;0;0;0;0;393754,242800000123680;5793842,424499999731779;7,442421573000047;52,284662015000038;1
177828;5230601709110978074;5;5;66;12;2023;6;6;5;3;0;1;0;1;1;0;0;0;0;0;404822,117700000293553;5772600,430500000715256;7,610588799000027;52,095767051000053;1
177829;5230601706000978072;5;5;58;12;2023;6;7;5;3;6;4;0;0;1;0;1;0;0;0;374484,788300000131130;5755466,799000000581145;7,174218115000031;51,935748880000062;1
177830;5230601702100088887;5;5;15;0;2023;6;12;5;3;5;3;0;0;1;1;0;0;0;0;406654,393299999646842;5761283,888399999588728;7,640418776000047;51,994362157000069;1
177835;5230601610121589824;5;3;70;12;2023;6;14;5;3;0;2;0;0;1;1;0;0;0;0;294003,923999999649823;5647512,596000000834465;6,067678674000035;50,942383549000056;1
177840;5230601607400295330;5;3;82;68;2023;6;17;5;3;0;3;0;0;1;1;0;0;0;0;366363,724000000394881;5627136,303999999538064;7,104382630000032;50,780565060000072;1
177843;5230601606100078455;5;3;78;4;2023;6;7;5;2;5;2;0;0;1;1;0;0;0;0;370057,428899999707937;5649276,386399999260902;7,148877576000075;50,980399774000034;1
177845;5230601601300799877;5;3;15;0;2023;6;17;5;3;0;2;0;0;1;0;0;0;0;1;350711,250199999660254;5648534,126199999824166;6,873772408000036;50,969038912000030;1
177847;5230601601300699103;5;3;15;0;2023;6;18;5;3;0;1;0;0;1;0;0;0;0;0;353893,473000000230968;5646079,691999999806285;6,920047912000030;50,947797778000051;1
177849;5230601601000699161;5;3;15;0;2023;6;14;5;3;0;5;0;0;1;1;0;0;0;0;356921,777300000190735;5642903,845200000330806;6,964375837000034;50,920016304000058;1
177850;5230601600370073793;5;3;82;4;2023;6;7;5;3;2;2;0;0;1;1;0;0;0;0;360323,556099999696016;5617589,960500000044703;7,022374752000076;50,693343512000069;1
177853;5230601600110793373;5;3;14;0;2023;6;19;5;3;5;2;0;0;1;1;0;0;0;0;365788,515599999576807;5620659,558499999344349;7,098588683000060;50,722219726000048;1
177854;5230601518400978077;5;1;70;8;2023;6;2;5;3;0;1;2;0;1;0;0;0;0;0;342881,679999999701977;5714773,025000000372529;6,733246116000032;51,562122295000052;1
177856;5230601518100073370;5;1;70;48;2023;6;8;5;3;0;1;0;0;1;0;0;0;0;0;337034,464900000020862;5727049,219000000506639;6,643254802000058;51,670751997000082;1
177857;5230601516600091231;5;1;58;4;2023;6;15;5;3;0;7;0;0;1;0;0;0;0;1;354223,447999999858439;5676722,423699999228120;6,912378280000041;51,223250041000028;1
177861;5230601514218986187;5;1;66;36;2023;6;11;5;3;0;3;0;0;1;1;0;0;0;0;322225,825400000438094;5682637,507200000807643;6,451655159000040;51,267320570000038;1
177862;5230601514110978070;5;1;66;32;2023;6;9;5;3;5;3;0;0;1;1;0;0;0;0;318240,989299999549985;5681139,580700000748038;6,395357305000061;51,252608312000064;1
177863;5230601513210978050;5;1;62;24;2023;6;21;5;3;9;1;0;0;1;0;0;0;0;0;338751,379999999888241;5674886,407999999821186;6,691816480000057;51,202593342000057;1
177865;5230601505200986200;5;1;14;0;2023;6;14;5;3;5;2;0;0;1;1;0;0;0;0;331222,702399999834597;5690666,133799999952316;6,576698325000052;51,342184790000033;1
177866;5230601505200986198;5;1;14;0;2023;6;14;5;2;5;3;0;0;1;1;0;0;0;0;334001,880099999718368;5692840,947300000116229;6,615549742000042;51,362542015000031;1
177869;5230601502404278894;5;1;17;0;2023;6;12;5;3;2;1;0;0;1;1;0;0;0;0;353187,627799999900162;5702702,728099999949336;6,886843274000057;51,456440616000066;1
177870;5230601501115986207;5;1;12;0;2023;6;17;5;3;1;5;0;0;1;1;0;0;0;0;339242,547100000083447;5703081,352900000289083;6,686119784000027;51,456054668000036;1
177875;5230601500300074540;5;1;11;0;2023;6;16;5;3;4;7;0;0;1;0;0;1;0;0;350603,512799999676645;5675542,604100000113249;6,861068110000076;51,211712441000032;1
177876;5230601500300001866;5;1;11;0;2023;6;13;5;3;0;6;0;0;1;1;0;0;0;1;351991,108000000007451;5668635,638599999248981;6,883764856000028;51,150007257000027;1
177879;5230601500100296000;5;1;11;0;2023;6;14;5;3;5;2;0;0;1;1;0;0;0;0;344854,567999999970198;5676611,607000000774860;6,778362255000047;51,219785063000074;1
177880;5230601411220977945;5;7;74;20;2023;6;0;5;3;0;7;0;0;1;0;0;0;0;0;469227,367499999701977;5734601,808800000697374;8,554114628000036;51,761460941000053;1
177882;5230601410230387144;5;7;70;4;2023;6;7;5;3;0;3;0;0;1;1;0;0;0;0;487581,712000000290573;5784910,710000000894070;8,818238608000058;52,214492745000030;1
177883;5230601405148993910;5;7;54;48;2023;6;16;5;3;4;1;0;0;1;1;0;0;0;0;441582,881699999794364;5765759,866499999538064;8,148310459000072;52,039374165000027;1
177884;5230601405140539150;5;7;54;40;2023;6;15;5;3;5;3;0;0;1;1;0;0;0;0;460079,991999999620020;5762990,993300000205636;8,418292739000037;52,016121255000030;1
177885;5230601400300978055;5;7;11;0;2023;6;17;5;2;0;1;0;0;1;0;0;0;0;0;465583,753999999724329;5760800,042999999597669;8,498709123000026;51,996791970000061;1
177886;5230601317230080462;5;9;78;8;2023;6;14;5;3;5;3;0;0;1;1;0;0;0;0;414040,657599999569356;5718434,380400000140071;7,758597084000030;51,610374803000070;1
177887;5230601316100986217;5;9;74;40;2023;6;19;5;3;1;5;0;0;1;1;0;0;0;0;436208,159599999897182;5709456,623600000515580;8,080312571000036;51,532609135000030;1
177892;5230601307000080471;5;9;62;32;2023;6;19;5;3;5;3;0;0;1;1;0;0;0;0;405101,091900000348687;5675283,756100000813603;7,641083729000059;51,221044759000051;1
177894;5230601301301294458;5;9;78;24;2023;6;17;5;3;5;3;0;0;1;1;0;0;0;0;397856,099000000394881;5719494,231499999761581;7,524631743000043;51,617197719000046;1
177897;5230531711300853110;5;5;70;8;2023;5;15;4;3;0;1;0;0;1;0;0;0;0;0;435497,583100000396371;5733632,923299999907613;8,065612672000043;51,749881043000073;1
177898;5230531709500989665;5;5;66;76;2023;5;18;4;3;0;1;0;0;1;0;0;0;0;0;394240,549899999983609;5791292,146600000560284;7,450347747000023;52,261835835000056;1
177899;5230531709500324206;5;5;66;76;2023;5;18;4;3;5;3;0;0;1;1;0;0;0;0;395526,804999999701977;5791176,716000000014901;7,469223137000029;52,261044231000028;1
177900;5230531705000989656;5;5;54;68;2023;5;7;4;2;5;2;0;0;1;1;0;0;0;0;350590,213600000366569;5767463,142200000584126;6,821664307000049;52,037628712000071;1
177901;5230531705000380991;5;5;54;12;2023;5;16;4;3;5;2;0;0;1;0;0;0;0;0;353035,756199999712408;5745351,989900000393391;6,866739929000062;51,839618244000064;1
177904;5230531701610770157;5;5;62;12;2023;5;7;4;3;5;3;0;0;1;1;0;0;0;0;359538,312599999830127;5726465,981799999251962;6,968693315000053;51,671588486000076;1
177911;5230601600140986184;5;3;14;0;2023;6;8;5;3;0;5;0;0;1;1;0;0;0;1;370009,974100000225008;5622986,257400000467896;7,157541260000073;50,744092438000052;1
177912;5230531608416477503;5;3;34;16;2023;5;18;4;3;5;3;0;0;1;1;0;0;0;0;295106,534599999897182;5635105,488600000739098;6,090307951000057;50,831347623000056;1
177913;5230531608100977500;5;3;34;2;2023;5;8;4;3;5;3;0;0;1;1;0;0;0;0;295142,111999999731779;5630373,928999999538064;6,093453001000057;50,788865117000057;1
177914;5230531608100680782;5;3;34;2;2023;5;19;4;3;5;3;0;0;1;1;0;0;0;0;293316,262199999764562;5629534,776300000026822;6,068055475000051;50,780680673000063;1
177915;5230531607400895278;5;3;82;68;2023;5;8;4;3;5;3;0;0;1;0;0;0;0;0;370284,913599999621511;5629821,903699999675155;7,159024947000034;50,805594141000029;1
177916;5230531606100578640;5;3;78;4;2023;5;10;4;3;0;5;0;0;1;1;0;0;0;0;367728,895399999804795;5646636,499800000339746;7,116685027000074;50,956143090000069;1
177920;5230602303100978031;5;9;15;0;2023;6;14;6;3;1;5;0;0;1;1;0;0;0;0;418484,761099999770522;5723584,891200000420213;7,821563283000046;51,657336957000041;1
177921;5230531602250073705;5;3;62;16;2023;5;15;4;3;5;3;0;0;1;1;0;0;0;0;329226,298999999649823;5645724,992000000551343;6,569369257000062;50,937832210000067;1
177925;5230531601500554017;5;3;15;0;2023;5;15;4;3;4;6;0;0;1;0;0;0;0;0;360363,432799999602139;5646446,751499999314547;7,011951922000037;50,952700197000070;1
177927;5230531601400987720;5;3;15;0;2023;5;15;4;3;0;2;0;0;1;0;0;0;0;1;357370,796199999749660;5648005,734899999573827;6,968762163000065;50,965977832000078;1
177928;5230531601400599127;5;3;15;0;2023;5;9;4;3;5;3;0;0;1;1;0;0;0;0;358160,520200000144541;5648005,799200000241399;6,980001407000032;50,966173393000076;1
177929;5230531601300495874;5;3;15;0;2023;5;18;4;3;0;2;0;0;1;0;0;1;0;0;349036,092000000178814;5646250,888000000268221;6,850879124000073;50,948084628000061;1
177930;5230531601300093350;5;3;15;0;2023;5;17;4;3;1;1;0;0;1;1;0;0;0;0;348296,754300000146031;5644884,756599999964237;6,840930805000028;50,935614209000050;1
177933;5230531601100199030;5;3;15;0;2023;5;14;4;2;6;4;0;0;1;0;1;0;0;0;355443,507299999706447;5644983,045099999755621;6,942533898000022;50,938333234000027;1
177935;5230531600130990956;5;3;82;8;2023;5;7;4;3;6;6;0;0;1;0;0;0;0;1;375089,766099999658763;5611975,904300000518560;7,233227077000038;50,646238960000062;1
177936;5230601601700799113;5;3;16;0;2023;6;11;5;3;1;5;0;0;1;1;0;0;0;0;358513,859500000253320;5655305,452099999412894;6,982185646000062;51,031861736000053;1
177937;5230531518210989710;5;1;70;28;2023;5;7;4;3;5;3;0;0;1;1;0;0;0;0;328985,505599999800324;5700776,698000000789762;6,539739366000049;51,432345674000032;1
177939;5230531518200989686;5;1;70;24;2023;5;14;4;3;5;3;0;0;1;1;0;0;0;0;336282,904000000096858;5699733,730000000447035;6,645106254000041;51,425130828000079;1
177941;5230531516900586880;5;1;58;26;2023;5;14;4;3;0;7;0;0;1;0;0;0;0;0;351913,750599999912083;5663062,004399999976158;6,884949215000063;51,099901635000037;1
177944;5230531516300987726;5;1;58;28;2023;5;16;4;3;4;2;0;0;1;0;0;0;0;1;350374,253999999724329;5685231,382999999448657;6,853736656000024;51,298713879000047;1
177945;5230531516100989720;5;1;58;32;2023;5;6;4;3;1;5;0;0;1;0;0;0;0;1;363264,067699999548495;5690043,910199999809265;7,036662711000076;51,345204623000029;1
177946;5230531516100987732;5;1;58;32;2023;5;12;4;3;0;1;0;0;1;0;0;0;0;0;369859,940700000151992;5693004,922900000587106;7,130231272000060;51,373364285000036;1
177948;5230531516100486835;5;1;58;36;2023;5;7;4;3;5;3;0;0;1;1;0;0;0;0;361824,355999999679625;5682838,073000000789762;7,018795632000035;51,280100260000040;1
177949;5230531515111989704;5;1;54;44;2023;5;9;4;3;0;2;0;0;1;1;0;0;0;0;320508,981100000441074;5737649,046599999070168;6,399062490000063;51,760925573000065;1
177950;5230531515111539762;5;1;54;8;2023;5;15;4;3;5;3;0;0;1;0;0;0;0;0;309048,061999999918044;5748030,947000000625849;6,227471157000025;51,850372925000045;1
177952;5230531514217989682;5;1;66;36;2023;5;16;4;3;2;6;0;0;1;0;0;1;0;0;328350,128399999812245;5682725,152499999850988;6,539314902000058;51,269985188000078;1