OID_;UIDENTSTLAE;ULAND;UREGBEZ;UKREIS;UGEMEINDE;UJAHR;UMONAT;USTUNDE;UWOCHENTAG;UKATEGORIE;UART;UTYP1;ULICHTVERH;IstStrassenzustand;IstRad;IstPKW;IstFuss;IstKrad;IstGkfz;IstSonstige;LINREFX;LINREFY;XGCSWGS84;YGCSWGS84;PLST
177955;5230531513130989687;5;1;62;22;2023;5;14;4;3;0;3;0;0;1;1;0;0;0;0;334739,896700000390410;5683431,978299999609590;6,630502901000057;51,278224251000040;1
177959;5230531505200191513;5;1;14;0;2023;5;13;4;3;2;5;0;0;1;1;0;0;0;0;330468,345700000412762;5689857,098899999633431;6,566262895000023;51,334692073000042;1
177965;5230531502241879102;5;1;13;0;2023;5;13;4;3;0;1;0;0;1;0;0;0;0;0;359673,388000000268221;5699312,487999999895692;6,981476872000030;51,427619956000058;1
177966;5230531501324491192;5;1;12;0;2023;5;10;4;3;5;3;0;0;1;1;0;0;0;0;342892,619099999777973;5694451,676999999210238;6,742437753000047;51,379542932000049;1
177967;5230531501311067331;5;1;12;0;2023;5;19;4;3;5;2;0;0;1;1;0;0;0;0;345109,825000000186265;5700028,142000000923872;6,771837157000050;51,430257165000057;1
177968;5230531501215391502;5;1;12;0;2023;5;14;4;3;5;3;0;0;1;1;0;0;0;0;336781,115000000223517;5697155,107999999076128;6,653452999000024;51,402107379000029;1
177972;5230531500300368378;5;1;11;0;2023;5;13;4;3;5;3;0;0;1;1;0;0;0;0;348029,224299999885261;5675761,901000000536442;6,824146980000023;51,213003751000031;1
177974;5230531500200076644;5;1;11;0;2023;5;19;4;3;0;7;0;0;1;0;0;0;0;1;345205,632799999788404;5678954,085300000384450;6,782373420000056;51,240928471000075;1
177975;5230531500200056863;5;1;11;0;2023;5;9;4;3;5;2;0;0;1;1;0;0;0;0;347120,739699999801815;5677157,470300000160933;6,810554794000041;51,225301283000078;1
177976;5230531411236096958;5;7;74;36;2023;5;16;4;3;0;1;0;0;1;0;0;0;0;0;471151,429999999701977;5724901,236999999731779;8,582796236000036;51,674344053000027;1
177980;5230531411132987742;5;7;74;32;2023;5;10;4;3;5;3;0;0;1;1;0;0;0;0;482290,868599999696016;5729490,381599999964237;8,743657864000056;51,716068286000052;1
177981;5230531410110989660;5;7;70;24;2023;5;21;4;3;5;3;0;0;1;1;0;0;0;0;491777,775999999605119;5791952,952999999746680;8,879483073000074;52,277885064000031;1
177982;5230531405148587010;5;7;54;48;2023;5;8;4;3;3;3;0;0;1;1;0;0;0;0;441560,099999999627471;5765758,492000000551343;8,147978589000047;52,039359408000053;1
177983;5230531405108887100;5;7;54;8;2023;5;11;4;3;0;1;0;0;1;0;0;0;0;0;457510,204300000332296;5750911,453299999237061;8,382342993000066;51,907329396000080;1
177984;5230531404302989674;5;7;66;8;2023;5;17;4;3;5;3;0;0;1;1;0;0;0;0;482206,365000000223517;5770904,359999999403954;8,740296346000036;52,088419398000042;1
177985;5230531404103989714;5;7;66;60;2023;5;6;4;3;1;5;0;0;1;1;0;0;0;0;510790,355000000447035;5751564,895600000396371;9,156880111000021;51,914720639000052;1
177987;5230531400200003673;5;7;11;0;2023;5;14;4;3;0;3;0;0;1;1;0;0;0;0;472672,035799999721348;5765039,300300000235438;8,601612267000064;52,035300049000057;1
177989;5230531316300989670;5;9;74;28;2023;5;16;4;3;1;7;0;0;1;1;0;0;0;0;453351,561900000087917;5728810,838099999353290;8,324869984000031;51,708298274000072;1
177990;5230531316100094368;5;9;74;24;2023;5;15;4;3;1;7;0;0;1;0;0;0;0;1;438254,189399999566376;5723203,251700000837445;8,107386911000049;51,656425591000072;1
177995;5230531307000969284;5;9;62;24;2023;5;21;4;2;5;3;2;0;1;1;0;0;0;0;408237,261500000022352;5692205,172499999403954;7,681628886000055;51,373675390000074;1
177996;5230531307000573573;5;9;62;24;2023;5;7;4;3;0;1;0;0;1;1;0;0;0;0;408900,650299999862909;5694885,988099999725819;7,690469461000021;51,397881561000077;1
177999;5230531301201173392;5;9;13;0;2023;5;10;4;3;5;3;0;0;1;1;0;0;0;0;386987,052299999631941;5709289,402400000020862;7,370986580000022;51,523399665000056;1
178001;5230531301102494345;5;9;13;0;2023;5;15;4;3;0;1;0;0;1;0;0;0;0;0;394997,438500000163913;5703862,241900000721216;7,488021903000060;51,476163354000050;1
178002;5230530705000987762;5;5;54;56;2023;5;11;3;3;3;6;0;0;1;1;0;0;0;0;356540,808000000193715;5762431,103599999099970;6,910466140000040;51,993987566000044;1
178003;5230530705000491585;5;5;54;12;2023;5;12;3;3;5;3;0;0;1;1;0;0;0;0;353653,090599999763072;5746723,445900000631809;6,875113793000025;51,852102904000049;1
178005;5230530701400578100;5;5;12;0;2023;5;18;3;3;5;3;0;0;1;1;0;0;0;0;357448,658300000242889;5709273,674799999222159;6,945478818000026;51,516575909000039;1
178006;5230530701300926178;5;5;62;14;2023;5;6;3;3;3;6;0;0;1;0;0;0;0;1;360921,435999999754131;5714070,722999999299645;6,993601528000056;51,560548581000035;1
178008;5230530610121789892;5;3;70;12;2023;5;15;3;3;5;3;0;0;1;1;0;0;0;0;297640,219399999827147;5649572,151300000026822;6,118225550000034;50,962168336000047;1
178010;5230530609248194922;5;3;58;48;2023;5;18;3;2;0;7;0;0;1;0;0;0;0;0;321496,079800000414252;5640057,378100000321865;6,462229758000035;50,884574712000074;1
178012;5230530608100572072;5;3;34;2;2023;5;12;3;3;0;1;0;0;1;0;0;0;0;0;292673,022099999710917;5629267,526599999517202;6,059094177000077;50,778050926000049;1
178013;5230530608100180781;5;3;34;2;2023;5;16;3;3;0;7;0;0;1;1;0;0;0;0;293963,984400000423193;5629105,638699999079108;6,077471495000054;50,777056995000066;1
178015;5230530606400695310;5;3;78;28;2023;5;14;3;3;0;7;0;0;1;0;0;0;0;1;372453,400799999944866;5639704,943399999290705;7,186342005000029;50,894906649000063;1
178016;5230530605144987755;5;3;74;44;2023;5;18;3;3;5;3;0;0;1;1;0;0;0;0;403189,480999999679625;5638337,369000000879169;7,623602146000053;50,888583143000062;1
178017;5230530602700969702;5;3;62;28;2023;5;15;3;3;5;3;0;0;1;1;0;0;0;0;352321,116999999620020;5639668,052999999374151;6,900275917000045;50,889778443000068;1
178019;5230530602700171667;5;3;62;28;2023;5;11;3;3;1;5;0;0;1;1;0;0;0;0;351538,911399999633431;5639419,392200000584126;6,889263458000073;50,887343333000047;1
178022;5230530602200299700;5;3;62;4;2023;5;11;3;3;0;7;0;0;1;0;0;0;0;0;328724,571999999694526;5653141,243000000715256;6,558742533000043;51,004313886000034;1
178023;5230530602100399680;5;3;62;8;2023;5;7;3;3;1;5;0;0;1;1;0;0;0;0;337307,302099999971688;5644919,578199999406934;6,684643234000021;50,932931843000063;1
178024;5230530601700599024;5;3;16;0;2023;5;15;3;3;5;2;0;0;1;1;0;0;0;0;359799,380400000140071;5656687,658700000494719;6,999972269000068;51,044598598000050;1
178031;5230530601400989735;5;3;15;0;2023;5;13;3;2;4;6;0;0;1;0;0;0;0;0;349193,251000000163913;5658165,482999999076128;6,848165459000029;51,055192273000046;1
178033;5230530601200998994;5;3;15;0;2023;5;15;3;3;5;3;0;0;1;1;0;0;0;0;360066,887099999934435;5637164,052200000733137;7,011292226000023;50,869202740000048;1
178037;5230530600140073830;5;3;14;0;2023;5;16;3;3;5;2;0;0;1;1;0;0;0;0;368657,765999999828637;5622247,920900000259280;7,138649191000070;50,737151846000074;1
178039;5230530518200989734;5;1;70;24;2023;5;14;3;2;0;3;0;0;1;0;0;0;0;0;334148,393899999558926;5706867,406600000336766;6,611087077000036;51,488599102000080;1
178042;5230603503400078725;5;1;22;0;2023;6;21;7;2;8;7;2;0;1;0;0;0;0;0;365574,042500000447035;5674443,669900000095367;7,075678342000060;51,205556575000060;1
178044;5230530513210286831;5;1;62;24;2023;5;17;3;3;0;5;0;0;1;1;0;0;0;0;338901,417299999855459;5669622,629300000146031;6,696321854000075;51,155340930000079;1
178046;5230530506100989752;5;1;16;0;2023;5;8;3;2;5;3;0;0;1;1;0;0;0;0;317537,487300000153482;5676132,491399999707937;6,387836626000023;51,207406078000076;1
178047;5230530505200987765;5;1;14;0;2023;5;13;3;3;5;2;0;0;1;1;0;0;0;0;330042,340200000442564;5690714,458300000056624;6,559744083000055;51,342267264000043;1
178048;5230530503200987762;5;1;24;0;2023;5;15;3;3;4;2;0;0;1;1;0;0;0;0;372725,900200000032783;5680815,706299999728799;7,175736712000059;51,264464171000043;1
178052;5230530502208094964;5;1;13;0;2023;5;15;3;2;0;1;0;0;1;0;0;0;0;0;359113,769999999552965;5702192,231000000610948;6,972286415000042;51,453359019000061;1
178056;5230530500300887360;5;1;11;0;2023;5;19;3;3;5;3;0;0;1;0;0;0;0;0;344858,580799999646842;5675955,006799999624491;6,778703735000022;51,213886338000066;1
178058;5230530500200001155;5;1;11;0;2023;5;17;3;2;5;3;0;0;1;1;0;0;0;0;347781,445100000128150;5681490,135999999940395;6,818167559000074;51,264409461000071;1
178062;5230530411132270270;5;7;74;32;2023;5;11;3;3;4;2;0;0;1;1;0;0;0;0;483437,336000000126660;5730472,872999999672174;8,760206254000025;51,724937200000056;1
178063;5230530411132196946;5;7;74;32;2023;5;9;3;2;5;2;0;0;1;1;0;0;0;0;484264,236999999731779;5732240,461999999359250;8,772098077000066;51,740853937000054;1
178067;5230530405244672226;5;7;54;44;2023;5;15;3;3;5;3;0;0;1;1;0;0;0;0;464633,887900000438094;5747589,018999999389052;8,486232915000073;51,877956033000032;1
178068;5230530405236989738;5;7;54;36;2023;5;12;3;3;5;3;0;0;1;1;0;0;0;0;474540,362999999895692;5749405,423000000417233;8,630007345000024;51,894827547000034;1
178071;5230530405108082023;5;7;54;8;2023;5;10;3;3;5;3;0;0;1;0;0;0;0;0;457979,815999999642372;5750126,436000000685453;8,389264852000053;51,900307248000047;1
178079;5230530301301989730;5;9;78;24;2023;5;13;3;2;0;1;0;0;1;0;0;0;0;0;394811,512000000104308;5718566,243400000035763;7,480950591000067;51,608295859000066;1
178081;5230530301103394406;5;9;13;0;2023;5;8;3;3;2;7;0;0;1;1;0;0;0;0;393430,862200000323355;5701748,116100000217557;7,466110134000076;51,456867472000056;1
178084;5230602607100786277;5;3;82;60;2023;6;15;6;3;2;6;0;0;1;1;0;0;0;0;374531,880900000222027;5628965,573999999091029;7,219560841000032;50,798832399000048;1
178086;5230530503100987752;5;1;24;0;2023;5;20;3;3;5;2;1;0;1;1;0;0;0;0;365208,301300000399351;5677362,209599999710917;7,069348712000021;51,231699462000051;1
178087;5230530300000999416;5;9;11;0;2023;5;18;3;3;4;2;0;0;1;1;0;0;0;0;375239,891300000250340;5704735,804999999701977;7,203354235000063;51,480002356000057;1
178088;5230529711100796945;5;5;70;36;2023;5;8;2;3;0;3;0;0;1;1;0;0;0;0;434027,505300000309944;5759866,108200000599027;8,039308487000028;51,985543638000081;1
178089;5230531601100093520;5;3;15;0;2023;5;9;4;3;3;5;0;0;1;1;0;0;0;0;355739,974399999715388;5646013,671800000593066;6,946342429000026;50,947669521000080;1
178090;5230529705000152633;5;5;54;44;2023;5;18;2;3;0;6;0;0;1;0;0;0;0;0;369704,634899999946356;5741751,796299999579787;7,109900776000075;51,811403928000061;1
178091;5230529609128571751;5;3;58;28;2023;5;12;2;3;0;1;0;0;1;0;0;0;0;0;322779,785000000149012;5625375,085000000894070;6,487553584000068;50,753062650000061;1
178093;5230529606400999040;5;3;78;28;2023;5;14;2;3;5;3;0;0;1;1;0;0;0;0;371765,738900000229478;5643230,532800000160933;7,175330105000057;50,926442637000036;1
178094;5230529606100278455;5;3;78;4;2023;5;3;2;3;0;1;2;0;1;0;0;0;0;0;368700,932799999602139;5650688,744300000369549;7,129053925000051;50,992785921000063;1
178095;5230529603228986257;5;3;66;28;2023;5;17;2;2;0;7;0;0;1;0;0;0;0;0;336717,320299999788404;5611336,497300000861287;6,691170377000049;50,631004933000042;1
178100;5230529601200090258;5;3;15;0;2023;5;18;2;3;5;3;0;0;1;0;0;0;0;0;353818,447999999858439;5641471,500499999150634;6,920828277000055;50,906366409000043;1
178103;5230529518100291591;5;1;70;48;2023;5;20;2;2;7;1;0;0;1;0;0;0;0;0;333616,324000000022352;5725762,470000000670552;6,594482017000075;51,658190636000029;1
178107;5230529513210989772;5;1;62;24;2023;5;17;2;3;4;2;0;0;1;1;0;0;0;0;338021,922199999913573;5672725,832699999213219;6,682358396000041;51,182974572000035;1
178108;5230529513130989775;5;1;62;22;2023;5;16;2;3;1;5;0;0;1;1;0;0;0;0;336755,140800000168383;5683458,262299999594688;6,659359405000032;51,279041364000079;1
178109;5230529513110989781;5;1;62;16;2023;5;14;2;3;1;5;0;0;1;1;0;0;0;0;333623,196000000461936;5676432,985999999567866;6,617759179000075;51,215018010000051;1
178110;5230529503400989761;5;1;22;0;2023;5;23;2;3;1;5;2;0;1;1;0;0;0;0;365182,396399999968708;5669417,121400000527501;7,071961454000075;51,160290094000061;1
178112;5230529503200987776;5;1;24;0;2023;5;17;2;3;4;7;0;0;1;0;0;0;0;0;376227,492499999701977;5682824,104399999603629;7,225204514000040;51,283286302000079;1
178113;5230529502321396972;5;1;13;0;2023;5;20;2;3;0;1;1;0;1;0;0;0;0;0;357480,894899999722838;5705264,991699999198318;6,947562345000051;51,480562212000052;1
178115;5230529411112989770;5;7;74;12;2023;5;17;2;2;7;7;0;0;1;0;1;0;0;0;480694,687400000169873;5724207,037299999967217;8,720845586000053;51,668511349000028;1
178116;5230529410240340272;5;7;70;40;2023;5;17;2;3;0;7;0;0;1;0;0;0;0;0;477325,984400000423193;5812144,540599999949336;8,666294042000061;52,459006177000049;1
178117;5230529410120989787;5;7;70;32;2023;5;10;2;3;8;1;0;0;1;0;0;0;0;0;494245,701600000262260;5787639,705399999395013;8,915730075000056;52,239137961000040;1
178119;5230529317220077614;5;9;78;4;2023;5;12;2;3;0;1;0;0;1;0;0;0;0;0;403015,167999999597669;5718247,392599999904633;7,599469819000035;51,606902663000028;1
178120;5230530518300496233;5;1;70;20;2023;5;14;3;3;0;3;0;0;1;1;0;0;0;0;330496,976999999955297;5708702,128000000491738;6,557661947000042;51,503998810000041;1
178123;5230529303200560417;5;9;15;0;2023;5;8;2;3;1;5;0;0;1;1;0;0;0;0;414796,929700000211596;5727976,102700000628829;7,767191125000068;51,696264241000051;1
178126;5230529301306194366;5;9;13;0;2023;5;17;2;2;0;1;0;0;1;0;0;0;0;0;399777,968399999663234;5713539,320900000631809;7,554082299000072;51,564016193000043;1
178127;5230531607400250903;5;3;82;68;2023;5;18;4;3;3;6;0;0;1;0;0;0;0;1;369867,839599999599159;5631040,030700000002980;7,152676988000053;50,816449275000082;1
178129;5230529301202989767;5;9;13;0;2023;5;18;2;3;1;1;0;0;1;1;0;0;0;0;394201,213999999687076;5708846,958200000226498;7,475066250000054;51,520820352000044;1
178131;5230528709300570598;5;5;66;84;2023;5;14;1;3;0;7;0;0;1;0;0;0;0;0;385627,798000000417233;5778913,052999999374151;7,328385598000068;52,148863954000035;1
178132;5230528709110989812;5;5;66;12;2023;5;13;1;3;0;2;0;0;1;1;0;0;0;0;404807,470999999903142;5772184,672000000253320;7,610491174000060;52,092027624000082;1
178133;5230528706000989800;5;5;58;12;2023;5;21;1;3;0;3;1;0;1;0;0;0;0;0;372553,784099999815226;5756352,347100000828505;7,145816768000032;51,943267861000038;1
178134;5230528705000987794;5;5;54;68;2023;5;23;1;2;7;1;2;0;1;1;0;0;0;0;350961,849899999797344;5767615,104900000616908;6,827012169000056;52,039094018000071;1
178135;5230528701920987796;5;5;62;28;2023;5;17;1;3;0;1;0;0;1;1;0;0;0;0;379571,125000000000000;5721739,702899999916553;7,259872354000038;51,633763689000034;1
178142;5230528608100777575;5;3;34;2;2023;5;15;1;3;1;1;0;0;1;1;0;0;0;0;293993,993400000035763;5631085,462099999189377;6,076787040000056;50,794848689000048;1
178144;5230528605152676566;5;3;74;52;2023;5;13;1;3;0;1;0;0;1;0;0;0;0;0;388034,742899999953806;5664464,283999999985099;7,400164150000023;51,120699442000046;1
178148;5230528601200989741;5;3;15;0;2023;5;17;1;2;0;4;0;0;1;0;1;0;0;0;351680,053899999707937;5643073,755499999970198;6,889784016000021;50,920219701000065;1
178149;5230528600380799971;5;3;14;0;2023;5;1;1;2;0;1;2;0;1;0;0;0;0;0;366783,801199999637902;5620387,183900000527501;7,112779345000035;50,720000644000038;1
178150;5230528600380299970;5;3;14;0;2023;5;12;1;3;3;6;0;0;1;0;0;0;0;0;372293,814000000245869;5613989,564999999478459;7,193006381000032;50,663732733000074;1
178152;5230528600120989801;5;3;82;24;2023;5;15;1;3;5;3;0;0;1;1;0;0;0;0;375883,072399999946356;5620968,449400000274181;7,241422330000034;50,727240265000034;1
178153;5230528600110989822;5;3;14;0;2023;5;11;1;3;0;3;0;0;1;1;0;0;0;0;365984,355000000447035;5621710,160000000149012;7,100979751000068;50,731707712000059;1
178158;5230528516100989792;5;1;58;32;2023;5;19;1;3;5;3;0;0;1;1;0;0;0;0;367510,797600000165403;5684957,446200000122190;7,099494031000063;51,300498162000054;1
178159;5230528516100987795;5;1;58;36;2023;5;18;1;3;0;6;0;0;1;0;0;0;0;0;366756,999099999666214;5683534,836400000378489;7,089218483000025;51,287537178000036;1
178162;5230601506100978043;5;1;16;0;2023;6;15;5;3;5;3;0;0;1;1;0;0;0;0;317578,799100000411272;5674720,625900000333786;6,389144908000048;51,194736707000061;1
178166;5230528500300771903;5;1;11;0;2023;5;12;1;3;0;1;0;0;1;0;0;0;0;0;350440,008500000461936;5670816,404400000348687;6,860697119000065;51,169200364000062;1
178167;5230528500100481221;5;1;11;0;2023;5;0;1;2;7;7;2;0;1;0;0;0;0;0;343685,201000000350177;5677923,274000000208616;6,761058876000050;51,231251802000031;1
178168;5230528500100100326;5;1;11;0;2023;5;5;1;3;2;6;2;0;1;1;0;0;0;0;346124,984299999661744;5677001,831700000911951;6,796372270000063;51,223635239000032;1
178174;5230528404302706645;5;7;66;8;2023;5;17;1;3;7;7;0;0;1;0;1;0;0;0;480950,292799999937415;5770604,775599999353290;8,721980546000054;52,085684108000066;1
178176;5230528316300989824;5;9;74;20;2023;5;9;1;3;4;2;0;0;1;1;0;0;0;0;465977,312800000421703;5721144,820699999108911;8,508337277000066;51,640279951000082;1
178178;5230528307000490030;5;9;62;52;2023;5;16;1;3;0;1;0;0;1;0;0;0;0;0;416781,981999999843538;5678296,541999999433756;7,807608071000061;51,249952715000063;1
178179;5230528307000030106;5;9;62;40;2023;5;20;1;2;0;1;0;0;1;0;0;0;0;0;418404,759999999776483;5696054,392000000923872;7,826787351000064;51,409832245000075;1
178182;5230527706200050361;5;5;58;12;2023;5;18;7;3;5;3;0;0;1;1;0;0;0;0;373957,427199999801815;5756057,567399999126792;7,166334706000043;51,940938599000049;1
178186;5230527610221686953;5;3;70;20;2023;5;12;7;3;0;6;0;0;1;1;0;0;0;0;304096,321000000461936;5660215,690999999642372;6,204301244000021;51,059997455000030;1
178187;5230527610113794870;5;3;70;24;2023;5;14;7;3;5;3;0;0;1;0;0;0;0;0;284998,902800000272691;5656645,804800000041723;5,934283849000053;51,021109932000059;1
178191;5230531602700399700;5;3;62;28;2023;5;16;4;3;5;2;0;0;1;1;0;0;0;0;347316,537899999879301;5639550,953999999910593;6,829222554000069;50,887425075000067;1
178192;5230527602800390955;5;3;62;12;2023;5;11;7;3;0;1;0;0;1;0;0;0;0;0;350067,796000000089407;5632497,242000000551343;6,871198450000065;50,824757486000067;1
178193;5230527602700989861;5;3;62;28;2023;5;12;7;3;0;1;0;0;1;0;0;0;0;0;351437,170500000007451;5638397,797100000083447;6,888233241000023;50,878136545000075;1
178195;5230527601700199207;5;3;16;0;2023;5;15;7;3;0;3;0;0;1;1;0;0;0;0;360037,644999999552965;5656017,828999999910593;7,003627849000054;51,038636956000062;1
178197;5230527601500199875;5;3;15;0;2023;5;14;7;3;6;4;0;0;1;0;1;0;0;0;357566,171199999749660;5644753,386099999770522;6,972815084000047;50,936797514000034;1
178200;5230527601300399804;5;3;15;0;2023;5;14;7;3;1;5;0;0;1;1;0;0;0;1;351342,145399999804795;5644558,402699999511242;6,884374593000075;50,933474496000031;1
178202;5230527601300099166;5;3;15;0;2023;5;20;7;3;0;1;0;0;1;0;0;0;0;0;350184,745799999684095;5644170,070800000801682;6,868074808000074;50,929685322000068;1
178205;5230527601200193465;5;3;15;0;2023;5;13;7;2;3;6;0;0;1;0;0;0;0;0;354545,841000000014901;5641895,206100000068545;6,930998057000068;50,910357884000064;1
178206;5230527600360079300;5;3;82;12;2023;5;19;7;3;5;3;0;0;1;0;0;0;0;0;359104,270999999716878;5624643,524000000208616;7,002427796000063;50,756443091000051;1
178208;5230527600110571683;5;3;14;0;2023;5;18;7;3;5;3;0;0;1;0;0;1;0;0;366241,637400000356138;5620051,986800000071526;7,105224725000028;50,716863347000071;1
178209;5230527600110286300;5;3;14;0;2023;5;11;7;3;0;7;0;0;1;0;0;0;0;0;363755,411100000143051;5622043,037100000306964;7,069291252000028;50,734181024000065;1
178212;5230527515212989867;5;1;54;32;2023;5;9;7;3;0;7;0;0;1;1;0;0;0;0;307994,649699999950826;5718221,388000000268221;6,228620816000046;51,582297787000073;1
178213;5230527515110596103;5;1;54;24;2023;5;12;7;3;3;6;0;0;1;0;0;0;0;0;313928,000199999660254;5738199,295700000599027;6,303517212000031;51,763719966000053;1
178214;5230527515110338653;5;1;54;36;2023;5;18;7;3;9;1;0;0;1;1;0;0;0;0;301512,730000000447035;5741135,850899999961257;6,122158690000049;51,785827938000068;1
178215;5230527515000021975;5;1;54;36;2023;5;18;7;3;5;3;0;0;1;1;0;0;0;0;299765,440499999560416;5740477,614499999210238;6,097239564000063;51,779294687000061;1
178216;5230527514210987817;5;1;66;12;2023;5;17;7;3;5;3;0;0;1;1;0;0;0;0;318097,500400000251830;5690759,498299999162555;6,388401817000045;51,338975508000033;1
178217;5230527513310989847;5;1;62;8;2023;5;14;7;3;5;3;0;0;1;1;0;0;0;0;332215,862499999813735;5662617,286499999463558;6,604067570000041;51,090480838000076;1
178218;5230527513210989855;5;1;62;24;2023;5;13;7;3;5;3;0;0;1;0;0;0;0;1;334550,058500000275671;5671575,809299999848008;6,633256036000034;51,171647926000048;1
178221;5230603702100605104;5;5;15;0;2023;6;15;7;3;0;7;0;0;1;0;0;0;0;0;405711,847699999809265;5757144,066500000655651;7,627832214000023;51,956992494000076;1
178223;5230527506100989865;5;1;16;0;2023;5;8;7;2;1;5;0;0;1;1;0;0;0;0;314730,183600000105798;5674863,994300000369549;6,348347330000024;51,195108149000077;1
178225;5230527505200987823;5;1;14;0;2023;5;10;7;3;1;5;0;0;1;1;0;0;0;0;326566,729799999855459;5694309,361500000581145;6,508138659000053;51,373512167000058;1
178227;5230602602300499675;5;3;62;36;2023;6;17;6;3;8;1;0;0;1;0;0;0;0;0;344763,964399999938905;5648259,327400000765920;6,789252304000058;50,964997613000037;1
178233;5230527501222682374;5;1;12;0;2023;5;14;7;3;5;2;0;0;1;0;0;1;0;0;341517,371000000275671;5703069,515000000596046;6,718839919000061;51,456589660000077;1
178234;5230603601100499192;5;3;15;0;2023;6;16;7;3;0;7;0;0;1;0;0;0;0;0;355157,460599999874830;5644066,917700000107288;6,938829529000031;50,930028424000056;1
178238;5230527500100846608;5;1;11;0;2023;5;12;7;2;5;3;0;0;1;1;0;0;0;0;345713,953700000420213;5676746,489499999210238;6,790600526000048;51,221229928000071;1
178241;5230527500100578385;5;1;11;0;2023;5;22;7;3;6;6;2;0;1;0;1;0;0;0;344865,833399999886751;5677253,455700000748038;6,778245681000044;51,225555385000064;1
178242;5230527406140989850;5;7;58;32;2023;5;14;7;3;5;3;0;0;1;1;0;0;0;0;464939,430700000375509;5777571,673699999228120;8,487601402000053;52,147536822000063;1
178244;5230527404101989825;5;7;66;20;2023;5;12;7;3;5;2;0;0;1;1;0;0;0;0;488608,389499999582767;5752587,252599999308586;8,834344494000050;51,923900721000052;1
178246;5230527400300987818;5;7;11;0;2023;5;15;7;3;0;1;0;0;1;0;0;0;0;0;464554,684500000439584;5759710,591499999165535;8,483833465000032;51,986932401000047;1
178247;5230527317140693765;5;9;78;28;2023;5;14;7;3;5;3;0;0;1;1;0;0;0;0;400529,792999999597669;5699646,637000000104308;7,568843009000034;51,439269227000068;1
178250;5230527313212019414;5;9;58;36;2023;5;20;7;2;5;2;0;0;1;0;0;0;0;0;465983,726999999955297;5689646,549000000581145;8,511467253000035;51,357066756000052;1
178251;5230527313123989848;5;9;58;16;2023;5;14;7;3;0;7;0;0;1;0;0;0;0;0;443018,287100000306964;5681915,810100000351667;8,182908459000032;51,285719619000076;1
178253;5230527303100094462;5;9;15;0;2023;5;16;7;3;5;2;0;0;1;1;0;0;0;0;417111,483199999667704;5725423,787699999287724;7,801278700000069;51,673666873000059;1
178254;5230527301301466170;5;9;78;24;2023;5;18;7;3;8;6;0;0;1;1;0;0;0;0;399932,841000000014901;5716136,431500000879169;7,555575981000061;51,587388481000062;1
178256;5230527301103169026;5;9;13;0;2023;5;17;7;3;0;1;0;0;1;0;0;0;0;0;391347,515300000086427;5700484,383600000292063;7,436523748000070;51,445112439000070;1
178260;5230526711100587261;5;5;70;52;2023;5;13;6;3;0;3;0;0;1;1;0;0;0;0;429843,785000000149012;5756041,867000000551343;7,979176761000076;51,950652686000069;1
178261;5230526711100391858;5;5;70;44;2023;5;15;6;3;5;3;0;0;1;0;0;0;0;0;415780,866000000387430;5759836,091299999505281;7,773666954000021;51,982807175000062;1
178262;5230526709500579092;5;5;66;76;2023;5;16;6;3;5;3;0;0;1;1;0;0;0;0;392793,296000000089407;5792798,347999999299645;7,428671664000035;52,275092142000062;1
178264;5230526702100074736;5;5;15;0;2023;5;20;6;3;5;3;0;0;1;0;0;0;1;0;405328,551300000399351;5755864,338400000706315;7,622608400000047;51,945424620000040;1
178265;5230526701920049578;5;5;62;28;2023;5;17;6;3;5;2;0;0;1;1;0;0;0;0;379185,679100000299513;5723387,532600000500679;7,253736732000050;51,648490634000041;1
178267;5230526701500081148;5;5;62;24;2023;5;16;6;3;5;3;0;0;1;1;0;0;0;0;367292,394999999552965;5724141,625000000000000;7,081642921000025;51,652586032000045;1
178268;5230526701400790514;5;5;12;0;2023;5;7;6;3;1;5;0;0;1;1;0;0;0;0;357053,196999999694526;5712148,998999999836087;6,938616196000055;51,542313245000059;1
178269;5230526701400398880;5;5;12;0;2023;5;17;6;3;5;3;0;0;1;1;0;0;0;0;358986,656299999915063;5708735,652300000190735;6,967845358000034;51,512127219000035;1
178270;5230526701120195983;5;5;62;32;2023;5;15;6;3;0;7;0;0;1;0;0;0;0;0;375713,428999999538064;5715810,019999999552965;7,206261792000021;51,579633685000033;1
178272;5230526608100185695;5;3;34;2;2023;5;22;6;3;0;1;2;0;1;0;0;0;0;0;294948,973899999633431;5627553,004699999466538;6,092289197000071;50,763461418000077;1
178274;5230526607400667695;5;3;82;68;2023;5;17;6;3;4;6;0;0;1;1;0;0;0;0;366679,508000000379980;5627061,744400000199676;7,108886426000026;50,779967613000053;1
178275;5230527317220989863;5;9;78;4;2023;5;11;7;3;0;5;0;0;1;1;0;0;0;0;405864,791699999943376;5719453,894200000911951;7,640283703000023;51,618231561000073;1
178276;5230526607400078278;5;3;82;68;2023;5;10;6;3;5;3;0;0;1;1;0;0;0;0;366363,724000000394881;5627136,303999999538064;7,104382630000032;50,780565060000072;1