OID_;UIDENTSTLAE;ULAND;UREGBEZ;UKREIS;UGEMEINDE;UJAHR;UMONAT;USTUNDE;UWOCHENTAG;UKATEGORIE;UART;UTYP1;ULICHTVERH;IstStrassenzustand;IstRad;IstPKW;IstFuss;IstKrad;IstGkfz;IstSonstige;LINREFX;LINREFY;XGCSWGS84;YGCSWGS84;PLST
178278;5230526607100532321;5;3;82;60;2023;5;18;6;3;0;1;0;0;1;0;0;0;0;0;372954,552000000141561;5628125,998999999836087;7,197480091000045;50,790942330000064;1
178279;5230526606100681787;5;3;78;4;2023;5;7;6;3;1;5;0;0;1;1;0;0;0;0;369833,649500000290573;5649621,869899999350309;7,145567730000039;50,983454369000071;1
178283;5230526602400580765;5;3;62;32;2023;5;17;6;2;0;1;0;0;1;0;0;0;0;0;337913,718999999575317;5638831,221899999305606;6,695969280000043;50,878396502000044;1
178285;5230526601700599027;5;3;16;0;2023;5;7;6;3;0;5;0;0;1;1;0;0;0;0;359569,894199999980628;5656318,932000000029802;6,996843650000073;51,041228824000029;1
178286;5230526601600078214;5;3;15;0;2023;5;13;6;3;0;1;0;0;1;0;0;0;0;0;359985,527300000190735;5645786,700999999418855;7,006828858000063;50,946676555000067;1
178287;5230526601400989871;5;3;15;0;2023;5;20;6;3;5;3;1;0;1;1;0;0;0;0;353147,758600000292063;5651073,996700000017881;6,907422968000049;50,992489856000077;1
178290;5230526601400293424;5;3;15;0;2023;5;23;6;2;0;1;2;0;1;0;0;0;0;0;356128,364900000393391;5648099,950999999418855;6,951043003000052;50,966515588000050;1
178295;5230526601200681466;5;3;15;0;2023;5;9;6;3;5;3;0;0;1;1;0;0;0;0;360594,723899999633431;5638305,750900000333786;7,018353716000036;50,879591078000033;1
178298;5230526601100099070;5;3;15;0;2023;5;12;6;3;5;3;0;0;1;1;0;0;0;0;355761,907700000330806;5645138,426500000059605;6,947001049000050;50,939809348000040;1
178300;5230526600380599970;5;3;14;0;2023;5;6;6;3;5;2;0;0;1;1;0;0;0;0;370749,458800000138581;5615301,832000000402331;7,170707688000050;50,675187182000059;1
178301;5230526600380595287;5;3;14;0;2023;5;17;6;3;6;4;0;0;1;0;1;0;0;0;369791,683000000193715;5616075,703999999910593;7,156887161000043;50,681929528000069;1
178302;5230526600360071688;5;3;82;12;2023;5;13;6;3;8;7;0;0;1;1;0;0;0;0;362550,448499999940395;5626383,623500000685453;7,050605998000037;50,772908912000048;1
178304;5230526600120989912;5;3;82;24;2023;5;7;6;3;5;3;0;0;1;1;0;0;0;0;374514,599100000225008;5621370,599400000646710;7,221905858000071;50,730561048000027;1
178308;5230531315110080416;5;9;70;40;2023;5;12;4;3;8;1;0;0;1;0;0;0;0;0;430889,927500000223517;5639582,839299999177456;8,017121579000047;50,903760446000035;1
178309;5230526518100989875;5;1;70;48;2023;5;19;6;2;5;3;0;0;1;1;0;0;0;0;334682,099000000394881;5725727,572000000625849;6,609892638000076;51,658191581000040;1
178312;5230526516500095664;5;1;58;16;2023;5;7;6;3;5;3;0;0;1;1;0;0;0;0;356031,354000000283122;5669949,398199999704957;6,940966245000027;51,162843870000074;1
178314;5230526516100987848;5;1;58;32;2023;5;6;6;3;1;5;0;0;1;1;0;0;0;0;368876,482499999925494;5690783,711899999529123;7,116928839000025;51,353175831000044;1
178315;5230526515110978092;5;1;54;36;2023;5;11;6;3;5;7;0;0;1;1;0;0;0;0;301945,021599999628961;5740035,310100000351667;6,129045773000030;51,776098247000050;1
178316;5230603601200978004;5;3;15;0;2023;6;9;7;3;0;1;0;0;1;0;0;0;0;0;354703,967000000178814;5643730,571000000461936;6,932514661000027;50,926891707000038;1
178317;5230526514122085880;5;1;66;4;2023;5;17;6;3;0;1;2;0;1;0;0;0;0;0;304072,041199999861419;5685541,956100000068545;6,190153432000045;51,287456069000029;1
178319;5230526513210595734;5;1;62;24;2023;5;16;6;3;0;1;0;0;1;0;0;0;0;0;338945,350499999709427;5674509,356100000441074;6,694759831000056;51,199260283000058;1
178320;5230526506100989904;5;1;16;0;2023;5;11;6;3;5;2;0;0;1;1;0;0;0;0;322145,809100000187755;5674505,768999999389052;6,454545403000054;51,194246191000047;1
178321;5230526506100081636;5;1;16;0;2023;5;15;6;3;0;1;0;0;1;0;0;0;0;0;317399,821800000034273;5675053,304800000041723;6,386417012000038;51,197667948000060;1
178322;5230526505200989873;5;1;14;0;2023;5;19;6;3;1;1;0;0;1;1;0;0;0;0;333565,561800000257790;5691205,744100000709295;6,610053134000054;51,347723486000064;1
178323;5230531601400989672;5;3;15;0;2023;5;17;4;3;3;2;0;0;1;1;0;0;0;0;355482,580000000074506;5647287,538699999451637;6,942175034000059;50,959052997000072;1
178324;5230526505200987842;5;1;14;0;2023;5;10;6;3;0;3;0;0;1;1;0;0;0;0;332490,309000000357628;5690608,199799999594688;6,594908573000055;51,342039243000045;1
178326;5230526503400989911;5;1;22;0;2023;5;7;6;3;0;1;0;0;1;1;0;0;0;0;361866,051500000059605;5670598,427899999544024;7,024110255000039;51,170115284000076;1
178335;5230526500100900320;5;1;11;0;2023;5;12;6;3;4;6;0;0;1;1;0;0;0;0;343063,000199999660254;5678350,853900000452995;6,751966963000029;51,234922940000047;1
178336;5230526500100541014;5;1;11;0;2023;5;9;6;3;3;2;0;0;1;0;0;0;0;1;345897,968500000424683;5677602,731599999591708;6,792865420000055;51,228973371000052;1
178337;5230526500100173794;5;1;11;0;2023;5;17;6;3;5;7;0;0;1;1;0;0;0;0;345635,105299999937415;5676667,560900000855327;6,789506290000077;51,220499405000055;1
178338;5230526411232989895;5;7;74;32;2023;5;11;6;3;3;7;0;0;1;0;0;1;0;0;480217,411600000225008;5736828,527799999341369;8,713227165000035;51,781977954000070;1
178339;5230526410230196540;5;7;70;4;2023;5;16;6;3;0;7;0;0;1;1;0;0;0;0;488161,007899999618530;5784431,816500000655651;8,826734233000025;52,210199963000036;1
178342;5230526406110287173;5;7;58;12;2023;5;21;6;3;0;5;1;0;1;1;0;0;0;0;478972,777400000020862;5773687,537799999117851;8,692930015000059;52,113328632000048;1
178343;5230526405228297000;5;7;54;28;2023;5;20;6;3;5;3;0;0;1;1;0;0;0;0;452536,504999999888241;5745246,291999999433756;8,310826979000069;51,855995230000076;1
178344;5230526405228096815;5;7;54;28;2023;5;21;6;3;0;2;2;0;1;1;0;0;0;0;453121,103000000119209;5744648,139000000432134;8,319395863000068;51,850666922000073;1
178346;5230526405108989872;5;7;54;8;2023;5;20;6;3;8;6;0;0;1;1;0;0;0;0;460122,500799999572337;5748777,823300000280142;8,420561547000034;51,888339807000079;1
178347;5230526405108296862;5;7;54;8;2023;5;15;6;2;5;3;0;0;1;1;0;0;0;0;460086,046000000089407;5747116,744000000879169;8,420224014000041;51,873402964000036;1
178348;5230526405108182152;5;7;54;8;2023;5;18;6;3;5;2;0;0;1;1;0;0;0;0;458795,832999999634922;5749344,741000000387430;8,401217835000068;51,893340266000052;1
178349;5230526400100987844;5;7;11;0;2023;5;7;6;3;3;2;0;0;1;1;0;0;0;0;466942,257899999618530;5771801,666799999773502;8,517431490000035;52,095785371000034;1
178354;5230526313110484924;5;9;58;4;2023;5;11;6;3;5;3;0;0;1;1;0;0;0;0;426778,719800000078976;5701340,841299999505281;7,946075593000046;51,458502291000059;1
178360;5230526300800599410;5;9;54;36;2023;5;21;6;3;1;5;0;0;1;0;0;0;0;1;388942,530799999833107;5700811,781799999997020;7,401828317000025;51,447588683000049;1
178361;5230603307000093877;5;9;62;40;2023;6;13;7;3;1;1;0;0;1;1;0;0;0;0;417239,420699999667704;5697866,952500000596046;7,809612208000033;51,425958112000046;1
178364;5230525709700676377;5;5;66;28;2023;5;7;5;3;0;1;0;0;1;0;0;0;0;0;412927,433000000193715;5792374,531999999657273;7,723798517000034;52,274840470000072;1
178365;5230525709500096580;5;5;66;76;2023;5;14;5;3;5;3;0;0;1;1;0;0;0;0;392490,474000000394881;5792519,059000000357628;7,424324047000027;52,272523001000081;1
178366;5230525709110987863;5;5;66;12;2023;5;10;5;3;5;3;0;0;1;1;0;0;0;0;405002,322999999858439;5772267,512299999594688;7,613311405000047;52,092805691000081;1
178367;5230525705000987850;5;5;54;8;2023;5;21;5;3;0;6;1;0;1;0;0;0;0;0;337129,072100000455976;5745473,010700000450015;6,635991198000056;51,836293350000062;1
178368;5230525705000795150;5;5;54;60;2023;5;19;5;3;8;1;0;0;1;0;0;0;0;0;348970,285099999979138;5756352,363099999725819;6,802957610000021;51,937366781000037;1
178370;5230525702100479230;5;5;15;0;2023;5;17;5;3;1;7;0;0;1;1;0;0;0;0;406598,807000000029802;5757200,218000000342727;7,640720850000037;51,957646899000054;1
178371;5230525702100374122;5;5;15;0;2023;5;13;5;3;0;2;0;0;1;0;0;0;0;0;407799,500400000251830;5757824,467000000178814;7,658021911000048;51,963458380000077;1
178372;5230531317220889284;5;9;78;4;2023;5;13;4;3;5;3;0;0;1;1;0;0;0;0;406374,565799999982119;5719954,236700000241399;7,647511093000048;51,622814188000063;1
178373;5230525701300898895;5;5;62;14;2023;5;6;5;3;5;3;0;0;1;1;0;0;0;0;361177,553399999625981;5713204,256599999964237;6,997636004000071;51,552825484000039;1
178374;5230531316100594241;5;9;74;40;2023;5;15;4;3;0;3;0;0;1;1;0;0;0;0;437928,556099999696016;5713844,589299999177456;8,104337777000069;51,572251137000080;1
178375;5230525701200481328;5;5;62;20;2023;5;17;5;2;6;7;0;0;1;0;1;0;0;0;371116,525999999605119;5717478,221999999135733;7,139342503000023;51,593593187000067;1
178382;5230525608200567558;5;3;34;2;2023;5;8;5;3;5;3;0;0;1;1;0;0;0;0;295579,065000000409782;5629117,164999999105930;6,100342846000046;50,777731954000046;1
178383;5230525608100985838;5;3;34;2;2023;5;15;5;3;6;4;0;0;1;0;1;0;0;0;294879,537700000219047;5629054,423000000417233;6,090468861000033;50,776921500000071;1
178385;5230525608100089883;5;3;34;2;2023;5;19;5;3;5;3;0;0;1;1;0;0;0;0;294344,448200000450015;5627883,115299999713898;6,083544136000057;50,766212296000049;1
178388;5230525606100674377;5;3;78;4;2023;5;14;5;3;6;6;0;0;1;0;1;0;0;0;366398,815299999900162;5651163,594599999487400;7,096094426000036;50,996523854000031;1
178389;5230525603116773811;5;3;66;16;2023;5;19;5;3;5;7;0;0;1;1;0;0;0;0;343717,731999999843538;5614137,635999999940395;6,788894902000038;50,658095678000052;1
178393;5230525601400989934;5;3;15;0;2023;5;17;5;3;4;6;0;0;1;0;0;0;0;0;358082,781999999657273;5648518,268999999389052;6,978695085000027;50,970759787000077;1
178395;5230525601300899870;5;3;15;0;2023;5;18;5;3;0;1;0;0;1;0;0;0;0;0;348914,523500000126660;5644356,726500000804663;6,849935271000049;50,931031363000045;1
178396;5230525601300499810;5;3;15;0;2023;5;12;5;3;0;5;0;0;1;1;0;0;0;0;350179,103699999861419;5644472,414899999275804;6,867870309000068;50,932400834000077;1
178397;5230525601300086420;5;3;15;0;2023;5;18;5;3;0;1;0;0;1;0;0;0;0;0;348794,163399999961257;5644365,545900000259280;6,848220085000037;50,931079077000049;1
178398;5230525601200989938;5;3;15;0;2023;5;16;5;3;5;2;0;0;1;0;0;1;0;0;354802,976599999703467;5642405,827899999916553;6,934449932000064;50,915011472000060;1
178399;5230525601200989932;5;3;15;0;2023;5;18;5;3;3;5;0;0;1;1;0;0;0;0;355271,468600000254810;5642008,549900000914931;6,941267601000050;50,911558881000076;1
178400;5230525601200099050;5;3;15;0;2023;5;8;5;3;0;5;0;0;1;1;0;0;0;0;354242,724700000137091;5642575,566199999302626;6,926417630000060;50,916395642000055;1
178402;5230525600110595276;5;3;14;0;2023;5;16;5;3;5;2;0;0;1;0;0;0;0;1;366483,218600000254810;5619407,239399999380112;7,108878166000068;50,711123882000038;1
178404;5230525518400989954;5;1;70;8;2023;5;9;5;3;5;2;0;0;1;0;0;0;1;0;343905,190000000409782;5714915,540999999269843;6,747936747000040;51,563686943000050;1
178406;5230525518300989936;5;1;70;20;2023;5;14;5;3;0;3;0;0;1;0;0;1;0;0;329347,854199999943376;5706366,177400000393391;6,542250183000021;51,482668127000068;1
178408;5230525515211987853;5;1;54;16;2023;5;18;5;2;0;1;0;0;1;0;0;0;0;0;303975,946600000374019;5727668,465099999681115;6,165404999000032;51,665754527000047;1
178409;5230525515210022353;5;1;54;52;2023;5;12;5;3;5;3;0;0;1;1;0;0;0;0;310167,032399999909103;5702704,350299999117851;6,268292603000020;51,443668123000066;1
178410;5230525515110989964;5;1;54;36;2023;5;7;5;3;2;3;0;0;1;1;0;0;0;0;301939,007299999706447;5739906,347599999979138;6,129032260000031;51,774938035000048;1
178414;5230525513110989940;5;1;62;16;2023;5;15;5;3;5;3;0;0;1;1;0;0;0;0;333866,467600000090897;5677712,460999999195337;6,620646329000067;51,226584151000054;1
178415;5230525506100989952;5;1;16;0;2023;5;10;5;3;1;5;0;0;1;1;0;0;0;0;323917,331899999640882;5678412,294600000604987;6,477955467000072;51,229888886000026;1
178418;5230525506100095481;5;1;16;0;2023;5;18;5;3;5;3;0;0;1;1;0;0;0;0;318457,054100000299513;5667461,194299999624491;6,405364198000029;51,129804848000049;1
178425;5230527503200491336;5;1;24;0;2023;5;17;7;3;5;3;0;0;1;1;0;0;0;0;375458,599000000394881;5681992,808000000193715;7,214474710000047;51,275647267000068;1
178427;5230525501314076343;5;1;12;0;2023;5;23;5;3;5;3;2;0;1;1;0;0;0;0;345578,288599999621511;5701183,338800000026822;6,778067013000054;51,440764531000070;1
178429;5230525501128682374;5;1;12;0;2023;5;10;5;3;5;2;0;0;1;1;0;0;0;0;342246,861999999731779;5702907,517000000923872;6,729403399000034;51,455337889000077;1
178430;5230601514121496067;5;1;66;4;2023;6;15;5;3;0;7;0;0;1;1;0;0;0;0;303554,789499999955297;5680527,965299999341369;6,185498963000043;51,242246157000068;1
178431;5230525500300976150;5;1;11;0;2023;5;20;5;3;0;7;0;0;1;0;0;0;0;0;351679,608300000429153;5670922,822699999436736;6,878371346000051;51,170479448000037;1
178433;5230525500200087085;5;1;11;0;2023;5;11;5;3;4;7;0;0;1;1;0;0;0;0;344863,826000000350177;5678730,430500000715256;6,777577433000033;51,238826008000046;1
178436;5230525411132989930;5;7;74;32;2023;5;19;5;3;0;7;0;0;1;0;0;0;0;1;483552,948699999600649;5728784,931099999696016;8,761959772000068;51,709763786000053;1
178437;5230525407140996881;5;7;62;16;2023;5;14;5;3;4;2;0;0;1;0;0;0;0;0;512364,385300000198185;5728219,806099999696016;9,178931607000038;51,704787386000078;1
178438;5230525407120989920;5;7;62;8;2023;5;23;5;2;0;7;2;0;1;0;0;0;0;0;525884,718299999833107;5724033,922199999913573;9,374277746000075;51,666690199000072;1
178441;5230525405220989958;5;7;54;20;2023;5;8;5;3;5;3;0;0;1;1;0;0;0;0;445510,390999999828637;5750984,721999999135733;8,207910987000048;51,906943521000073;1
178442;5230525316100335136;5;9;74;40;2023;5;14;5;3;1;7;0;0;1;1;0;0;0;0;438324,112499999813735;5714318,443299999460578;8,109961523000038;51,576554750000071;1
178443;5230525315140799540;5;9;70;36;2023;5;16;5;3;0;1;0;0;1;0;0;0;0;0;427571,474999999627471;5626104,169999999925494;7,972599930000058;50,782162976000052;1
178447;5230525302100599558;5;9;14;0;2023;5;19;5;2;0;3;0;0;1;1;0;0;0;0;393543,529400000348687;5690636,931900000199676;7,471066271000041;51,357014016000051;1
178448;5230525301306494380;5;9;13;0;2023;5;15;5;2;5;2;0;0;1;1;0;0;0;0;396804,406999999657273;5714322,400000000372529;7,510967705000041;51,570518664000076;1
178452;5230524709110111973;5;5;66;4;2023;5;19;4;3;0;7;0;0;1;1;0;0;0;0;394925,107099999673665;5766995,518200000748038;7,467890568000030;52,043601300000034;1
178453;5230526400100987841;5;7;11;0;2023;5;11;6;3;5;3;0;0;1;1;0;0;0;0;466892,733799999579787;5766762,576199999079108;8,517197504000023;52,050478332000068;1
178454;5230524706100074647;5;5;58;16;2023;5;20;4;3;5;3;0;0;1;0;0;0;0;0;381387,875000000000000;5743599,012700000777841;7,278661676000070;51,830606431000035;1
178455;5230524705001000000;5;5;54;4;2023;5;14;4;2;5;2;0;0;1;0;0;0;0;0;360989,507299999706447;5773044,089800000190735;6,970903173000067;52,090479361000064;1
178456;5230524705000987870;5;5;54;8;2023;5;17;4;3;4;6;0;0;1;0;0;0;0;0;339788,870000000111759;5750094,301999999210238;6,672420148000072;51,878579181000077;1
178457;5230524705000595196;5;5;54;8;2023;5;14;4;3;5;3;0;0;1;1;0;0;0;0;335282,810999999754131;5745604,614000000059605;6,609155821000058;51,836934185000075;1
178459;5230524701920990005;5;5;62;28;2023;5;12;4;3;1;5;0;0;1;1;0;0;0;0;379539,499400000087917;5722293,975700000301003;7,259224854000024;51,638738370000056;1
178460;5230524700000989992;5;5;13;0;2023;5;5;4;3;5;3;1;0;1;1;0;0;0;0;366767,669599999673665;5709079,880899999290705;7,079778342000054;51,517109139000070;1
178462;5230524607400989978;5;3;82;44;2023;5;16;4;3;5;3;0;0;1;1;0;0;0;0;360233,602300000376999;5633036,303400000557303;7,015235576000066;50,832145648000051;1
178463;5230524607400350903;5;3;82;68;2023;5;16;4;3;5;3;0;0;1;1;0;0;0;0;366913,326999999582767;5632347,493400000035763;7,110285134000037;50,827529177000031;1
178464;5230524606100081683;5;3;78;4;2023;5;10;4;3;3;1;0;0;1;1;0;0;0;1;369169,513799999840558;5647105,125800000503659;7,137016846000051;50,960683877000065;1
178469;5230524601101000000;5;3;15;0;2023;5;0;4;3;0;1;0;0;1;0;0;0;0;0;355740,065000000409782;5645279,053999999538064;6,946634680000045;50,941067677000035;1
178470;5230524601100699161;5;3;15;0;2023;5;15;4;3;3;7;0;0;1;1;0;0;0;0;356467,921099999919534;5645424,517599999904633;6,956930454000030;50,942556586000080;1
178474;5230524600320291000;5;3;82;72;2023;5;17;4;3;9;7;0;0;1;0;0;0;0;0;369804,608099999837577;5612339,709000000730157;7,158384458000057;50,648351930000047;1
178475;5230524600110599972;5;3;14;0;2023;5;13;4;3;5;3;0;0;1;0;0;1;0;0;366449,783800000324845;5619867,536800000816584;7,108238300000039;50,715253373000053;1
178477;5230524518120089304;5;1;70;44;2023;5;13;4;3;1;1;0;0;1;1;0;0;0;0;338167,235600000247359;5722436,032099999487400;6,661756183000023;51,629634565000060;1
178478;5230524516900591362;5;1;58;26;2023;5;11;4;3;0;5;0;0;1;1;0;0;0;0;352088,776200000196695;5662243,421099999919534;6,887782527000070;51,092590833000031;1
178479;5230524516400989968;5;1;58;24;2023;5;22;4;3;0;1;2;0;1;0;0;0;0;0;358902,971900000236928;5679604,546900000423193;6,978211498000064;51,250326182000038;1
178484;5230524515111989973;5;1;54;8;2023;5;20;4;3;5;3;1;0;1;1;0;0;0;0;309577,646200000308454;5747405,094000000506639;6,235495403000073;51,844933192000042;1
178485;5230524515111196098;5;1;54;8;2023;5;12;4;3;5;3;0;0;1;1;0;0;0;0;309995,338800000026822;5746271,115900000557303;6,242174532000035;51,834891464000066;1
178486;5230524515000990018;5;1;54;16;2023;5;7;4;3;5;3;0;0;1;1;0;0;0;0;303633,310999999754131;5728610,890000000596046;6,159927245000063;51,674098281000056;1
178491;5230528501126491615;5;1;12;0;2023;5;12;1;3;0;7;0;0;1;1;0;0;0;0;345546,065000000409782;5703431,243000000715256;6,776622422000059;51,460953233000055;1
178495;5230524502210786114;5;1;13;0;2023;5;9;4;3;3;6;0;0;1;1;0;0;0;0;361425,813699999824166;5700624,191700000315905;7,006154813000023;51,439838648000034;1
178496;5230524501318595920;5;1;12;0;2023;5;19;4;3;1;7;1;0;1;1;0;0;0;0;344484,884999999776483;5698571,176000000908971;6,763493864000054;51,416995185000076;1
178498;5230524500300576015;5;1;11;0;2023;5;15;4;3;5;3;0;0;1;1;0;0;0;0;349257,906700000166893;5675904,814899999648333;6,841665228000068;51,214613598000028;1
178499;5230524500200989983;5;1;11;0;2023;5;16;4;3;6;4;0;0;1;0;1;0;0;0;344992,788599999621511;5678603,065999999642372;6,779478535000067;51,237716642000066;1
178500;5230524500200078700;5;1;11;0;2023;5;17;4;3;5;3;0;0;1;0;0;0;0;1;347147,648099999874830;5678472,278699999675155;6,810378962000073;51,237122794000072;1
178501;5230524500200061178;5;1;11;0;2023;5;8;4;3;1;1;0;0;1;1;0;0;0;0;344782,906399999745190;5679105,566099999472499;6,776256551000074;51,242174724000051;1
178506;5230524405232987082;5;7;54;32;2023;5;17;4;3;5;3;0;0;1;1;0;0;0;0;460106,547399999573827;5739929,798100000247359;8,421350789000030;51,808788447000040;1
178507;5230524405108287004;5;7;54;8;2023;5;9;4;3;5;3;0;0;1;1;0;0;0;0;456951,956100000068545;5750631,222200000658631;8,374263495000037;51,904767097000047;1
178508;5230524400100370867;5;7;11;0;2023;5;16;4;3;5;2;0;0;1;1;0;0;0;0;467583,653599999845028;5767238,786299999803305;8,527227609000022;52,054800579000073;1
178509;5230524317240987880;5;9;78;40;2023;5;11;4;3;0;7;0;0;1;1;0;0;0;0;405329,333399999886751;5724848,244300000369549;7,631092145000025;51,666631252000059;1
178514;5230527601100099021;5;3;15;0;2023;5;16;7;3;0;5;0;0;1;1;0;0;0;0;354959,150899999774992;5644173,586600000038743;6,935967011000059;50,930937202000052;1
178515;5230524316000080478;5;9;74;40;2023;5;21;4;3;0;3;1;0;1;0;0;0;1;0;438491,413099999539554;5715079,799300000071526;8,112242139000045;51,583418021000057;1
178516;5230524307000552344;5;9;62;16;2023;5;18;4;3;8;1;0;0;1;0;0;0;0;0;414670,134100000374019;5692650,162399999797344;7,773920617000044;51,378679082000076;1
178517;5230524303100989980;5;9;15;0;2023;5;18;4;3;2;6;0;0;1;1;0;0;0;0;420650,957999999634922;5723392,142000000923872;7,852916114000038;51,655914206000034;1
178519;5230524411232382084;5;7;74;32;2023;5;13;4;3;0;1;0;0;1;0;0;0;0;0;476915,528300000354648;5735889,872800000011921;8,665425565000021;51,773411883000051;1
178521;5230524301204990014;5;9;13;0;2023;5;7;4;3;5;3;0;0;1;1;0;0;0;0;387756,542999999597669;5705400,669999999925494;7,383311264000042;51,488600681000037;1
178523;5230524301103989991;5;9;13;0;2023;5;14;4;3;5;2;0;0;1;1;0;0;0;0;392230,371000000275671;5702997,216000000014901;7,448457021000024;51,467867718000036;1
178525;5230523711400657430;5;5;70;28;2023;5;10;3;2;5;3;0;0;1;1;0;0;0;0;440935,485500000417233;5742287,912799999117851;8,142903030000070;51,828291569000044;1
178526;5230523709110152455;5;5;66;12;2023;5;17;3;3;0;1;0;0;1;0;0;0;0;0;404699,790900000371039;5772063,745600000023842;7,608953696000071;52,090922184000078;1
178527;5230523705000990032;5;5;54;8;2023;5;16;3;3;5;2;0;0;1;0;0;0;0;1;333525,120600000023842;5745302,700600000098348;6,583812820000048;51,833700919000080;1
178530;5230523701610098911;5;5;62;12;2023;5;16;3;3;5;3;0;0;1;0;0;0;0;0;359793,012799999676645;5725955,208100000396371;6,972579194000048;51,667062380000061;1
178533;5230523701400194970;5;5;12;0;2023;5;16;3;3;1;5;0;0;1;1;0;0;0;0;354568,661899999715388;5715835,048900000751019;6,901288658000055;51,574799918000053;1
178538;5230531601400699032;5;3;15;0;2023;5;17;4;3;5;3;0;0;1;1;0;0;0;0;356970,408800000324845;5646962,224400000646710;6,963474115000054;50,956500667000057;1
178540;5230523608332769672;5;3;34;32;2023;5;17;3;2;5;3;1;0;1;1;0;0;0;0;303285,839999999850988;5624024,336999999359250;6,212241387000063;50,734652132000065;1
178546;5230523601500514042;5;3;15;0;2023;5;14;3;3;0;7;0;0;1;0;0;0;0;0;361207,738499999977648;5649446,871400000527501;7,022820210000020;50,979866801000071;1
178549;5230523601200275600;5;3;15;0;2023;5;20;3;2;2;6;0;0;1;0;0;0;0;0;352661,061999999918044;5642937,551899999380112;6,903786270000069;50,919247022000036;1
178550;5230523601200099018;5;3;15;0;2023;5;7;3;3;3;1;0;0;1;1;0;0;0;0;359591,451200000010431;5637659,171299999579787;7,004349700000034;50,873537208000073;1
178551;5230523601200081847;5;3;15;0;2023;5;8;3;3;1;5;0;0;1;1;0;0;0;0;354059,132899999618530;5643448,449200000613928;6,923458364000055;50,924193592000051;1
178558;5230523516900091138;5;1;58;26;2023;5;19;3;3;6;4;0;0;1;0;1;0;0;0;352478,387299999594688;5661552,711799999698997;6,893624345000035;51,086484278000057;1
178559;5230523516800990045;5;1;58;20;2023;5;13;3;3;0;7;0;0;1;0;0;0;0;0;355422,998399999924004;5663229,377199999988079;6,934967934000042;51,102301371000067;1
178560;5230523516600986752;5;1;58;4;2023;5;17;3;3;0;7;0;0;1;0;0;0;0;0;356091,874900000169873;5676177,232200000435114;6,939335619000076;51,218824849000043;1
178561;5230523516100691174;5;1;58;32;2023;5;20;3;3;0;7;0;0;1;0;0;0;0;0;362353,202999999746680;5689497,596999999135733;7,023803518000022;51,340075256000034;1
178562;5230523516000990030;5;1;58;28;2023;5;7;3;3;5;3;0;0;1;1;0;0;0;0;347952,514000000432134;5685335,807000000029802;6,818981018000045;51,299010581000061;1
178566;5230523514214286051;5;1;66;8;2023;5;7;3;2;0;7;0;0;1;0;0;0;1;0;317350,382899999618530;5689142,055600000545382;6,378516591000050;51,324207206000040;1
178568;5230523513340871780;5;1;62;28;2023;5;18;3;2;2;6;0;0;1;1;0;0;0;0;339470,570399999618530;5657556,457399999722838;6,709819379000066;51,047084671000050;1
178569;5230523505200988001;5;1;14;0;2023;5;15;3;3;3;6;0;0;1;0;0;0;0;0;329024,882000000216067;5689812,396999999880791;6,545582819000060;51,333858301000078;1
178571;5230523503200990050;5;1;24;0;2023;5;9;3;3;5;2;0;0;1;1;0;0;0;0;373854,210900000296533;5678463,735799999907613;7,192729680000070;51,243576362000056;1
178573;5230523501214987886;5;1;12;0;2023;5;19;3;3;2;7;0;0;1;1;0;0;0;0;338631,221300000324845;5695283,635800000280142;6,680878601000074;51,385822432000055;1
178574;5230523501115082155;5;1;12;0;2023;5;20;3;3;5;3;0;0;1;0;0;0;0;1;345658,826999999582767;5706540,208000000566244;6,776886234000074;51,488918028000057;1
178576;5230523500200950580;5;1;11;0;2023;5;14;3;3;5;2;0;0;1;0;0;0;0;1;347564,500000000000000;5678967,463999999687076;6,816134969000075;51,241683846000058;1
178577;5230523410220357686;5;7;70;8;2023;5;11;3;3;5;3;0;0;1;1;0;0;0;0;473435,684999999590218;5803219,193800000473857;8,609748746000037;52,378590973000030;1
178578;5230523406130457695;5;7;58;8;2023;5;21;3;3;5;3;0;0;1;1;0;0;0;0;470281,669999999925494;5778087,118400000035763;8,565628716000049;52,152484232000063;1
178579;5230523405220987903;5;7;54;28;2023;5;10;3;3;5;3;0;1;1;1;0;0;0;0;453082,007600000128150;5743904,528999999165535;8,318929218000051;51,843978169000081;1
178583;5230523316300981975;5;9;74;28;2023;5;16;3;3;8;1;0;0;1;0;0;0;0;0;454715,216000000014901;5724166,856000000610948;8,345207036000033;51,666656660000058;1
178587;5230523303100079091;5;9;15;0;2023;5;7;3;3;0;1;0;0;1;1;0;0;0;0;415396,259399999864399;5721529,804899999871850;7,777421771000036;51,638406436000082;1
178588;5230523301301987904;5;9;78;24;2023;5;7;3;3;3;2;0;1;1;1;0;0;0;0;397208,696000000461936;5718853,915999999269843;7,515471823000041;51,611324365000030;1
178592;5230523300300999555;5;9;11;0;2023;5;13;3;3;0;1;0;0;1;0;0;0;0;0;384506,818900000303984;5705505,432800000533462;7,336490793000053;51,488887877000082;1
178594;5230522711400587314;5;5;70;20;2023;5;19;2;3;5;3;0;0;1;1;0;0;0;0;432672,656999999657273;5743470,222999999299645;8,022787093000034;51,837985659000026;1