OID_;UIDENTSTLAE;ULAND;UREGBEZ;UKREIS;UGEMEINDE;UJAHR;UMONAT;USTUNDE;UWOCHENTAG;UKATEGORIE;UART;UTYP1;ULICHTVERH;IstStrassenzustand;IstRad;IstPKW;IstFuss;IstKrad;IstGkfz;IstSonstige;LINREFX;LINREFY;XGCSWGS84;YGCSWGS84;PLST
178596;5230522709300778430;5;5;66;96;2023;5;11;2;2;0;1;0;1;1;0;0;0;0;0;384944,286999999545515;5789741,690199999138713;7,314722815000039;52,246036473000061;1
178599;5230522705000765795;5;5;54;20;2023;5;17;2;3;5;3;0;1;1;1;0;0;0;0;366555,746600000187755;5786733,149900000542402;7,046722188000047;52,214852616000030;1
178600;5230522702100991806;5;5;15;0;2023;5;7;2;3;0;1;0;1;1;0;0;0;0;0;407027,517099999822676;5757475,565199999138713;7,646883514000024;51,960193707000030;1
178601;5230522702100091833;5;5;15;0;2023;5;16;2;3;0;6;0;0;1;0;0;0;0;0;402475,793999999761581;5754419,475800000131130;7,581526388000043;51,931944974000032;1
178602;5230522702100069102;5;5;15;0;2023;5;19;2;3;0;6;0;0;1;0;0;0;0;0;404289,289900000207126;5756505,776799999177456;7,607314197000051;51,951012279000054;1
178603;5230522700000375284;5;5;13;0;2023;5;12;2;3;3;2;0;0;1;1;0;0;0;0;370232,945600000210106;5706823,021900000050664;7,130523418000053;51,497633594000035;1
178605;5230522609224894896;5;3;58;24;2023;5;14;2;3;5;3;0;0;1;1;0;0;0;0;315602,567900000140071;5645639,983799999579787;6,375714450000032;50,932873740000048;1
178606;5230522607400686310;5;3;82;68;2023;5;7;2;3;0;1;0;0;1;0;0;0;0;0;367786,133200000040233;5630965,372800000011921;7,123169315000041;50,815306748000069;1
178607;5230522607100086263;5;3;82;20;2023;5;16;2;3;5;3;0;0;1;1;0;0;0;0;380045,067300000227988;5625612,297000000253320;7,298851734000039;50,769857759000047;1
178611;5230522602400899656;5;3;62;32;2023;5;23;2;2;9;1;2;0;1;0;0;0;0;0;337728,538300000131130;5637835,958799999207258;6,693780858000025;50,869401695000079;1
178614;5230522601500290276;5;3;15;0;2023;5;20;2;3;0;1;0;0;1;0;0;0;0;0;357605,158999999985099;5644747,678999999538064;6,973371836000069;50,936755853000079;1
178617;5230522601300799094;5;3;15;0;2023;5;17;2;3;1;5;0;0;1;1;0;0;0;0;354187,195000000298023;5645652,421299999579787;6,924397426000041;50,944032405000030;1
178618;5230522601200099868;5;3;15;0;2023;5;15;2;3;5;3;0;0;1;1;0;0;0;0;360527,026600000448525;5637932,928500000387430;7,017534240000032;50,876224075000039;1
178620;5230522600380990057;5;3;14;0;2023;5;19;2;3;5;3;0;0;1;1;0;0;0;0;369378,940000000409782;5617265,007999999448657;7,150627649000057;50,692526840000028;1
178621;5230602502136158028;5;1;13;0;2023;6;22;6;3;2;7;2;0;1;1;0;0;0;0;364337,117999999783933;5702350,942999999970198;7,047355059000040;51,456060965000063;1
178624;5230522600110695280;5;3;14;0;2023;5;16;2;3;5;3;0;0;1;1;0;0;0;0;364191,709300000220537;5624537,334499999880791;7,074550679000026;50,756701485000065;1
178625;5230522600110686338;5;3;14;0;2023;5;16;2;3;8;3;0;0;1;1;0;0;0;0;363624,732900000177324;5622942,738399999216199;7,067107604000057;50,742236678000040;1
178627;5230522518100990085;5;1;70;48;2023;5;7;2;3;5;3;0;0;1;1;0;0;0;0;335270,294999999925494;5725804,168999999761581;6,618352545000050;51,659052388000077;1
178628;5230522516900990058;5;1;58;26;2023;5;17;2;3;6;4;0;0;1;0;1;0;0;0;351956,195399999618530;5663300,384199999272823;6,885457231000032;51,102054728000041;1
178629;5230522516800691138;5;1;58;20;2023;5;17;2;2;8;7;0;0;1;0;0;0;0;0;354767,678299999795854;5665757,549900000914931;6,924596498000028;51,124854966000044;1
178630;5230522516800296598;5;1;58;20;2023;5;17;2;3;5;3;0;0;1;1;0;0;0;0;355928,723899999633431;5664273,993100000545382;6,941769284000031;51,111816153000063;1
178631;5230522516700086970;5;1;58;8;2023;5;17;2;3;1;5;0;0;1;1;0;0;0;0;360246,053999999538064;5672760,461999999359250;7,000111775000050;51,189151363000065;1
178633;5230522516300990091;5;1;58;28;2023;5;8;2;3;5;3;0;0;1;1;0;0;0;0;350051,575600000098348;5685244,831199999898672;6,849105936000058;51,298749826000062;1
178635;5230525516900489215;5;1;58;26;2023;5;6;5;3;5;3;0;0;1;1;0;0;0;0;352746,032599999569356;5665282,955000000074506;6,895921278000060;51,120074040000077;1
178636;5230522516100990081;5;1;58;32;2023;5;10;2;2;7;7;0;0;1;0;0;0;0;1;363127,838000000454485;5689918,970000000670552;7,034755919000077;51,344049037000048;1
178639;5230522514112987915;5;1;66;4;2023;5;20;2;3;5;3;1;0;1;1;0;0;0;0;304662,281999999657273;5685309,429999999701977;6,198734488000071;51,285570394000047;1
178643;5230522505200987922;5;1;14;0;2023;5;17;2;3;0;5;0;0;1;1;0;0;0;0;333768,857099999673665;5691024,993400000035763;6,613054082000076;51,346159089000082;1
178648;5230522501314902153;5;1;12;0;2023;5;19;2;3;0;3;0;1;1;0;0;0;0;1;346006,853000000119209;5700246,538000000640750;6,784635951000041;51,432463952000035;1
178649;5230522501134028200;5;1;12;0;2023;5;14;2;3;1;5;0;0;1;1;0;0;0;0;343987,258500000461936;5711012,399199999868870;6,750850376000074;51,528641025000070;1
178651;5230522500300496955;5;1;11;0;2023;5;17;2;3;1;1;0;0;1;1;0;0;0;0;351270,476700000464916;5670297,310399999842048;6,872782000000029;51,164752323000073;1
178652;5230522500200046013;5;1;11;0;2023;5;17;2;3;5;2;0;0;1;1;0;0;0;0;345443,459400000050664;5681457,497600000351667;6,784696699000051;51,263487076000047;1
178654;5230522500100174170;5;1;11;0;2023;5;9;2;3;5;3;0;0;1;1;0;0;0;0;340141,925699999555945;5678047,832900000736117;6,710294952000027;51,231389484000033;1
178656;5230522410110990088;5;7;70;24;2023;5;9;2;3;0;1;0;0;1;0;0;0;0;0;492554,389000000432134;5792375,981499999761581;8,890856881000047;52,281699375000073;1
178657;5230522407220896963;5;7;62;32;2023;5;14;2;3;5;2;0;0;1;1;0;0;0;0;506093,934399999678135;5746107,923100000247359;9,088502921000043;51,865727562000075;1
178659;5230522405228496974;5;7;54;28;2023;5;17;2;3;5;3;0;0;1;1;0;0;0;0;452865,953999999910593;5744018,073000000789762;8,315777706000063;51,844980794000037;1
178660;5230522313110384942;5;9;58;4;2023;5;20;2;3;1;5;1;1;1;1;0;0;0;0;434898,498700000345707;5694392,402000000700355;8,064208381000071;51,397023563000062;1
178668;5230522300700987895;5;9;16;0;2023;5;21;2;3;1;3;1;0;1;1;0;0;0;0;372825,079199999570847;5708176,870799999684095;7,167357833000040;51,510389907000047;1
178670;5230521711100074650;5;5;70;52;2023;5;21;1;3;1;5;1;0;1;1;0;0;0;0;430432,605000000447035;5756561,378900000825524;7,987637886000073;51,955396866000058;1
178671;5230521709500996542;5;5;66;76;2023;5;20;1;2;9;1;0;0;1;0;0;0;0;0;400073,810399999842048;5793616,269500000402331;7,535100533000048;52,283814801000062;1
178672;5230521709300987934;5;5;66;68;2023;5;19;1;3;0;1;1;0;1;0;0;0;0;0;375135,956299999728799;5785274,426400000229478;7,172780608000039;52,203755724000075;1
178674;5230521706000987938;5;5;58;12;2023;5;16;1;3;3;6;0;0;1;1;0;0;0;0;374168,082600000314415;5756734,427600000053644;7,169149917000027;51,947068849000061;1
178675;5230521705000987940;5;5;54;48;2023;5;0;1;3;0;1;2;0;1;0;0;0;0;0;341876,725999999791384;5745390,312000000849366;6,704878790000066;51,836914647000071;1
178676;5230521705000987933;5;5;54;12;2023;5;23;1;2;8;7;2;0;1;0;0;0;0;0;352051,808699999935925;5745883,203600000590086;6,852241017000040;51,844131335000043;1
178683;5230521609128171751;5;3;58;28;2023;5;20;1;3;5;7;0;0;1;0;0;0;0;1;322716,844800000078976;5625108,440400000661612;6,486790558000052;50,750647836000041;1
178688;5230521602600894861;5;3;62;20;2023;5;14;1;3;0;5;0;0;1;1;0;0;0;0;342895,426799999549985;5629932,032099999487400;6,770540697000058;50,799804885000071;1
178690;5230521601500799135;5;3;15;0;2023;5;17;1;3;6;6;0;0;1;0;1;0;0;0;365760,883000000379980;5649010,789000000804663;7,087804251000023;50,977027040000053;1
178696;5230521515210067265;5;1;54;60;2023;5;15;1;2;0;7;0;0;1;0;0;0;0;0;314443,655500000342727;5698354,252599999308586;6,332038688000068;51,406012286000077;1
178701;5230521513210990118;5;1;62;24;2023;5;14;1;3;5;3;0;0;1;0;0;0;0;0;336802,614400000311434;5670378,584300000220537;6,665993024000045;51,161538336000035;1
178702;5230521513110282238;5;1;62;16;2023;5;18;1;3;1;1;0;0;1;1;0;0;0;0;333360,600599999539554;5677729,143300000578165;6,613400309000042;51,226586576000045;1
178703;5230521503200990115;5;1;24;0;2023;5;16;1;3;4;6;0;0;1;1;0;0;0;0;380936,469499999657273;5678869,619400000199676;7,294011373000046;51,248746806000042;1
178707;5230521500300087370;5;1;11;0;2023;5;12;1;3;0;7;0;0;1;0;0;0;0;1;344876,226900000125170;5676334,805999999865890;6,778791904000059;51,217303781000055;1
178708;5230521500100068383;5;1;11;0;2023;5;20;1;2;0;1;2;1;1;0;0;0;0;0;345671,719700000248849;5676350,257799999788404;6,790166760000034;51,217658187000040;1
178710;5230521411132474542;5;7;74;32;2023;5;12;1;3;0;1;0;0;1;0;0;0;0;0;482744,360100000165403;5732110,678500000387430;8,750092269000049;51,739642275000051;1
178712;5230521405108990116;5;7;54;8;2023;5;17;1;2;5;3;0;0;1;1;0;0;0;0;455542,204199999570847;5750192,921000000089407;8,353829593000057;51,900715812000044;1
178715;5230521313110987937;5;9;58;4;2023;5;17;1;3;0;7;0;0;1;1;0;0;0;1;429996,717500000260770;5698082,697300000116229;7,993031072000065;51,429617337000082;1
178719;5230521301302978097;5;9;13;0;2023;5;17;1;3;0;7;0;0;1;1;0;0;0;0;397353,091099999845028;5708907,575300000607967;7,520461713000032;51,521946849000074;1
178720;5230521301103975365;5;9;13;0;2023;5;21;1;2;5;3;0;0;1;1;0;0;0;0;390684,235000000335276;5702955,350999999791384;7,426219450000076;51,467194845000051;1
178727;5230520702100579188;5;5;15;0;2023;5;13;7;3;5;2;0;0;1;0;0;0;0;0;407141,588299999944866;5753690,895199999213219;7,649565329000040;51,926194096000074;1
178728;5230520702100576723;5;5;15;0;2023;5;14;7;3;0;1;0;0;1;0;0;0;0;0;403426,639100000262260;5756641,329900000244379;7,594727742000032;51,952081558000032;1
178730;5230520701300989547;5;5;62;14;2023;5;17;7;3;5;3;0;0;1;1;0;0;0;0;361901,746199999935925;5716068,232999999076128;7,006949552000037;51,578739432000077;1
178731;5230520700000581500;5;5;13;0;2023;5;22;7;3;0;7;2;0;1;0;0;0;0;0;365636,638000000268221;5710741,050899999216199;7,062853679000057;51,531769438000026;1
178734;5230520608312980717;5;3;34;12;2023;5;12;7;3;6;7;0;0;1;0;1;0;0;0;307485,220999999903142;5636991,655999999493361;6,264885924000055;50,852539139000044;1
178735;5230520608200680781;5;3;34;2;2023;5;16;7;3;0;1;0;0;1;0;0;0;0;0;295202,938000000081956;5631827,055700000375509;6,093504804000077;50,801937484000064;1
178736;5230616405108882113;5;7;54;8;2023;6;15;6;3;3;6;0;0;1;0;0;0;0;0;456823,112499999813735;5748887,616900000721216;8,372609155000021;51,889081108000028;1
178737;5230616405108806466;5;7;54;8;2023;6;15;6;3;5;3;0;0;1;0;0;0;0;1;456293,053000000305474;5753709,381100000813603;8,364295712000057;51,932390070000054;1
178739;5230616317120380685;5;9;78;16;2023;6;14;6;3;5;3;0;0;1;1;0;0;0;0;405235,464200000278652;5707466,025200000032783;7,634428585000023;51,510366201000068;1
178741;5230616310110079510;5;9;54;16;2023;6;12;6;3;5;3;0;0;1;1;0;0;0;0;372807,749800000339746;5694776,734400000423193;7,171925618000046;51,389956145000042;1
178745;5230616301101986642;5;9;13;0;2023;6;19;6;3;5;1;0;0;1;0;0;0;0;1;393647,531000000424683;5708440,760999999940395;7,467211381000027;51,517065269000057;1
178746;5230615711200802910;5;5;70;4;2023;6;10;5;3;0;5;0;0;1;1;0;0;0;0;423247,200100000016391;5733602,472200000658631;7,888192492000030;51,748062801000060;1
178747;5230615711100772800;5;5;70;52;2023;6;8;5;3;5;3;0;0;1;1;0;0;0;0;430334,052600000053644;5755179,815600000321865;7,986484004000033;51,942964787000051;1
178748;5230615709500364316;5;5;66;76;2023;6;8;5;2;3;7;0;0;1;1;0;0;0;0;393658,614699999801815;5793475,872300000861287;7,441135849000034;52,281349244000069;1
178749;5230615709110986598;5;5;66;8;2023;6;13;5;2;0;2;0;0;1;1;0;0;0;0;397600,750300000421703;5780565,504499999806285;7,502810292000049;52,166065417000027;1
178750;5230615709110279198;5;5;66;4;2023;6;10;5;3;5;2;0;0;1;1;0;0;0;0;394828,628999999724329;5766972,642999999225140;7,466491393000069;52,043377410000062;1
178751;5230615705000977576;5;5;54;32;2023;6;11;5;3;0;1;0;0;1;0;0;0;0;0;322894,201299999840558;5747726,088400000706315;6,428439379000054;51,852199012000028;1
178752;5230615705000977564;5;5;54;8;2023;6;14;5;3;1;5;0;0;1;1;0;0;0;0;336434,989699999801815;5746036,086200000718236;6,625659972000051;51,841148906000058;1
178753;5230615705000977553;5;5;54;4;2023;6;20;5;3;0;1;0;0;1;0;0;0;0;0;363479,647599999792874;5771140,914599999785423;7,007988800000021;52,073998426000060;1
178756;5230615705000079183;5;5;54;4;2023;6;21;5;3;5;3;1;0;1;0;0;0;0;1;361359,945000000298023;5770592,205000000074506;6,977303140000060;52,068541538000034;1
178757;5230615702100291867;5;5;15;0;2023;6;20;5;3;0;1;0;0;1;0;0;0;0;0;406741,853500000201166;5758276,593000000342727;7,642509715000074;51,967345895000051;1
178758;5230615702000061626;5;5;15;0;2023;6;18;5;3;1;5;0;0;1;0;0;0;0;1;405475,082200000062585;5758891,184900000691414;7,623906741000042;51,972656127000050;1
178759;5230615701200477987;5;5;62;20;2023;6;18;5;3;1;5;0;0;1;0;0;0;0;1;371310,356300000101328;5716121,949999999254942;7,142636440000047;51,581448867000063;1
178760;5230615701110573586;5;5;62;32;2023;6;13;5;3;5;3;0;0;1;1;0;0;0;0;376009,207700000144541;5718780,301699999719858;7,209478747000048;51,606393323000077;1
178761;5230615610211394783;5;3;70;4;2023;6;19;5;3;0;1;0;0;1;0;0;0;0;0;311829,822300000116229;5662561,654600000008941;6,313311119000048;51,083656407000035;1
178765;5230615608100275601;5;3;34;2;2023;6;8;5;3;3;5;0;0;1;1;0;0;0;0;293885,077700000256300;5626810,919199999421835;6,077639068000053;50,756419744000027;1
178767;5230615607200595376;5;3;82;20;2023;6;18;5;3;5;3;0;0;1;1;0;0;0;0;378606,532999999821186;5626704,696000000461936;7,278100245000076;50,779377837000027;1
178768;5230615603116899973;5;3;66;16;2023;6;8;5;3;5;3;0;0;1;1;0;0;0;0;343631,581299999728799;5614026,386399999260902;6,787723983000035;50,657072830000061;1
178772;5230615601500986595;5;3;15;0;2023;6;15;5;2;0;7;0;0;1;1;0;0;0;0;359608,934799999929965;5648001,051200000569224;7,000617249000072;50,966485528000078;1
178775;5230615601100977226;5;3;15;0;2023;6;19;5;3;2;6;0;0;1;0;0;0;0;1;355315,324000000022352;5644983,946000000461936;6,940710373000059;50,938309183000058;1
178778;5230615600110599971;5;3;14;0;2023;6;22;5;2;0;1;2;0;1;0;0;0;0;0;365334,680499999783933;5623885,321100000292063;7,090984215000049;50,751107604000026;1
178780;5230615600110195276;5;3;14;0;2023;6;18;5;3;5;2;2;0;1;1;0;0;0;0;366359,332700000144541;5620488,821499999612570;7,106732745000045;50,720816703000025;1
178782;5230615518300085920;5;1;70;20;2023;6;13;5;3;0;3;0;0;1;1;0;0;0;0;328303,510999999940395;5707010,198000000789762;6,526911327000050;51,488137567000081;1
178783;5230615518210986585;5;1;70;28;2023;6;14;5;3;3;2;0;0;1;0;0;0;0;0;330894,472000000067055;5701486,718000000342727;6,566836458000068;51,439297194000062;1
178785;5230615516500291532;5;1;58;16;2023;6;17;5;2;6;6;0;0;1;0;1;0;0;0;355824,229500000365078;5670645,941700000315905;6,937726778000069;51,169051136000064;1
178787;5230615515211986600;5;1;54;16;2023;6;18;5;3;5;3;0;0;1;1;0;0;0;0;303873,851999999955297;5728083,118000000715256;6,163697896000031;51,669442676000074;1
178788;5230615515211977566;5;1;54;16;2023;6;16;5;3;5;2;0;0;1;1;0;0;0;0;303635,808000000193715;5729852,039999999105930;6,159265401000027;51,685245169000041;1
178789;5230615515110096127;5;1;54;4;2023;6;17;5;2;0;7;0;0;1;0;0;0;0;0;304392,036999999545515;5738909,803500000387430;6,165103760000022;51,766851267000050;1
178792;5230615513130886230;5;1;62;22;2023;6;13;5;3;0;6;0;0;1;1;0;0;0;0;338927,188900000415742;5679698,229399999603629;6,692168694000031;51,245876476000035;1
178793;5230615513110291136;5;1;62;16;2023;6;13;5;3;5;3;0;0;1;1;0;0;0;0;333753,728699999861419;5677050,802699999883771;6,619340036000040;51,220606735000047;1
178794;5230615508000682166;5;1;19;0;2023;6;7;5;3;5;3;0;0;1;1;0;0;0;0;351118,657999999821186;5704808,427999999374151;6,856198795000068;51,474821046000045;1
178795;5230615505200986658;5;1;14;0;2023;6;16;5;3;1;5;0;0;1;1;0;0;0;0;327627,165799999609590;5688339,738299999386072;6,526250373000039;51,320206554000038;1
178800;5230615502104980960;5;1;13;0;2023;6;19;5;3;5;3;0;0;1;1;0;0;0;0;361432,980800000019372;5703017,245200000703335;7,005320627000060;51,461345224000070;1
178805;5230615500300977584;5;1;11;0;2023;6;0;5;3;0;1;2;0;1;0;0;0;0;0;343744,505099999718368;5675629,027499999850988;6,762907527000038;51,210653561000072;1
178806;5230615500300496608;5;1;11;0;2023;6;17;5;3;0;1;0;0;1;0;0;0;0;0;353039,444600000046194;5666950,541300000622869;6,899430825000024;51,135134732000040;1
178813;5230615411232137765;5;7;74;32;2023;6;15;5;3;7;7;0;0;1;0;1;0;0;0;480544,389200000092387;5736561,274499999359250;8,717982025000026;51,779586495000046;1
178816;5230615407101294440;5;7;62;20;2023;6;15;5;3;5;3;0;0;1;0;0;0;0;0;526105,307199999690056;5736036,664899999275804;9,378366935000031;51,774598959000059;1
178817;5230615405140977568;5;7;54;40;2023;6;13;5;3;0;1;0;0;1;0;0;0;0;0;459778,815399999730289;5762360,545199999585748;8,413978349000047;52,010431482000058;1
178818;5230615405108996846;5;7;54;8;2023;6;13;5;3;5;3;0;0;1;1;0;0;0;0;458402,623700000345707;5748456,579600000753999;8,395611151000026;51,885325927000054;1
178819;5230615404102121758;5;7;66;40;2023;6;10;5;3;5;2;0;0;1;1;0;0;0;0;486359,574599999934435;5759600,517300000414252;8,801364231000036;51,986906235000049;1
178820;5230615404101087026;5;7;66;20;2023;6;15;5;3;0;1;0;0;1;0;0;0;0;0;489746,763299999758601;5753424,673299999907613;8,850873581000030;51,931452134000040;1
178826;5230615300300986600;5;9;11;0;2023;6;16;5;3;5;3;0;0;1;1;0;0;0;0;383983,830000000074506;5703912,902799999341369;7,329484514000058;51,474467267000080;1
178828;5230614709700265870;5;5;66;28;2023;6;13;4;3;4;7;0;0;1;0;0;0;0;0;411406,346900000236928;5792887,917799999937415;7,701375599000073;52,279211884000063;1
178829;5230614709500977615;5;5;66;76;2023;6;10;4;3;0;1;0;0;1;0;0;0;0;0;394375,055700000375509;5796186,322300000116229;7,450784190000036;52,305846798000061;1
178830;5230614709110296565;5;5;66;64;2023;6;20;4;3;0;1;0;0;1;0;0;0;0;0;395462,820000000298023;5771565,031999999657273;7,474328916000047;52,084772253000040;1
178831;5230614706100995040;5;5;58;12;2023;6;7;4;3;4;6;0;0;1;1;0;0;0;0;375506,765200000256300;5750899,655899999663234;7,190726946000041;51,894935358000055;1
178832;5230614706100805070;5;5;58;16;2023;6;18;4;3;5;3;0;0;1;0;0;0;0;1;381707,135999999940395;5743342,996999999508262;7,283380147000059;51,828373271000032;1
178833;5230614702100500397;5;5;15;0;2023;6;15;4;3;3;6;0;0;1;0;0;0;0;0;408136,952899999916553;5757087,019500000402331;7,663129306000030;51,956885645000057;1
178834;5230614702100273310;5;5;15;0;2023;6;18;4;3;0;5;0;0;1;0;0;0;0;1;399167,581000000238419;5756970,405999999493361;7,532677658000068;51,954283479000026;1
178835;5230614701500299758;5;5;62;24;2023;6;13;4;3;0;1;0;0;1;0;0;0;0;0;370454,487499999813735;5725007,455299999564886;7,127005146000045;51,661104528000067;1
178836;5230614701120675230;5;5;62;32;2023;6;15;4;2;0;1;2;0;1;0;0;0;0;0;376265,522800000384450;5716105,875800000503659;7,214121333000037;51,582414082000071;1
178837;5230614701120651237;5;5;62;32;2023;6;12;4;3;5;3;0;0;1;1;0;0;0;0;375918,808299999684095;5714661,508500000461936;7,209630016000062;51,569357013000058;1
178839;5230615313110986574;5;9;58;4;2023;6;8;5;3;0;3;0;0;1;0;0;0;0;0;428837,985600000247359;5698930,787900000810623;7,976195587000063;51,437097662000042;1
178840;5230614700000520538;5;5;13;0;2023;6;11;4;3;6;7;0;0;1;0;1;0;0;0;365119,854500000365078;5715802,158600000664592;7,053466662000062;51,577127638000036;1
178841;5230614610111989833;5;3;70;16;2023;6;14;4;3;0;3;0;0;1;1;0;0;0;0;298056,359299999661744;5659988,478800000622869;6,118348004000040;51,055864671000052;1
178846;5230614608312032707;5;3;34;12;2023;6;19;4;3;5;3;0;0;1;1;0;0;0;0;307082,791199999861419;5633763,829600000753999;6,260874555000044;50,823411253000074;1
178848;5230614603212848584;5;3;66;12;2023;6;16;4;3;4;6;0;0;1;1;0;0;0;0;326515,779000000096858;5587706,400100000202656;6,558043920000046;50,415741507000064;1
178850;5230614602300014994;5;3;62;36;2023;6;18;4;3;4;2;0;0;1;1;0;0;0;0;346657,156399999745190;5652237,168400000780821;6,814514151000026;51,001249442000073;1
178853;5230614601600499095;5;3;15;0;2023;6;17;4;3;0;5;0;0;1;1;0;0;0;0;359036,061400000005960;5644928,418899999931455;6,993653748000042;50,938731725000082;1
178859;5230614601300977592;5;3;15;0;2023;6;18;4;3;5;2;0;0;1;1;0;0;0;0;353463,762000000104308;5648139,084000000730157;6,913105806000033;50,966195635000076;1
178860;5230614601300899810;5;3;15;0;2023;6;7;4;3;5;2;0;0;1;1;0;0;0;0;351515,333999999798834;5649433,805199999362230;6,884848736000038;50,977331629000048;1
178861;5230614601300299164;5;3;15;0;2023;6;12;4;3;4;2;0;0;1;1;0;0;0;0;347756,142199999652803;5644998,446000000461936;6,833195086000046;50,936493381000048;1
178862;5230614601300086614;5;3;15;0;2023;6;15;4;3;6;7;0;0;1;0;1;0;0;0;354343,019000000320375;5646956,353000000119209;6,926092365000045;50,955789814000070;1
178863;5230614601200587340;5;3;15;0;2023;6;9;4;3;3;2;0;0;1;1;0;0;0;0;355257,317200000397861;5642307,534900000318885;6,940947837000067;50,914242257000069;1
178864;5230614601200381727;5;3;15;0;2023;6;15;4;3;1;5;0;0;1;1;0;0;0;0;354676,436099999584258;5642581,552100000903010;6,932581040000059;50,916558815000030;1
178865;5230614601100399025;5;3;15;0;2023;6;11;4;3;7;1;0;0;1;0;0;0;0;0;356215,197399999946356;5645493,585100000724196;6,953308313000036;50,943114315000059;1
178866;5230614601100086575;5;3;15;0;2023;6;17;4;3;5;2;0;0;1;1;0;0;0;0;355435,281999999657273;5645708,928999999538064;6,942128845000070;50,944854535000047;1
178867;5230614601000698997;5;3;15;0;2023;6;6;4;3;5;2;0;0;1;1;0;0;0;0;355824,140300000086427;5643409,612900000065565;6,948570079000035;50,924288351000030;1
178868;5230614600380977610;5;3;14;0;2023;6;13;4;3;5;3;0;0;1;0;0;0;0;1;369903,775000000372529;5616413,748999999836087;7,158353992000059;50,684993063000036;1
178870;5230614518302545138;5;1;70;40;2023;6;17;4;2;0;1;0;0;1;0;0;0;0;0;320001,423999999649823;5716499,561000000685453;6,402609134000045;51,570794051000064;1
178872;5230614518200986557;5;1;70;24;2023;6;16;4;3;5;3;0;0;1;1;0;0;0;0;336770,042000000365078;5702181,397700000554323;6,650978623000071;51,447261826000044;1
178873;5230614518200796133;5;1;70;24;2023;6;8;4;3;5;2;0;0;1;1;0;0;0;0;335375,415099999867380;5702857,225099999457598;6,630612661000043;51,452929869000059;1
178876;5230614514210591596;5;1;66;12;2023;6;10;4;2;5;3;0;0;1;1;0;0;0;0;320543,962000000290573;5693406,825999999418855;6,422152584000060;51,363533517000064;1
178879;5230614513210081545;5;1;62;24;2023;6;10;4;3;5;3;0;0;1;1;0;0;0;0;337777,920699999667704;5672748,147500000894070;6,678860127000064;51,183105882000064;1
178881;5230614508000128571;5;1;19;0;2023;6;16;4;3;5;3;0;0;1;0;0;0;0;1;353343,582000000402331;5707806,748700000345707;6,886967207000055;51,502343956000061;1
178882;5230614506100977601;5;1;16;0;2023;6;16;4;3;4;6;0;0;1;0;1;0;0;0;322133,174800000153482;5674330,386099999770522;6,454451640000059;51,192666738000071;1
178883;5230614506100977600;5;1;16;0;2023;6;13;4;2;6;6;0;0;1;0;1;0;0;0;318991,047000000253320;5667433,117799999192357;6,413001849000068;51,129721627000038;1
178884;5230614506100375528;5;1;16;0;2023;6;13;4;2;0;7;0;0;1;0;0;0;0;0;321826,413399999961257;5672629,385099999606609;6,450909624000076;51,177290578000054;1
178885;5230614505200977598;5;1;14;0;2023;6;15;4;3;3;5;0;0;1;0;0;0;0;0;327148,743800000287592;5694321,685300000011921;6,516486497000074;51,373800338000081;1
178886;5230614505100977624;5;1;14;0;2023;6;5;4;3;3;6;0;0;1;1;0;0;0;0;329082,638000000268221;5688728,978399999439716;6,546930808000070;51,324142511000048;1
178887;5230614503400791146;5;1;22;0;2023;6;12;4;3;0;1;0;0;1;0;0;0;0;1;363750,821999999694526;5671568,266000000759959;7,050685858000065;51,179283362000035;1
178888;5230614503400248451;5;1;22;0;2023;6;10;4;3;1;5;0;0;1;1;0;0;0;0;365750,222000000067055;5673071,118899999186397;7,078712202000077;51,193262716000049;1
178889;5230614503400176800;5;1;22;0;2023;6;11;4;3;5;3;0;0;1;0;0;0;0;1;366165,556800000369549;5669987,652300000190735;7,085800995000056;51,165648420000082;1
178894;5230614500300991245;5;1;11;0;2023;6;15;4;3;6;6;0;0;1;0;1;0;0;0;349468,041899999603629;5674480,038599999621511;6,845269470000062;51,201866260000031;1
178895;5230614500200986560;5;1;11;0;2023;6;17;4;3;4;6;0;0;1;0;0;0;0;0;342594,904299999587238;5680545,093699999153614;6,744302643000026;51,254509585000051;1
178896;5230614500200977620;5;1;11;0;2023;6;7;4;2;1;5;0;0;1;1;0;0;0;0;345276,602900000289083;5678722,917099999263883;6,783489213000053;51,238870585000029;1
178898;5230614500100069713;5;1;11;0;2023;6;13;4;2;3;5;0;0;1;1;0;0;0;1;346620,552699999883771;5676108,746999999508262;6,803845701000057;51,215743750000058;1
178900;5230614411132977601;5;7;74;32;2023;6;13;4;3;5;2;0;0;1;1;0;0;0;0;484572,968600000254810;5731718,624900000169873;8,776592555000036;51,736170533000063;1
178902;5230614410240796867;5;7;70;40;2023;6;8;4;3;5;3;0;0;1;1;0;0;0;0;474662,678899999707937;5810648,017100000753999;8,627211181000064;52,445435248000081;1
178905;5230614400300986556;5;7;11;0;2023;6;13;4;3;5;7;0;0;1;1;0;0;0;0;471263,538800000213087;5752387,178500000387430;8,582139409000035;51,921476754000082;1
178907;5230614317240986562;5;9;78;40;2023;6;17;4;3;5;3;0;0;1;0;0;0;0;0;405707,246000000275671;5724633,541400000452995;7,636612912000032;51,664764854000055;1