OID_;UIDENTSTLAE;ULAND;UREGBEZ;UKREIS;UGEMEINDE;UJAHR;UMONAT;USTUNDE;UWOCHENTAG;UKATEGORIE;UART;UTYP1;ULICHTVERH;IstStrassenzustand;IstRad;IstPKW;IstFuss;IstKrad;IstGkfz;IstSonstige;LINREFX;LINREFY;XGCSWGS84;YGCSWGS84;PLST
178908;5230614315260081062;5;9;70;32;2023;6;9;4;3;4;2;0;0;1;1;0;0;0;0;433830,364699999801815;5640379,940099999308586;8,058789572000023;50,911272054000051;1
178911;5230614303100986552;5;9;15;0;2023;6;12;4;3;1;5;0;0;1;1;0;0;0;0;419989,573400000110269;5725397,636800000444055;7,842897889000028;51,673849121000046;1
178916;5230614301205094938;5;9;13;0;2023;6;15;4;3;5;3;0;0;1;0;0;0;0;1;388918,777200000360608;5713174,064300000667572;7,397593327000038;51,558698836000076;1
178917;5230614301101095216;5;9;13;0;2023;6;18;4;3;5;3;0;0;1;1;0;0;0;0;393856,169999999925494;5707779,119999999180436;7,470416443000033;51,511157353000044;1
178918;5230614300800799532;5;9;54;36;2023;6;14;4;3;5;2;0;0;1;1;0;0;0;0;384736,968999999575317;5699592,906899999827147;7,341731871000036;51,435792985000035;1
178919;5230614300700399364;5;9;16;0;2023;6;8;4;3;0;1;0;0;1;0;0;0;0;0;374076,035799999721348;5710115,895400000736117;7,184681960000034;51,528096453000046;1
178920;5230614300500986588;5;9;11;0;2023;6;10;4;3;0;7;0;0;1;0;0;0;0;1;374988,860199999995530;5702039,339900000020862;7,200694835000036;51,455712891000076;1
178923;5230613711200781147;5;5;70;4;2023;6;5;3;3;5;3;0;0;1;1;0;0;0;0;424785,811999999918044;5734826,257999999448657;7,910210974000051;51,759272966000026;1
178924;5230613711200202654;5;5;70;4;2023;6;5;3;3;5;3;1;0;1;1;0;0;0;0;423473,194299999624491;5735065,770800000056624;7,891143331000023;51,761248261000048;1
178926;5230613709110855930;5;5;66;12;2023;6;16;3;2;7;7;0;0;1;0;0;0;1;0;402242,225700000301003;5770565,692500000819564;7,573523238000064;52,077028966000057;1
178927;5230613709110596566;5;5;66;8;2023;6;7;3;3;5;1;0;0;1;1;0;0;0;0;399951,671000000089407;5781323,911000000312924;7,536947449000024;52,173312957000064;1
178928;5230613706000977657;5;5;58;44;2023;6;6;3;3;5;2;0;0;1;1;0;0;0;0;394974,830400000326335;5746583,519300000742078;7,474853354000061;51,860151123000037;1
178931;5230613705000977652;5;5;54;8;2023;6;8;3;3;5;3;0;0;1;1;0;0;0;0;336064,327999999746680;5746757,071000000461936;6,619942641000023;51,847517140000036;1
178932;5230613705000920854;5;5;54;48;2023;6;8;3;3;0;2;0;0;1;0;0;0;0;0;341540,515999999828637;5745678,102399999275804;6,699871214000041;51,839404859000069;1
178934;5230613705000580994;5;5;54;8;2023;6;16;3;2;5;3;0;0;1;1;0;0;0;0;335488,462000000290573;5745008,143999999389052;6,612421563000055;51,831636467000067;1
178936;5230613701110373586;5;5;62;32;2023;6;8;3;3;1;5;0;0;1;1;0;0;0;0;377069,850999999791384;5719299,994000000879169;7,224605059000055;51,611296472000049;1
178938;5230613610212854347;5;3;70;40;2023;6;14;3;2;0;3;0;0;1;1;0;0;0;0;311079,750000000000000;5668788,910000000149012;6,299353692000068;51,139345260000027;1
178939;5230613609204099668;5;3;58;4;2023;6;14;3;3;0;7;0;0;1;0;0;0;0;0;309421,242300000041723;5641520,255000000819564;6,289998868000055;50,893858965000049;1
178942;5230613608312427377;5;3;34;12;2023;6;7;3;3;6;4;0;0;1;0;1;0;0;0;306901,101800000295043;5632694,785499999299645;6,258860640000023;50,813748030000056;1
178944;5230613607300590623;5;3;82;16;2023;6;12;3;2;8;1;0;0;1;0;0;0;0;0;390915,447800000198185;5625010,700099999085069;7,453126137000027;50,766595835000032;1
178946;5230614301306094297;5;9;13;0;2023;6;15;4;3;1;7;0;0;1;0;0;1;0;0;397846,348000000230968;5711342,064999999478459;7,526862609000034;51,543919189000064;1
178948;5230613605116099036;5;3;74;16;2023;6;23;3;3;0;1;2;0;1;0;0;0;0;0;384847,651999999769032;5666656,854000000283122;7,353944033000062;51,139775811000050;1
178950;5230613603116979343;5;3;66;16;2023;6;17;3;3;7;1;0;0;1;1;0;0;0;0;343914,526700000278652;5614473,211300000548363;6,791535485000054;50,661164045000078;1
178952;5230613602700399583;5;3;62;28;2023;6;6;3;3;0;7;0;0;1;0;0;0;0;0;351107,218799999915063;5636705,934599999338388;6,884235215000047;50,862847600000066;1
178954;5230613601600099167;5;3;15;0;2023;6;7;3;3;5;5;0;0;1;1;0;0;0;0;362957,223899999633431;5636946,725400000810623;7,052425042000039;50,867941977000044;1
178955;5230613601500899063;5;3;15;0;2023;6;14;3;3;2;6;0;0;1;1;0;0;0;0;359587,536999999545515;5647879,387800000607967;7,000359671000069;50,965386915000067;1
178956;5230613601500599137;5;3;15;0;2023;6;13;3;3;4;7;0;0;1;0;0;0;0;0;357631,310200000181794;5643337,589600000530481;6,974294523000026;50,924089863000063;1
178958;5230613601200393465;5;3;15;0;2023;6;15;3;2;4;4;0;0;1;0;1;0;0;0;354386,092500000260770;5643894,372700000181794;6,927929211000048;50,928283600000043;1
178959;5230613601200386398;5;3;15;0;2023;6;10;3;3;3;5;0;0;1;0;0;0;0;1;354992,664400000125170;5642772,540300000458956;6,937000763000071;50,918354732000068;1
178960;5230613601200099157;5;3;15;0;2023;6;23;3;3;0;7;2;0;1;0;0;0;0;0;359992,702600000426173;5636575,323300000280142;7,010463912000034;50,863893706000056;1
178961;5230613601200026272;5;3;15;0;2023;6;18;3;3;0;1;0;0;1;0;0;0;0;0;353436,429200000129640;5643028,886600000783801;6,914773007000065;50,920265274000030;1
178963;5230613518400986520;5;1;70;8;2023;6;7;3;3;1;1;0;0;1;1;0;0;0;0;345619,732699999585748;5715697,625499999150634;6,772309584000027;51,571185759000059;1
178965;5230613518200977646;5;1;70;24;2023;6;9;3;3;5;2;0;0;1;0;0;0;0;0;335734,575000000186265;5704184,528999999165535;6,635160687000052;51,464958843000034;1
178966;5230613516900986524;5;1;58;26;2023;6;8;3;3;0;3;0;0;1;1;0;0;0;0;352654,014100000262260;5662072,555299999192357;6,895918165000069;51,091200883000056;1
178967;5230613516800196234;5;1;58;20;2023;6;10;3;2;3;6;0;0;1;1;0;0;0;0;356317,140499999746680;5666056,398900000378489;6,946604231000038;51,127931318000037;1
178968;5230614301302986545;5;9;13;0;2023;6;6;4;3;5;3;0;0;1;0;0;0;0;0;396414,860000000335276;5708041,709000000730157;7,507197606000034;51,513992582000071;1
178969;5230613516500986677;5;1;58;16;2023;6;20;3;3;0;7;0;0;1;0;0;0;0;0;355545,158999999985099;5671969,903999999165535;6,933205703000056;51,180878343000074;1
178972;5230613515210596073;5;1;54;12;2023;6;12;3;2;0;5;0;0;1;1;0;0;0;0;314487,438199999742210;5710907,680400000885129;6,326081537000050;51,518781620000027;1
178973;5230613514218085984;5;1;66;36;2023;6;10;3;3;5;3;0;0;1;1;0;0;0;0;322777,040000000037253;5683858,901000000536442;6,458942796000031;51,278464278000058;1
178975;5230613514217399693;5;1;66;36;2023;6;12;3;3;5;3;0;0;1;1;0;0;0;0;326187,506900000385940;5682568,993599999696016;6,508419831000026;51,267926912000064;1
178976;5230613514210986530;5;1;66;12;2023;6;17;3;3;5;2;0;0;1;1;0;0;0;0;320402,814399999566376;5692762,141599999740720;6,420452765000050;51,357697826000049;1
178977;5230613513310986523;5;1;62;8;2023;6;7;3;3;5;3;0;0;1;1;0;0;0;0;330227,207700000144541;5662319,504899999126792;6,575836881000043;51,087220314000035;1
178978;5230613513210475935;5;1;62;24;2023;6;11;3;3;0;1;0;0;1;0;0;0;0;0;338567,245099999941885;5675903,956399999558926;6,688725180000063;51,211683869000069;1
178981;5230613502407595001;5;1;17;0;2023;6;17;3;3;1;5;0;0;1;1;0;0;0;0;351855,800300000235438;5696814,485099999234080;6,870150204000026;51,403184219000082;1
178982;5230613502405862118;5;1;17;0;2023;6;15;3;3;0;2;0;0;1;1;0;0;0;0;357818,073499999940395;5700683,958399999886751;6,954256723000071;51,439481684000043;1
178983;5230613502338369306;5;1;13;0;2023;6;23;3;3;1;5;2;0;1;1;0;0;0;0;363356,033300000242889;5704547,982200000435114;7,032393591000073;51,475568658000043;1
178985;5230613502214581107;5;1;13;0;2023;6;17;3;2;4;7;0;0;1;0;0;0;0;1;361254,905199999921024;5699797,702700000256300;7,004021176000037;51,432369682000058;1
178988;5230613502209773986;5;1;13;0;2023;6;16;3;3;0;7;0;0;1;0;0;0;0;0;360726,239000000059605;5701776,118000000715256;6,995642430000032;51,450018643000078;1
178991;5230613501115986522;5;1;12;0;2023;6;8;3;3;5;3;0;0;1;1;0;0;0;0;345390,855000000447035;5706735,827999999746680;6,772943852000026;51,490602462000027;1
178994;5230613500200986786;5;1;11;0;2023;6;8;3;3;0;6;0;0;1;1;0;0;0;0;342165,776300000026822;5685638,086300000548363;6,735908759000040;51,300151770000070;1
178995;5230613500200986542;5;1;11;0;2023;6;18;3;3;1;5;0;0;1;1;0;0;0;0;344578,635999999940395;5678646,714900000020862;6,773531541000068;51,237996179000049;1
178996;5230613500200093772;5;1;11;0;2023;6;8;3;3;5;3;0;0;1;1;0;0;0;0;344477,106399999931455;5681945,352499999105930;6,770644727000047;51,267607764000047;1
178997;5230613411236986534;5;7;74;36;2023;6;17;3;3;1;5;0;0;1;1;0;0;0;0;473278,469999999739230;5724384,476399999111891;8,613595928000052;51,669802947000051;1
178998;5230613411132976242;5;7;74;32;2023;6;18;3;3;5;3;0;0;1;0;0;0;0;0;482661,542799999937415;5730432,266799999400973;8,748976479000021;51,724548643000048;1
178999;5230613410210182027;5;7;70;20;2023;6;7;3;3;5;1;0;0;1;1;0;0;0;0;474322,729000000283122;5795148,109999999403954;8,623396824000054;52,306072305000043;1
179000;5230613406110596854;5;7;58;12;2023;6;15;3;3;7;1;0;0;1;1;0;0;0;0;478509,565299999900162;5773974,882300000637770;8,686147488000074;52,115894235000042;1
179003;5230613404101672238;5;7;66;20;2023;6;10;3;3;5;3;0;0;1;1;0;0;0;0;485095,180999999865890;5755013,085100000724196;8,783151050000072;51,945628390000081;1
179004;5230613400200190816;5;7;11;0;2023;6;10;3;3;5;2;0;0;1;0;0;0;0;1;468272,557000000029802;5764126,698999999091029;8,537563308000074;52,026860914000054;1
179006;5230613317250977651;5;9;78;32;2023;6;7;3;3;5;2;0;0;1;0;0;0;0;1;394549,101099999621511;5728857,905899999663234;7,474058551000041;51,700751370000035;1
179007;5230613317210986528;5;9;78;20;2023;6;16;3;3;1;5;0;0;1;1;0;0;0;0;407148,422699999995530;5716991,321200000122190;7,659471536000069;51,596308481000051;1
179010;5230613316100890592;5;9;74;40;2023;6;15;3;2;3;6;0;0;1;1;0;0;0;0;438662,044900000095367;5713554,428600000217557;8,114970975000062;51,569722721000062;1
179013;5230613302100077967;5;9;14;0;2023;6;20;3;2;8;1;0;0;1;0;0;0;0;0;399408,131199999712408;5683291,863399999216199;7,557337862000054;51,292056892000062;1
179014;5230613301303280667;5;9;13;0;2023;6;16;3;3;1;5;0;0;1;1;0;0;0;0;401654,014999999664724;5706391,581700000911951;7,583135650000031;51,500096019000068;1
179017;5230613301101977630;5;9;13;0;2023;6;19;3;3;3;2;0;0;1;1;0;0;0;0;392293,089999999850988;5708271,502000000327826;7,447750092000035;51,515287269000055;1
179018;5230613300700699387;5;9;16;0;2023;6;8;3;3;5;3;0;0;1;1;0;0;0;0;372301,282700000330806;5709585,621700000017881;7,159303478000027;51,522932297000068;1
179020;5230612711100196945;5;5;70;52;2023;6;18;2;3;4;6;0;0;1;1;0;0;0;0;429923,663300000131130;5756009,009500000625849;7,980345548000059;51,950367380000046;1
179021;5230612709500896580;5;5;66;76;2023;6;14;2;3;0;6;0;0;1;0;0;0;0;0;393050,444400000385940;5792880,587200000882149;7,432413075000056;52,275881323000078;1
179022;5230612709300796612;5;5;66;52;2023;6;16;2;3;5;1;0;0;1;1;0;0;0;0;377043,737599999643862;5778477,013299999758601;7,203146958000048;52,143101262000073;1
179023;5230612709300791781;5;5;66;84;2023;6;16;2;3;0;7;0;0;1;0;0;0;0;0;385934,438299999572337;5778488,772199999541044;7,333007693000070;52,145114392000039;1
179024;5230612705000986500;5;5;54;36;2023;6;14;2;3;2;2;0;0;1;1;0;0;0;0;368874,653300000354648;5766770,675300000235438;7,088338039000064;52,036031804000061;1
179025;5230612705000895988;5;5;54;8;2023;6;10;2;3;1;5;0;0;1;1;0;0;0;0;336056,220200000330806;5744611,954700000584126;6,620841478000045;51,828244223000070;1
179026;5230612705000691585;5;5;54;12;2023;6;21;2;3;5;3;0;0;1;1;0;0;0;0;352649,186900000087917;5747816,221400000154972;6,860082609000074;51,861657291000029;1
179027;5230612705000070578;5;5;54;56;2023;6;17;2;3;5;3;0;0;1;1;0;0;0;0;356919,116999999620020;5762114,945000000298023;6,916104331000042;51,991244466000069;1
179028;5230612702100576693;5;5;15;0;2023;6;7;2;3;1;2;0;0;1;1;0;0;0;0;405013,994300000369549;5756013,495799999684095;7,617992078000043;51,946711689000040;1
179029;5230612702100139935;5;5;15;0;2023;6;14;2;2;0;1;0;0;1;0;0;0;0;0;403492,971599999815226;5756438,817900000140071;7,595749523000052;51,950272827000049;1
179032;5230612700000991370;5;5;13;0;2023;6;11;2;3;3;6;0;0;1;0;0;0;0;1;363831,757699999958277;5715396,981399999931455;7,035046170000044;51,573176904000036;1
179033;5230612700000395148;5;5;13;0;2023;6;16;2;3;4;6;0;0;1;0;0;0;0;0;366294,011900000274181;5714256,326799999922514;7,070989462000057;51,563515723000080;1
179035;5230612608200673660;5;3;34;2;2023;6;13;2;3;0;5;0;0;1;1;0;0;0;0;299348,481200000271201;5624924,069700000807643;6,156025445000068;50,741386751000050;1
179036;5230612608100789810;5;3;34;2;2023;6;9;2;3;5;3;0;0;1;1;0;0;0;0;293655,078800000250340;5629555,194199999794364;6,072843653000064;50,780984691000072;1
179042;5230612601300172523;5;3;15;0;2023;6;20;2;3;1;7;0;0;1;1;0;0;0;0;348359,444699999876320;5645599,233400000259280;6,841524986000024;50,942051134000053;1
179043;5230612601200493606;5;3;15;0;2023;6;11;2;3;0;1;0;0;1;0;0;0;0;0;358879,702999999746680;5639728,517699999734759;6,993441147000055;50,891961418000051;1
179044;5230612601200193465;5;3;15;0;2023;6;13;2;3;0;1;0;0;1;0;0;0;0;0;354884,858500000089407;5643832,366499999538064;6,935046344000057;50,927852051000059;1
179046;5230612600350386241;5;3;82;32;2023;6;9;2;3;5;3;0;0;1;1;0;0;0;0;362497,749099999666214;5610886,168999999761581;7,055629957000065;50,633609000000035;1
179047;5230612600140986510;5;3;14;0;2023;6;16;2;3;1;5;0;0;1;1;0;0;0;0;369536,294700000435114;5621120,805800000205636;7,151491441000076;50,727219100000070;1
179048;5230612600110885344;5;3;14;0;2023;6;8;2;3;0;1;0;0;1;0;0;0;0;0;365635,115000000223517;5622191,211999999359250;7,095858532000022;50,735950700000046;1
179049;5230612600110099998;5;3;14;0;2023;6;11;2;3;0;7;0;0;1;0;0;0;0;0;365296,814899999648333;5620512,138299999758601;7,091680572000030;50,720780944000069;1
179050;5230612518200796133;5;1;70;24;2023;6;11;2;3;3;1;0;0;1;1;0;0;0;0;336597,273000000044703;5702203,403999999165535;6,648484416000031;51,447409715000049;1
179051;5230612518100791440;5;1;70;48;2023;6;19;2;3;4;6;0;0;1;1;0;0;0;0;334715,832299999892712;5727121,145999999716878;6,609720814000070;51,670720876000075;1
179052;5230612516900977700;5;1;58;20;2023;6;7;2;3;1;5;0;0;1;1;0;0;0;0;358243,936999999918044;5666088,778999999165535;6,974109099000032;51,128702409000027;1
179053;5230612516900095588;5;1;58;26;2023;6;15;2;3;0;7;0;0;1;0;0;0;0;0;352945,971499999985099;5662159,508700000122190;6,900048874000049;51,092057206000050;1
179055;5230612515212585967;5;1;54;32;2023;6;7;2;3;5;3;0;0;1;1;0;0;0;0;309003,235999999567866;5717051,475999999791384;6,243796537000037;51,572133235000081;1
179056;5230612515211986504;5;1;54;64;2023;6;15;2;3;5;2;0;0;1;0;0;0;0;0;305782,988199999555945;5723103,011600000783801;6,194035835000022;51,625380930000063;1
179057;5230612514119096006;5;1;66;16;2023;6;9;2;3;1;7;0;0;1;1;0;0;0;0;307881,150000000372529;5686502,740000000223517;6,244195322000053;51,297382953000067;1
179059;5230612513210075935;5;1;62;24;2023;6;7;2;3;4;6;0;0;1;0;0;0;0;0;339593,239099999889731;5673514,573899999260902;6,704469737000068;51,190504451000038;1
179061;5230612508000882191;5;1;19;0;2023;6;15;2;3;1;5;0;0;1;1;0;0;0;0;351743,789200000464916;5704566,172299999743700;6,865295221000054;51,472808409000038;1
179062;5230613601200099052;5;3;15;0;2023;6;16;3;3;0;5;0;0;1;1;0;0;0;0;360521,561800000257790;5637004,639100000262260;7,017810638000071;50,867879931000061;1
179063;5230612506100986510;5;1;16;0;2023;6;16;2;3;5;2;0;0;1;1;0;0;0;0;321837,144500000402331;5676614,018999999389052;6,449085898000021;51,213089024000055;1
179064;5230612506100891424;5;1;16;0;2023;6;16;2;3;3;6;0;0;1;1;0;0;0;0;321040,985399999655783;5669973,167400000616908;6,441006242000071;51,153183809000041;1
179068;5230612502401577691;5;1;17;0;2023;6;17;2;2;0;1;0;0;1;0;0;0;0;0;352725,856200000271201;5699793,452400000765920;6,881412088000047;51,430178920000060;1
179071;5230612501132791396;5;1;12;0;2023;6;12;2;3;0;3;0;0;1;1;0;0;0;0;341496,516900000162423;5713281,855699999257922;6,713951399000052;51,548337363000030;1
179072;5230612500300957378;5;1;11;0;2023;6;17;2;3;1;7;0;0;1;0;0;0;0;1;343585,525399999693036;5675346,007799999788404;6,760756689000061;51,208067025000048;1
179073;5230612500200986501;5;1;11;0;2023;6;8;2;3;3;6;0;0;1;1;0;0;0;0;345930,994699999690056;5679208,495400000363588;6,792647399000032;51,243410810000057;1
179074;5230612500200752396;5;1;11;0;2023;6;13;2;3;0;1;0;0;1;0;0;0;0;0;343854,838499999605119;5681684,277000000700355;6,761846068000068;51,265091810000058;1
179076;5230612500100876255;5;1;11;0;2023;6;20;2;3;1;5;1;0;1;1;0;0;0;0;345962,712899999693036;5677602,343699999153614;6,793792155000062;51,228987363000044;1
179079;5230612411132364300;5;7;74;32;2023;6;9;2;3;0;1;0;0;1;0;0;0;0;0;482649,502000000327826;5730004,582000000402331;8,748823465000044;51,720702828000071;1
179081;5230612410210996912;5;7;70;20;2023;6;14;2;2;5;3;0;0;1;0;0;0;0;1;473747,606999999843538;5796339,958000000566244;8,614868851000040;52,316760156000043;1
179083;5230612410130039394;5;7;70;28;2023;6;14;2;3;0;1;0;0;1;0;0;0;0;0;500670,185999999754131;5801827,569000000134110;9,009842916000025;52,366723532000037;1
179085;5230612410120196632;5;7;70;32;2023;6;14;2;3;5;3;0;0;1;1;0;0;0;0;493977,531999999657273;5788467,707900000736117;8,911788059000060;52,246579311000062;1
179087;5230612406220986496;5;7;58;24;2023;6;7;2;3;1;2;0;0;1;1;0;0;0;0;477497,383799999952316;5781598,271400000900030;8,670860543000060;52,184392654000078;1
179091;5230612404103096833;5;7;66;32;2023;6;17;2;3;5;3;0;0;1;1;0;0;0;0;496182,862999999895692;5746736,652000000700355;8,944556301000034;51,871400787000027;1
179093;5230612400200290780;5;7;11;0;2023;6;16;2;3;0;3;0;0;1;1;0;0;0;0;467943,611999999731779;5763718,005000000819564;8,532807299000069;52,023167587000046;1
179094;5230612400200175923;5;7;11;0;2023;6;10;2;2;5;3;0;0;1;0;0;0;0;1;473226,244500000029802;5763910,025100000202656;8,609779718000027;52,025174109000034;1
179095;5230612400100003903;5;7;11;0;2023;6;16;2;2;5;3;0;0;1;1;0;0;0;0;469987,482900000177324;5766856,372300000861287;8,562318421000043;52,051497861000030;1
179096;5230612317210977692;5;9;78;20;2023;6;5;2;2;5;3;0;0;1;1;0;0;0;0;409406,003499999642372;5714280,847999999299645;7,692755189000025;51,572310978000075;1
179097;5230612315250977680;5;9;70;12;2023;6;13;2;3;1;3;0;0;1;1;0;0;0;0;448173,915599999949336;5650206,476199999451637;8,261395185000026;51,001096851000057;1
179099;5230612307000977682;5;9;62;20;2023;6;12;2;2;0;1;0;0;1;0;0;0;0;0;412293,249900000169873;5670408,856499999761581;7,745236399000021;51,178369645000032;1
179100;5230612705000091776;5;5;54;8;2023;6;8;2;3;5;3;0;0;1;1;0;0;0;0;336419,064000000245869;5746498,862999999895692;6,625210142000071;51,845301583000037;1
179102;5230612301301375315;5;9;78;24;2023;6;11;2;3;5;3;0;0;1;1;0;0;0;0;397499,870000000111759;5719232,278000000864267;7,519564835000040;51,614778379000029;1
179103;5230612300800741195;5;9;54;36;2023;6;10;2;3;0;6;0;0;1;0;0;0;0;1;384375,100999999791384;5700071,910099999979138;7,336371663000023;51,440024540000081;1
179104;5230612300600399782;5;9;16;0;2023;6;21;2;3;5;3;0;0;1;1;0;0;0;0;376877,416699999943376;5711528,859200000762939;7,224551416000054;51,541413037000041;1
179107;5230611701800899410;5;5;62;4;2023;6;14;1;2;5;3;0;0;1;1;0;0;0;0;383060,743700000457466;5710936,670800000429153;7,313870139000073;51,537405629000034;1
179109;5230611609108799706;5;3;58;8;2023;6;11;1;3;1;5;0;0;1;1;0;0;0;0;322403,820299999788404;5631723,225700000301003;6,479162550000069;50,809980319000033;1
179110;5230611609108443144;5;3;58;8;2023;6;17;1;3;6;6;0;0;1;0;1;0;0;0;324022,571000000461936;5629837,056900000199676;6,503019887000050;50,793528477000052;1
179111;5230616404302796913;5;7;66;8;2023;6;5;6;3;4;6;0;0;1;0;0;0;0;1;483147,052000000141561;5768299,783999999985099;8,754154495000023;52,065031732000080;1
179112;5230611608200089817;5;3;34;2;2023;6;17;1;3;0;1;0;0;1;0;0;0;0;0;296545,346300000324845;5625565,518600000068545;6,115993798000034;50,746172729000079;1
179113;5230611607400187655;5;3;82;68;2023;6;13;1;3;8;6;0;0;1;0;0;0;0;1;365933,571000000461936;5626386,926000000908971;7,098557759000073;50,773730442000044;1
179114;5230611606700145650;5;3;78;16;2023;6;11;1;2;0;1;0;0;1;0;0;0;0;0;361751,635999999940395;5662699,914300000295043;7,025505525000028;51,099104176000026;1
179115;5230611603140117608;5;3;66;40;2023;6;9;1;3;1;5;0;0;1;1;0;0;0;0;347874,150000000372529;5624300,289999999105930;6,843468643000051;50,750523828000041;1
179116;5230611603116794844;5;3;66;16;2023;6;14;1;2;0;1;0;0;1;0;0;0;0;0;342999,770999999716878;5613965,695000000298023;6,778818111000021;50,656357475000050;1
179119;5230611601700977695;5;3;16;0;2023;6;18;1;3;8;5;0;0;1;1;0;0;0;0;364959,314899999648333;5657151,664200000464916;7,073362711000073;51,050004914000056;1
179122;5230611601600499101;5;3;15;0;2023;6;19;1;3;0;5;0;0;1;1;0;0;0;0;365319,633000000379980;5637888,036000000312924;7,085631425000031;50,876957396000080;1
179123;5230611601400699142;5;3;15;0;2023;6;2;1;3;7;1;2;0;1;1;0;0;0;0;356777,550200000405312;5649069,142000000923872;6,959900445000073;50,975387319000049;1
179124;5230611601200986473;5;3;15;0;2023;6;5;1;3;3;2;0;0;1;0;0;0;0;0;354654,121299999766052;5644235,554400000721216;6,931604537000055;50,931417308000050;1
179125;5230611601200099117;5;3;15;0;2023;6;14;1;3;5;3;0;0;1;1;0;0;0;0;354034,886400000192225;5641201,314899999648333;6,924012601000072;50,903993087000060;1
179126;5230611600380086272;5;3;14;0;2023;6;9;1;3;5;3;0;0;1;1;0;0;0;0;370005,256500000134110;5617770,708499999716878;7,159312387000057;50,697212552000053;1
179129;5230611600110090257;5;3;14;0;2023;6;22;1;3;0;7;2;0;1;0;0;0;0;0;365900,874699999578297;5621581,729499999433756;7,099844232000066;50,730534117000047;1
179130;5230612411132576328;5;7;74;32;2023;6;15;2;3;5;2;0;0;1;1;0;0;0;0;480185,276999999769032;5730982,097999999299645;8,713094644000023;51,729410274000031;1
179131;5230611516900977708;5;1;58;26;2023;6;9;1;2;7;1;0;0;1;0;0;0;0;0;351997,804399999789894;5663452,286800000816584;6,885988822000058;51,103430501000048;1
179134;5230613513320590205;5;1;62;4;2023;6;19;3;3;9;1;0;0;1;1;0;0;0;0;347880,428700000047684;5662206,723799999803305;6,827747112000054;51,091160304000027;1
179135;5230611515212096058;5;1;54;64;2023;6;11;1;3;5;3;0;0;1;1;0;0;0;0;306220,103799999691546;5723605,644700000062585;6,200064883000039;51,630045641000038;1
179137;5230611513210390850;5;1;62;24;2023;6;8;1;3;5;3;0;0;1;1;0;0;0;0;337882,169499999843538;5671455,951099999248981;6,680933298000070;51,171525261000056;1
179139;5230611506100977720;5;1;16;0;2023;6;0;1;3;8;1;2;0;1;0;0;0;0;0;323572,268699999898672;5678202,475299999117851;6,473121546000073;51,227897439000060;1
179140;5230611506100096011;5;1;16;0;2023;6;21;1;2;0;1;1;0;1;0;0;0;0;0;319052,794099999591708;5668280,970200000330806;6,413457630000039;51,137357500000064;1
179142;5230611503200590827;5;1;24;0;2023;6;15;1;3;1;5;0;0;1;1;0;0;0;1;374807,613599999807775;5681793,825500000268221;7,205216266000036;51,273716213000057;1
179144;5230612518200475516;5;1;70;24;2023;6;15;2;2;5;3;0;0;1;1;0;0;0;0;336370,510999999940395;5702936,039999999105930;6,644885247000047;51,453926394000064;1
179146;5230611501128986475;5;1;12;0;2023;6;10;1;3;0;4;0;0;1;0;1;0;0;0;342705,270399999804795;5702701,341399999335408;6,736087566000037;51,453612988000032;1
179147;5230611405228190682;5;7;54;28;2023;6;11;1;3;0;7;0;0;1;0;0;0;0;0;452839,508000000379980;5746684,416999999433756;8,315029918000050;51,868950421000079;1
179150;5230611316300294251;5;9;74;4;2023;6;19;1;3;0;7;0;0;1;1;0;0;0;0;453858,608199999667704;5711677,818499999120831;8,334465944000044;51,554298664000044;1
179151;5230611316100589287;5;9;74;40;2023;6;14;1;3;5;3;0;0;1;0;0;0;0;1;437987,904900000430644;5713438,132999999448657;8,105265784000039;51,568603415000041;1
179154;5230611315110080355;5;9;70;40;2023;6;19;1;3;4;6;0;0;1;1;0;0;0;0;430012,243200000375509;5640645,767599999904633;8,004437363000022;50,913211795000052;1
179155;5230611310130489345;5;9;54;20;2023;6;17;1;3;0;1;0;0;1;0;0;0;0;0;392153,527999999932945;5695616,958900000900030;7,449598899000023;51,401515425000071;1
179160;5230611300800393922;5;9;54;36;2023;6;17;1;3;4;6;0;0;1;0;0;0;0;0;384632,606599999591708;5701264,982499999925494;7,339686081000025;51,450800421000054;1
179161;5230611300000461175;5;9;11;0;2023;6;9;1;3;0;1;0;0;1;0;0;0;0;0;380240,057400000281632;5701094,612600000575185;7,276558403000024;51,448357172000044;1
179163;5230610701120080907;5;5;62;32;2023;6;18;7;3;1;7;0;0;1;1;0;0;0;0;378215,153699999675155;5716871,501099999994040;7,241980664000039;51,589719708000075;1
179164;5230610700000275453;5;5;13;0;2023;6;19;7;3;1;5;0;0;1;1;0;0;0;0;368420,446999999694526;5709239,933000000193715;7,103525247000050;51,518934884000032;1
179165;5230610610222285736;5;3;70;36;2023;6;15;7;3;5;3;0;0;1;0;0;0;0;0;302449,629999999888241;5665465,778000000864267;6,177962216000026;51,106586815000071;1
179167;5230610607100234288;5;3;82;56;2023;6;20;7;3;0;7;0;0;1;0;0;0;0;0;371966,412999999709427;5625104,888000000268221;7,184519830000056;50,763570187000028;1
179168;5230610606700976547;5;3;78;32;2023;6;22;7;2;0;5;2;0;1;1;0;0;0;0;375158,279199999757111;5666414,769700000062585;7,215591477000032;51,135569188000034;1