OID_;UIDENTSTLAE;ULAND;UREGBEZ;UKREIS;UGEMEINDE;UJAHR;UMONAT;USTUNDE;UWOCHENTAG;UKATEGORIE;UART;UTYP1;ULICHTVERH;IstStrassenzustand;IstRad;IstPKW;IstFuss;IstKrad;IstGkfz;IstSonstige;LINREFX;LINREFY;XGCSWGS84;YGCSWGS84;PLST
179174;5230610601500599050;5;3;15;0;2023;6;14;7;3;0;1;0;0;1;0;0;0;0;0;361818,356999999843538;5647388,715199999511242;7,032295357000066;50,961516531000029;1
179176;5230610601400999142;5;3;15;0;2023;6;22;7;2;0;1;2;0;1;0;0;0;0;0;356116,644199999980628;5649064,683199999853969;6,950494513000024;50,975182505000078;1
179178;5230610601300099870;5;3;15;0;2023;6;0;7;3;1;5;2;0;1;1;0;0;0;0;353767,211500000208616;5645516,199100000783801;6,918477985000038;50,942701852000027;1
179180;5230610601200977737;5;3;15;0;2023;6;10;7;3;0;1;0;0;1;0;0;0;0;0;354883,103000000119209;5643830,859400000423193;6,935021981000034;50,927838066000049;1
179181;5230610601200667750;5;3;15;0;2023;6;10;7;3;6;7;0;0;1;0;1;0;0;0;354166,438900000415742;5641941,117200000211596;6,925586709000072;50,910674745000051;1
179182;5230610600380977740;5;3;14;0;2023;6;3;7;2;2;6;2;0;1;0;0;0;0;0;369757,029099999926984;5617074,774299999698997;7,156044843000075;50,690901741000062;1
179183;5230610600380699955;5;3;14;0;2023;6;17;7;3;5;2;0;0;1;1;0;0;0;0;368584,884200000204146;5617712,580000000074506;7,139232261000075;50,696370863000027;1
179184;5230610600310895342;5;3;14;0;2023;6;18;7;3;5;3;0;0;1;1;0;0;0;0;362735,378999999724329;5620503,197000000625849;7,055418515000042;50,720101181000075;1
179185;5230610600130099966;5;3;82;8;2023;6;1;7;3;0;7;2;0;1;0;0;0;0;0;374932,452999999746680;5610381,014000000432134;7,231541357000026;50,631869109000036;1
179188;5230610516800572001;5;1;58;20;2023;6;15;7;3;0;7;0;0;1;0;0;0;0;0;355439,213800000026822;5664413,158600000664592;6,934725137000044;51,112943497000060;1
179191;5230610505100977726;5;1;14;0;2023;6;16;7;3;0;1;0;0;1;0;0;0;0;0;330293,234500000253320;5688628,546900000423193;6,564336642000058;51,323602703000063;1
179196;5230610502316581143;5;1;13;0;2023;6;19;7;3;0;1;0;0;1;0;0;0;0;0;357612,096599999815226;5702790,573000000789762;6,950447402000066;51,458360093000067;1
179200;5230610500200572007;5;1;11;0;2023;6;19;7;3;5;3;0;0;1;1;0;0;0;0;352707,916000000201166;5680950,630999999120831;6,888951278000036;51,260855781000032;1
179201;5230610410220986458;5;7;70;8;2023;6;14;7;3;5;2;0;0;1;1;0;0;0;0;474671,830000000074506;5803381,048000000417233;8,627896058000033;52,380104633000030;1
179202;5230610410220096541;5;7;70;8;2023;6;2;7;2;0;1;2;0;1;0;0;0;0;0;475302,303799999877810;5799391,545900000259280;8,637452024000027;52,344266914000059;1
179203;5230610410110596813;5;7;70;24;2023;6;18;7;3;6;6;0;0;1;0;1;0;0;0;492327,432199999690056;5793024,309699999168515;8,887515233000045;52,287525051000046;1
179204;5230610406110986447;5;7;58;12;2023;6;17;7;3;0;5;0;0;1;1;0;0;0;0;477810,398199999704957;5773632,099300000816584;8,675959168000077;52,112784778000048;1
179206;5230610400100986486;5;7;11;0;2023;6;21;7;2;0;1;1;0;1;1;0;0;0;0;468303,086000000126660;5764820,819000000134110;8,537943945000052;52,033103229000062;1
179210;5230610316100977745;5;9;74;40;2023;6;0;7;2;0;1;2;0;1;0;0;0;0;0;438144,684100000187755;5713123,507799999788404;8,107582942000022;51,565791989000047;1
179211;5230610314110890341;5;9;66;24;2023;6;12;7;3;3;3;0;0;1;0;0;0;0;0;418731,860199999995530;5653646,028400000184774;7,841103223000061;51,028615109000043;1
179212;5230610313121913602;5;9;58;32;2023;6;12;7;2;5;2;0;0;1;1;0;0;0;0;448428,349000000394881;5689670,669999999925494;8,259356817000025;51,355961141000080;1
179214;5230610303100085000;5;9;15;0;2023;6;0;7;2;0;1;2;0;1;0;0;0;0;0;419449,428799999877810;5723969,943499999120831;7,835417281000048;51,660937516000047;1
179216;5230610302000599382;5;9;14;0;2023;6;13;7;2;1;1;0;0;1;1;0;0;0;0;394338,504999999888241;5693341,257999999448657;7,481675520000067;51,381470999000044;1
179223;5230610301101080688;5;9;13;0;2023;6;12;7;3;0;5;0;0;1;1;0;0;0;0;393903,134999999776483;5708019,764499999582767;7,471020547000023;51,513329209000062;1
179225;5230609706300996685;5;5;58;24;2023;6;8;6;2;0;2;0;0;1;1;0;0;0;0;393962,435999999754131;5736414,313999999314547;7,463270085000033;51,768558835000078;1
179227;5230609706300977774;5;5;58;24;2023;6;10;6;2;0;1;0;0;1;0;0;0;0;0;393242,617200000211596;5736766,523600000888109;7,452734069000030;51,771587703000080;1
179228;5230609706300896685;5;5;58;4;2023;6;7;6;3;0;7;0;0;1;1;0;0;0;0;404696,516499999910593;5737818,667099999263883;7,618394755000054;51,783112439000035;1
179229;5230615600110895272;5;3;14;0;2023;6;12;5;3;5;3;0;0;1;0;0;0;0;1;365448,498300000093877;5623649,560100000351667;7,092682880000041;50,749015001000032;1
179230;5230609705000091695;5;5;54;4;2023;6;23;6;3;5;3;2;0;1;1;0;0;0;0;363536,194000000134110;5771491,562999999150634;7,008673112000054;52,077163082000027;1
179231;5230609702100391784;5;5;15;0;2023;6;19;6;3;0;7;0;0;1;0;0;0;0;0;405586,872800000011921;5751890,080800000578165;7,627455906000023;51,909745965000070;1
179233;5230609701610591325;5;5;62;12;2023;6;11;6;2;5;3;0;0;1;1;0;0;0;0;360554,641699999570847;5724687,106599999591708;6,984091052000053;51,655856867000068;1
179235;5230609701400048096;5;5;12;0;2023;6;20;6;3;0;7;1;0;1;1;0;0;0;0;358084,064500000327826;5709568,607999999076128;6,954511556000057;51,519386149000070;1
179237;5230609701120199916;5;5;62;32;2023;6;22;6;3;5;3;2;0;1;1;0;0;0;0;376490,448599999770522;5715647,847699999809265;7,217527129000075;51,578347007000048;1
179239;5230609610222975578;5;3;70;36;2023;6;16;6;3;8;1;0;0;1;0;0;0;0;0;297220,053000000305474;5666006,845000000670552;6,103053829000032;51,109620249000045;1
179240;5230609609224589791;5;3;58;24;2023;6;19;6;3;0;5;0;0;1;1;0;0;0;0;318297,854799999855459;5641181,165200000628829;6,416251107000051;50,893673401000058;1
179242;5230614515211977606;5;1;54;16;2023;6;13;4;3;0;6;0;0;1;0;0;0;0;0;303886,199000000022352;5729541,963999999687076;6,163057114000026;51,682548049000047;1
179244;5230609607400293613;5;3;82;68;2023;6;7;6;3;5;3;0;0;1;0;0;0;0;1;367905,350999999791384;5629944,040999999269843;7,125228301000050;50,806154249000031;1
179245;5230613606400481286;5;3;78;28;2023;6;19;3;3;0;6;0;0;1;1;0;0;0;0;371975,262099999934435;5639336,890499999746680;7,179675736000036;50,891492748000076;1
179249;5230609602900773642;5;3;62;40;2023;6;7;6;3;5;3;0;0;1;1;0;0;0;0;357406,175999999977648;5631669,390100000426173;6,975642513000025;50,819171360000041;1
179250;5230609602700989823;5;3;62;28;2023;6;17;6;2;5;5;0;0;1;1;0;0;0;0;350572,007899999618530;5638241,976800000295043;6,876007954000045;50,876513203000059;1
179256;5230609601400986423;5;3;15;0;2023;6;8;6;3;5;3;0;0;1;1;0;0;0;0;357054,703099999576807;5648117,002499999478459;6,964219871000068;50,966899433000037;1
179257;5230609601400772673;5;3;15;0;2023;6;23;6;3;0;7;2;0;1;0;0;0;0;0;358793,164800000376999;5648493,862700000405312;6,988815750000072;50,970715042000052;1
179259;5230609601200599061;5;3;15;0;2023;6;13;6;3;5;3;0;0;1;1;0;0;0;0;356373,861499999649823;5641179,255899999290705;6,957264549000058;50,904381448000038;1
179261;5230609601100176440;5;3;15;0;2023;6;20;6;3;1;5;0;0;1;1;0;0;0;0;356447,860299999825656;5644744,902799999341369;6,956912880000061;50,936443981000082;1
179262;5230609600140085760;5;3;14;0;2023;6;17;6;3;0;1;0;0;1;0;0;0;0;0;367556,262000000104308;5622586,611999999731779;7,122926113000062;50,739945871000032;1
179264;5230609600110087363;5;3;14;0;2023;6;17;6;2;1;5;0;0;1;1;0;0;0;0;366340,686700000427663;5622291,378100000321865;7,105815315000029;50,737013798000078;1
179265;5230609518400977750;5;1;70;8;2023;6;15;6;3;5;3;0;0;1;0;0;0;1;0;347209,515999999828637;5714222,489900000393391;6,795872842000051;51,558364761000064;1
179266;5230614601600999883;5;3;15;0;2023;6;16;4;3;0;7;0;0;1;0;0;0;0;0;364055,888000000268221;5644931,731399999931455;7,065055568000048;50,939966821000041;1
179267;5230609516900158550;5;1;58;20;2023;6;14;6;3;0;3;0;0;1;1;0;0;0;0;356356,786799999885261;5664112,160900000482798;6,947944902000074;51,110469288000047;1
179268;5230609600110965614;5;3;14;0;2023;6;12;6;3;0;1;0;0;1;0;0;0;0;0;365569,741499999538064;5622005,635299999266863;7,095000327000037;50,734267620000026;1
179271;5230609513330445627;5;1;62;12;2023;6;11;6;2;0;1;0;0;1;0;0;0;0;0;322193,852099999785423;5664341,223799999803305;6,460252194000020;51,102948855000079;1
179272;5230609513210977741;5;1;62;24;2023;6;21;6;3;0;1;0;0;1;0;0;0;0;0;341250,049300000071526;5666175,816400000825524;6,731397571000059;51,125026917000071;1
179274;5230609513130695794;5;1;62;22;2023;6;15;6;3;0;3;0;0;1;1;0;0;0;0;335414,831600000150502;5682105,533099999651313;6,640782003000027;51,266502239000033;1
179276;5230609506100977762;5;1;16;0;2023;6;14;6;3;0;1;0;0;1;0;0;0;0;0;320694,968700000084937;5670681,927400000393391;6,435710603000075;51,159442475000048;1
179277;5230609506100189801;5;1;16;0;2023;6;18;6;3;6;4;1;1;1;0;1;0;0;0;320805,516400000080466;5674524,742000000551343;6,435374150000030;51,193997945000035;1
179282;5230609502324077710;5;1;13;0;2023;6;17;6;3;0;7;0;0;1;1;0;0;0;0;361629,821100000292063;5708555,223999999463558;7,005981980000058;51,511159342000042;1
179284;5230609502212075244;5;1;13;0;2023;6;22;6;3;8;1;0;0;1;0;0;0;0;0;366484,860399999655783;5694753,674200000241399;7,081111832000033;51,388296484000080;1
179287;5230609500300977752;5;1;11;0;2023;6;17;6;3;1;5;0;0;1;1;0;0;0;0;342242,461000000126660;5675512,664000000804663;6,741471930000046;51,209195091000026;1
179288;5230609500200072535;5;1;11;0;2023;6;12;6;3;6;6;0;0;1;1;1;0;0;0;347114,474600000306964;5676581,265900000929832;6,810710881000034;51,220122071000048;1
179289;5230609411236496964;5;7;74;36;2023;6;7;6;2;0;1;0;0;1;0;0;0;0;0;473336,851800000295043;5724028,826199999079108;8,614467277000074;51,666607976000080;1
179290;5230609410230986438;5;7;70;4;2023;6;15;6;2;5;3;0;0;1;1;0;0;0;0;485750,455000000074506;5783879,948000000789762;8,791478820000066;52,205181279000044;1
179291;5230609410110396950;5;7;70;24;2023;6;18;6;3;0;1;0;0;1;0;0;0;0;0;492695,781200000084937;5794737,033199999481440;8,892878313000040;52,302928295000072;1
179293;5230609406110986420;5;7;58;12;2023;6;0;6;2;0;4;2;0;1;0;1;0;0;0;477776,444600000046194;5774065,098699999973178;8,675435073000074;52,116676356000028;1
179295;5230609405236690716;5;7;54;36;2023;6;19;6;3;6;6;0;0;1;0;1;0;0;0;474762,047899999655783;5750319,686200000345707;8,633161972000039;51,903057706000027;1
179298;5230609317220986435;5;9;78;4;2023;6;13;6;3;1;3;0;0;1;1;0;0;0;0;405925,366600000299513;5719340,466499999165535;7,641188854000063;51,617222086000027;1
179301;5230609314210134988;5;9;66;4;2023;6;12;6;2;0;1;0;0;1;0;0;0;0;0;423357,210799999535084;5663328,719000000506639;7,904995488000054;51,116305151000063;1
179309;5230608711400081083;5;5;70;28;2023;6;15;5;2;0;7;0;0;1;0;0;0;0;0;441862,935600000433624;5743454,719000000506639;8,156163808000031;51,838878730000033;1
179310;5230608709800977784;5;5;66;88;2023;6;20;5;2;0;1;1;0;1;0;0;0;0;0;418351,078999999910593;5786687,314999999478459;7,804647100000068;52,224552525000036;1
179311;5230608709500986415;5;5;66;76;2023;6;19;5;3;5;3;0;0;1;1;0;0;0;0;394672,016999999992549;5793563,664999999105930;7,455958061000047;52,282333387000051;1
179312;5230608702100548560;5;5;15;0;2023;6;20;5;3;5;2;0;0;1;1;0;0;0;0;404710,733699999749660;5754305,839800000190735;7,614054296000063;51,931310697000072;1
179316;5230608610111594620;5;3;70;16;2023;6;20;5;3;1;6;0;0;1;0;0;0;0;1;300075,902800000272691;5660417,718000000342727;6,146890504000055;51,060426323000058;1
179317;5230608608436675592;5;3;34;36;2023;6;12;5;3;0;1;0;0;1;0;0;0;0;0;299695,631000000052154;5636424,222999999299645;6,154670182000075;50,844798047000040;1
179318;5230608608416873752;5;3;34;16;2023;6;14;5;3;8;1;0;0;1;0;0;0;0;0;293768,064000000245869;5636033,799200000241399;6,070804493000026;50,839209533000030;1
179319;5230608608404733441;5;3;34;4;2023;6;18;5;3;0;1;0;0;1;0;0;0;0;0;300153,622399999760091;5639254,950200000777841;6,159622140000067;50,870381052000027;1
179320;5230608607400086630;5;3;82;68;2023;6;12;5;3;2;2;0;0;1;0;0;0;0;0;370496,795800000429153;5631059,284199999645352;7,161593774000039;50,816763317000039;1
179323;5230608601600977803;5;3;15;0;2023;6;12;5;2;3;6;0;0;1;0;0;0;0;1;366163,717699999921024;5638062,422299999743700;7,097558455000069;50,878720834000035;1
179325;5230608601300199818;5;3;15;0;2023;6;17;5;3;4;6;0;1;1;0;0;0;0;0;351092,910000000149012;5649355,735999999567866;6,878867723000042;50,976520994000055;1
179328;5230608601000199161;5;3;15;0;2023;6;16;5;3;6;4;0;1;1;0;1;0;0;0;356660,596400000154972;5645171,967800000682473;6,959770552000066;50,940334883000048;1
179329;5230608600380575883;5;3;14;0;2023;6;16;5;3;5;2;0;0;1;1;0;0;0;0;369880,106900000013411;5615878,360099999234080;7,158207575000063;50,680175513000052;1
179330;5230608600350794477;5;3;82;32;2023;6;13;5;3;1;5;0;0;1;1;0;0;0;0;359666,537999999709427;5609561,766300000250340;7,016121301000055;50,621030955000037;1
179331;5230608600140645324;5;3;14;0;2023;6;10;5;3;1;7;0;0;1;1;0;0;0;0;368045,472199999727309;5621367,605499999597669;7,130291949000025;50,729100669000047;1
179334;5230608514121396006;5;1;66;4;2023;6;13;5;3;0;1;0;0;1;0;0;0;0;0;303413,960300000384450;5680759,288300000131130;6,183356906000029;51,244275220000077;1
179338;5230608513110491123;5;1;62;16;2023;6;1;5;2;0;1;2;0;1;0;0;0;0;0;332764,747899999842048;5674217,887000000104308;6,606511375000025;51,194866080000054;1
179342;5230608503400095500;5;1;22;0;2023;6;18;5;3;1;7;0;0;1;1;0;0;0;0;366323,878999999724329;5670629,728199999779463;7,087825387000066;51,171455924000043;1
179346;5230608500300977797;5;1;11;0;2023;6;14;5;2;4;2;0;0;1;1;0;0;0;0;343890,779000000096858;5676229,185000000521541;6,764738793000049;51,216086170000040;1
179347;5230608405148581066;5;7;54;48;2023;6;17;5;2;8;1;0;0;1;0;0;0;0;0;441527,697300000116229;5765901,682499999180436;8,147481742000025;52,040643260000081;1
179348;5230608404102977791;5;7;66;40;2023;6;18;5;3;5;3;0;0;1;1;0;0;0;0;486301,180999999865890;5760427,371999999508262;8,800480856000036;51,994338981000055;1
179350;5230614514213986546;5;1;66;8;2023;6;7;4;3;5;3;0;0;1;1;0;0;0;0;314296,228000000119209;5690417,769999999552965;6,334067405000042;51,334677195000040;1
179351;5230608317210977788;5;9;78;20;2023;6;18;5;3;0;1;0;0;1;0;0;0;0;0;411516,077999999746680;5714881,169999999925494;7,723043475000054;51,578042639000046;1
179352;5230608313110986394;5;9;58;4;2023;6;1;5;2;4;6;2;0;1;0;0;1;0;0;433930,706100000068545;5696300,506300000473857;8,049943593000023;51,414066741000056;1
179356;5230608300700773260;5;9;16;0;2023;6;23;5;3;0;1;2;0;1;0;0;0;0;0;372938,051300000399351;5709026,532700000330806;7,168678642000032;51,518051327000080;1
179358;5230608300600278310;5;9;16;0;2023;6;18;5;3;1;5;0;0;1;1;0;0;0;0;377275,223500000312924;5712452,768899999558926;7,229962656000055;51,549803190000034;1
179359;5230608300500077743;5;9;11;0;2023;6;16;5;3;0;1;0;0;1;0;0;0;0;0;378810,729000000283122;5700325,379000000655651;7,256262812000045;51,441139485000065;1
179361;5230608300200285447;5;9;11;0;2023;6;18;5;3;5;3;0;0;1;1;0;0;0;0;370887,406600000336766;5704164,432099999859929;7,140918677000059;51,473890681000057;1
179363;5230607709800977816;5;5;66;40;2023;6;22;4;2;7;7;2;0;1;0;0;0;0;0;421971,509200000204146;5781297,459499999880791;7,858880780000050;52,176628676000064;1
179364;5230607709300977767;5;5;66;84;2023;6;17;4;3;0;7;0;1;1;0;0;0;0;1;390619,014800000004470;5775450,405700000002980;7,402417456000023;52,118755369000041;1
179365;5230607709300270598;5;5;66;84;2023;6;17;4;3;0;7;0;1;1;0;0;0;0;1;390560,498999999836087;5775439,455000000074506;7,401566674000037;52,118645372000060;1
179368;5230607705000977828;5;5;54;12;2023;6;16;4;2;0;7;0;0;1;0;0;0;0;0;352739,449199999682605;5752513,842399999499321;6,859387764000076;51,903888604000031;1
179369;5230607705000587234;5;5;54;4;2023;6;7;4;3;5;3;0;0;1;1;0;0;0;0;362291,144999999552965;5770845,705000000074506;6,990777594000065;52,071051612000076;1
179370;5230607705000279183;5;5;54;16;2023;6;6;4;2;5;7;0;0;1;1;0;0;0;0;363487,913999999873340;5757226,077999999746680;7,013655550000067;51,948968448000073;1
179372;5230607702100769102;5;5;15;0;2023;6;6;4;3;5;3;0;1;1;1;0;0;0;0;401822,416699999943376;5757396,051200000569224;7,571176274000038;51,958584296000026;1
179373;5230607702100599923;5;5;15;0;2023;6;20;4;2;6;7;0;0;1;1;1;0;0;0;406368,430900000035763;5757270,837300000712276;7,637349934000042;51,958242915000028;1
179379;5230607701120695983;5;5;62;32;2023;6;15;4;3;5;3;0;0;1;0;0;0;0;0;376985,991399999707937;5715699,876000000163913;7,224656807000031;51,578922967000040;1
179383;5230609700000082310;5;5;13;0;2023;6;23;6;2;0;1;2;0;1;0;0;0;0;0;366748,375900000333786;5714203,322799999266863;7,077560802000050;51,563146937000056;1
179387;5230607601700599112;5;3;16;0;2023;6;16;4;3;5;3;0;0;1;1;0;0;0;0;358661,288700000382960;5655443,312799999490380;6,984233057000040;51,033136948000049;1
179388;5230607601600977851;5;3;15;0;2023;6;6;4;3;0;5;0;0;1;1;0;0;0;0;359652,908599999733269;5644698,080099999904633;7,002516369000034;50,936812106000048;1
179389;5230607601500999205;5;3;15;0;2023;6;17;4;2;5;3;0;0;1;0;0;0;0;0;357341,928199999965727;5645355,920900000259280;6,969389762000048;50,942157030000033;1
179395;5230607601300763938;5;3;15;0;2023;6;14;4;3;5;3;0;1;1;1;0;0;0;0;353028,268699999898672;5646380,698799999430776;6,907618247000073;50,950282860000073;1
179396;5230607601300599804;5;3;15;0;2023;6;10;4;3;0;1;0;0;1;0;0;0;0;0;351689,825199999846518;5646984,595699999481440;6,888331083000026;50,955366931000071;1
179397;5230607601300264180;5;3;15;0;2023;6;14;4;3;0;5;0;0;1;0;0;0;0;0;354233,991499999538064;5646591,863299999386072;6,924687039000048;50,952486700000065;1
179398;5230607601100977831;5;3;15;0;2023;6;15;4;3;0;3;0;1;1;1;0;0;0;0;355663,559200000017881;5643873,314999999478459;6,946103224000069;50,928415413000039;1
179400;5230607601100599021;5;3;15;0;2023;6;19;4;3;3;2;0;0;1;1;0;0;0;0;354731,382399999536574;5644530,680900000035763;6,932585632000041;50,934088998000050;1
179401;5230607601100299015;5;3;15;0;2023;6;19;4;3;0;7;0;0;1;0;0;0;0;0;355120,446000000461936;5644035,766000000759959;6,938315541000065;50,929739175000066;1
179402;5230607600380095314;5;3;14;0;2023;6;15;4;3;5;2;0;0;1;1;0;0;0;0;370844,746500000357628;5615908,271500000730157;7,171843755000054;50,680659266000077;1
179404;5230607600110595261;5;3;14;0;2023;6;14;4;3;2;3;0;0;1;1;0;0;0;0;362051,574000000022352;5623423,157999999821186;7,044644575000063;50,746182917000056;1
179405;5230607516500986364;5;1;58;16;2023;6;8;4;3;5;3;0;1;1;1;0;0;0;0;354809,979500000365078;5670650,731899999082088;6,923227310000073;51,168837614000040;1
179406;5230607515212522138;5;1;54;64;2023;6;13;4;3;1;5;0;0;1;0;0;0;0;1;305574,321100000292063;5724261,343299999833107;6,190381917000025;51,635711526000080;1
179407;5230607515210596073;5;1;54;12;2023;6;21;4;2;0;1;0;0;1;0;0;0;0;0;313612,230700000189245;5710568,301000000908971;6,313660912000046;51,515445308000039;1
179408;5230607515111096098;5;1;54;8;2023;6;18;4;3;0;3;0;0;1;1;0;0;0;0;310129,564100000075996;5745941,600899999961257;6,244301083000039;51,831977791000043;1
179409;5230607514110391470;5;1;66;32;2023;6;15;4;3;5;3;0;0;1;1;0;0;0;0;318701,256400000303984;5682565,786299999803305;6,401222992000044;51,265566197000055;1
179410;5230607513330045627;5;1;62;12;2023;6;8;4;3;5;2;0;0;1;1;0;0;0;0;325191,844299999997020;5663959,116000000387430;6,503216030000033;51,100438000000054;1
179412;5230607513210986813;5;1;62;24;2023;6;18;4;3;5;3;0;0;1;1;0;0;0;0;345102,040300000458956;5670672,046800000593066;6,784465249000050;51,166482548000033;1
179414;5230612313212482045;5;9;58;36;2023;6;16;2;3;7;7;0;0;1;0;1;0;0;0;462858,479199999943376;5689703,277300000190735;8,466579345000071;51,357381088000068;1
179415;5230607508000978094;5;1;19;0;2023;6;17;4;3;5;3;0;0;1;1;0;0;0;0;352576,450899999588728;5704379,711100000888109;6,877353430000028;51,471350509000047;1
179416;5230614501111573987;5;1;12;0;2023;6;16;4;3;0;7;0;0;1;1;0;0;0;0;345619,711600000038743;5709182,621600000187755;6,775166974000058;51,512649292000049;1
179418;5230607508000286208;5;1;19;0;2023;6;15;4;3;5;3;0;0;1;1;0;0;0;0;350374,793800000101328;5711110,607999999076128;6,842822510000076;51,531252121000080;1
179419;5230607506100281637;5;1;16;0;2023;6;17;4;3;0;5;0;0;1;0;1;0;0;0;319518,022900000214577;5675395,535199999809265;6,416529838000031;51,201415177000058;1
179420;5230615513210075940;5;1;62;24;2023;6;8;5;3;9;1;0;0;1;1;0;0;0;0;339362,065899999812245;5673779,727800000458956;6,701045739000051;51,192821920000029;1
179421;5230607505200977835;5;1;14;0;2023;6;14;4;3;0;1;0;1;1;1;0;0;0;0;329579,871299999766052;5691179,434100000187755;6,552887852000026;51,346306043000027;1
179422;5230607505100795885;5;1;14;0;2023;6;7;4;3;0;5;0;0;1;1;0;0;0;0;329866,200899999588728;5688873,825899999588728;6,558096656000032;51,325678689000028;1
179423;5230607505100091610;5;1;14;0;2023;6;11;4;3;5;3;0;1;1;1;0;0;0;0;330841,464499999769032;5689026,536299999803305;6,572008440000047;51,327341497000077;1
179426;5230607503200977830;5;1;24;0;2023;6;17;4;3;5;2;0;0;1;1;0;0;0;0;372692,396599999628961;5680788,987600000575185;7,175266267000040;51,264216554000029;1
179427;5230607503100977834;5;1;24;0;2023;6;15;4;3;0;1;0;0;1;0;0;0;0;0;369394,089999999850988;5681167,005000000819564;7,127879425000060;51,266867706000028;1
179428;5230607503100795550;5;1;24;0;2023;6;16;4;3;8;1;0;0;1;0;0;0;0;0;365799,852300000376999;5675977,864600000903010;7,078334854000047;51,219397651000065;1
179429;5230607503100172000;5;1;24;0;2023;6;19;4;3;0;1;0;0;1;0;0;0;0;0;365968,961000000126660;5678177,277000000700355;7,079932249000024;51,239203703000044;1
179432;5230607501134977850;5;1;12;0;2023;6;6;4;3;5;3;0;0;1;1;0;0;0;0;343942,677000000141561;5710941,689999999478459;6,750239530000044;51,527993402000050;1
179437;5230607500300968378;5;1;11;0;2023;6;12;4;3;1;5;0;0;1;1;0;0;0;0;351775,142900000326335;5668989,908700000494719;6,880533354000022;51,153134877000070;1
179438;5230607500300701231;5;1;11;0;2023;6;19;4;3;5;3;0;0;1;1;0;0;0;0;350821,705400000326335;5672232,638100000098348;6,865565067000034;51,182026301000064;1
179442;5230607500200378178;5;1;11;0;2023;6;17;4;3;1;5;0;0;1;0;0;0;0;1;345471,289099999703467;5679584,150699999183416;6,785904306000020;51,246661881000080;1
179443;5230607500100600320;5;1;11;0;2023;6;14;4;2;5;3;0;0;1;1;0;0;0;0;342132,770100000314415;5679162,624099999666214;6,738295242000049;51,241960201000040;1
179446;5230607410120190692;5;7;70;32;2023;6;16;4;3;0;6;0;0;1;0;0;0;0;0;494666,389299999922514;5787821,681099999696016;8,921888038000077;52,240778265000074;1
179453;5230607405140986374;5;7;54;40;2023;6;15;4;3;5;2;0;0;1;1;0;0;0;0;460046,239000000059605;5761922,564699999988079;8,417925577000062;52,006513143000063;1
179454;5230607405108087127;5;7;54;8;2023;6;18;4;3;5;3;0;0;1;0;0;0;0;0;457077,189000000245869;5750335,911000000312924;8,376120518000050;51,902121743000066;1
179455;5230607313211986376;5;9;58;12;2023;6;13;4;3;0;1;0;1;1;0;0;0;0;0;475239,478199999779463;5691934,174799999222159;8,644233288000066;51,378115391000051;1
179458;5230607301303480857;5;9;13;0;2023;6;17;4;3;1;1;0;0;1;1;0;0;0;0;399360,521300000138581;5704175,114499999210238;7,550736628000038;51,479768781000075;1
179459;5230607301301986384;5;9;78;24;2023;6;17;4;3;5;7;0;0;1;1;0;0;0;0;399412,894000000320375;5719839,827600000426173;7,547011050000037;51,620584528000052;1
179463;5230606706100272374;5;5;58;16;2023;6;10;3;3;5;1;0;0;1;1;0;0;0;0;381264,027999999932945;5743940,962999999523163;7,276747922000027;51,833653278000043;1
179464;5230606706000096670;5;5;58;12;2023;6;13;3;3;0;6;0;0;1;0;0;0;0;0;374903,410600000061095;5754821,358100000768900;7,180538875000025;51,930042867000054;1
179465;5230606705000977875;5;5;54;16;2023;6;12;3;3;5;3;0;0;1;1;0;0;0;0;363113,241999999620020;5757583,956000000238419;7,008064843000056;51,952092123000057;1
179467;5230606705000228448;5;5;54;40;2023;6;13;3;3;5;3;0;0;1;1;0;0;0;0;351344,974899999797344;5738005,244000000879169;6,845366918000025;51,773161084000037;1
179468;5230607606700099104;5;3;78;32;2023;6;7;4;2;5;3;0;1;1;1;0;0;0;0;375284,543100000359118;5667026,452600000426173;7,217183485000021;51,141094465000037;1
179469;5230606702100272346;5;5;15;0;2023;6;8;3;3;0;1;0;0;1;0;0;0;0;0;405831,022099999710917;5757571,672399999573827;7,629448792000062;51,960856202000059;1
179472;5230606610111567556;5;3;70;16;2023;6;9;3;2;1;5;0;0;1;1;0;0;0;0;299603,093999999575317;5662059,630000000819564;6,139242435000028;51,075007829000072;1
179476;5230606608200194804;5;3;34;2;2023;6;16;3;3;4;2;0;0;1;1;0;0;0;0;299726,843999999575317;5626185,911000000312924;6,160695240000052;50,752851008000050;1
179478;5230606608200033186;5;3;34;2;2023;6;17;3;3;4;2;0;0;1;1;0;0;0;0;296506,464800000190735;5628341,781700000166893;6,113908874000060;50,771094005000066;1
179479;5230606608200033185;5;3;34;2;2023;6;14;3;3;5;2;0;0;1;1;0;0;0;0;296360,692300000227988;5628323,371300000697374;6,111854417000075;50,770877506000033;1
179481;5230606606700599074;5;3;78;32;2023;6;7;3;3;5;1;0;0;1;1;0;0;0;0;374207,421600000001490;5666364,671199999749660;7,202025157000037;51,134910811000054;1
179482;5230606606700572660;5;3;78;8;2023;6;11;3;3;1;5;0;0;1;1;0;0;0;0;368128,930300000123680;5660734,213899999856949;7,117251243000055;51,082939718000034;1