OID_;UIDENTSTLAE;ULAND;UREGBEZ;UKREIS;UGEMEINDE;UJAHR;UMONAT;USTUNDE;UWOCHENTAG;UKATEGORIE;UART;UTYP1;ULICHTVERH;IstStrassenzustand;IstRad;IstPKW;IstFuss;IstKrad;IstGkfz;IstSonstige;LINREFX;LINREFY;XGCSWGS84;YGCSWGS84;PLST
179483;5230606606400199100;5;3;78;28;2023;6;15;3;3;8;6;0;0;1;1;0;0;0;0;372067,012900000438094;5643117,428799999877810;7,179654362000065;50,925492942000062;1
179484;5230606603116095286;5;3;66;16;2023;6;15;3;3;5;3;0;0;1;1;0;0;0;0;343321,911999999545515;5614388,341000000014901;6,783193138000058;50,660242239000070;1
179485;5230606602900685762;5;3;62;40;2023;6;14;3;3;5;2;0;0;1;1;0;0;0;0;357728,222199999727309;5631024,084200000390410;6,980461694000041;50,813451082000029;1
179486;5230606602700479466;5;3;62;28;2023;6;23;3;3;4;6;2;0;1;1;0;0;0;0;349738,836199999786913;5636995,437999999150634;6,864685988000076;50,865095221000047;1
179490;5230606601700095266;5;3;16;0;2023;6;13;3;2;1;5;0;0;1;1;0;0;0;0;360003,477300000376999;5655206,730599999427795;7,003454190000070;51,031339307000053;1
179494;5230606601500599204;5;3;15;0;2023;6;11;3;2;0;7;0;0;1;0;0;0;0;0;363593,695000000298023;5648065,771999999880791;7,057306638000057;50,968024544000059;1
179496;5230606601400599005;5;3;15;0;2023;6;9;3;3;0;1;0;0;1;0;0;0;0;0;353584,043999999761581;5650387,893999999389052;6,913911937000023;50,986435314000062;1
179498;5230606601300081850;5;3;15;0;2023;6;18;3;3;3;6;0;0;1;1;0;0;0;0;351131,367800000123680;5644569,044800000265241;6,881372754000040;50,933515765000038;1
179499;5230606601200986350;5;3;15;0;2023;6;15;3;3;4;2;0;0;1;1;0;0;0;0;356302,962000000290573;5637997,266000000759959;6,957508360000077;50,875767429000064;1
179501;5230606601100299181;5;3;15;0;2023;6;19;3;3;0;2;0;0;1;1;0;0;0;0;356018,285799999721348;5645452,986600000411272;6,950523357000066;50,942700322000064;1
179502;5230606600380434445;5;3;14;0;2023;6;17;3;3;3;6;0;0;1;1;0;0;0;0;369436,177099999971688;5616585,114900000393391;7,151677796000058;50,686428610000064;1
179503;5230606601300699181;5;3;15;0;2023;6;16;3;3;0;5;0;0;1;1;0;0;0;0;354803,145499999634922;5647052,779899999499321;6,932600749000073;50,956772487000080;1
179505;5230606600310695366;5;3;14;0;2023;6;7;3;3;5;3;0;0;1;0;0;0;0;1;362090,014700000174344;5620886,604800000786781;7,046138169000074;50,723394335000080;1
179507;5230611610121391022;5;3;70;12;2023;6;10;1;3;0;1;0;0;1;0;0;0;0;0;297863,679100000299513;5649706,072200000286102;6,121329119000052;50,963449534000063;1
179510;5230606518400844430;5;1;70;8;2023;6;13;3;3;4;6;0;0;1;1;0;0;0;0;345921,056800000369549;5714471,665699999779463;6,777191566000056;51,560253113000044;1
179511;5230606518120986332;5;1;70;44;2023;6;7;3;3;5;3;0;0;1;1;0;0;0;0;339585,298799999989569;5718863,444800000637770;6,683862032000036;51,597943814000075;1
179512;5230606518100996122;5;1;70;48;2023;6;16;3;3;0;1;0;0;1;0;0;0;0;0;335398,740799999795854;5725986,882200000807643;6,620121845000028;51,660731460000079;1
179513;5230606518100977866;5;1;70;48;2023;6;13;3;3;5;3;0;0;1;0;0;1;0;0;334917,251299999654293;5725898,408299999311566;6,613208535000069;51,659795428000052;1
179514;5230606518100796111;5;1;70;48;2023;6;18;3;3;5;7;0;0;1;0;0;0;0;0;338630,884100000374019;5726519,751199999824166;6,666565407000064;51,666456031000052;1
179515;5230606516800986331;5;1;58;20;2023;6;8;3;3;0;3;0;0;1;1;0;0;0;0;357096,191599999554455;5664676,203299999237061;6,958277226000064;51,115722955000081;1
179517;5230606515211986345;5;1;54;16;2023;6;14;3;3;1;5;0;0;1;1;0;0;0;0;304304,925999999977648;5728614,353399999439716;6,169626153000024;51,674363715000027;1
179518;5230606515111855230;5;1;54;8;2023;6;10;3;3;0;7;0;0;1;1;0;0;0;0;309018,672100000083447;5747544,362400000914931;6,227313695000021;51,845993024000052;1
179522;5230606514210725992;5;1;66;12;2023;6;16;3;3;5;3;0;0;1;1;0;0;0;0;321754,642300000414252;5693425,380200000479817;6,439515732000075;51,364081366000050;1
179523;5230606514110240162;5;1;66;32;2023;6;18;3;3;4;6;0;0;1;0;0;0;0;0;317282,740699999965727;5681660,032299999147654;6,381375015000060;51,256977178000056;1
179524;5230606513210991370;5;1;62;24;2023;6;18;3;3;0;1;0;0;1;0;0;0;0;0;338450,967000000178814;5673919,258999999612570;6,687955212000077;51,193818768000028;1
179526;5230606513210390870;5;1;62;24;2023;6;8;3;3;0;3;0;0;1;0;0;0;0;0;340427,165699999779463;5669694,563500000163913;6,718089228000053;51,156414762000054;1
179529;5230606505200986341;5;1;14;0;2023;6;12;3;3;5;6;0;0;1;1;0;0;0;0;328543,056499999947846;5692150,053500000387430;6,537547012000061;51,354713939000078;1
179531;5230606505100977858;5;1;14;0;2023;6;14;3;3;2;6;0;0;1;1;0;0;0;0;328065,583599999547005;5687425,276300000026822;6,532976839000071;51,312123995000036;1
179536;5230606503200065845;5;1;24;0;2023;6;19;3;3;5;3;0;0;1;1;0;0;0;0;375458,599000000394881;5681992,808000000193715;7,214474710000047;51,275647267000068;1
179537;5230606503100895593;5;1;24;0;2023;6;15;3;3;5;3;0;0;1;1;0;0;0;0;370652,110399999655783;5680152,766799999400973;7,146268678000069;51,258039253000049;1
179541;5230606502248977224;5;1;13;0;2023;6;8;3;3;4;6;0;0;1;1;0;0;0;0;367926,729299999773502;5698303,402200000360608;7,100500566000051;51,420535050000069;1
179542;5230606501313027744;5;1;12;0;2023;6;14;3;3;5;3;0;0;1;1;0;0;0;0;343288,536999999545515;5701746,018999999389052;6,744898503000059;51,445191308000062;1
179543;5230606501212977870;5;1;12;0;2023;6;12;3;3;0;1;0;0;1;0;0;0;0;0;340650,263000000268221;5697545,921000000089407;6,708854628000040;51,406718820000037;1
179546;5230606500300397000;5;1;11;0;2023;6;8;3;3;5;2;0;0;1;1;0;0;0;0;343857,201200000010431;5675238,322499999776483;6,764689711000074;51,207173770000054;1
179549;5230606500200581020;5;1;11;0;2023;6;16;3;3;4;6;0;0;1;0;0;0;0;1;347424,960500000044703;5677509,134500000625849;6,814758550000022;51,228542595000079;1
179550;5230606500200565754;5;1;11;0;2023;6;8;3;3;5;2;0;0;1;0;0;1;0;0;348042,200000000186265;5678644,812000000849366;6,823110333000045;51,238912057000050;1
179553;5230606500200045454;5;1;11;0;2023;6;10;3;3;5;3;0;0;1;1;0;0;0;0;342775,064100000075996;5682325,198499999940395;6,746099772000036;51,270553765000045;1
179554;5230606500100986961;5;1;11;0;2023;6;20;3;3;4;6;0;0;1;0;0;0;0;0;345282,903099999763072;5677380,331800000742078;6,784159179000028;51,226808617000074;1
179556;5230606411232977880;5;7;74;32;2023;6;7;3;3;5;3;0;0;1;0;0;0;0;1;478293,711000000126660;5732723,950999999418855;8,685597657000073;51,745001616000081;1
179557;5230606411232096828;5;7;74;32;2023;6;13;3;3;2;5;0;0;1;1;0;0;0;0;478400,359199999831617;5731398,084799999371171;8,687224683000068;51,733084576000067;1
179559;5230607706000977826;5;5;58;12;2023;6;17;4;3;4;7;0;0;1;0;0;0;0;0;375244,116299999877810;5755946,130799999460578;7,185083663000057;51,940227152000034;1
179562;5230606406110986347;5;7;58;12;2023;6;16;3;3;0;3;0;0;1;1;0;0;0;0;477887,576000000350177;5773618,490000000223517;8,677087082000071;52,112665514000071;1
179564;5230606400100986353;5;7;11;0;2023;6;17;3;3;4;3;0;0;1;1;0;0;0;0;464010,389299999922514;5769498,926899999380112;8,474877736000053;52,074899761000040;1
179565;5230606317250977875;5;9;78;32;2023;6;10;3;3;5;2;0;0;1;1;0;0;0;0;394462,919900000095367;5724793,596000000834465;7,474040707000029;51,664204126000072;1
179566;5230614608416533441;5;3;34;16;2023;6;7;4;3;1;1;0;0;1;0;0;0;0;1;297294,003999999724329;5638879,683000000193715;6,119241348000060;50,866015097000059;1
179567;5230606317220507884;5;9;78;4;2023;6;11;3;3;2;2;0;0;1;0;0;0;0;0;406345,299999999813735;5722238,743000000715256;7,646477272000027;51,643344774000070;1
179568;5230606310220689200;5;9;54;8;2023;6;0;3;3;3;6;2;0;1;0;0;0;0;0;386241,174599999561906;5684661,088500000536442;7,368141868000066;51,301885838000032;1
179569;5230606310130793706;5;9;54;20;2023;6;19;3;2;0;7;0;0;1;1;0;0;0;1;392575,352300000376999;5698122,433199999853969;7,454901544000052;51,424116157000071;1
179575;5230606301103386230;5;9;13;0;2023;6;17;3;3;0;6;0;0;1;0;0;0;0;0;391217,703999999910593;5705483,782999999821186;7,433117811000045;51,490024199000061;1
179576;5230606301102489340;5;9;13;0;2023;6;20;3;2;0;1;0;0;1;0;0;0;0;0;397180,303299999795854;5705829,192800000309944;7,518869720000055;51,494244742000035;1
179578;5230606300700193757;5;9;16;0;2023;6;15;3;3;1;5;0;0;1;1;0;0;0;0;370940,374200000427663;5711760,686300000175834;7,138900722000074;51,542170110000029;1
179579;5230606300600986351;5;9;16;0;2023;6;17;3;3;0;4;0;0;1;0;1;0;0;0;376601,167399999685585;5711687,964700000360608;7,220514131000073;51,542782639000052;1
179584;5230605709800977902;5;5;66;40;2023;6;13;2;3;2;2;0;0;1;1;0;0;0;0;422233,149600000120699;5781788,052400000393391;7,862593795000066;52,181075514000042;1
179585;5230605709500238567;5;5;66;76;2023;6;7;2;3;5;2;0;0;1;1;0;0;0;0;392775,587000000290573;5792296,437999999150634;7,428571766000061;52,270577945000070;1
179588;5230605709300178430;5;5;66;84;2023;6;12;2;3;3;2;0;0;1;1;0;0;0;0;386370,705000000074506;5778071,672000000253320;7,339519990000042;52,141455849000067;1
179591;5230605705000986300;5;5;54;8;2023;6;9;2;3;5;3;0;0;1;1;0;0;0;0;335197,542700000107288;5743902,804400000721216;6,608729528000026;51,821621028000038;1
179592;5230605705000977882;5;5;54;28;2023;6;21;2;3;0;1;1;0;1;0;0;0;0;0;357650,324500000104308;5743668,270300000905991;6,934367511000062;51,825684743000068;1
179593;5230605705000391695;5;5;54;68;2023;6;12;2;3;1;6;0;0;1;1;0;0;0;0;351324,560999999754131;5767186,430999999865890;6,832482786000071;52,035339985000064;1
179594;5230605702100974773;5;5;15;0;2023;6;10;2;3;5;3;0;0;1;1;0;0;0;0;404662,276999999769032;5759742,419999999925494;7,611841178000077;51,980168491000029;1
179595;5230605702100750184;5;5;15;0;2023;6;17;2;3;0;5;0;0;1;1;0;0;0;0;401825,483900000341237;5759510,806700000539422;7,570616197000049;51,977592700000059;1
179597;5230605701500195065;5;5;62;24;2023;6;11;2;3;5;3;0;0;1;1;0;0;0;0;371215,686800000257790;5726747,256200000643730;7,137363098000037;51,676914565000061;1
179598;5230615500300700558;5;1;11;0;2023;6;15;5;3;5;3;0;0;1;1;0;0;0;0;349270,034099999815226;5670430,646299999207258;6,844136165000066;51,165426861000071;1
179600;5230605701300847765;5;5;62;14;2023;6;7;2;3;5;3;0;0;1;1;0;0;0;0;361740,281000000424683;5716789,027000000700355;7,004336972000033;51,585177009000063;1
179604;5230605608404673661;5;3;34;4;2023;6;19;2;3;0;1;0;0;1;0;0;1;0;0;301559,963000000454485;5637744,391000000759959;6,180403331000036;50,857297933000041;1
179605;5230605608200885780;5;3;34;2;2023;6;17;2;3;0;7;0;0;1;1;0;0;0;0;299875,278900000266731;5625486,537100000306964;6,163176848000035;50,746620521000068;1
179607;5230605607400050903;5;3;82;68;2023;6;10;2;1;5;3;0;0;1;1;0;0;0;0;366377,013000000268221;5628018,071000000461936;7,104250456000045;50,788493363000043;1
179608;5230605607100573822;5;3;82;60;2023;6;13;2;2;4;6;0;0;1;0;0;0;0;1;374428,750900000333786;5627888,093800000846386;7,218466462000038;50,789125165000030;1
179610;5230605603116699973;5;3;66;16;2023;6;9;2;3;6;4;0;0;1;0;1;0;0;0;343665,846099999733269;5613645,504799999296665;6,788369182000054;50,653659301000062;1
179611;5230605602800690965;5;3;62;12;2023;6;11;2;2;0;7;0;0;1;0;0;0;0;0;352010,280000000260770;5632425,005000000819564;6,898787883000068;50,824608082000054;1
179612;5230605602700314916;5;3;62;28;2023;6;16;2;3;0;1;0;0;1;0;0;0;0;0;350735,563000000081956;5636649,686000000685453;6,878980796000064;50,862246295000034;1
179613;5230605602400381254;5;3;62;32;2023;6;15;2;3;5;7;0;0;1;0;0;0;0;0;337652,918999999761581;5642571,312999999150634;6,690602934000026;50,911929347000068;1
179615;5230605601500986323;5;3;15;0;2023;6;21;2;3;0;7;1;0;1;0;0;0;0;1;357329,628600000403821;5645267,538899999111891;6,969249421000029;50,941359703000046;1
179616;5230607500300671737;5;1;11;0;2023;6;14;4;3;5;2;0;0;1;1;0;0;0;0;348202,039099999703467;5676164,881500000134110;6,826448793000054;51,216670772000043;1
179617;5230605601300169017;5;3;15;0;2023;6;18;2;3;5;3;0;0;1;1;0;0;0;0;348692,897099999710917;5642975,983100000768900;6,847356672000046;50,918565546000082;1
179618;5230605601300087600;5;3;15;0;2023;6;20;2;3;5;3;0;0;1;1;0;0;0;0;351126,524500000290573;5646106,044399999082088;6,880675794000069;50,947326664000059;1
179619;5230605601200586470;5;3;15;0;2023;6;16;2;3;5;3;0;0;1;1;0;0;0;0;357401,485000000335276;5636969,288000000640750;6,973512944000049;50,866801017000057;1
179620;5230606601200667750;5;3;15;0;2023;6;13;3;3;2;5;0;0;1;1;0;0;0;0;354467,863099999725819;5642401,478599999099970;6,929687718000025;50,914887979000071;1
179622;5230605601100433877;5;3;15;0;2023;6;12;2;3;5;5;0;0;1;0;0;0;0;1;356685,476999999955297;5645445,917999999597669;6,960016676000066;50,942803027000082;1
179623;5230605600340086241;5;3;82;64;2023;6;12;2;3;0;1;0;0;1;0;0;0;0;0;352620,007500000298023;5620125,036399999633431;6,912366511000073;50,714225415000044;1
179629;5230605516800977911;5;1;58;20;2023;6;10;2;3;2;2;0;0;1;1;0;0;0;0;356269,925699999555945;5666053,861999999731779;6,945930952000026;51,127896674000056;1
179630;5230605516600864878;5;1;58;4;2023;6;13;2;3;0;1;0;0;1;0;0;0;0;0;355752,952399999834597;5675234,719499999657273;6,934864945000072;51,210269600000061;1
179632;5230612316300396812;5;9;74;28;2023;6;10;2;3;2;6;0;0;1;0;0;0;0;0;454770,654400000348687;5724500,134199999272823;8,345965439000054;51,669657591000032;1
179633;5230610705000977728;5;5;54;8;2023;6;16;7;3;5;3;0;0;1;1;0;0;0;0;336169,125599999912083;5746072,765300000086427;6,621786853000060;51,841400479000072;1
179634;5230605516100395566;5;1;58;36;2023;6;14;2;2;6;7;0;0;1;0;1;0;0;0;362937,402999999932945;5682861,048299999907613;7,034735909000062;51,280575612000064;1
179635;5230605515210022258;5;1;54;12;2023;6;7;2;3;5;2;0;0;1;1;0;0;0;0;314541,065000000409782;5710471,787000000476837;6,327082927000049;51,514884073000076;1
179638;5230605514110977908;5;1;66;32;2023;6;14;2;3;3;6;0;0;1;0;0;0;0;0;318799,002000000327826;5682139,687899999320507;6,402838425000027;51,261769700000059;1
179639;5230605513210986310;5;1;62;24;2023;6;14;2;3;5;7;0;0;1;0;0;0;0;0;338319,784300000406802;5673382,750700000673532;6,686320937000062;51,188961215000063;1
179642;5230605508000882166;5;1;19;0;2023;6;14;2;3;0;3;0;0;1;1;0;0;0;0;350415,093700000084937;5704617,302600000053644;6,846156486000041;51,472918128000060;1
179643;5230605506100986320;5;1;16;0;2023;6;17;2;2;1;5;0;0;1;1;0;0;0;0;317997,994599999859929;5675304,836100000888109;6,394841723000070;51,200118261000057;1
179644;5230605506100986297;5;1;16;0;2023;6;7;2;3;1;5;0;0;1;1;0;0;0;1;318524,371199999935925;5667130,494300000369549;6,406491743000061;51,126855474000081;1
179651;5230605503200977916;5;1;24;0;2023;6;9;2;3;3;5;0;0;1;1;0;0;0;0;375345,866600000299513;5681726,935900000855327;7,212952064000035;51,273233036000079;1
179654;5230605502231417084;5;1;13;0;2023;6;17;2;3;0;7;0;0;1;1;0;0;0;0;364789,253499999642372;5696129,708799999207258;7,056233257000031;51,400261057000080;1
179659;5230605501123977885;5;1;12;0;2023;6;19;2;3;0;1;0;0;1;1;0;0;0;0;340212,648599999956787;5705326,216700000688434;6,699056200000030;51,476498325000080;1
179664;5230605500200565754;5;1;11;0;2023;6;21;2;3;5;2;1;0;1;1;0;0;0;0;345722,576999999582767;5679153,737999999895692;6,789687365000020;51,242862464000041;1
179666;5230605410210896826;5;7;70;20;2023;6;14;2;3;5;3;0;0;1;1;0;0;0;0;473796,671900000423193;5795977,035099999979138;8,615616898000042;52,313499725000042;1
179667;5230605406220087003;5;7;58;24;2023;6;17;2;3;0;2;0;0;1;1;0;0;0;0;484299,031499999575317;5782432,483400000259280;8,770306638000022;52,192128291000074;1
179668;5230605405232996992;5;7;54;32;2023;6;16;2;2;0;1;0;0;1;0;0;0;0;0;461871,620799999684095;5742941,470599999651313;8,446619967000061;51,835989011000038;1
179669;5230605405232790682;5;7;54;32;2023;6;20;2;3;1;1;0;0;1;0;0;0;0;1;460146,065399999730289;5739883,652100000530481;8,421929268000042;51,808376377000059;1
179670;5230605404302596910;5;7;66;8;2023;6;14;2;3;1;7;0;0;1;1;0;0;0;0;482520,491999999620020;5770564,263000000268221;8,744898514000056;52,085371687000077;1
179672;5230609601700196150;5;3;16;0;2023;6;17;6;3;0;5;0;0;1;1;0;0;0;0;363359,258100000210106;5655232,681900000199676;7,051272533000031;51,032380158000080;1
179675;5230605317110986295;5;9;78;36;2023;6;8;2;3;5;3;0;0;1;1;0;0;0;0;408828,165699999779463;5710449,947599999606609;7,685412755000073;51,537780817000055;1
179677;5230605307000068921;5;9;62;60;2023;6;16;2;3;0;3;0;0;1;1;0;0;0;0;415069,305200000293553;5679706,617200000211596;7,782739050000032;51,262376886000027;1
179682;5230605300700590494;5;9;16;0;2023;6;8;2;3;5;3;0;0;1;1;0;0;0;0;372505,772199999541044;5711060,460400000214577;7,161715530000038;51,536232947000030;1
179683;5230605300100593777;5;9;11;0;2023;6;7;2;3;5;6;0;0;1;0;0;0;0;0;378774,981599999591708;5705446,223200000822544;7,253992701000072;51,487155977000043;1
179684;5230605300000877986;5;9;16;0;2023;6;21;2;3;0;1;1;0;1;0;0;0;0;0;377051,219999999739230;5710679,818299999460578;7,227352938000024;51,533820287000026;1
179685;5230604706300296595;5;5;58;4;2023;6;11;1;3;5;3;0;0;1;1;0;0;0;0;405153,304999999701977;5738487,521999999880791;7,624831880000045;51,789202189000036;1
179686;5230604705000986286;5;5;54;8;2023;6;18;1;3;0;2;0;0;1;1;0;0;0;0;335277,302699999883771;5745597,537799999117851;6,609079312000063;51,836868992000063;1
179687;5230604701300591628;5;5;62;14;2023;6;17;1;3;1;5;0;0;1;1;0;0;0;0;361780,476900000125170;5715096,207499999552965;7,005582980000042;51,569974932000036;1
179690;5230604609108985752;5;3;58;8;2023;6;11;1;3;0;1;0;0;1;0;0;0;0;0;319217,376000000163913;5630553,175000000745058;6,434557554000037;50,798483277000059;1
179692;5230604607500093412;5;3;82;56;2023;6;11;1;3;0;1;0;0;1;0;0;0;0;0;369956,556400000117719;5627406,181700000539422;7,155222542000047;50,783807657000068;1
179693;5230604607400036932;5;3;82;68;2023;6;18;1;3;0;1;0;0;1;0;0;0;0;0;371506,401800000108778;5630377,397600000724196;7,176156974000037;50,810859255000082;1
179694;5230604602500499721;5;3;62;24;2023;6;15;1;3;5;3;0;0;1;1;0;0;0;0;345596,221300000324845;5643594,865499999374151;6,803072594000071;50,923306580000030;1
179697;5230604601200478240;5;3;15;0;2023;6;13;1;3;5;3;0;0;1;0;0;0;0;0;360651,536899999715388;5639558,704500000923872;7,018683041000031;50,890865448000056;1
179698;5230604601200293570;5;3;15;0;2023;6;14;1;3;5;3;0;0;1;1;0;0;0;0;356705,807400000281632;5640402,385299999266863;6,962287365000066;50,897482226000079;1
179699;5230604601100799110;5;3;15;0;2023;6;20;1;3;0;1;0;0;1;0;0;0;0;0;356392,200199999846518;5644339,922499999403954;6,956280831000072;50,932790616000034;1
179700;5230604600380095312;5;3;14;0;2023;6;15;1;3;5;3;0;0;1;1;0;0;0;0;370300,750300000421703;5616723,163699999451637;7,163861926000038;50,687862824000035;1
179701;5230604518100178978;5;1;70;48;2023;6;9;1;3;0;7;0;0;1;0;0;0;0;0;336889,759600000455976;5726212,740599999204278;6,641554495000037;51,663195214000041;1
179703;5230604516300977942;5;1;58;28;2023;6;13;1;3;0;1;0;0;1;1;0;0;0;0;350183,724499999545515;5685159,491900000721216;6,851035898000021;51,298017781000055;1
179704;5230604516300977926;5;1;58;24;2023;6;20;1;2;0;7;0;0;1;0;0;0;0;0;359740,757000000216067;5679830,382099999114871;6,990119719000063;51,252562329000057;1
179706;5230604515111696127;5;1;54;8;2023;6;22;1;2;8;7;2;0;1;0;0;0;0;0;309998,179999999701977;5745845,881799999624491;6,242449154000042;51,831073491000041;1
179707;5230604515110977931;5;1;54;36;2023;6;16;1;3;0;1;0;0;1;0;0;0;0;0;302001,564699999988079;5742761,109600000083447;6,128309050000041;51,800595895000072;1
179709;5230612404302096892;5;7;66;44;2023;6;14;2;3;5;3;0;0;1;1;0;0;0;0;491968,626099999994040;5764228,448999999091029;8,882936076000021;52,028625061000071;1
179710;5230604514218090113;5;1;66;36;2023;6;16;1;3;5;2;0;0;1;1;0;0;0;0;321938,412999999709427;5684342,464999999850988;6,446690205000039;51,282546736000029;1
179711;5230615700000380915;5;5;13;0;2023;6;18;5;3;5;3;0;0;1;1;0;0;0;0;367310,719299999997020;5711332,294800000265241;7,086751892000052;51,537478657000065;1
179712;5230604513320991357;5;1;62;4;2023;6;18;1;3;1;5;0;0;1;1;0;0;0;0;347333,075799999758601;5667642,917500000447035;6,817636067000024;51,139863416000026;1
179716;5230604505200091493;5;1;14;0;2023;6;22;1;3;0;1;2;0;1;0;0;0;0;0;327830,277999999932945;5689429,355000000447035;6,528635977000022;51,330056767000031;1
179717;5230604503300986272;5;1;20;0;2023;6;11;1;3;6;6;0;0;1;0;1;0;0;0;379782,034799999557436;5670810,036499999463558;7,280179571000076;51,176064200000042;1
179719;5230604502402077763;5;1;17;0;2023;6;11;1;3;1;5;0;0;1;0;0;0;0;0;352889,838000000454485;5699860,422000000253320;6,883741478000047;51,430823283000052;1
179720;5230604502213679102;5;1;13;0;2023;6;18;1;3;9;1;0;0;1;0;0;0;0;0;363042,608799999579787;5697720,520600000396371;7,030525353000030;51,414137963000030;1
179721;5230604502208094997;5;1;13;0;2023;6;21;1;3;5;3;1;0;1;1;0;0;0;0;359717,900600000284612;5701333,924399999901652;6,981315882000047;51,445796092000080;1
179722;5230605411232082015;5;7;74;32;2023;6;16;2;3;0;1;0;0;1;0;0;0;0;0;481236,406799999997020;5734713,721000000834465;8,728112844000066;51,762998389000074;1
179724;5230605514210986303;5;1;66;12;2023;6;11;2;3;1;1;0;0;1;1;0;0;0;0;319481,780199999921024;5694899,798499999567866;6,406153167000070;51,376607912000054;1
179727;5230604500300674478;5;1;11;0;2023;6;18;1;3;5;7;0;0;1;0;0;1;0;0;345487,875699999742210;5675630,049599999561906;6,787846668000043;51,211137065000059;1
179729;5230604411132977944;5;7;74;32;2023;6;15;1;3;0;1;0;0;1;0;0;0;0;0;485605,082299999892712;5729186,734400000423193;8,791643733000058;51,713432951000073;1
179730;5230604411132977924;5;7;74;32;2023;6;21;1;2;0;1;1;0;1;0;0;0;0;0;482888,356599999591708;5729392,836699999868870;8,752311289000033;51,715209778000030;1
179732;5230604404102696806;5;7;66;56;2023;6;20;1;3;3;6;0;0;1;0;0;0;0;0;475819,882199999876320;5754650,671900000423193;8,648233224000023;51,942044118000069;1
179734;5230604400200977950;5;7;11;0;2023;6;12;1;3;5;3;0;0;1;1;0;0;0;0;472990,750000000000000;5760135,675000000745058;8,606645169000046;51,991228515000046;1
179735;5230604400100977948;5;7;11;0;2023;6;14;1;3;3;6;0;0;1;1;0;0;0;0;467625,777999999932945;5765119,935000000521541;8,528042652000067;52,035753332000070;1
179736;5230604317120977946;5;9;78;16;2023;6;14;1;3;5;7;0;0;1;1;0;0;0;0;404180,255699999630451;5706507,923599999397993;7,619487923000065;51,501575754000044;1
179740;5230604314210090231;5;9;66;4;2023;6;14;1;2;7;1;0;0;1;0;0;0;0;0;423371,542100000195205;5664578,060499999672174;7,904934642000057;51,127539482000032;1
179741;5230604313110977938;5;9;58;4;2023;6;16;1;3;0;1;0;0;1;0;0;0;0;0;429658,012699999846518;5698351,266000000759959;7,988106413000025;51,431989938000072;1
179742;5230604301103977940;5;9;13;0;2023;6;15;1;2;0;1;0;0;1;0;0;0;0;0;391117,835900000296533;5703860,738199999555945;7,432180351000056;51,475416426000038;1
179745;5230630516100991186;5;1;58;32;2023;6;15;6;2;4;1;0;0;1;1;0;0;0;0;365450,006699999794364;5690854,772399999201298;7,067723850000050;51,353013400000066;1
179746;5230630515212986944;5;1;54;32;2023;6;19;6;3;5;3;0;0;1;1;0;0;0;0;309537,313900000415742;5717991,186699999496341;6,250984568000035;51,580753664000042;1
179748;5230630514217785922;5;1;66;36;2023;6;22;6;3;0;7;2;0;1;0;0;0;0;0;328989,139899999834597;5681554,559100000187755;6,549026185000059;51,259660842000073;1
179749;5230630513210986950;5;1;62;24;2023;6;22;6;3;1;1;2;0;1;1;0;0;0;0;337018,331399999558926;5670172,945199999958277;6,669168574000025;51,159752201000060;1
179751;5230630505200596042;5;1;14;0;2023;6;10;6;2;0;1;0;0;1;0;0;0;0;0;326475,563199999742210;5695096,057700000703335;6,506445949000067;51,380551519000051;1
179753;5230630502249378388;5;1;13;0;2023;6;7;6;2;0;1;0;1;1;0;0;0;0;0;356779,062900000251830;5693387,807700000703335;6,942263564000029;51,373656302000029;1
179754;5230630501131977250;5;1;12;0;2023;6;10;6;3;5;3;0;0;1;1;0;0;0;0;343320,241999999620020;5712308,570000000298023;6,740665636000074;51,540102031000060;1
179755;5230630500300674478;5;1;11;0;2023;6;12;6;2;4;3;0;0;1;1;0;0;0;0;341722,259200000204146;5675831,902400000020862;6,733889870000041;51,211919571000067;1
179761;5230630411112594300;5;7;74;12;2023;6;16;6;2;2;6;0;0;1;1;0;0;0;0;481339,564000000245869;5723400,526000000536442;8,730213448000029;51,661281495000026;1
179763;5230630410120487134;5;7;70;32;2023;6;6;6;3;5;3;0;1;1;1;0;0;0;0;490973,192499999888241;5785098,510500000789762;8,867873138000050;52,216247193000072;1
179764;5230630407101977248;5;7;62;20;2023;6;12;6;3;0;1;0;1;1;0;0;0;0;0;525697,714399999938905;5735690,994300000369549;9,372433890000025;51,771509858000059;1
179765;5230630405108296846;5;7;54;8;2023;6;12;6;3;0;1;0;0;1;0;0;0;0;0;457238,466099999845028;5749837,258500000461936;8,378526382000075;51,897650969000040;1
179768;5230630316300986933;5;9;74;28;2023;6;14;6;3;0;5;0;0;1;0;0;0;0;1;454547,339300000108778;5725152,083000000566244;8,342651594000074;51,675501153000027;1
179770;5230630315150080414;5;9;70;44;2023;6;23;6;3;1;5;2;0;1;1;0;0;0;0;435934,213100000284612;5633280,453199999406934;8,089955363000058;50,847674046000066;1
179774;5230630310130899366;5;9;54;20;2023;6;16;6;3;5;3;0;0;1;1;0;0;0;0;390598,651300000026822;5696055,850500000640750;7,427119622000021;51,405162626000049;1