OID_;UIDENTSTLAE;ULAND;UREGBEZ;UKREIS;UGEMEINDE;UJAHR;UMONAT;USTUNDE;UWOCHENTAG;UKATEGORIE;UART;UTYP1;ULICHTVERH;IstStrassenzustand;IstRad;IstPKW;IstFuss;IstKrad;IstGkfz;IstSonstige;LINREFX;LINREFY;XGCSWGS84;YGCSWGS84;PLST
179778;5230629711100091270;5;5;70;44;2023;6;14;5;3;5;3;0;1;1;0;0;0;0;0;416364,229899999685585;5760054,182499999180436;7,782106184000043;51,984855716000027;1
179779;5230629709500596580;5;5;66;76;2023;6;19;5;3;7;3;0;0;1;1;0;0;0;0;393901,655000000260770;5793534,875000000000000;7,444678595000028;52,281926481000028;1
179781;5230629705000381025;5;5;54;8;2023;6;16;5;3;3;2;0;0;1;1;0;0;0;0;335215,525999999605119;5746044,380999999120831;6,607970649000038;51,840864925000062;1
179782;5230629702100587867;5;5;15;0;2023;6;17;5;3;5;2;0;0;1;1;0;0;0;0;405945,323099999688566;5757051,631500000134110;7,631254219000027;51,956201186000044;1
179784;5230629702100079353;5;5;15;0;2023;6;8;5;3;0;6;0;0;1;0;0;0;1;0;407032,044700000435114;5754755,778100000694394;7,647684994000031;51,935747575000050;1
179785;5230629701910355851;5;5;62;8;2023;6;18;5;2;0;7;0;0;1;0;0;0;0;0;385140,369800000451505;5722921,261900000274181;7,339919652000049;51,645547949000047;1
179786;5230629701500986920;5;5;62;16;2023;6;14;5;3;0;1;0;0;1;0;0;0;0;0;381542,975399999879301;5732380,631400000303984;7,284739877000050;51,729816895000056;1
179788;5230629609108180826;5;3;58;32;2023;6;8;5;2;0;1;0;0;1;0;0;0;0;0;313509,008000000379980;5632416,978499999269843;6,352695672000038;50,813417566000055;1
179793;5230629603236794810;5;3;66;36;2023;6;12;5;2;5;2;0;0;1;1;0;0;0;0;315690,439699999988079;5599936,293400000780821;6,399805545000049;50,522319428000060;1
179796;5230629601500193408;5;3;15;0;2023;6;11;5;3;5;2;0;0;1;1;0;0;0;0;360376,130800000391901;5648236,942600000649691;7,011445683000034;50,968791974000055;1
179797;5230629601300287362;5;3;15;0;2023;6;19;5;3;5;2;0;0;1;1;0;0;0;0;354632,196999999694526;5645269,408999999985099;6,930880323000054;50,940702756000064;1
179798;5230629601200793436;5;3;15;0;2023;6;15;5;3;0;7;0;0;1;0;0;0;0;0;359332,281000000424683;5639373,831000000238419;7,000008623000042;50,888884182000027;1
179799;5230629601200166095;5;3;15;0;2023;6;8;5;3;5;3;0;0;1;1;0;0;0;0;359178,277999999932945;5639260,282700000330806;6,997864222000032;50,887826181000037;1
179800;5230629601100899117;5;3;15;0;2023;6;7;5;3;1;3;0;0;1;1;0;0;0;0;356686,207999999634922;5644674,502000000327826;6,960330520000070;50,935870578000049;1
179801;5230629601100078531;5;3;15;0;2023;6;23;5;3;0;1;2;0;1;0;0;0;0;0;356736,903199999593198;5643154,768300000578165;6,961648780000075;50,922225461000039;1
179804;5230629600110799951;5;3;14;0;2023;6;9;5;3;5;2;0;0;1;0;0;0;0;1;365363,763899999670684;5622130,712600000202656;7,092037474000051;50,735344095000073;1
179807;5230629515211185914;5;1;54;56;2023;6;15;5;3;0;3;0;0;1;1;0;0;0;0;312102,071000000461936;5727917,419999999925494;6,282633050000072;51,670766209000078;1
179814;5230629500200495651;5;1;11;0;2023;6;0;5;3;5;3;2;0;1;1;0;0;0;0;350501,902999999932945;5678256,444000000134110;6,858482586000036;51,236072065000030;1
179819;5230629317240451962;5;9;78;40;2023;6;19;5;3;0;1;0;0;1;0;0;0;0;0;404985,415400000289083;5724894,323999999091029;7,626108206000026;51,666987404000054;1
179820;5230629317210494415;5;9;78;20;2023;6;19;5;3;0;6;0;0;1;0;0;0;0;0;407331,151899999938905;5715845,390799999237061;7,662411496000061;51,586037651000026;1
179826;5230629301204285027;5;9;13;0;2023;6;14;5;3;5;3;0;1;1;1;0;0;0;0;384106,583599999547005;5707289,727199999615550;7,330142560000070;51,504843068000071;1
179827;5230629300800941641;5;9;54;36;2023;6;12;5;3;0;1;0;0;1;0;0;0;0;0;384706,035500000230968;5697630,254899999126792;7,341925769000056;51,418146237000030;1
179828;5230629300300771470;5;9;11;0;2023;6;18;5;3;5;3;0;0;1;1;0;0;0;0;382404,649699999950826;5705588,471599999815226;7,306198580000057;51,489200942000082;1
179829;5230629300000790603;5;9;11;0;2023;6;14;5;3;1;7;0;0;1;0;0;0;0;1;375536,784599999897182;5704105,787299999967217;7,207849464000049;51,474405567000076;1
179830;5230628711100091270;5;5;70;36;2023;6;16;4;3;0;1;0;0;1;1;0;0;0;0;434485,835699999704957;5761794,793999999761581;8,045613089000028;52,002936227000077;1
179831;5230628701800980946;5;5;62;4;2023;6;21;4;3;5;2;0;0;1;1;0;0;0;0;382883,775000000372529;5711347,008400000631809;7,311183113000027;51,541056955000045;1
179834;5230628608200567558;5;3;34;2;2023;6;21;4;3;1;5;1;0;1;1;0;0;0;0;300094,950299999676645;5629560,917899999767542;6,164073548000033;50,783291656000074;1
179839;5230628602900014858;5;3;62;40;2023;6;10;4;3;0;1;0;0;1;0;0;0;0;0;355471,852400000207126;5632977,803899999707937;6,947684580000043;50,830450541000062;1
179841;5230628601500599027;5;3;15;0;2023;6;20;4;3;0;1;0;0;1;0;0;0;0;0;358855,996700000017881;5651804,444299999624491;6,988424122000026;51,000482569000042;1
179844;5230628601200878241;5;3;15;0;2023;6;16;4;2;0;1;0;0;1;0;0;0;0;0;356831,306599999777973;5641439,150000000372529;6,963664271000027;50,906830725000077;1
179845;5230628600340364480;5;3;82;64;2023;6;21;4;2;8;1;1;0;1;0;0;0;0;0;352084,313500000163913;5620814,919900000095367;6,904507259000070;50,720289266000066;1
179848;5230628516800592020;5;1;58;20;2023;6;15;4;3;5;3;0;0;1;1;0;0;0;0;356032,409799999557436;5663700,162299999967217;6,943478504000041;51,106685459000062;1
179850;5230628515210081606;5;1;54;48;2023;6;17;4;2;0;1;0;0;1;0;0;0;0;0;325629,275299999862909;5705200,814699999988079;6,489324697000029;51,471065464000048;1
179851;5230628513210586188;5;1;62;24;2023;6;9;4;2;5;2;0;0;1;0;0;0;1;0;339388,165199999697506;5674612,324699999764562;6,701046467000026;51,200310099000035;1
179852;5230628513210178747;5;1;62;24;2023;6;17;4;3;5;3;0;0;1;1;0;0;0;0;338178,952399999834597;5675875,725899999961257;6,683183495000037;51,211320334000050;1
179853;5230628506100986905;5;1;16;0;2023;6;7;4;3;8;6;0;0;1;1;0;0;0;0;317551,049499999731779;5671564,486899999901652;6,390350508000040;51,166376631000048;1
179854;5230628506100791312;5;1;16;0;2023;6;14;4;3;1;5;0;0;1;1;0;0;0;0;322139,135800000280142;5677538,985700000077486;6,452946436000047;51,221492383000054;1
179856;5230628505100986892;5;1;14;0;2023;6;9;4;3;5;3;0;0;1;1;0;0;0;0;329692,045800000429153;5688730,694700000807643;6,555667874000051;51,324340709000069;1
179858;5230628502229677670;5;1;13;0;2023;6;16;4;3;8;6;0;0;1;0;0;0;0;1;360393,355800000019372;5694260,904999999329448;6,993814450000059;51,382402474000060;1
179860;5230628501319091432;5;1;12;0;2023;6;14;4;3;0;7;0;0;1;1;0;0;0;0;343553,679200000129640;5696036,265599999576807;6,751230933000045;51,393962976000068;1
179862;5230628501211295903;5;1;12;0;2023;6;14;4;3;5;3;0;0;1;1;0;0;0;0;341704,012600000016391;5696952,767400000244379;6,724257317000024;51,401684554000042;1
179863;5230628411132674480;5;7;74;32;2023;6;14;4;3;4;2;0;0;1;1;0;0;0;0;481465,013199999928474;5727488,003200000151992;8,731810113000051;51,698037595000073;1
179864;5230628407123796873;5;7;62;8;2023;6;21;4;3;0;1;2;0;1;0;0;0;0;0;520012,949699999764562;5719633,585500000044703;9,289124992000040;51,627364919000058;1
179865;5230628406110986886;5;7;58;12;2023;6;0;4;3;5;3;2;0;1;1;0;0;0;0;478534,312199999578297;5772979,714999999850988;8,686571638000032;52,106947993000063;1
179866;5230628405116590752;5;7;54;16;2023;6;15;4;3;4;6;0;0;1;0;0;0;0;0;446929,441999999806285;5757206,042999999597669;8,227577138000072;51,963011705000042;1
179868;5230628317140977277;5;9;78;28;2023;6;10;4;3;8;1;0;0;1;0;0;0;0;0;402035,779900000430644;5701599,765699999406934;7,589962967000076;51,457088526000064;1
179869;5230628316300986894;5;9;74;28;2023;6;10;4;3;1;3;0;0;1;1;0;0;0;0;454117,369199999608099;5725337,566500000655651;8,336409327000069;51,677133847000050;1
179870;5230628316100977270;5;9;74;40;2023;6;16;4;3;0;2;0;0;1;0;0;0;0;0;436755,059999999590218;5713319,867000000551343;8,087501518000067;51,567403200000058;1
179871;5230628307000946577;5;9;62;40;2023;6;8;4;3;2;6;0;0;1;1;0;0;0;0;414309,692499999888241;5702466,381999999284744;7,766368928000077;51,466870289000042;1
179874;5230628301102989340;5;9;13;0;2023;6;17;4;3;0;1;0;0;1;1;0;0;0;0;397228,225999999791384;5704793,881999999284744;7,519861237000043;51,484947316000046;1
179879;5230627709300679126;5;5;66;84;2023;6;16;3;3;3;2;0;0;1;1;0;0;0;0;390711,436999999918044;5775426,890399999916553;7,403774327000065;52,118562307000047;1
179881;5230627705000391856;5;5;54;32;2023;6;18;3;3;8;5;0;0;1;1;0;0;0;0;322777,425099999643862;5747517,544299999251962;6,426852543000052;51,850288786000078;1
179882;5230627705000095870;5;5;54;52;2023;6;15;3;3;4;6;0;0;1;0;0;0;0;0;379674,007899999618530;5769270,338300000876188;7,244817060000059;52,060944018000043;1
179885;5230627702100274700;5;5;15;0;2023;6;14;3;3;5;3;0;1;1;0;0;0;0;0;405145,189899999648333;5756643,618799999356270;7,619726422000042;51,952397889000054;1
179886;5230627701700481308;5;5;62;16;2023;6;16;3;3;0;1;0;0;1;0;0;0;0;0;373727,451999999582767;5734170,831000000238419;7,170981577000020;51,744199218000063;1
179888;5230627607400095280;5;3;82;68;2023;6;14;3;3;0;1;0;0;1;0;0;0;0;0;369272,262699999846518;5630837,476099999621511;7,144299225000054;50,814494567000054;1
179890;5230627601500986880;5;3;15;0;2023;6;12;3;3;0;1;0;0;1;0;0;0;0;0;357549,566300000064075;5643745,931399999186397;6,972972664000054;50,927739446000032;1
179891;5230627601400990320;5;3;15;0;2023;6;16;3;3;0;3;0;0;1;1;0;0;0;0;357708,180200000293553;5648291,937400000169873;6,973451804000035;50,968633344000068;1
179892;5230627601400569775;5;3;15;0;2023;6;13;3;3;0;5;0;0;1;1;0;0;1;0;353602,218399999663234;5653481,354000000283122;6,912923331000059;51,014239413000041;1
179893;5230627601400481663;5;3;15;0;2023;6;7;3;3;4;6;0;0;1;1;0;0;0;0;357151,423600000329316;5649015,334499999880791;6,965243543000042;50,974996619000080;1
179894;5230627601300199120;5;3;15;0;2023;6;16;3;3;5;3;0;0;1;1;0;0;0;0;351689,553299999795854;5650030,228900000452995;6,887085317000071;50,982736234000072;1
179895;5230627601200987597;5;3;15;0;2023;6;16;3;3;5;3;0;0;1;0;0;0;0;0;353706,521099999547005;5642108,675000000745058;6,918982028000073;50,912064156000042;1
179897;5230627515110078358;5;1;54;4;2023;6;19;3;3;0;7;0;0;1;0;0;0;0;0;303788,565200000070035;5738251,493100000545382;6,156741086000068;51,760728361000076;1
179899;5230627513210595785;5;1;62;24;2023;6;16;3;3;5;3;0;0;1;1;0;0;0;0;338219,618599999696016;5673291,944900000467896;6,684929697000030;51,188116994000040;1
179902;5230627505200986877;5;1;14;0;2023;6;11;3;3;0;5;0;0;1;0;0;0;0;1;329358,095599999651313;5690970,151300000026822;6,549806756000066;51,344359364000070;1
179903;5230627505200096000;5;1;14;0;2023;6;9;3;3;0;1;0;0;1;0;0;0;0;0;335066,930999999865890;5695876,588500000536442;6,629425365000031;51,390125114000057;1
179905;5230627503100977287;5;1;24;0;2023;6;16;3;2;0;1;0;0;1;0;0;0;0;0;370616,700400000438094;5680307,531199999153614;7,145705513000053;51,259422146000077;1
179906;5230627503100977280;5;1;24;0;2023;6;21;3;3;1;6;0;0;1;1;0;0;0;0;369987,897900000214577;5680541,173200000077486;7,136613823000062;51,261378912000055;1
179909;5230627502103990756;5;1;13;0;2023;6;17;3;3;0;7;0;0;1;1;0;0;0;0;362188,676699999719858;5704021,901499999687076;7,015800202000037;51,470557946000042;1
179911;5230627500200050580;5;1;11;0;2023;6;11;3;3;1;5;0;0;1;1;0;0;0;0;347688,490699999965727;5677542,997999999672174;6,818515606000062;51,228917266000053;1
179912;5230627500100496980;5;1;11;0;2023;6;16;3;2;6;4;0;0;1;0;1;0;0;0;344927,478099999949336;5676917,217399999499321;6,779273276000026;51,222550902000080;1
179913;5230627411132986881;5;7;74;32;2023;6;16;3;3;1;5;0;0;1;1;0;0;0;0;483858,796400000341237;5730799,591299999505281;8,766292942000064;51,727887116000034;1
179914;5230627410110977281;5;7;70;24;2023;6;22;3;3;1;1;1;0;1;1;0;0;0;0;494308,701500000432134;5796938,444000000134110;8,916495696000027;52,322739095000031;1
179915;5230627410110374623;5;7;70;24;2023;6;18;3;3;0;1;0;0;1;0;0;0;0;0;490725,469700000248849;5791336,638100000098348;8,864075930000070;52,272327330000053;1
179916;5230627316300977296;5;9;74;28;2023;6;6;3;3;0;1;0;0;1;0;0;0;0;0;454305,998100000433624;5723932,142699999734759;8,339321090000055;51,664513249000038;1
179918;5230627316100977294;5;9;74;40;2023;6;9;3;3;0;7;0;0;1;0;0;0;0;0;438847,220999999903142;5712204,787000000476837;8,117877323000073;51,557608800000025;1
179919;5230627315240275633;5;9;70;20;2023;6;14;3;3;0;7;0;0;1;1;0;0;0;0;434761,373999999836087;5647319,877000000327826;8,070787476000021;50,973777844000040;1
179921;5230627307000870000;5;9;62;24;2023;6;5;3;3;5;3;0;0;1;1;0;0;0;0;408773,678000000305474;5692971,100999999791384;7,689136826000038;51,380647197000030;1
179922;5230627301303094283;5;9;13;0;2023;6;21;3;2;8;7;2;0;1;0;0;0;0;0;397339,498999999836087;5704645,899000000208616;7,521506263000049;51,483637344000044;1
179925;5230627301103994228;5;9;13;0;2023;6;16;3;3;0;1;0;0;1;0;0;0;0;0;391105,753899999894202;5703861,023199999704957;7,432006361000049;51,475416662000043;1
179926;5230627301101080660;5;9;13;0;2023;6;11;3;3;3;2;0;0;1;1;0;0;0;0;394217,349499999545515;5708064,819900000467896;7,475533496000025;51,513793112000030;1
179927;5230627300800093680;5;9;54;36;2023;6;18;3;3;5;3;0;0;1;1;0;0;0;0;385619,551599999889731;5701920,357100000604987;7,353671479000070;51,456891215000041;1
179928;5230627300500118731;5;9;11;0;2023;6;10;3;2;5;3;0;0;1;1;0;0;0;0;380218,234799999743700;5702126,842000000178814;7,275894982000068;51,457629952000048;1
179929;5230628400300486621;5;7;11;0;2023;6;14;4;3;0;1;0;0;1;0;0;0;0;0;465581,145999999716878;5760794,455000000074506;8,498671699000056;51,996741568000061;1
179930;5230627300400999514;5;9;11;0;2023;6;12;3;2;2;6;0;0;1;0;0;0;0;0;372356,897900000214577;5699873,460899999365211;7,163614484000050;51,435660435000045;1
179931;5230626709500986868;5;5;66;76;2023;6;22;2;3;5;3;2;0;1;1;0;0;0;0;392040,980999999679625;5793904,662000000476837;7,417295277000051;52,284887480000066;1
179932;5230626709110700953;5;5;66;8;2023;6;21;2;3;5;2;0;0;1;1;0;0;0;0;399564,025000000372529;5781328,813999999314547;7,531279286000029;52,173286601000029;1
179935;5230626609220485752;5;3;58;20;2023;6;15;2;3;0;1;0;0;1;0;0;0;0;0;314619,044300000183284;5635239,175000000745058;6,367008584000075;50,839126424000028;1
179938;5230626602400489820;5;3;62;32;2023;6;12;2;3;5;3;0;0;1;0;0;0;0;1;329283,577600000426173;5636743,417999999597669;6,574381956000025;50,857153507000078;1
179942;5230626601100878523;5;3;15;0;2023;6;23;2;3;5;3;2;0;1;1;0;0;0;0;356403,156299999915063;5645423,209499999880791;6,956009719000065;50,942528703000050;1
179947;5230628601700293486;5;3;16;0;2023;6;11;4;3;1;5;0;0;1;1;0;0;0;0;358632,701700000092387;5655168,786699999123812;6,983932707000065;51,030662784000071;1
179949;5230626600110099958;5;3;14;0;2023;6;15;2;3;0;1;0;0;1;0;0;0;0;0;361769,189000000245869;5624205,558399999514222;7,040350728000021;50,753147673000058;1
179951;5230626518401579397;5;1;70;36;2023;6;11;2;2;0;1;0;0;1;0;0;0;0;0;352669,924800000153482;5728863,345300000160933;6,868425788000025;51,691370211000049;1
179952;5230626518400853823;5;1;70;8;2023;6;16;2;3;0;3;0;0;1;1;0;0;0;0;340853,896800000220537;5714466,433299999684095;6,704155082000057;51,558799243000067;1
179953;5230626518300278934;5;1;70;20;2023;6;11;2;3;0;7;0;0;1;0;0;0;0;1;330356,458899999968708;5708618,118000000715256;6,555679630000043;51,503201946000047;1
179954;5230626516900986870;5;1;58;26;2023;6;22;2;3;5;3;2;0;1;1;0;0;0;0;353408,423000000417233;5664984,677999999374151;6,905500486000051;51,117563492000045;1
179955;5230627301101189753;5;9;13;0;2023;6;8;3;3;4;6;0;0;1;1;0;0;0;0;391890,297500000335276;5707784,438899999484420;7,442096808000031;51,510832420000042;1
179956;5230626516900986854;5;1;58;26;2023;6;9;2;3;4;3;0;0;1;0;0;0;0;0;353168,650799999944866;5662954,849600000306964;6,902903071000026;51,099261451000075;1
179957;5230626516800791073;5;1;58;20;2023;6;17;2;3;1;5;0;0;1;1;0;0;0;0;356279,789400000125170;5665293,292099999263883;6,946375039000031;51,121064269000044;1
179958;5230626516500089308;5;1;58;16;2023;6;12;2;3;3;6;0;0;1;0;0;0;0;0;356094,675400000065565;5669878,414000000804663;6,941899637000063;51,162221907000060;1
179959;5230626515211495887;5;1;54;16;2023;6;16;2;3;0;4;0;0;1;0;1;0;0;0;303632,042500000447035;5729482,006599999964237;6,159419123000021;51,681920810000065;1
179964;5230626508000877677;5;1;19;0;2023;6;5;2;3;5;3;0;0;1;0;0;1;0;0;355899,633999999612570;5707769,433199999853969;6,923783934000028;51,502666094000062;1
179965;5230626505200778971;5;1;14;0;2023;6;18;2;3;0;1;0;0;1;0;0;0;0;0;336198,527400000020862;5691967,042600000277162;6,647476771000072;51,355328205000035;1
179967;5230626505100985966;5;1;14;0;2023;6;10;2;3;5;2;0;0;1;1;0;0;0;0;331257,751400000415742;5689483,356799999251962;6,577761466000027;51,331569203000072;1
179969;5230626503200078830;5;1;24;0;2023;6;12;2;3;5;3;0;0;1;1;0;0;0;0;373712,444000000134110;5675936,767000000923872;7,191590450000035;51,220833468000080;1
179974;5230626501114082311;5;1;12;0;2023;6;14;2;3;5;3;0;0;1;1;0;0;0;0;346357,771999999880791;5706492,732000000774860;6,786966330000041;51,488681787000075;1
179976;5230626500100968383;5;1;11;0;2023;6;8;2;3;3;6;0;0;1;1;0;0;0;0;345509,612999999895692;5676523,088999999687076;6,787772937000057;51,219167315000050;1
179979;5230626406230082103;5;7;58;20;2023;6;5;2;2;1;5;0;0;1;0;0;0;0;1;475250,539800000376999;5783197,046399999409914;8,637880496000037;52,198670168000035;1
179981;5230626405232081993;5;7;54;32;2023;6;12;2;3;0;1;0;0;1;0;0;0;0;0;461993,088999999687076;5740829,398000000044703;8,448614724000038;51,817008051000073;1
179982;5230626405108986850;5;7;54;8;2023;6;10;2;3;5;3;0;0;1;1;0;0;0;0;456862,985000000335276;5751029,637000000104308;8,372920434000036;51,908342188000063;1
179983;5230626400300120666;5;7;11;0;2023;6;11;2;3;0;1;0;0;1;0;0;0;0;0;465581,145999999716878;5760794,455000000074506;8,498671699000056;51,996741568000061;1
179986;5230626315210790410;5;9;70;24;2023;6;16;2;3;0;2;0;0;1;1;0;0;0;0;429094,412700000219047;5646810,133600000292063;7,990183588000036;50,968524773000070;1
179990;5230625709700896558;5;5;66;72;2023;6;13;1;3;5;3;0;0;1;1;0;0;0;0;411024,719700000248849;5800712,163399999961257;7,693714128000067;52,349475673000029;1
179991;5230625709500977315;5;5;66;76;2023;6;22;1;2;0;1;1;0;1;0;0;0;0;0;395955,453999999910593;5789012,743000000715256;7,476168123000036;52,241677010000046;1
179992;5230625706000565767;5;5;58;16;2023;6;4;1;3;0;1;1;0;1;0;0;0;0;0;387959,463499999605119;5746930,283500000834465;7,372908631000030;51,861903221000034;1
179994;5230625608404089897;5;3;34;4;2023;6;10;1;3;4;2;0;0;1;1;0;0;0;0;304368,047299999743700;5638049,966299999505281;6,220089029000064;50,860999271000026;1
179995;5230625608200077527;5;3;34;2;2023;6;17;1;3;4;2;0;0;1;0;0;0;0;0;299587,309399999678135;5623302,860700000077486;6,160287387000039;50,726907752000045;1
179996;5230625607500485038;5;3;82;56;2023;6;19;1;3;5;3;0;0;1;1;0;0;0;0;371952,434000000357628;5627835,810000000521541;7,183370774000025;50,788113517000056;1
179997;5230625607500295324;5;3;82;56;2023;6;19;1;3;5;2;0;0;1;1;0;0;0;0;372374,251199999824166;5626932,516100000590086;7,189665611000066;50,780087423000055;1
179998;5230625606700386611;5;3;78;8;2023;6;18;1;3;2;6;0;0;1;0;0;0;0;0;367774,770999999716878;5660686,555999999865890;7,112215216000038;51,082429875000059;1
179999;5230625603144681235;5;3;66;44;2023;6;11;1;3;0;1;0;0;1;0;0;0;0;0;335502,091199999675155;5618868,199100000783801;6,670654315000036;50,698340106000046;1
180004;5230625601600387237;5;3;15;0;2023;6;11;1;3;5;3;0;0;1;1;0;0;0;0;360071,357099999673665;5645405,604100000113249;7,008196312000052;50,943272421000074;1
180006;5230625601400086478;5;3;15;0;2023;6;15;1;3;0;1;0;0;1;0;0;0;0;0;356575,857300000265241;5654006,751700000837445;6,955079194000064;51,019710319000069;1
180008;5230625600140534434;5;3;14;0;2023;6;0;1;3;0;1;2;0;1;0;0;0;0;0;367730,665799999609590;5622583,293400000780821;7,125397650000025;50,739955794000082;1
180011;5230625518200879020;5;1;70;24;2023;6;1;1;3;5;3;2;0;1;1;0;0;0;0;336765,031000000424683;5702182,217000000178814;6,650906198000030;51,447267742000065;1
180013;5230625513320387000;5;1;62;4;2023;6;17;1;3;0;1;0;0;1;0;0;0;0;0;349504,625000000000000;5665217,484999999403954;6,849667427000043;51,118643497000051;1
180014;5230625513210491230;5;1;62;24;2023;6;23;1;3;1;5;2;0;1;1;0;0;0;0;341558,814799999818206;5670789,198799999430776;6,733776227000021;51,166564749000031;1
180015;5230625513130691142;5;1;62;22;2023;6;10;1;3;0;7;0;0;1;1;0;0;0;0;336972,129999999888241;5683854,987999999895692;6,662286843000061;51,282667907000075;1
180022;5230625411132078166;5;7;74;32;2023;6;4;1;3;8;1;1;0;1;0;0;0;0;0;480633,558899999596179;5734501,320199999958277;8,719389442000022;51,761068120000061;1
180023;5230625407300090788;5;7;62;36;2023;6;17;1;3;5;3;0;0;1;1;0;0;0;0;509676,046000000089407;5704056,677999999374151;9,139360846000045;51,487576147000027;1
180026;5230625314310476500;5;9;66;20;2023;6;12;1;2;0;1;0;0;1;0;0;0;0;0;434521,559200000017881;5663804,532899999991059;8,064390709000065;51,121967956000049;1
180027;5230628513130977272;5;1;62;22;2023;6;15;4;3;3;5;0;0;1;1;0;0;0;0;334109,502700000070035;5683396,383500000461936;6,621489185000030;51,277721262000057;1
180028;5230625313110066142;5;9;58;4;2023;6;16;1;3;6;6;0;0;1;0;1;0;0;0;427997,693400000222027;5700534,293600000441074;7,963782210000034;51,451407540000048;1
180029;5230625313110066141;5;9;58;4;2023;6;13;1;3;0;1;0;0;1;0;0;0;0;0;428332,999800000339746;5699905,030099999159575;7,968734379000068;51,445792785000037;1
180032;5230625301304977323;5;9;13;0;2023;6;13;1;3;5;3;0;0;1;1;0;0;0;0;401699,525999999605119;5710160,396999999880791;7,582739881000066;51,533981629000039;1
180033;5230625301301196743;5;9;78;24;2023;6;3;1;2;1;5;2;0;1;1;0;0;0;0;398416,775899999774992;5720627,450899999588728;7,532398669000031;51,627485230000048;1
180034;5230625300400267536;5;9;11;0;2023;6;15;1;3;0;1;0;0;1;0;0;0;0;0;376278,135200000368059;5701468,070599999278784;7,219441696000047;51,450861864000046;1
180035;5230624709700048421;5;5;66;28;2023;6;16;7;3;8;1;0;0;1;0;0;0;0;0;412615,377600000239909;5791356,684000000357628;7,719489704000068;52,265642239000044;1
180036;5230624709300396625;5;5;66;96;2023;6;17;7;3;2;6;0;0;1;0;0;0;0;0;384532,608500000089407;5785473,995899999514222;7,310152643000038;52,207597796000073;1
180038;5230624702100274643;5;5;15;0;2023;6;15;7;3;1;5;0;0;1;1;0;0;0;0;403331,761800000444055;5756556,421000000089407;7,593371483000055;51,951301887000056;1
180041;5230626300500093921;5;9;11;0;2023;6;0;2;2;0;1;2;0;1;0;0;0;0;0;376150,553000000305474;5700495,767999999225140;7,217946822000044;51,442095445000064;1
180042;5230624701110581595;5;5;62;32;2023;6;12;7;1;0;1;0;0;1;0;0;0;0;0;373339,136500000022352;5717478,632099999114871;7,171411862000070;51,594100975000060;1
180047;5230627610113075565;5;3;70;24;2023;6;8;3;3;0;1;0;0;1;0;0;0;0;0;283242,609000000171363;5652021,457200000062585;5,912039709000055;50,978926693000062;1
180048;5230624607400290943;5;3;82;68;2023;6;18;7;3;5;3;0;0;1;1;0;0;0;0;367888,400999999605119;5629695,651000000536442;7,125077259000022;50,803917859000080;1
180051;5230624602200085727;5;3;62;4;2023;6;12;7;2;1;5;0;0;1;1;0;0;0;0;328022,040000000037253;5653092,495999999344349;6,548761941000066;51,003666364000026;1
180052;5230624601700072551;5;3;16;0;2023;6;20;7;3;1;5;0;0;1;1;0;0;0;0;354568,364000000059605;5659163,734999999403954;6,924405880000052;51,065549482000051;1
180059;5230624600310375814;5;3;14;0;2023;6;12;7;3;5;3;0;0;1;1;0;0;0;0;362954,760999999940395;5618681,426999999210238;7,059200987000054;50,703779291000046;1
180062;5230624513130091465;5;1;62;22;2023;6;14;7;3;5;3;0;0;1;0;0;0;0;1;338138,899100000038743;5686175,645300000905991;6,677950702000032;51,303850933000035;1
180063;5230624506100667295;5;1;16;0;2023;6;17;7;3;0;1;0;0;1;0;0;0;0;0;321522,008500000461936;5666668,904999999329448;6,449514303000058;51,123650629000053;1
180065;5230624505200096013;5;1;14;0;2023;6;12;7;3;6;4;0;0;1;0;1;0;0;0;329657,814199999906123;5689343,842399999499321;6,554883954000047;51,329838856000038;1
180066;5230624505100986831;5;1;14;0;2023;6;16;7;3;1;5;0;0;1;1;0;0;0;0;332235,207299999892712;5685826,074899999424815;6,593499812000061;51,299001125000075;1
180067;5230624502321696972;5;1;13;0;2023;6;20;7;3;0;7;1;0;1;0;0;0;0;0;357480,458899999968708;5705263,762099999934435;6,947556566000060;51,480551053000056;1
180070;5230624501113676130;5;1;12;0;2023;6;13;7;3;5;3;0;0;1;1;0;0;0;0;346282,684999999590218;5707574,810000000521541;6,785414379000031;51,498383870000055;1
180073;5230624500300791245;5;1;11;0;2023;6;11;7;3;5;2;0;0;1;1;0;0;0;0;349790,506000000052154;5676436,369000000879169;6,849062586000059;51,219530397000028;1
180075;5230629505200585931;5;1;14;0;2023;6;18;5;3;1;5;0;0;1;1;0;0;0;0;327129,512799999676645;5693434,683000000193715;6,516641814000025;51,365826122000044;1
180076;5230626701500398910;5;5;62;24;2023;6;11;2;2;3;6;0;0;1;0;0;0;1;0;375181,104600000195205;5725438,304099999368191;7,195152414000063;51,666046230000063;1
180079;5230624500300074342;5;1;11;0;2023;6;23;7;3;5;3;2;0;1;1;0;0;0;0;345065,321999999694526;5674247,055999999865890;6,782398926000042;51,198595782000041;1
180082;5230624500200053450;5;1;11;0;2023;6;12;7;3;1;5;0;0;1;1;0;0;0;0;347814,787999999709427;5681252,395500000566244;6,818746274000034;51,262282129000027;1