OID_;UIDENTSTLAE;ULAND;UREGBEZ;UKREIS;UGEMEINDE;UJAHR;UMONAT;USTUNDE;UWOCHENTAG;UKATEGORIE;UART;UTYP1;ULICHTVERH;IstStrassenzustand;IstRad;IstPKW;IstFuss;IstKrad;IstGkfz;IstSonstige;LINREFX;LINREFY;XGCSWGS84;YGCSWGS84;PLST
180084;5230624500100191306;5;1;11;0;2023;6;20;7;3;1;5;0;0;1;1;0;0;0;0;345668,446000000461936;5676569,432000000029802;6,790025585000024;51,219626684000048;1
180085;5230624405244072194;5;7;54;44;2023;6;13;7;3;5;3;0;0;1;1;0;0;0;0;462823,423000000417233;5749194,288000000640750;8,459760345000063;51,892270814000028;1
180087;5230624400100986825;5;7;11;0;2023;6;12;7;3;5;3;0;0;1;1;0;0;0;0;469190,598299999721348;5765720,744100000709295;8,550799973000039;52,041244138000081;1
180091;5230628709500096635;5;5;66;76;2023;6;14;4;3;5;7;0;0;1;1;0;0;0;0;394960,713200000114739;5794109,536299999803305;7,460018390000073;52,287294528000075;1
180093;5230624301202380661;5;9;13;0;2023;6;16;7;3;5;3;0;0;1;1;0;0;0;0;392941,492999999783933;5709459,164999999105930;7,456730228000026;51,526085751000039;1
180094;5230624601700986832;5;3;16;0;2023;6;13;7;2;4;6;0;0;1;0;0;0;0;0;359516,290500000119209;5653748,571399999782443;6,997075774000052;51,018116013000053;1
180101;5230623705000977360;5;5;54;4;2023;6;8;6;3;5;3;0;0;1;1;0;0;0;0;360608,700000000186265;5770600,346999999135733;6,966346934000057;52,068426152000029;1
180102;5230623702100855910;5;5;15;0;2023;6;12;6;2;0;2;0;0;1;0;0;0;0;1;405454,154500000178814;5758186,994999999180436;7,623796103000075;51,966323021000051;1
180104;5230623702100174470;5;5;15;0;2023;6;13;6;3;0;7;0;0;1;0;0;0;0;0;404867,361399999819696;5754897,275200000032783;7,616168114000061;51,936653569000043;1
180105;5230623702100168126;5;5;15;0;2023;6;19;6;3;1;5;0;0;1;0;0;0;0;1;407134,731300000101328;5756583,103199999779463;7,648684662000051;51,952189710000027;1
180107;5230623701500538985;5;5;62;24;2023;6;23;6;3;0;6;2;0;1;1;0;0;0;0;369999,290000000037253;5729119,958100000396371;7,118896401000029;51,697956856000076;1
180112;5230623608332073758;5;3;34;32;2023;6;14;6;2;0;1;0;0;1;0;0;0;0;0;304428,950100000016391;5628706,025699999183416;6,225934177000056;50,777090614000031;1
180115;5230623608100280781;5;3;34;2;2023;6;19;6;3;1;7;0;0;1;1;0;0;0;0;293284,797899999655783;5628748,849899999797344;6,068051498000045;50,773611008000046;1
180117;5230623606700586611;5;3;78;16;2023;6;17;6;2;7;7;0;0;1;1;0;0;0;0;361225,158599999733269;5663844,943499999120831;7,017550787000062;51,109267315000068;1
180119;5230623601700093592;5;3;16;0;2023;6;11;6;3;6;7;0;1;1;0;1;0;0;0;360213,337600000202656;5655529,300799999386072;7,006320723000044;51,034289325000032;1
180120;5230623601600599883;5;3;15;0;2023;6;11;6;3;0;1;0;1;1;0;0;0;0;0;364009,106999999843538;5644711,198899999260902;7,064472439000042;50,937973763000059;1
180121;5230623601500499198;5;3;15;0;2023;6;14;6;2;5;3;0;0;1;1;0;0;0;0;359416,133999999612570;5647596,190999999642372;6,998029713000051;50,962800006000066;1
180124;5230623601400545642;5;3;15;0;2023;6;13;6;3;5;3;0;0;1;1;0;0;0;0;354779,627399999648333;5648051,309800000861287;6,931867611000030;50,965740047000054;1
180126;5230623601200995652;5;3;15;0;2023;6;10;6;3;0;7;0;1;1;1;0;0;0;0;356623,829599999822676;5641612,007500000298023;6,960647351000034;50,908332693000034;1
180127;5230623601200766021;5;3;15;0;2023;6;14;6;3;0;1;0;0;1;0;0;0;0;0;355248,929100000299513;5643007,682900000363588;6,940550768000037;50,920532254000079;1
180128;5230623601100786470;5;3;15;0;2023;6;7;6;3;0;1;0;1;1;0;0;0;0;0;355532,414699999615550;5643403,769799999892712;6,944424381000033;50,924162865000028;1
180129;5230623601100586473;5;3;15;0;2023;6;10;6;1;2;2;0;0;1;0;0;0;1;0;357173,060600000433624;5646766,508099999278784;6,966434424000056;50,954792046000080;1
180130;5230623600380075850;5;3;14;0;2023;6;18;6;3;5;3;0;0;1;1;0;0;0;0;369791,683000000193715;5616075,703999999910593;7,156887161000043;50,681929528000069;1
180132;5230630300100899781;5;9;11;0;2023;6;12;6;3;1;3;0;0;1;1;0;0;0;0;375704,299100000411272;5705163,995999999344349;7,209887858000059;51,483952906000070;1
180134;5230623518300095815;5;1;70;20;2023;6;11;6;3;5;2;0;0;1;0;1;0;0;0;329605,904099999926984;5708244,769200000911951;6,545056185000021;51,499622219000059;1
180136;5230623515211528026;5;1;54;16;2023;6;9;6;2;5;2;0;0;1;1;0;0;0;0;303630,690000000409782;5729021,778999999165535;6,159658384000068;51,677787312000078;1
180138;5230623515210096073;5;1;54;60;2023;6;12;6;3;0;7;0;0;1;0;0;0;0;0;314712,589300000108778;5698189,253799999132752;6,335987145000047;51,404618157000073;1
180139;5230623515111977358;5;1;54;8;2023;6;10;6;3;0;1;0;0;1;0;0;0;0;0;310884,974999999627471;5745890,580000000074506;6,255279068000050;51,831775800000059;1
180141;5230623514121096033;5;1;66;4;2023;6;22;6;2;0;3;2;0;1;0;1;0;0;0;305411,895600000396371;5680481,486600000411272;6,212097320000055;51,242465117000052;1
180143;5230623514118085984;5;1;66;16;2023;6;18;6;3;0;7;0;0;1;1;0;0;0;0;310118,884999999776483;5687341,896800000220537;6,275808375000054;51,305670755000051;1
180144;5230623514118085956;5;1;66;16;2023;6;13;6;3;0;7;0;1;1;0;0;0;0;1;310038,020899999886751;5687237,413899999111891;6,274705263000044;51,304705326000033;1
180147;5230623513210590870;5;1;62;24;2023;6;12;6;3;4;6;0;0;1;0;0;0;0;1;338569,827999999746680;5674345,578500000759959;6,689463155000055;51,197682786000030;1
180148;5230623513210395464;5;1;62;24;2023;6;8;6;3;0;1;0;1;1;0;0;0;0;0;339334,157100000418723;5673899,161399999633431;6,700593232000074;51,193887180000047;1
180149;5230623513130591465;5;1;62;22;2023;6;19;6;2;0;7;0;0;1;1;0;0;0;0;338096,793399999849498;5686434,512700000777841;6,677229724000028;51,306164787000057;1
180150;5230623513130381643;5;1;62;22;2023;6;12;6;3;1;5;0;0;1;0;0;0;0;1;334636,497499999590218;5686280,328800000250340;6,627702690000035;51,303784800000074;1
180156;5230623502406991613;5;1;17;0;2023;6;22;6;3;0;7;2;0;1;1;0;0;0;0;354341,181400000117719;5697815,306600000709295;6,905445315000065;51,412821148000035;1
180157;5230629405244596914;5;7;54;44;2023;6;21;5;3;5;3;0;0;1;1;0;0;0;0;462609,205900000408292;5748873,365499999374151;8,456682349000062;51,889371158000074;1
180158;5230623502339981138;5;1;13;0;2023;6;15;6;3;1;7;0;0;1;1;0;0;0;0;365733,250599999912083;5706128,796299999579787;7,066002170000047;51,490344031000063;1
180159;5230623502214989702;5;1;13;0;2023;6;18;6;3;2;6;0;0;1;1;0;0;0;0;360886,620400000363588;5695554,954600000753999;7,000391161000039;51,394152452000071;1
180163;5230623500200301718;5;1;11;0;2023;6;15;6;3;0;1;0;0;1;0;0;0;0;0;347881,340800000354648;5681385,051100000739098;6,819643005000046;51,263491879000071;1
180164;5230623411232248536;5;7;74;32;2023;6;8;6;3;5;3;0;0;1;1;0;0;0;0;476760,456100000068545;5734373,407099999487400;8,663279530000068;51,759770677000063;1
180165;5230623410230487093;5;7;70;4;2023;6;6;6;3;5;3;0;1;1;1;0;0;0;0;487366,970999999903142;5787925,418999999761581;8,814982920000034;52,241591791000076;1
180166;5230623410110977347;5;7;70;24;2023;6;16;6;3;5;2;0;0;1;1;0;0;0;0;494032,930599999614060;5792683,515499999746680;8,912524932000053;52,284482305000040;1
180170;5230626601100399210;5;3;15;0;2023;6;13;2;3;0;1;0;0;1;0;0;0;0;0;355040,096400000154972;5643966,831100000068545;6,937200344000075;50,929099485000052;1
180173;5230623317130977344;5;9;78;12;2023;6;19;6;2;2;6;0;0;1;1;0;0;0;0;414381,365699999965727;5702812,630799999460578;7,767316622000067;51,469993809000073;1
180174;5230623317110977350;5;9;78;36;2023;6;16;6;3;5;3;0;0;1;1;0;0;0;0;408979,968000000342727;5712994,127000000327826;7,686942629000043;51,560675682000067;1
180176;5230623316300986806;5;9;74;28;2023;6;11;6;3;2;6;0;1;1;1;0;0;0;0;454558,900000000372529;5725127,889000000432134;8,342821924000020;51,675284564000037;1
180177;5230623313110066140;5;9;58;4;2023;6;17;6;3;4;6;0;0;1;0;0;0;0;0;428272,796000000089407;5699633,237999999895692;7,967923304000067;51,443341656000030;1
180178;5230623310120089315;5;9;54;32;2023;6;14;6;3;8;1;0;0;1;1;0;0;0;0;387616,886500000022352;5692267,450999999418855;7,385467460000029;51,370528235000052;1
180180;5230623301302596940;5;9;13;0;2023;6;7;6;3;5;2;0;1;1;1;0;0;0;0;395915,185800000093877;5708711,067600000649691;7,499801586000046;51,519917350000071;1
180181;5230623301301094380;5;9;78;24;2023;6;15;6;3;9;1;0;0;1;1;0;0;0;0;396556,289800000376999;5720617,259800000116229;7,505532475000052;51,627054654000062;1
180182;5230623301301089316;5;9;78;24;2023;6;18;6;3;5;3;0;0;1;0;0;0;0;0;397340,283200000412762;5718376,716399999335408;7,517511288000037;51,607059044000039;1
180183;5230623301205069235;5;9;13;0;2023;6;21;6;3;0;5;0;0;1;1;0;0;0;0;386775,726400000043213;5712389,125900000333786;7,366944775000036;51,551217704000067;1
180186;5230623300200395137;5;9;11;0;2023;6;15;6;3;1;5;0;0;1;1;0;0;0;0;372909,983599999919534;5701808,120200000703335;7,170872570000029;51,453172005000056;1
180189;5230622705000080993;5;5;54;20;2023;6;12;5;3;4;6;0;0;1;1;0;0;0;0;366639,133399999700487;5787854,684100000187755;7,047499938000044;52,224950235000051;1
180191;5230622701910767142;5;5;62;8;2023;6;14;5;3;5;3;0;1;1;1;0;0;0;0;384586,402999999932945;5723360,278899999335408;7,331771894000042;51,649380266000037;1
180196;5230622606400490445;5;3;78;28;2023;6;14;5;3;8;7;0;1;1;0;0;0;0;0;373585,777499999850988;5641821,866599999368191;7,201702309000041;50,914182993000054;1
180204;5230622601300899181;5;3;15;0;2023;6;18;5;3;5;3;0;1;1;1;0;0;0;0;352870,764200000092387;5646762,140000000596046;6,905223367000076;50,953670522000039;1
180207;5230630502105573877;5;1;13;0;2023;6;17;6;3;5;3;0;0;1;1;0;0;0;0;361116,855000000447035;5701444,394999999552965;7,001390496000056;51,447133610000037;1
180211;5230622705000087234;5;5;54;68;2023;6;12;5;3;0;6;0;0;1;0;0;0;0;0;350142,253899999894202;5767628,265900000929832;6,815066000000058;52,038991366000062;1
180212;5230622600140954231;5;3;14;0;2023;6;11;5;3;5;3;0;0;1;1;0;0;0;1;366997,801799999549985;5622743,048000000417233;7,114959367000040;50,741224283000065;1
180213;5230622600110986794;5;3;14;0;2023;6;16;5;3;0;3;0;1;1;1;0;0;0;0;362988,207899999804795;5623610,510399999096990;7,057843072000026;50,748088583000026;1
180214;5230622600110078244;5;3;14;0;2023;6;12;5;3;0;1;0;1;1;0;0;0;0;0;365673,754999999888241;5621817,111199999228120;7,096542124000052;50,732597241000065;1
180215;5230622518100986800;5;1;70;48;2023;6;11;5;3;0;7;0;1;1;0;0;0;0;1;337994,599999999627471;5725672,926999999210238;6,657765369000060;51,658665122000059;1
180216;5230622516800091732;5;1;58;20;2023;6;6;5;3;5;7;0;0;1;0;0;0;0;1;357014,035600000061095;5665781,727800000458956;6,956665832000056;51,125637357000073;1
180219;5230622514218091584;5;1;66;36;2023;6;11;5;3;1;7;0;0;1;0;0;0;0;0;323001,313900000415742;5683874,748199999332428;6,462147242000071;51,278676351000058;1
180222;5230622513210977293;5;1;62;24;2023;6;15;5;3;5;3;0;0;1;1;0;0;0;0;337607,483099999837577;5673153,427799999713898;6,676240393000057;51,186698861000082;1
180224;5230622508000489646;5;1;19;0;2023;6;12;5;3;5;3;0;0;1;1;0;0;0;0;351373,618599999696016;5709222,799100000411272;6,858008237000035;51,514553201000069;1
180229;5230622503300583272;5;1;20;0;2023;6;6;5;2;0;4;0;0;1;0;1;0;0;0;374945,490100000053644;5670393,069299999624491;7,211169186000063;51,171279233000064;1
180231;5230622503100407296;5;1;24;0;2023;6;15;5;3;6;4;0;0;1;0;1;0;0;0;370643,322999999858439;5680202,774000000208616;7,146124731000043;51,258486693000066;1
180234;5230622501323785991;5;1;12;0;2023;6;14;5;3;5;2;0;0;1;1;0;0;0;0;344480,184999999590218;5694894,269999999552965;6,765037850000056;51,383956787000045;1
180235;5230622500300571845;5;1;11;0;2023;6;17;5;3;5;3;0;1;1;0;0;0;0;1;344090,922299999743700;5673958,040200000628829;6,768589029000054;51,195733814000050;1
180236;5230622500300045580;5;1;11;0;2023;6;10;5;3;5;2;0;1;1;1;0;0;0;0;343853,988199999555945;5675237,177100000903010;6,764644250000060;51,207162600000061;1
180237;5230622500200977373;5;1;11;0;2023;6;18;5;3;0;1;1;1;1;0;0;0;0;0;345694,139299999922514;5678721,507300000637770;6,789466513000036;51,238970994000056;1
180238;5230622500200578700;5;1;11;0;2023;6;9;5;3;0;1;0;1;1;0;0;0;0;0;346585,263700000010431;5677625,629899999126792;6,802691658000072;51,229364281000073;1
180239;5230622500100977370;5;1;11;0;2023;6;22;5;3;5;3;2;1;1;1;0;0;0;0;344785,267300000414252;5677369,389699999243021;6,777042578000021;51,226575194000077;1
180241;5230622411132676328;5;7;74;32;2023;6;9;5;2;6;6;0;1;1;0;1;0;0;0;482836,656999999657273;5729390,810000000521541;8,751563051000062;51,715189975000044;1
180242;5230622411132596828;5;7;74;32;2023;6;5;5;3;5;2;1;0;1;1;0;0;0;0;481445,239299999549985;5730913,561100000515580;8,731341575000044;51,728837161000058;1
180243;5230622411132438034;5;7;74;32;2023;6;20;5;2;0;2;0;1;1;1;0;0;0;0;483022,472000000067055;5731303,464999999850988;8,754159416000050;51,732392887000060;1
180250;5230622405108966303;5;7;54;8;2023;6;9;5;3;0;1;0;0;1;0;0;0;0;0;456272,819400000385940;5749525,172000000253320;8,364532688000054;51,894770193000056;1
180251;5230622400100986791;5;7;11;0;2023;6;13;5;3;0;1;0;1;1;0;0;0;0;0;466030,231200000271201;5765063,408999999985099;8,504789011000071;52,035149675000071;1
180252;5230622316100882004;5;9;74;40;2023;6;13;5;3;6;7;0;0;1;0;1;0;0;0;437654,826799999922514;5713462,592900000512600;8,100456301000065;51,568786589000069;1
180257;5230622301201175374;5;9;13;0;2023;6;12;5;3;0;7;0;0;1;1;0;0;0;0;392253,014200000092387;5708379,173599999397993;7,447139840000034;51,516247422000049;1
180258;5230622301101557857;5;9;13;0;2023;6;12;5;2;5;3;0;0;1;1;0;0;0;0;394336,035199999809265;5707943,079299999400973;7,477279755000040;51,512721054000053;1
180260;5230621711300165768;5;5;70;8;2023;6;19;4;2;5;3;0;0;1;0;0;0;0;0;432224,427000000141561;5734373,587200000882149;8,018060389000027;51,756153169000072;1
180261;5230621709110255930;5;5;66;80;2023;6;8;4;3;5;7;0;0;1;1;0;0;0;0;406696,450600000098348;5781267,706199999898672;7,635563521000051;52,173989533000054;1
180262;5230621705000977386;5;5;54;8;2023;6;18;4;3;1;5;0;0;1;1;0;0;0;0;337217,358599999919534;5745400,219699999317527;6,637305709000032;51,835665165000080;1
180263;5230621705000321215;5;5;54;4;2023;6;4;4;3;4;6;1;0;1;1;0;0;0;0;363716,762900000438094;5771881,197699999436736;7,011150665000059;52,080708583000046;1
180264;5230621702100691757;5;5;15;0;2023;6;14;4;3;5;3;0;0;1;0;0;0;0;1;406448,018000000156462;5760961,937000000849366;7,637501685000075;51,991433593000068;1
180265;5230621701610095171;5;5;62;12;2023;6;10;4;2;0;1;0;0;1;0;0;0;0;0;355479,860999999567866;5724974,008999999612570;6,910659896000027;51,657153065000045;1
180269;5230621608436994766;5;3;34;36;2023;6;11;4;3;5;3;0;0;1;1;0;0;0;0;297863,139000000432134;5633986,543999999761581;6,130018419000066;50,822266906000038;1
180270;5230621608100675610;5;3;34;2;2023;6;18;4;2;0;1;0;0;1;0;0;0;0;0;295295,393699999898672;5626240,080499999225140;6,097924810000052;50,751791915000069;1
180271;5230621607500386344;5;3;82;68;2023;6;7;4;3;1;7;0;0;1;1;0;0;0;0;366438,334900000132620;5629760,309800000861287;7,104486414000064;50,804166548000069;1
180276;5230621601700869877;5;3;16;0;2023;6;17;4;3;5;3;0;0;1;1;0;0;0;0;360230,019600000232458;5657434,814400000497699;7,005823128000031;51,051418203000026;1
180278;5230621601500977387;5;3;15;0;2023;6;14;4;2;0;1;0;0;1;0;0;0;0;0;364761,654000000096858;5647974,938999999314547;7,073964342000068;50,967483580000078;1
180280;5230621601400573803;5;3;15;0;2023;6;19;4;3;5;3;1;0;1;1;0;0;0;0;356642,283300000242889;5644491,052899999544024;6,959777966000047;50,934211023000046;1
180281;5230621601400469431;5;3;15;0;2023;6;21;4;3;4;6;1;0;1;0;0;0;0;0;357265,219700000248849;5647302,525299999862909;6,967535487000021;50,959632013000032;1
180286;5230621601100594856;5;3;15;0;2023;6;16;4;3;1;5;0;0;1;1;0;0;0;0;355157,876099999994040;5644067,267300000414252;6,938835298000072;50,930031670000062;1
180288;5230621600310222852;5;3;14;0;2023;6;18;4;3;4;6;0;0;1;1;0;0;0;0;363843,468299999833107;5616126,607400000095367;7,072720474000050;50,681025662000081;1
180289;5230621600310222851;5;3;14;0;2023;6;16;4;3;5;3;0;1;1;0;0;0;0;1;361800,470200000330806;5620485,555900000035763;7,042188807000059;50,719721043000050;1
180290;5230621600110085802;5;3;14;0;2023;6;15;4;2;0;1;0;1;1;0;0;0;0;0;362404,868999999947846;5624988,359999999403954;7,049064369000064;50,760334267000076;1
180291;5230621518400276410;5;1;70;8;2023;6;15;4;3;5;3;0;0;1;1;0;0;0;0;343698,506400000303984;5714908,694900000467896;6,744960340000034;51,563568192000048;1
180293;5230621518300591562;5;1;70;20;2023;6;12;4;3;0;3;0;0;1;1;0;0;0;0;329616,865000000223517;5708139,646999999880791;6,545264710000026;51,498681160000046;1
180294;5230621518210789300;5;1;70;28;2023;6;9;4;3;0;7;0;0;1;1;0;0;0;0;328780,555999999865890;5701781,901000000536442;6,536307801000021;51,441314032000037;1
180295;5230630502101790718;5;1;13;0;2023;6;13;6;3;0;7;0;0;1;0;0;0;0;0;361689,549100000411272;5702403,473899999633431;7,009251592000055;51,455892406000032;1
180296;5230621516800095523;5;1;58;20;2023;6;16;4;3;5;3;0;0;1;1;0;0;0;0;356504,686599999666214;5665450,645099999383092;6,949523774000056;51,122534701000063;1
180301;5230621515110085953;5;1;54;36;2023;6;12;4;3;5;3;0;0;1;1;0;0;0;0;302691,639999999664724;5741636,373999999836087;6,138943913000048;51,790739573000053;1
180302;5230621514213091600;5;1;66;8;2023;6;12;4;3;5;3;0;0;1;1;0;0;0;0;314641,480000000447035;5690832,410000000149012;6,338802256000065;51,338514248000081;1
180305;5230621518400628538;5;1;70;8;2023;6;13;4;3;0;3;0;0;1;1;0;0;0;0;342569,512000000104308;5714551,018999999389052;6,728845669000066;51,560040623000077;1
180308;5230621505200578971;5;1;14;0;2023;6;7;4;3;5;7;0;0;1;1;0;0;0;0;334979,718000000342727;5691390,029400000348687;6,630255801000033;51,349791509000056;1
180310;5230621502212786114;5;1;13;0;2023;6;16;4;3;5;3;0;0;1;1;0;0;0;0;363965,954199999570847;5699291,005200000479817;7,043192072000068;51,428473572000030;1
180311;5230621502210779006;5;1;13;0;2023;6;11;4;3;1;5;0;0;1;1;0;0;0;0;361426,938599999994040;5700629,823300000280142;7,006168784000067;51,439889531000063;1
180313;5230621502134989482;5;1;13;0;2023;6;13;4;3;3;5;0;0;1;1;0;0;0;0;366179,762600000016391;5701236,245300000533462;7,074282329000027;51,446482051000032;1
180316;5230621500200977395;5;1;11;0;2023;6;9;4;1;5;3;0;0;1;0;0;0;0;0;344861,956000000238419;5678129,314400000497699;6,777811007000025;51,233424252000077;1
180317;5230621500200546013;5;1;11;0;2023;6;12;4;3;5;3;0;0;1;0;0;0;0;0;346427,725399999879301;5677274,432700000703335;6,800587568000026;51,226166225000043;1
180318;5230621411232982093;5;7;74;32;2023;6;19;4;3;4;2;0;0;1;1;0;0;0;0;478939,370400000363588;5732142,854699999094009;8,694984678000026;51,739801490000048;1
180320;5230621411132986755;5;7;74;32;2023;6;6;4;3;5;3;0;1;1;1;0;0;0;0;483718,039400000125170;5733405,071399999782443;8,764133011000069;51,751309653000078;1
180321;5230621411132682093;5;7;74;32;2023;6;7;4;3;5;3;0;0;1;0;0;0;0;0;482438,082600000314415;5731105,632999999448657;8,745707322000044;51,730596117000061;1
180322;5230621410240478087;5;7;70;40;2023;6;16;4;3;5;3;0;0;1;1;0;0;0;0;473941,606999999843538;5809239,137000000104308;8,616712204000066;52,432735384000068;1
180323;5230621407120986763;5;7;62;8;2023;6;9;4;3;5;3;0;0;1;1;0;0;0;0;526204,928000000305474;5724924,746999999508262;9,378974515000039;51,674685000000068;1
180324;5230621405228986777;5;7;54;28;2023;6;19;4;3;0;3;0;0;1;1;0;0;0;0;452758,899199999868870;5743246,892200000584126;8,314329102000045;51,838038400000073;1
180326;5230621405148093910;5;7;54;48;2023;6;19;4;3;5;3;0;0;1;0;0;0;0;0;441663,461000000126660;5765888,837999999523163;8,149463114000071;52,040542092000067;1
180327;5230621405112080330;5;7;54;40;2023;6;18;4;3;5;3;0;0;1;0;0;0;0;1;459671,978000000119209;5763666,460000000894070;8,412267987000064;52,022164504000045;1
180330;5230621400300687122;5;7;11;0;2023;6;2;4;2;0;1;2;1;1;0;0;0;0;0;466510,625599999912083;5759988,134800000116229;8,512288279000074;51,989549071000056;1
180332;5230621400100503903;5;7;11;0;2023;6;16;4;3;6;4;0;0;1;0;1;0;0;0;471991,629999999888241;5766543,335000000894070;8,591570330000025;52,048788370000068;1
180333;5230621317210220460;5;9;78;20;2023;6;15;4;3;0;1;0;0;1;0;0;0;0;0;406587,446100000292063;5714341,744000000879169;7,652079971000035;51,572398398000075;1
180337;5230621307000299517;5;9;62;40;2023;6;13;4;2;0;1;0;0;1;0;0;0;0;0;414765,442300000227988;5701778,739499999210238;7,773094260000050;51,460757408000063;1
180340;5230621303200986770;5;9;15;0;2023;6;14;4;3;1;1;0;0;1;1;0;0;0;0;418460,941800000146031;5725463,797299999743700;7,820780536000029;51,674224054000035;1
180342;5230623610212685746;5;3;70;40;2023;6;17;6;2;7;1;0;0;1;0;0;0;0;0;303724,331500000320375;5669410,587600000202656;6,194000580000022;51,142455039000026;1
180343;5230621302100090150;5;9;14;0;2023;6;10;4;2;0;1;0;0;1;0;1;0;0;0;392005,398000000044703;5689748,226299999281764;7,449253935000058;51,348735433000058;1
180344;5230621302000986764;5;9;14;0;2023;6;6;4;3;0;3;1;0;1;1;0;0;0;0;396199,036299999803305;5692675,409700000658631;7,508595544000059;51,375829076000059;1
180347;5230620711100781966;5;5;70;44;2023;6;13;3;3;4;6;0;0;1;0;0;0;0;0;415897,078700000420213;5760763,639799999073148;7,775131269000042;51,991162442000075;1
180348;5230620709700977403;5;5;66;56;2023;6;23;3;2;0;1;2;0;1;0;0;0;0;0;416742,584999999962747;5796516,926000000908971;7,778678384000045;52,312665244000073;1
180349;5230620709500311962;5;5;66;76;2023;6;21;3;3;5;1;2;1;1;0;0;0;0;0;393958,237399999983609;5793395,748999999836087;7,445551481000052;52,280687044000047;1
180350;5230620709500236097;5;5;66;76;2023;6;16;3;3;0;7;0;0;1;0;0;0;0;1;393704,786999999545515;5795350,767999999225140;7,441220970000074;52,298208210000041;1
180351;5230620709110857480;5;5;66;12;2023;6;22;3;3;5;3;1;0;1;1;0;0;0;0;404101,449799999594688;5772391,656799999997020;7,600130586000034;52,093766133000031;1
180352;5230620706000674761;5;5;58;28;2023;6;16;3;3;5;1;0;0;1;1;0;0;0;0;399688,081699999980628;5729691,680600000545382;7,548156561000042;51,709187912000061;1
180354;5230620705000987234;5;5;54;4;2023;6;16;3;3;0;1;0;0;1;1;0;0;0;0;363392,239299999549985;5771413,976700000464916;7,006604914000036;52,076430443000049;1
180355;5230620705000986746;5;5;54;68;2023;6;17;3;3;9;7;0;0;1;1;0;0;0;0;350837,230399999767542;5767756,353800000622869;6,825135006000039;52,040329548000045;1
180358;5230620705000520718;5;5;54;20;2023;6;18;3;3;0;5;0;0;1;1;0;0;0;0;365421,553600000217557;5786187,234500000253320;7,030348167000056;52,209671544000059;1
180361;5230620702100991735;5;5;15;0;2023;6;14;3;3;4;6;0;0;1;1;0;0;0;0;405140,546400000341237;5759807,176300000399351;7,618784891000075;51,980832406000047;1
180362;5230620702100674638;5;5;15;0;2023;6;14;3;2;4;3;0;0;1;0;0;0;0;0;406652,651999999769032;5757482,685000000521541;7,641427467000028;51,960194893000050;1
180366;5230620701400581436;5;5;12;0;2023;6;17;3;3;2;2;0;0;1;1;0;0;0;0;358669,000400000251830;5712530,524499999359250;6,961747924000065;51,546148544000062;1
180369;5230620700000375760;5;5;13;0;2023;6;17;3;3;6;6;0;0;1;0;1;0;0;0;368257,896499999798834;5707530,419800000265241;7,101822559000027;51,503533994000065;1
180371;5230620610211685763;5;3;70;4;2023;6;13;3;3;2;6;0;0;1;0;0;0;0;0;311751,912299999967217;5661960,030899999663234;6,312513376000027;51,078226781000069;1
180373;5230620608100289912;5;3;34;2;2023;6;21;3;3;5;3;0;1;1;1;0;0;0;0;293980,356999999843538;5629392,415999999269843;6,077542755000024;50,779638396000053;1
180374;5230620608100080740;5;3;34;2;2023;6;11;3;2;5;3;0;0;1;1;0;0;0;0;294764,457000000402331;5628484,836899999529123;6,089156550000041;50,771765208000033;1
180377;5230620606100193381;5;3;78;4;2023;6;14;3;2;0;1;0;0;1;0;0;0;0;0;366408,155899999663234;5652541,203600000590086;7,095720476000054;51,008907319000059;1
180379;5230620601600977420;5;3;15;0;2023;6;16;3;3;5;3;0;0;1;1;0;0;0;0;363501,592000000178814;5640916,605000000447035;7,058673712000029;50,903750121000030;1
180381;5230620601500686463;5;3;15;0;2023;6;18;3;3;7;1;0;0;1;0;0;0;0;0;357553,082999999634922;5645309,747999999672174;6,972411404000070;50,941794282000046;1
180384;5230627705000986880;5;5;54;8;2023;6;15;3;3;1;5;0;0;1;1;0;0;0;0;331809,154400000348687;5743368,966299999505281;6,559871133000058;51,815816041000062;1
180385;5230620601500076512;5;3;15;0;2023;6;10;3;3;1;5;0;0;1;1;0;0;0;0;360077,144799999892712;5647998,517899999395013;7,007281927000065;50,966576676000045;1
180386;5230620601400769775;5;3;15;0;2023;6;16;3;3;0;5;0;0;1;1;0;0;0;0;351614,443099999800324;5656129,575899999588728;6,883521838000036;51,037527753000063;1
180387;5230620601300099152;5;3;15;0;2023;6;23;3;3;0;1;2;0;1;0;0;0;0;0;354534,621799999848008;5645320,911599999293685;6,929471873000068;50,941140987000040;1
180388;5230620601200999003;5;3;15;0;2023;6;13;3;3;5;3;0;0;1;1;0;0;0;0;359070,255699999630451;5639739,562799999490380;6,996144542000025;50,892107208000027;1
180389;5230620601100499150;5;3;15;0;2023;6;11;3;3;6;4;0;0;1;0;1;0;0;0;355361,889600000344217;5644242,257400000467896;6,941667056000028;50,931655464000073;1
180390;5230620601100099030;5;3;15;0;2023;6;16;3;3;5;2;0;0;1;1;0;0;0;0;355987,144799999892712;5643045,387800000607967;6,951031663000037;50,921055822000028;1
180391;5230629600130560781;5;3;82;8;2023;6;22;5;3;0;1;2;1;1;0;0;0;0;0;374682,359699999913573;5610034,327199999243021;7,228124006000030;50,628699109000081;1