OID_;UIDENTSTLAE;ULAND;UREGBEZ;UKREIS;UGEMEINDE;UJAHR;UMONAT;USTUNDE;UWOCHENTAG;UKATEGORIE;UART;UTYP1;ULICHTVERH;IstStrassenzustand;IstRad;IstPKW;IstFuss;IstKrad;IstGkfz;IstSonstige;LINREFX;LINREFY;XGCSWGS84;YGCSWGS84;PLST
180393;5230626709110565803;5;5;66;8;2023;6;18;2;3;3;1;0;0;1;0;0;0;0;0;398495,984500000253320;5781924,792799999937415;7,515488153000035;52,178447624000057;1
180394;5230620600360486558;5;3;82;12;2023;6;10;3;3;5;3;0;0;1;1;0;0;0;0;361944,499900000169873;5626375,928600000217557;7,042020296000032;50,772695846000033;1
180398;5230620518310886006;5;1;70;32;2023;6;8;3;3;0;5;0;0;1;1;0;0;0;0;332734,736299999989569;5713545,469900000840425;6,587574898000071;51,548176690000048;1
180401;5230620518100986741;5;1;70;48;2023;6;16;3;3;6;7;0;0;1;1;1;0;0;0;338655,425099999643862;5726250,876800000667572;6,667044095000051;51,664047506000031;1
180402;5230620516900778608;5;1;58;26;2023;6;18;3;3;0;7;0;0;1;0;0;0;0;0;351599,484899999573827;5662151,399299999698997;6,880838219000054;51,091637507000030;1
180407;5230620515210596581;5;1;54;12;2023;6;15;3;3;0;1;0;0;1;0;0;0;0;0;314488,435300000011921;5712041,503699999302626;6,325498945000049;51,528965823000078;1
180408;5230620515110986798;5;1;54;36;2023;6;17;3;3;9;1;0;0;1;0;0;0;0;0;303525,288800000213087;5740730,410900000482798;6,151528919000043;51,782897236000053;1
180410;5230620514118977410;5;1;66;16;2023;6;18;3;2;0;7;0;0;1;0;0;0;0;0;310040,684500000439584;5687359,827099999412894;6,274678262000066;51,305805712000051;1
180411;5230620514116585894;5;1;66;16;2023;6;12;3;2;0;1;0;0;1;0;0;0;0;0;304654,847400000318885;5688964,163000000640750;6,196627603000024;51,318391985000062;1
180412;5230620514116569394;5;1;66;16;2023;6;11;3;3;6;1;0;0;1;0;1;0;0;0;304824,474000000394881;5689372,004000000655651;6,198835497000061;51,322113117000072;1
180414;5230620513210985055;5;1;62;24;2023;6;21;3;3;4;1;0;0;1;0;0;0;0;0;338804,091000000014901;5672773,412000000476837;6,693518863000065;51,183623147000048;1
180418;5230620505200986726;5;1;14;0;2023;6;5;3;3;5;3;0;0;1;1;0;0;0;0;326072,690899999812245;5696202,056500000879169;6,500120948000074;51,390363799000056;1
180420;5230620503400977405;5;1;22;0;2023;6;20;3;3;0;1;1;0;1;0;0;0;0;0;361463,347299999557436;5670891,995999999344349;7,018240477000063;51,172656131000053;1
180424;5230620502111481313;5;1;13;0;2023;6;8;3;3;5;2;0;0;1;1;0;0;0;0;362720,803600000217557;5700518,281700000166893;7,024816611000062;51,439202207000051;1
180426;5230620501316895920;5;1;12;0;2023;6;18;3;3;5;3;0;0;1;1;0;0;0;0;346071,125699999742210;5698089,106699999421835;6,786496941000053;51,413096619000044;1
180429;5230620500300986736;5;1;11;0;2023;6;13;3;3;4;6;0;0;1;1;0;0;0;0;343986,333499999716878;5675581,377399999648333;6,766387657000053;51,210291520000055;1
180430;5230620500300977411;5;1;11;0;2023;6;15;3;3;0;1;0;0;1;0;0;0;0;0;343041,075400000438094;5675941,259400000795722;6,752708267000060;51,213266156000032;1
180431;5230620500300796888;5;1;11;0;2023;6;19;3;2;0;6;0;0;1;0;1;0;0;0;348140,013700000010431;5672041,544900000095367;6,827305638000041;51,179603142000076;1
180434;5230620500200986742;5;1;11;0;2023;6;16;3;3;5;3;0;0;1;1;0;0;0;0;346572,445000000298023;5678326,435000000521541;6,802208096000072;51,235657934000074;1
180435;5230620500200846013;5;1;11;0;2023;6;6;3;3;0;7;0;1;1;0;0;0;0;0;345190,082999999634922;5678934,167099999263883;6,782159439000054;51,240745279000066;1
180437;5230620500200150580;5;1;11;0;2023;6;18;3;3;6;6;0;0;1;0;1;0;0;0;346087,068799999542534;5678641,738700000569224;6,795125291000033;51,238360370000066;1
180439;5230620411108977417;5;7;74;8;2023;6;15;3;3;0;1;0;0;1;0;0;0;0;0;486784,457899999804795;5736802,205199999734759;8,808424826000021;51,781934932000070;1
180441;5230620410230396540;5;7;70;4;2023;6;8;3;3;0;7;0;1;1;0;0;0;0;0;486137,850999999791384;5783516,497999999672174;8,797162631000049;52,201923529000055;1
180443;5230620406110482096;5;7;58;12;2023;6;7;3;3;5;2;0;1;1;1;0;0;0;0;478631,354899999685585;5775490,112400000914931;8,687830944000041;52,129521839000063;1
180444;5230620405148006681;5;7;54;48;2023;6;16;3;3;5;3;0;0;1;1;0;0;0;0;441560,099999999627471;5765758,492000000551343;8,147978589000047;52,039359408000053;1
180445;5230620405116977435;5;7;54;16;2023;6;6;3;3;5;3;0;1;1;1;0;0;0;0;447646,941999999806285;5757405,726999999955297;8,237988644000040;51,964874940000072;1
180446;5230620404302854245;5;7;66;8;2023;6;11;3;3;5;3;0;0;1;1;0;0;0;0;482101,203999999910593;5770730,130999999120831;8,738770653000074;52,086849561000065;1
180447;5230620404302278117;5;7;66;8;2023;6;11;3;2;5;2;0;0;1;0;0;0;0;0;483172,541199999861419;5769942,421599999070168;8,754445315000055;52,079801075000034;1
180448;5230620404101986734;5;7;66;20;2023;6;13;3;3;5;3;0;0;1;1;0;0;0;0;488204,036199999973178;5755378,564899999648333;8,828368730000022;51,948989033000032;1
180449;5230620400200560940;5;7;11;0;2023;6;8;3;3;0;5;0;1;1;1;0;0;0;0;467990,326100000180304;5763095,528799999505281;8,533546305000073;52,017573832000039;1
180452;5230620316100291918;5;9;74;40;2023;6;7;3;3;0;2;0;1;1;1;0;0;0;0;438815,449000000022352;5713594,335999999195337;8,117177169000058;51,570098180000059;1
180457;5230623518301395940;5;1;70;4;2023;6;12;6;3;0;7;0;0;1;1;0;0;0;0;328240,232900000177324;5717457,922299999743700;6,520904427000062;51,581973050000045;1
180459;5230620310130885461;5;9;13;0;2023;6;7;3;3;5;2;0;0;1;1;0;0;0;0;393060,990000000223517;5699468,456000000238419;7,461477410000043;51,436306849000061;1
180462;5230620301304986776;5;9;13;0;2023;6;14;3;3;1;5;0;0;1;1;0;0;0;0;400058,847900000400841;5707877,809000000357628;7,559740710000028;51,513175722000028;1
180466;5230619709500977442;5;5;66;76;2023;6;21;2;3;0;1;1;0;1;0;0;0;0;0;399621,228900000452995;5793806,146500000730157;7,528411592000054;52,285438859000067;1
180467;5230619709300986722;5;5;66;84;2023;6;19;2;3;0;1;0;0;1;0;0;0;0;0;385740,961000000126660;5779262,834000000730157;7,329921133000028;52,152030826000043;1
180468;5230622701500765816;5;5;62;24;2023;6;18;5;3;0;2;0;0;1;1;0;0;0;0;370005,164200000464916;5725474,193600000813603;7,120338890000028;51,665195183000037;1
180471;5230619702100765836;5;5;15;0;2023;6;18;2;3;6;4;0;0;1;0;1;0;0;0;403533,974200000055134;5762054,502199999988079;7,594767439000066;52,000755353000045;1
180474;5230619701500579216;5;5;62;24;2023;6;18;2;3;5;3;0;0;1;1;0;0;0;0;369654,475999999791384;5724748,005699999630451;7,115541888000052;51,658587979000060;1
180475;5230619701400787646;5;5;12;0;2023;6;17;2;3;3;2;0;0;1;1;0;0;0;0;359135,184399999678135;5712137,675699999555945;6,968623856000022;51,542734963000044;1
180479;5230619609248894830;5;3;58;48;2023;6;8;2;3;5;3;0;0;1;0;0;0;0;1;322025,999800000339746;5638100,728800000622869;6,470707991000040;50,867159803000050;1
180481;5230619609108524257;5;3;58;8;2023;6;18;2;2;9;1;0;0;1;0;0;0;0;0;321722,445299999788404;5629446,877000000327826;6,470605968000029;50,789320241000041;1
180486;5230619602500599700;5;3;62;24;2023;6;16;2;3;8;1;0;0;1;0;0;0;0;0;347482,735899999737740;5640667,907299999147654;6,831117339000059;50,897506163000060;1
180488;5230619601600999134;5;3;15;0;2023;6;18;2;3;5;3;0;0;1;0;0;0;0;0;362380,377000000327826;5637211,857999999076128;7,044132561000026;50,870187808000026;1
180489;5230619601600977462;5;3;15;0;2023;6;7;2;3;5;3;0;0;1;1;0;0;0;0;361064,558500000275671;5645149,657400000840425;7,022422547000076;50,941212369000027;1
180491;5230619601500686421;5;3;15;0;2023;6;22;2;3;0;5;2;0;1;1;0;0;0;0;359805,712600000202656;5646692,608999999240041;7,003921949000073;50,954774352000072;1
180492;5230619601300986725;5;3;15;0;2023;6;18;2;3;5;3;0;0;1;1;0;0;0;0;354698,707000000402331;5646210,406999999657273;6,931450941000037;50,949176006000073;1
180493;5230619601200986700;5;3;15;0;2023;6;11;2;3;1;1;0;0;1;1;0;0;0;0;355245,652999999932945;5642067,142999999225140;6,940877390000026;50,912078973000064;1
180494;5230619601200899057;5;3;15;0;2023;6;20;2;3;5;2;0;0;1;0;0;1;0;0;355011,275999999605119;5642816,957699999213219;6,937247709000076;50,918758579000041;1
180497;5230619601100799192;5;3;15;0;2023;6;8;2;3;5;3;0;0;1;1;0;0;0;0;355328,190999999642372;5644419,763000000268221;6,941117367000061;50,933242218000032;1
180498;5230619601000908395;5;3;16;0;2023;6;10;2;3;0;5;0;0;1;1;0;0;0;0;361108,650299999862909;5659001,199999999254942;7,017749760000072;51,065708501000074;1
180500;5230619600140190961;5;3;14;0;2023;6;18;2;3;5;3;0;0;1;1;0;0;0;0;367099,683000000193715;5622768,951999999582767;7,116393153000047;50,741480435000028;1
180502;5230620610212485763;5;3;70;40;2023;6;16;3;3;5;3;0;0;1;1;0;0;0;0;313569,400999999605119;5665869,866000000387430;6,336411776000034;51,113940727000056;1
180503;5230619518400977444;5;1;70;8;2023;6;19;2;3;7;7;0;0;1;0;1;0;0;0;343546,583700000308454;5714304,244400000199676;6,743039289000023;51,558095292000075;1
180505;5230619518100491640;5;1;70;48;2023;6;14;2;2;4;2;0;0;1;1;0;0;0;0;335517,621299999766052;5725664,807199999690056;6,621990613000037;51,657872827000062;1
180506;5230619516400595767;5;1;58;24;2023;6;13;2;3;0;3;0;0;1;0;0;0;0;1;358276,427600000053644;5679557,478900000452995;6,969258378000063;51,249747851000052;1
180507;5230619516300691288;5;1;58;28;2023;6;7;2;3;0;1;0;0;1;0;0;0;0;0;349326,253200000151992;5684474,412299999967217;6,839034840000068;51,291635622000058;1
180508;5230619516300485363;5;1;58;28;2023;6;15;2;3;5;3;0;0;1;1;0;0;0;0;355217,924599999561906;5684922,699999999254942;6,923290700000052;51,297192416000030;1
180509;5230619515000791582;5;1;54;16;2023;6;15;2;3;0;7;0;0;1;1;0;0;0;0;303347,937599999830127;5728865,606799999251962;6,155661932000044;51,676285921000044;1
180511;5230619513210732054;5;1;62;24;2023;6;17;2;3;5;2;0;0;1;1;0;0;0;0;338469,331299999728799;5671648,252599999308586;6,689238808000027;51,173419209000031;1
180512;5230619513130796055;5;1;62;22;2023;6;18;2;3;5;3;0;0;1;1;0;0;0;0;338740,235999999567866;5683174,639000000432134;6,687925103000055;51,277058405000048;1
180515;5230619505200996046;5;1;14;0;2023;6;16;2;3;5;3;0;0;1;1;0;0;0;0;329104,546799999661744;5689856,736999999731779;6,546704041000055;51,334280587000080;1
180516;5230619505200086183;5;1;14;0;2023;6;13;2;3;4;6;0;0;1;0;0;0;0;1;328913,349200000055134;5691544,308800000697374;6,543151111000043;51,349383733000082;1
180517;5230619505200079037;5;1;14;0;2023;6;16;2;3;0;1;0;0;1;0;0;0;0;0;328677,989000000059605;5690897,635999999940395;6,540085862000069;51,343503339000051;1
180522;5230619501324091537;5;1;12;0;2023;6;19;2;3;4;2;0;0;1;1;0;0;0;0;343872,961000000126660;5694813,762000000104308;6,756354047000059;51,383066726000038;1
180524;5230619501126082374;5;1;12;0;2023;6;11;2;3;5;3;0;0;1;1;0;0;0;0;344720,080000000074506;5703685,059000000357628;6,764630534000048;51,463007776000040;1
180525;5230619501112986710;5;1;12;0;2023;6;15;2;3;5;3;0;0;1;1;0;0;0;0;344387,002999999560416;5708471,998999999836087;6,757730118000040;51,505926320000071;1
180528;5230619500200001155;5;1;11;0;2023;6;8;2;3;1;5;0;0;1;1;0;0;0;0;346291,755300000309944;5677930,418899999931455;6,798360414000058;51,232023992000052;1
180529;5230619500100081116;5;1;11;0;2023;6;16;2;3;0;7;0;0;1;0;0;0;0;1;346528,303000000305474;5676203,465600000694394;6,802485336000075;51,216570062000073;1
180533;5230629602500265715;5;3;62;24;2023;6;16;5;3;5;3;0;1;1;0;0;0;0;0;346069,724600000306964;5642779,001599999144673;6,810148856000069;50,916101707000053;1
180535;5230619407201377100;5;7;62;4;2023;6;16;2;3;0;1;0;0;1;0;0;0;0;0;500899,573599999770522;5730010,490199999883771;9,013022866000028;51,721023663000040;1
180539;5230619405140057400;5;7;54;40;2023;6;15;2;3;3;1;0;0;1;0;0;1;0;0;458486,235000000335276;5763027,970599999651313;8,395065684000031;52,016336744000057;1
180540;5230619405108264130;5;7;54;8;2023;6;7;2;3;5;3;0;0;1;1;0;0;0;0;457694,491000000387430;5753233,746999999508262;8,384736394000072;51,928222158000040;1
180541;5230619400300977453;5;7;11;0;2023;6;15;2;3;5;3;0;0;1;1;0;0;0;0;471981,484500000253320;5754201,741200000047684;8,592431100000056;51,937827789000039;1
180543;5230619316300986706;5;9;74;28;2023;6;11;2;3;1;7;0;0;1;1;0;0;0;0;454284,544999999925494;5723646,308199999853969;8,339048321000064;51,661941601000080;1
180545;5230619313211977450;5;9;58;12;2023;6;17;2;3;5;3;0;0;1;1;0;0;0;0;470291,108699999749660;5693885,349899999797344;8,572972289000063;51,395422257000064;1
180546;5230619310210499412;5;9;54;24;2023;6;16;2;3;0;5;0;0;1;1;0;0;0;0;380809,984600000083447;5683458,589299999177456;7,290669933000061;51,289966423000067;1
180548;5230619600120534434;5;3;82;24;2023;6;11;2;3;5;3;0;0;1;1;0;0;0;0;377671,987999999895692;5618573,293500000610948;7,267550619000076;50,706090076000066;1
180550;5230619302100599422;5;9;14;0;2023;6;8;2;3;5;3;0;0;1;1;0;0;0;0;393191,369199999608099;5694738,257500000298023;7,464777601000037;51,393813467000030;1
180552;5230619301303994430;5;9;13;0;2023;6;20;2;3;5;2;0;0;1;1;0;0;0;0;398496,353799999691546;5706256,552999999374151;7,537697965000064;51,498324026000034;1
180553;5230619301201866110;5;9;13;0;2023;6;7;2;3;5;3;0;0;1;1;0;0;0;0;389944,996700000017881;5709313,276000000536442;7,413598286000024;51,524198425000066;1
180554;5230619301103986695;5;9;13;0;2023;6;7;2;3;0;1;0;0;1;0;0;0;0;0;391345,166199999861419;5703373,239900000393391;7,435602337000034;51,471078298000066;1
180555;5230619300800996517;5;9;54;36;2023;6;23;2;3;1;5;2;0;1;1;0;0;0;0;386458,376000000163913;5703530,715700000524521;7,365222523000057;51,471534178000070;1
180556;5230629503100481996;5;1;24;0;2023;6;12;5;3;5;3;0;0;1;1;0;0;0;0;370655,228000000119209;5680538,767000000923872;7,146173754000074;51,261509094000075;1
180558;5230619300600273238;5;9;16;0;2023;6;8;2;3;0;1;0;0;1;0;0;0;0;0;377466,490500000305474;5711341,072000000625849;7,233106981000049;51,539853519000076;1
180562;5230618705000977483;5;5;54;68;2023;6;12;1;3;4;6;0;0;1;1;0;0;0;0;352577,175800000317395;5765376,796199999749660;6,851510161000022;52,019415565000031;1
180566;5230618702100779611;5;5;15;0;2023;6;12;1;3;0;1;0;0;1;0;0;0;0;0;408867,567599999718368;5757565,316199999302626;7,673631863000026;51,961305086000039;1
180569;5230618711100651246;5;5;70;52;2023;6;16;1;3;0;7;0;0;1;1;0;0;0;0;429292,945500000379980;5756590,893200000748038;7,971050069000057;51,955518445000052;1
180570;5230618701800896736;5;5;62;4;2023;6;10;1;3;5;3;0;0;1;1;0;0;0;0;382061,307599999941885;5714392,941099999472499;7,298307230000034;51,568261548000066;1
180572;5230618701700086130;5;5;62;16;2023;6;12;1;3;0;1;0;0;1;0;0;0;0;0;381477,189000000245869;5733331,617000000551343;7,283463900000072;51,738349812000081;1
180573;5230618610212694783;5;3;70;40;2023;6;17;1;3;1;5;0;0;1;1;0;0;0;0;303260,671000000089407;5669680,713199999183416;6,187232977000065;51,144722026000068;1
180574;5230626518100482317;5;1;70;48;2023;6;11;2;3;0;1;0;0;1;0;0;0;0;0;335851,179499999620020;5726262,903300000354648;6,626527724000027;51,663343483000062;1
180575;5230618610114160518;5;3;70;16;2023;6;14;1;2;0;1;0;0;1;0;0;0;0;0;295569,348000000230968;5661550,588999999687076;6,082025789000056;51,069013752000046;1
180576;5230618609108599613;5;3;58;8;2023;6;11;1;3;0;1;0;0;1;0;0;0;0;0;320009,996199999935925;5631880,939300000667572;6,445142599000064;50,810658420000038;1
180578;5230618608328594794;5;3;34;28;2023;6;10;1;3;5;3;0;0;1;0;0;0;0;0;310260,953999999910593;5609445,592000000178814;6,318448433000071;50,606009704000030;1
180579;5230618608200985718;5;3;34;2;2023;6;9;1;2;5;3;0;0;1;0;0;1;0;0;298443,825600000098348;5629118,260700000450015;6,140923738000026;50,778744362000054;1
180580;5230618606700276800;5;3;78;32;2023;6;14;1;3;3;6;0;0;1;1;0;0;0;0;374581,630699999630451;5666421,097999999299645;7,207351338000024;51,135500053000044;1
180581;5230618601400993523;5;3;15;0;2023;6;15;1;3;0;7;0;0;1;0;0;0;0;0;353596,486999999731779;5649581,255000000819564;6,914414041000043;50,979189567000049;1
180582;5230618601100890878;5;3;15;0;2023;6;2;1;3;7;1;2;0;1;0;0;0;0;0;356650,972599999979138;5643546,313500000163913;6,960273063000045;50,925722901000029;1
180583;5230618601100494853;5;3;15;0;2023;6;0;1;3;1;1;2;0;1;1;0;0;0;0;355997,311400000005960;5643025,179400000721216;6,951184190000049;50,920876749000058;1
180584;5230618600360581166;5;3;82;12;2023;6;11;1;3;1;5;0;0;1;1;0;0;0;1;362614,426900000311434;5625693,285399999469519;7,051770641000076;50,766719551000051;1
180587;5230630500300457378;5;1;11;0;2023;6;15;6;3;0;6;0;0;1;0;0;0;0;0;345364,307400000281632;5675940,157199999317527;6,785945263000031;51,213890077000030;1
180589;5230618518110395870;5;1;70;12;2023;6;9;1;3;0;7;0;0;1;0;0;0;0;1;333877,377299999818206;5733732,841600000858307;6,594457576000025;51,729869759000053;1
180590;5230618516500486920;5;1;58;16;2023;6;13;1;3;1;5;0;0;1;1;0;0;0;0;355586,876500000245869;5671211,049200000241399;6,934107081000036;51,174069529000064;1
180592;5230618513320977474;5;1;62;4;2023;6;16;1;3;5;3;0;0;1;1;0;0;0;0;347656,991399999707937;5662031,869699999690056;6,824632656000063;51,089529782000056;1
180593;5230618513120086720;5;1;62;20;2023;6;12;1;2;0;7;0;0;1;0;0;0;0;0;329323,549499999731779;5674807,348500000312924;6,557027866000055;51,199144420000039;1
180594;5230618508000776245;5;1;19;0;2023;6;15;1;3;0;1;0;0;1;0;0;0;0;0;350522,253100000321865;5707893,608300000429153;6,846311154000034;51,502385342000082;1
180601;5230618501128977470;5;1;12;0;2023;6;19;1;3;0;1;0;0;1;0;0;0;0;0;342691,755300000309944;5702706,825699999928474;6,735890771000072;51,453658509000036;1
180606;5230618410260977486;5;7;70;36;2023;6;10;1;2;0;1;0;0;1;0;0;0;0;0;464551,632299999706447;5795016,423000000417233;8,480105572000070;52,304344599000046;1
180607;5230618405232986700;5;7;54;32;2023;6;15;1;3;4;6;0;0;1;0;0;0;0;0;460510,581600000150502;5738910,867300000041723;8,427327025000068;51,799656123000034;1
180608;5230618405108096860;5;7;54;8;2023;6;16;1;3;0;1;0;0;1;0;0;0;0;0;457629,755300000309944;5750667,828500000759959;8,384110708000037;51,905148174000033;1
180609;5230618317120977470;5;9;78;16;2023;6;18;1;3;1;5;0;0;1;1;0;0;0;0;403780,132600000128150;5706517,447699999436736;7,613722408000058;51,501593389000050;1
180610;5230618307000099374;5;9;62;44;2023;6;14;1;2;0;7;0;0;1;0;0;0;0;0;404436,629900000058115;5682719,450400000438094;7,629585746000032;51,287777352000035;1
180611;5230618303100351350;5;9;15;0;2023;6;20;1;3;3;6;0;0;1;0;0;0;0;0;422437,900999999605119;5726807,675000000745058;7,877984632000050;51,686868389000040;1
180616;5230623508000177677;5;1;19;0;2023;6;9;6;3;6;4;0;0;1;0;1;0;0;0;353223,890399999916553;5707923,150100000202656;6,885195513000042;51,503358822000052;1
180620;5230618300300599365;5;9;11;0;2023;6;11;1;3;1;5;0;0;1;1;0;0;0;0;384694,779199999757111;5704295,272299999371171;7,339592022000033;51,478049347000081;1
180621;5230617711200890740;5;5;70;4;2023;6;17;7;3;0;5;0;0;1;1;0;0;0;0;423214,828200000338256;5732965,892400000244379;7,887864204000039;51,742335733000061;1
180622;5230617709800591840;5;5;66;88;2023;6;12;7;2;8;1;0;0;1;0;0;0;0;0;421159,527800000272691;5786555,346300000324845;7,845784785000035;52,223775476000071;1
180623;5230617709500986660;5;5;66;76;2023;6;13;7;3;4;3;0;0;1;0;0;0;0;0;395282,286700000055134;5793731,323699999600649;7,464848654000036;52,283956793000073;1
180624;5230617709110986673;5;5;66;80;2023;6;21;7;2;0;3;0;0;1;1;0;0;0;0;406683,245900000445545;5781029,475600000470877;7,635436007000067;52,171846049000067;1
180629;5230617609108675533;5;3;58;8;2023;6;12;7;3;0;3;0;0;1;1;0;0;0;0;321804,400399999693036;5629967,793199999257922;6,471514910000053;50,794025379000061;1
180630;5230617609108080727;5;3;58;8;2023;6;13;7;3;0;5;0;0;1;1;0;0;0;0;322764,804999999701977;5631444,171000000089407;6,484415897000076;50,807583808000061;1
180631;5230620603144378438;5;3;66;44;2023;6;12;3;3;0;1;0;0;1;0;0;0;0;0;334603,554999999701977;5620719,767000000923872;6,657112604000076;50,714722412000071;1
180632;5230617606400981188;5;3;78;28;2023;6;10;7;2;0;7;0;0;1;0;0;0;0;0;372469,000500000081956;5639704,846300000324845;7,186563741000043;50,894909221000034;1
180635;5230617603236869627;5;3;66;36;2023;6;18;7;2;1;3;0;0;1;1;0;0;0;0;321007,227699999697506;5600454,558000000193715;6,474486109000054;50,528626030000055;1
180637;5230617602800185768;5;3;62;12;2023;6;0;7;3;0;1;2;0;1;0;0;0;0;0;351842,423799999989569;5632076,653000000864267;6,896547036000072;50,821434616000033;1
180638;5230623515111977360;5;1;54;8;2023;6;10;6;3;0;1;0;0;1;0;0;0;0;0;310884,974999999627471;5745890,580000000074506;6,255279068000050;51,831775800000059;1
180639;5230617602700085762;5;3;62;28;2023;6;18;7;3;0;1;0;0;1;0;0;0;0;0;351906,078800000250340;5638706,839700000360608;6,894768595000073;50,881034148000026;1
180640;5230617602600594821;5;3;62;20;2023;6;17;7;3;4;5;0;0;1;1;0;0;0;0;343286,224999999627471;5625386,706299999728799;6,778019368000059;50,759066097000073;1
180643;5230617601500690473;5;3;15;0;2023;6;21;7;3;0;1;0;0;1;0;0;0;0;0;358900,194699999876320;5646815,703400000929832;6,990989971000033;50,955659617000038;1
180646;5230617601400095816;5;3;15;0;2023;6;17;7;3;0;1;0;0;1;0;0;0;0;0;352287,581299999728799;5654979,637599999085069;6,893584803000067;51,027367416000061;1
180647;5230617601400025801;5;3;15;0;2023;6;15;7;3;5;2;0;0;1;1;0;0;0;0;352460,991399999707937;5654696,327999999746680;6,896171186000061;51,024866019000058;1
180648;5230621601200090620;5;3;15;0;2023;6;16;4;3;0;3;0;0;1;1;0;0;0;0;352681,682199999690056;5643488,070299999788404;6,903857048000020;50,924199574000056;1
180655;5230617518310978934;5;1;70;32;2023;6;19;7;3;0;6;0;0;1;1;0;0;0;0;332741,394999999552965;5713247,926000000908971;6,587812279000048;51,545505624000043;1
180656;5230617518200986656;5;1;70;24;2023;6;9;7;2;2;6;0;0;1;1;0;0;0;0;337360,245699999853969;5703023,169999999925494;6,659077592000074;51,454994353000075;1
180657;5230617516500977503;5;1;58;16;2023;6;19;7;3;5;2;0;0;1;1;0;0;0;0;355008,024899999611080;5671573,656199999153614;6,925685891000057;51,177181561000054;1
180659;5230617515210977495;5;1;54;52;2023;6;16;7;2;5;3;0;0;1;1;0;0;0;0;309548,095300000160933;5703141,637000000104308;6,259161707000032;51,447387865000053;1
180660;5230617515110095876;5;1;54;36;2023;6;12;7;3;0;1;0;0;1;0;0;0;0;0;300988,724899999797344;5740185,697799999266863;6,115116262000072;51,777109570000050;1
180661;5230617514213060577;5;1;66;8;2023;6;10;7;2;5;3;0;0;1;1;0;0;0;0;314887,230000000447035;5690822,682000000029802;6,342331475000037;51,338506931000040;1
180662;5230617513320395641;5;1;62;4;2023;6;15;7;3;1;1;0;0;1;1;0;0;0;0;349242,360600000247359;5666306,803300000727177;6,845467418000055;51,128363109000077;1
180664;5230617513110282238;5;1;62;16;2023;6;1;7;3;0;1;2;0;1;0;0;0;0;0;332017,210199999623001;5677057,333900000900030;6,594493273000069;51,220157134000033;1
180668;5230617503100378847;5;1;24;0;2023;6;11;7;3;0;6;0;0;1;1;0;0;0;0;368699,199000000022352;5679273,962600000202656;7,118619342000045;51,249694806000036;1
180669;5230617502340977465;5;1;13;0;2023;6;18;7;3;6;1;0;0;1;0;1;0;0;0;360862,497000000439584;5709346,486199999228120;6,994619205000049;51,518081346000031;1
180671;5230617502300877710;5;1;13;0;2023;6;21;7;3;1;2;1;0;1;1;0;0;0;0;357414,294400000013411;5706163,060599999502301;6,946241248000035;51,488615449000065;1
180672;5230617501326986664;5;1;12;0;2023;6;12;7;3;3;6;0;0;1;0;0;0;0;0;348040,969299999997020;5692418,603900000452995;6,817227765000041;51,362676433000047;1
180673;5230619316100986724;5;9;74;32;2023;6;20;2;3;5;3;0;0;1;1;0;0;0;0;444660,328999999910593;5703163,203999999910593;8,203141489000075;51,476917799000034;1
180674;5230617501323977500;5;1;12;0;2023;6;18;7;3;1;5;0;0;1;1;0;0;0;0;343280,422000000253320;5694473,665999999269843;6,747995977000073;51,379847691000066;1
180676;5230617501212476364;5;1;12;0;2023;6;22;7;3;0;7;1;0;1;0;0;0;0;0;342384,271999999880791;5697503,310000000521541;6,733784235000030;51,406820511000035;1
180678;5230624500200395898;5;1;11;0;2023;6;1;7;3;0;6;2;0;1;0;0;0;0;0;346134,927899999544024;5689125,117300000041723;6,791294486000027;51,332570474000079;1
180679;5230617500300274125;5;1;11;0;2023;6;18;7;3;4;5;0;0;1;1;0;0;0;0;345381,916000000201166;5676297,511900000274181;6,786043111000026;51,217105837000076;1
180680;5230617500300076682;5;1;11;0;2023;6;13;7;3;0;5;0;0;1;1;0;0;0;0;344820,167399999685585;5675140,578299999237061;6,778506478000054;51,206557927000063;1
180681;5230617500200986706;5;1;11;0;2023;6;12;7;3;5;3;0;0;1;1;0;0;0;0;348967,949000000022352;5683036,862999999895692;6,834507806000033;51,278623423000056;1
180682;5230617500200495908;5;1;11;0;2023;6;20;7;3;1;5;0;0;1;1;0;0;0;0;345885,839100000448525;5678475,645500000566244;6,792316341000060;51,236813629000039;1
180683;5230623701120977770;5;5;62;32;2023;6;18;6;3;5;3;0;0;1;1;0;0;0;0;375597,197999999858439;5713994,725899999961257;7,205227970000067;51,563293631000079;1
180685;5230617500100145455;5;1;11;0;2023;6;17;7;3;5;2;0;0;1;1;0;0;0;0;346909,093500000424683;5675572,198799999430776;6,808202924000057;51,210999983000079;1
180687;5230617404101470346;5;7;66;20;2023;6;16;7;3;0;1;0;0;1;0;1;0;0;0;491656,611899999901652;5753711,610600000247359;8,878644008000038;51,934063908000041;1
180689;5230624601400672626;5;3;15;0;2023;6;16;7;3;7;1;0;0;1;0;0;0;0;0;357185,088899999856949;5650448,685399999842048;6,965159537000034;50,987886283000080;1