OID_;UIDENTSTLAE;ULAND;UREGBEZ;UKREIS;UGEMEINDE;UJAHR;UMONAT;USTUNDE;UWOCHENTAG;UKATEGORIE;UART;UTYP1;ULICHTVERH;IstStrassenzustand;IstRad;IstPKW;IstFuss;IstKrad;IstGkfz;IstSonstige;LINREFX;LINREFY;XGCSWGS84;YGCSWGS84;PLST
180690;5230617317110986670;5;9;78;36;2023;6;21;7;3;5;3;1;0;1;1;0;0;0;0;409110,554299999959767;5712143,359300000593066;7,689045859000032;51,553048949000072;1
180693;5230617307000899401;5;9;62;36;2023;6;15;7;2;0;1;0;0;1;0;0;0;0;0;406400,529699999839067;5662056,523299999535084;7,663127715000030;51,102349215000061;1
180694;5230617307000535961;5;9;62;52;2023;6;12;7;2;5;3;0;0;1;1;0;0;0;0;421507,706899999640882;5674084,171499999240041;7,876229290000026;51,212751853000043;1
180697;5230617301202986666;5;9;13;0;2023;6;18;7;3;5;3;0;0;1;1;0;0;0;0;392521,376799999736249;5708667,339800000190735;7,450918102000060;51,518888702000027;1
180700;5230617300500775645;5;9;11;0;2023;6;18;7;3;0;7;0;0;1;0;0;0;0;0;377670,850899999961257;5701630,259600000455976;7,239418820000026;51,452622149000035;1
180702;5230616706000986624;5;5;58;40;2023;6;14;6;3;4;6;0;0;1;0;0;0;0;1;381620,136800000444055;5765352,443499999120831;7,274547759000029;52,026153904000068;1
180703;5230616706000876632;5;5;58;16;2023;6;12;6;3;1;6;0;0;1;1;0;0;0;0;381399,866999999620020;5743896,445000000298023;7,278733693000049;51,833282048000058;1
180704;5230616702100952433;5;5;15;0;2023;6;7;6;3;5;3;0;0;1;0;0;0;0;0;405425,846499999985099;5756632,241800000891089;7,623812234000070;51,952343424000048;1
180705;5230616702100796747;5;5;15;0;2023;6;13;6;3;5;3;0;0;1;1;0;0;0;0;404774,536000000312924;5759913,550000000745058;7,613427701000035;51,981725919000041;1
180709;5230616701110986627;5;5;62;32;2023;6;14;6;2;5;3;0;0;1;0;0;0;0;0;376979,598000000230968;5719372,521999999880791;7,223276817000055;51,611928584000054;1
180710;5230616700000575481;5;5;13;0;2023;6;14;6;3;6;6;0;0;1;0;1;0;0;0;368139,554899999871850;5707929,836799999698997;7,099969135000038;51,507095866000043;1
180711;5230616610111669680;5;3;70;16;2023;6;7;6;3;5;3;0;0;1;1;0;0;0;0;296413,356999999843538;5661064,644999999552965;6,094329753000068;51,064949509000030;1
180713;5230624709800497730;5;5;66;44;2023;6;17;7;3;3;7;0;0;1;1;0;0;0;0;422211,923399999737740;5774311,062400000169873;7,863995289000059;52,113862151000035;1
180714;5230616609108077568;5;3;58;8;2023;6;18;6;3;0;5;0;0;1;1;0;0;0;0;323565,300599999725819;5631384,872400000691414;6,495794601000057;50,807295383000053;1
180715;5230616608436180840;5;3;34;36;2023;6;23;6;3;4;6;2;0;1;1;0;0;0;0;297978,832200000062585;5633660,644600000232458;6,131838322000021;50,819380211000066;1
180716;5230616608200933184;5;3;34;2;2023;6;18;6;3;0;3;0;0;1;1;0;0;0;0;294450,759200000204146;5627512,560699999332428;6,085256631000050;50,762921932000040;1
180718;5230616608100385700;5;3;34;2;2023;6;16;6;3;5;3;0;0;1;1;0;0;0;0;293714,448699999600649;5626800,313899999484420;6,075229141000023;50,756263885000067;1
180719;5230616607400378225;5;3;82;44;2023;6;9;6;3;0;1;0;0;1;0;0;0;0;0;361428,979500000365078;5631630,665999999269843;7,032731085000023;50,819799949000071;1
180724;5230624500300457378;5;1;11;0;2023;6;12;7;3;5;5;0;0;1;1;0;0;0;0;343122,006099999882281;5675984,664200000464916;6,753847069000074;51,213678397000081;1
180726;5230616602700262752;5;3;62;28;2023;6;21;6;3;0;1;0;0;1;0;0;0;0;0;351914,742499999701977;5639080,912599999457598;6,894740112000022;50,884398014000055;1
180727;5230629307000985540;5;9;62;48;2023;6;5;5;3;8;1;0;0;1;0;0;0;0;0;417550,021399999968708;5682577,885900000110269;7,817622950000043;51,288554286000078;1
180729;5230616601700699027;5;3;16;0;2023;6;13;6;3;6;4;0;0;1;0;1;0;0;0;361267,591699999757111;5659291,672299999743700;7,019905293000022;51,068357416000026;1
180730;5230616601600977550;5;3;15;0;2023;6;5;6;3;9;1;0;0;1;0;0;0;0;0;363078,481100000441074;5639107,401599999517202;7,053338038000049;50,887389780000035;1
180732;5230616601500293466;5;3;15;0;2023;6;15;6;3;5;1;0;0;1;1;0;0;0;0;359653,956000000238419;5646818,736999999731779;7,001714021000055;50,955870940000068;1
180734;5230616601300585798;5;3;15;0;2023;6;14;6;3;5;2;0;0;1;1;0;0;0;0;354521,115799999795854;5646306,108500000089407;6,928886233000071;50,949991254000054;1
180735;5230616601300473712;5;3;15;0;2023;6;7;6;3;5;3;0;0;1;1;0;0;0;0;353366,584800000302494;5646305,696499999612570;6,912461510000071;50,949695008000049;1
180736;5230616601300299200;5;3;15;0;2023;6;6;6;3;5;1;0;0;1;1;0;0;0;0;354766,429100000299513;5646499,793899999931455;6,932298948000039;50,951793711000050;1
180741;5230616600370986621;5;3;82;4;2023;6;13;6;3;1;5;0;0;1;1;0;0;0;0;360111,676900000311434;5622192,421099999919534;7,017632103000039;50,734657487000050;1
180743;5230616600140495344;5;3;14;0;2023;6;18;6;3;0;1;0;0;1;0;0;0;0;0;369480,696200000122190;5622523,111099999397993;7,150207589000047;50,739810844000033;1
180745;5230616600120575868;5;3;82;24;2023;6;14;6;3;0;1;0;0;1;0;0;0;0;0;373854,493200000375509;5616075,251099999994040;7,214366573000063;50,682820418000063;1
180746;5230616600110977530;5;3;14;0;2023;6;14;6;2;0;1;0;0;1;0;0;0;0;0;366660,104299999773502;5618708,839500000700355;7,111634375000051;50,704887222000082;1
180747;5230616600110396518;5;3;14;0;2023;6;14;6;3;6;4;0;0;1;0;1;0;0;0;366324,203999999910593;5620855,518400000408292;7,106102476000046;50,724104499000077;1
180748;5230616518400986635;5;1;70;8;2023;6;17;6;3;5;3;0;0;1;1;0;0;0;0;342939,419700000435114;5715438,931399999186397;6,733780872000068;51,568121272000042;1
180749;5230616518400977518;5;1;70;8;2023;6;20;6;3;5;3;0;0;1;1;0;0;0;1;343714,174999999813735;5715939,809000000357628;6,744727655000077;51,572836736000056;1
180750;5230616516900986646;5;1;58;26;2023;6;17;6;3;1;5;0;0;1;1;0;0;0;0;352130,407100000418723;5664871,977399999275804;6,887299651000035;51,116222361000041;1
180754;5230616515210090978;5;1;54;28;2023;6;18;6;3;6;4;0;0;1;0;1;0;0;0;317433,961199999786913;5703977,538100000470877;6,372086662000072;51,457493129000056;1
180755;5230616515111986611;5;1;54;8;2023;6;7;6;3;5;3;0;0;1;1;0;0;0;0;309900,604000000283122;5746205,419999999925494;6,240837309000028;51,834269233000043;1
180756;5230616515111596030;5;1;54;44;2023;6;16;6;3;5;3;0;0;1;1;0;0;0;0;320087,789599999785423;5737616,855799999088049;6,392982630000063;51,760501296000029;1
180758;5230616506100077595;5;1;16;0;2023;6;17;6;3;5;2;0;0;1;1;0;0;0;0;321478,526499999687076;5670860,766000000759959;6,446815787000048;51,161294041000076;1
180760;5230616505200979037;5;1;14;0;2023;6;18;6;3;0;1;0;0;1;0;0;0;0;0;330242,062300000339746;5692403,805400000885129;6,561803090000069;51,357503718000032;1
180761;5230616505100977541;5;1;14;0;2023;6;8;6;3;5;3;0;0;1;1;0;0;0;0;329230,626799999736249;5688570,563899999484420;6,549128609000036;51,322763798000040;1
180764;5230616503300795492;5;1;20;0;2023;6;12;6;3;0;7;0;0;1;0;0;0;0;0;377955,242999999783933;5672478,324999999254942;7,253491942000039;51,190671835000046;1
180765;5230616503200986620;5;1;24;0;2023;6;13;6;3;5;7;0;0;1;1;0;0;0;0;372820,388600000180304;5678351,093200000002980;7,177966288000050;51,242334416000062;1
180766;5230616503100195756;5;1;24;0;2023;6;5;6;3;6;6;0;0;1;0;1;0;0;0;371658,844999999739230;5682824,923000000417233;7,159729207000055;51,282282619000057;1
180767;5230616502404572146;5;1;17;0;2023;6;7;6;3;2;6;0;0;1;1;0;0;0;0;353666,747000000439584;5703857,052999999374151;6,893256772000029;51,466937081000026;1
180769;5230616502103995063;5;1;13;0;2023;6;0;6;2;0;7;2;0;1;0;0;0;0;0;362799,701999999582767;5703687,066999999806285;7,024722060000045;51,467697467000050;1
180771;5230616500300977550;5;1;11;0;2023;6;0;6;3;0;1;2;0;1;0;0;0;0;0;345422,414400000125170;5675988,088099999353290;6,786755909000021;51,214336490000051;1
180774;5230616500200895651;5;1;11;0;2023;6;11;6;3;5;3;0;0;1;1;0;0;0;0;346287,411000000312924;5679932,915999999269843;6,797438685000031;51,250016219000031;1
180775;5230616500200081014;5;1;11;0;2023;6;16;6;3;4;6;0;0;1;0;0;0;0;0;348373,667100000195205;5677383,475500000640750;6,828388976000042;51,227666286000044;1
180777;5230616411220987923;5;7;74;20;2023;6;15;6;3;5;3;0;0;1;0;0;0;0;0;469445,793700000271201;5735168,918500000610948;8,557229573000029;51,766571816000067;1
180778;5230616410240090817;5;7;70;40;2023;6;13;6;3;8;1;0;0;1;0;0;0;0;0;475456,353000000119209;5809183,117000000551343;8,638995926000064;52,432301867000035;1
180784;5230616405108977543;5;7;54;8;2023;6;9;6;3;1;5;0;0;1;1;0;0;0;0;455983,389600000344217;5750053,437500000000000;8,360259367000026;51,899496808000038;1
180785;5230718516800886395;5;1;58;20;2023;7;14;3;3;5;3;0;0;1;1;0;0;0;0;356342,519000000320375;5665048,497999999672174;6,947368294000057;51,118880150000052;1
180786;5230718516800486311;5;1;58;20;2023;7;7;3;3;5;3;0;0;1;1;0;0;0;0;358066,468999999575317;5660802,850999999791384;6,973653383000055;51,081155394000064;1
180789;5230718515110022285;5;1;54;36;2023;7;13;3;3;7;1;0;0;1;0;0;0;0;0;300556,337899999693036;5746167,330199999734759;6,105416047000062;51,830669493000073;1
180791;5230718513130987347;5;1;62;22;2023;7;5;3;3;5;2;0;0;1;1;0;0;0;0;338839,606999999843538;5680787,928999999538064;6,690424253000060;51,255642473000080;1
180792;5230718505100987376;5;1;14;0;2023;7;22;3;3;0;1;2;0;1;0;0;0;0;0;330722,918399999849498;5688993,088500000536442;6,570324437000068;51,327005736000046;1
180794;5230718502232186671;5;1;13;0;2023;7;17;3;2;0;1;0;0;1;0;0;0;0;0;367082,486299999989569;5693738,455399999395013;7,090075753000065;51,379313098000068;1
180796;5230718500300795621;5;1;11;0;2023;7;11;3;3;3;2;0;0;1;0;0;0;0;1;348377,189500000327826;5671730,570199999958277;6,830827551000027;51,176871741000070;1
180797;5230718500300069160;5;1;11;0;2023;7;11;3;3;0;1;0;0;1;0;0;0;0;0;344134,418899999931455;5675384,635600000619888;6,768591514000036;51,208564159000048;1
180798;5230718500200546013;5;1;11;0;2023;7;9;3;3;5;2;0;0;1;1;0;0;0;0;344376,613499999977648;5679388,017699999734759;6,770317687000045;51,244601950000060;1
180800;5230718411132760957;5;7;74;32;2023;7;14;3;3;5;2;0;0;1;1;0;0;0;0;484071,976999999955297;5729127,097999999299645;8,769456027000047;51,712855298000079;1
180801;5230718411112987372;5;7;74;12;2023;7;16;3;3;8;1;0;0;1;0;0;0;0;0;484221,908200000412762;5723490,842800000682473;8,771880983000074;51,662181894000071;1
180802;5230718410210496912;5;7;70;20;2023;7;15;3;3;0;1;0;0;1;0;0;0;0;0;474617,206000000238419;5795307,506999999284744;8,627703737000047;52,307519023000054;1
180804;5230718405108987360;5;7;54;8;2023;7;13;3;3;0;1;0;0;1;0;0;0;0;0;457891,303299999795854;5750644,699500000104308;8,387915133000035;51,904960062000043;1
180806;5230718300700377772;5;9;16;0;2023;7;21;3;3;6;6;1;0;1;0;1;0;0;0;373665,559899999760091;5707806,864399999380112;7,179595470000038;51,507253144000060;1
180807;5230718300600394310;5;9;16;0;2023;7;10;3;3;5;2;0;0;1;1;0;0;0;0;376355,650999999605119;5712129,567999999970198;7,216820306000045;51,546697725000058;1
180808;5230718300400896624;5;9;11;0;2023;7;16;3;3;0;1;0;0;1;0;0;0;0;0;371390,337100000120699;5699165,212799999862909;7,149973645000046;51,429076716000054;1
180809;5230718300300366127;5;9;11;0;2023;7;17;3;2;5;2;0;0;1;0;0;1;0;0;381160,914400000125170;5704123,277100000530481;7,288785882000070;51,475772129000063;1
180811;5230717709500070593;5;5;66;76;2023;7;9;2;3;5;3;0;0;1;1;0;0;0;0;393715,575000000186265;5792873,968000000342727;7,442160230000070;52,275950824000063;1
180812;5230717709110138293;5;5;66;8;2023;7;9;2;2;5;3;0;0;1;0;0;0;0;0;399050,064399999566376;5781356,379399999976158;7,523757900000021;52,173440561000064;1
180814;5230717706000189266;5;5;58;16;2023;7;17;2;3;3;2;0;1;1;0;0;0;0;1;380890,672799999825656;5743141,649800000712276;7,271607030000041;51,826390258000060;1
180815;5230717705000987345;5;5;54;56;2023;7;15;2;3;0;1;0;0;1;0;0;0;0;0;357249,380300000309944;5762346,739700000733137;6,920814507000046;51,993412129000035;1
180816;5230717705000987342;5;5;54;56;2023;7;14;2;3;0;1;0;0;1;0;0;0;0;0;358402,137799999676645;5760592,932099999859929;6,938316783000062;51,977948994000030;1
180818;5230717702100368257;5;5;15;0;2023;7;10;2;3;0;7;0;0;1;1;0;0;0;0;406103,438799999654293;5757568,387599999085069;7,633413268000027;51,960872749000032;1
180819;5230717702100268387;5;5;15;0;2023;7;16;2;3;5;3;0;1;1;0;0;0;0;0;405723,337100000120699;5757670,914400000125170;7,627854772000035;51,961729983000055;1
180820;5230717700000880915;5;5;13;0;2023;7;21;2;3;3;6;1;1;1;0;0;0;0;0;366990,196000000461936;5711463,607999999076128;7,082083430000068;51,538583287000051;1
180823;5230717608100394908;5;3;34;2;2023;7;18;2;3;0;1;0;0;1;0;0;0;0;0;294016,681900000199676;5629463,490499999374151;6,078017507000027;50,780289628000048;1
180825;5230717607400081285;5;3;82;68;2023;7;14;2;3;0;7;0;0;1;0;0;0;0;0;366347,980999999679625;5629940,424900000914931;7,103139285000054;50,805764563000082;1
180826;5230717607300586296;5;3;82;76;2023;7;16;2;2;9;1;0;0;1;0;0;0;0;0;394678,769999999552965;5626657,243000000715256;7,506000666000034;50,782093355000029;1
180828;5230717602900290701;5;3;62;40;2023;7;18;2;3;8;5;0;0;1;1;0;0;0;0;355472,341000000014901;5632974,919999999925494;6,947692651000068;50,830424745000073;1
180829;5230717602400069735;5;3;62;32;2023;7;17;2;3;0;1;0;0;1;0;0;0;0;0;336564,067699999548495;5641483,941999999806285;6,675614399000040;50,901851787000055;1
180830;5230717601700941021;5;3;16;0;2023;7;17;2;3;6;4;0;0;1;0;1;0;0;0;363421,125500000081956;5655620,491599999368191;7,052008149000073;51,035880204000080;1
180832;5230717601700157867;5;3;16;0;2023;7;18;2;3;5;3;0;0;1;0;0;0;0;0;359569,916199999861419;5655180,708399999886751;6,997285123000040;51,030999677000068;1
180834;5230717601300278615;5;3;15;0;2023;7;15;2;3;1;5;0;0;1;1;0;0;0;0;350914,601599999703467;5645205,253699999302626;6,878029810000044;50,939177018000066;1
180835;5230717601300193355;5;3;15;0;2023;7;12;2;3;6;7;0;0;1;0;1;0;0;0;353921,888199999928474;5646562,444599999114871;6,920258465000074;50,952143307000028;1
180838;5230717601100482887;5;3;15;0;2023;7;21;2;3;5;7;0;0;1;1;0;0;0;0;356574,146700000390410;5645656,440500000491738;6,958350144000065;50,944667282000069;1
180839;5230717600380393634;5;3;14;0;2023;7;11;2;3;0;7;0;0;1;0;0;0;0;0;369519,681900000199676;5616393,584100000560284;7,152926886000046;50,684725805000028;1
180840;5230717600330795282;5;3;82;48;2023;7;14;2;3;5;3;0;0;1;1;0;0;0;0;355936,888799999840558;5609853,531999999657273;6,963317394000057;50,622743743000058;1
180841;5230717600120681278;5;3;82;24;2023;7;22;2;2;0;1;2;0;1;0;0;0;0;0;371171,529000000096858;5617437,804999999701977;7,175933598000029;50,694479799000078;1
180843;5230717518320285920;5;1;70;52;2023;7;17;2;2;0;1;0;1;1;0;0;0;0;0;323286,745299999602139;5726003,770800000056624;6,445173829000055;51,657205931000078;1
180845;5230717518200079226;5;1;70;24;2023;7;14;2;3;5;3;0;0;1;0;0;0;0;1;335178,291100000031292;5702905,461799999698997;6,627755659000059;51,453305886000066;1
180846;5230717516900895475;5;1;58;26;2023;7;16;2;3;5;3;0;0;1;1;0;0;0;0;352239,974799999967217;5664418,157899999991059;6,889049872000044;51,112172505000046;1
180850;5230717505100476303;5;1;14;0;2023;7;17;2;3;5;3;0;0;1;1;0;0;0;0;330704,264999999664724;5689217,211799999698997;6,569950476000031;51,329013685000064;1
180853;5230717502408095101;5;1;17;0;2023;7;14;2;3;5;3;0;0;1;0;0;0;0;0;351543,985000000335276;5700232,546000000089407;6,864239076000047;51,433816039000078;1
180854;5230717502136278152;5;1;13;0;2023;7;7;2;3;5;2;0;0;1;1;0;0;0;0;364917,047600000165403;5704212,419900000095367;7,054985722000026;51,472927983000034;1
180864;5230717410110087456;5;7;70;24;2023;7;16;2;3;0;1;0;0;1;0;0;0;0;0;493981,111899999901652;5793223,727399999275804;8,911755641000070;52,289338519000069;1
180865;5230717404101686665;5;7;66;20;2023;7;16;2;3;0;7;0;0;1;1;0;0;0;0;491223,178999999538064;5754141,046700000762939;8,872328711000023;51,937918316000037;1
180868;5230717316100780438;5;9;74;40;2023;7;14;2;3;7;1;0;0;1;1;0;0;0;0;438000,936599999666214;5713479,895800000056624;8,105446416000063;51,568980317000069;1
180869;5230717315110985261;5;9;70;40;2023;7;17;2;3;5;3;0;0;1;1;0;0;0;0;434677,178899999707937;5635601,984200000762939;8,071687494000059;50,868407590000061;1
180871;5230717706100795147;5;5;58;16;2023;7;4;2;3;0;1;2;1;1;0;0;0;0;0;382227,096800000406802;5741641,189400000497699;7,291500756000062;51,813188591000028;1
180872;5230717307000780436;5;9;62;40;2023;7;13;2;3;5;3;0;0;1;1;0;0;0;0;416662,210900000296533;5698303,495899999514222;7,801209147000066;51,429797988000075;1
180873;5230717307000293927;5;9;62;4;2023;7;14;2;3;5;3;0;0;1;1;0;0;0;0;407451,402999999932945;5679767,690999999642372;7,673570500000039;51,261739955000053;1
180874;5230717301301980480;5;9;78;24;2023;7;8;2;3;5;3;0;0;1;1;0;0;0;0;398013,400799999944866;5721383,993499999865890;7,526352692000046;51,634212479000041;1
180878;5230716709300879126;5;5;66;84;2023;7;13;1;3;0;1;0;0;1;0;0;0;0;0;386320,245199999772012;5778577,940700000151992;7,338613603000056;52,145995282000058;1
180879;5230716705000396552;5;5;54;12;2023;7;19;1;3;4;2;0;1;1;1;0;0;0;0;352027,082000000402331;5745412,715199999511242;6,852083607000054;51,839897502000042;1
180880;5230716700000080913;5;5;13;0;2023;7;21;1;3;5;2;1;0;1;1;0;0;0;0;367094,677000000141561;5705539,414000000804663;7,085822402000076;51,485369056000081;1
180882;5230716608404185852;5;3;34;4;2023;7;14;1;3;1;5;0;0;1;1;0;0;0;0;301684,693500000052154;5640232,921199999749660;6,180824400000063;50,879692228000067;1
180883;5230716608332294884;5;3;34;32;2023;7;17;1;2;1;5;0;0;1;1;0;0;0;0;308327,530700000002980;5626359,583900000900030;6,282388522000076;50,757314587000053;1
180884;5230716608320077556;5;3;34;20;2023;7;13;1;2;0;1;0;0;1;0;0;0;0;0;304176,978199999779463;5604605,909900000318885;6,235118380000074;50,560526671000048;1
180885;5230716605116579451;5;3;74;16;2023;7;14;1;3;3;1;0;0;1;0;0;0;0;0;384632,243200000375509;5667607,297800000756979;7,350561692000042;51,148275554000065;1
180888;5230716601400090300;5;3;15;0;2023;7;14;1;2;0;1;0;0;1;0;0;0;0;0;358141,946000000461936;5648767,133999999612570;6,979440108000063;50,973010898000041;1
180889;5230716601300663938;5;3;15;0;2023;7;20;1;3;0;1;0;0;1;0;0;0;0;0;353177,878200000151992;5645809,376099999994040;6,909977013000059;50,945186744000068;1
180891;5230716600380086251;5;3;14;0;2023;7;11;1;3;6;4;0;0;1;0;1;0;0;0;370717,733500000089407;5616959,976700000464916;7,169679048000035;50,690084204000073;1
180896;5230716518100685872;5;1;70;48;2023;7;14;1;3;5;3;0;0;1;1;0;0;0;0;335293,005900000222027;5725422,633400000631809;6,618860330000075;51,655631436000078;1
180897;5230716516300486960;5;1;58;28;2023;7;14;1;3;5;2;0;0;1;1;0;0;0;0;347615,418600000441074;5684737,319299999624491;6,814404868000054;51,293542748000050;1
180899;5230716514114086012;5;1;66;24;2023;7;23;1;3;1;1;2;0;1;1;0;0;0;0;309503,262099999934435;5676494,299100000411272;6,272762014000023;51,208033183000055;1
180900;5230716506100982362;5;1;16;0;2023;7;15;1;3;5;3;0;0;1;1;0;0;0;0;320604,507199999876320;5674105,120300000533462;6,432710017000034;51,190165351000076;1
180902;5230716501222864600;5;1;12;0;2023;7;0;1;3;0;7;2;0;1;0;0;0;0;0;340199,213999999687076;5702112,510999999940395;6,700315316000058;51,447620887000028;1
180904;5230716411236478200;5;7;74;36;2023;7;16;1;3;2;2;0;0;1;0;0;0;0;0;472012,050999999977648;5722776,616000000387430;8,595412257000021;51,655284600000073;1
180905;5230716411232082084;5;7;74;32;2023;7;16;1;3;0;6;0;0;1;0;1;0;0;0;480186,254900000058115;5732497,600199999287724;8,713022507000062;51,743036569000026;1
180906;5230716407301987150;5;7;62;36;2023;7;14;1;3;0;1;0;0;1;0;0;0;0;0;510665,413399999961257;5704158,659299999475479;9,153613402000076;51,488475337000068;1
180911;5230716313123989351;5;9;58;16;2023;7;21;1;3;8;1;1;0;1;0;0;0;0;0;444830,014000000432134;5681597,853000000119209;8,208934203000069;51,283039194000025;1
180912;5230716307000475393;5;9;62;16;2023;7;11;1;2;5;3;0;0;1;1;0;0;0;0;416065,057300000451505;5692345,673599999397993;7,794030982000038;51,376149727000040;1
180914;5230716301101080688;5;9;13;0;2023;7;19;1;3;5;1;1;0;1;1;0;0;0;0;392523,407700000330806;5707430,238299999386072;7,451324548000059;51,507769502000031;1
180915;5230716300400037368;5;9;11;0;2023;7;6;1;2;0;1;0;0;1;0;0;0;0;0;371437,167899999767542;5699033,376199999824166;7,150694766000072;51,427902508000045;1
180916;5230716300100494446;5;9;11;0;2023;7;12;1;3;8;6;0;0;1;1;0;0;0;0;377021,860000000335276;5706950,722999999299645;7,228231064000056;51,500299039000026;1
180918;5230715706200203166;5;5;58;20;2023;7;7;7;3;5;2;0;0;1;1;0;0;0;0;391301,610000000335276;5759031,143400000408292;7,417604603000029;51,971322760000078;1
180919;5230715705000403116;5;5;54;36;2023;7;11;7;3;5;3;0;0;1;0;0;0;0;0;369293,349999999627471;5766134,514000000432134;7,094681605000062;52,030414149000080;1
180921;5230715702100064165;5;5;15;0;2023;7;10;7;2;0;7;0;0;1;0;0;0;0;1;406834,706500000320375;5760996,997899999842048;7,643122208000023;51,991813737000030;1
180929;5230715603228978208;5;3;66;28;2023;7;8;7;3;0;3;0;1;1;1;0;0;0;0;334164,591000000014901;5609866,346000000834465;6,655763790000037;50,617074272000082;1
180931;5230715601200190618;5;3;15;0;2023;7;11;7;3;0;1;0;1;1;0;0;0;0;0;353813,573900000192225;5642281,554800000041723;6,920434514000021;50,913644900000065;1
180932;5230715516900987313;5;1;58;26;2023;7;10;7;3;5;3;0;1;1;1;0;0;0;0;352995,114400000311434;5663195,672900000587106;6,900328277000028;51,101381095000079;1
180933;5230715516900791362;5;1;58;26;2023;7;21;7;3;5;3;1;1;1;1;0;0;0;0;352093,496600000187755;5659989,079299999400973;6,888772584000037;51,072333950000029;1
180935;5230715515110040482;5;1;54;4;2023;7;17;7;3;5;3;0;0;1;1;0;0;0;0;302705,065000000409782;5738998,433000000193715;6,140637273000038;51,767055367000069;1
180938;5230715502147981322;5;1;13;0;2023;7;12;7;3;0;1;0;1;1;0;0;0;0;0;368091,546299999579787;5703276,872600000351667;7,101016123000022;51,465269396000053;1
180941;5230715500100569713;5;1;11;0;2023;7;12;7;3;1;5;0;1;1;1;0;0;0;0;344861,854600000195205;5676779,187999999150634;6,778393999000059;51,221292824000045;1
180942;5230715500100491712;5;1;11;0;2023;7;21;7;2;0;1;1;1;1;0;0;0;0;0;342235,906799999997020;5677815,361899999901652;6,740364972000066;51,229883400000062;1
180943;5230715407301987320;5;7;62;36;2023;7;14;7;3;5;3;0;1;1;1;0;0;0;0;510675,984000000171363;5704169,673599999397993;9,153765982000039;51,488574175000053;1
180944;5230715405148987311;5;7;54;48;2023;7;11;7;2;4;6;0;0;1;1;0;1;0;0;444360,518799999728799;5768545,843100000172853;8,188348661000020;52,064705747000062;1
180945;5230715405116987314;5;7;54;48;2023;7;12;7;2;0;1;0;1;1;0;0;0;0;0;441619,570000000298023;5765055,231000000610948;8,148965588000067;52,033043420000070;1
180946;5230715405108196870;5;7;54;8;2023;7;20;7;3;0;1;0;0;1;0;0;0;0;0;457157,628399999812245;5750661,491699999198318;8,377249146000054;51,905055092000055;1
180947;5230715404302576140;5;7;66;8;2023;7;10;7;3;6;4;0;0;1;0;1;0;0;0;478617,594100000336766;5768515,778500000014901;8,688067605000072;52,066817342000036;1
180948;5230715400300076092;5;7;11;0;2023;7;12;7;3;0;1;0;1;1;0;0;0;0;0;466029,024799999780953;5760619,778899999335408;8,505212332000042;51,995198703000028;1
180951;5230715316200289251;5;9;74;52;2023;7;14;7;3;0;6;0;1;1;1;0;0;0;0;424564,674999999813735;5712485,012000000104308;7,911829116000035;51,558398709000073;1
180952;5230715316100894251;5;9;74;40;2023;7;12;7;3;5;3;0;1;1;1;0;0;0;0;439155,899000000208616;5712215,678999999538064;8,122327524000070;51,557740109000065;1
180953;5230715307000680375;5;9;62;40;2023;7;3;7;2;0;1;2;0;1;0;0;0;0;0;416264,076999999582767;5699187,771700000390410;7,795274356000050;51,437688789000049;1
180955;5230715303100374794;5;9;15;0;2023;7;18;7;3;5;3;0;0;1;0;0;0;0;0;418803,840900000184774;5725552,643899999558926;7,825717767000071;51,675072419000060;1
180959;5230715301202375442;5;9;13;0;2023;7;16;7;3;5;3;0;0;1;1;0;0;0;0;392589,112300000153482;5709910,730900000780821;7,451514870000040;51,530077688000063;1
180961;5230715300200795844;5;9;11;0;2023;7;19;7;3;0;1;0;0;1;0;0;0;0;0;370209,460199999623001;5703632,103000000119209;7,131358072000069;51,468951529000037;1
180963;5230714706100081082;5;5;58;16;2023;7;15;6;3;0;3;0;0;1;1;0;0;0;0;379940,661000000312924;5744614,524000000208616;7,257317289000071;51,839423715000066;1
180964;5230714706000091824;5;5;58;16;2023;7;8;6;3;5;3;0;1;1;1;0;0;0;0;380810,281200000084937;5744144,582900000736117;7,270095649000041;51,835386591000031;1
180966;5230714702100896673;5;5;15;0;2023;7;17;6;3;5;3;0;0;1;1;0;0;0;0;399527,757000000216067;5756668,526399999856949;7,538005386000066;51,951635342000031;1
180967;5230714701910975477;5;5;62;8;2023;7;19;6;3;1;5;0;0;1;1;0;0;0;0;383991,446899999864399;5721419,677600000053644;7,323819497000045;51,631816358000037;1
180971;5230714610111494837;5;3;70;16;2023;7;7;6;3;8;1;0;0;1;0;0;0;0;0;295526,276999999769032;5663577,271999999880791;6,080265567000026;51,087199442000042;1
180972;5230714608100186855;5;3;34;2;2023;7;13;6;3;2;6;0;0;1;1;0;0;0;0;294933,872000000439584;5628678,789100000634789;6,091447930000072;50,773567049000064;1
180973;5230714607500078278;5;3;82;56;2023;7;20;6;3;0;1;0;0;1;0;0;0;0;0;372862,506400000303984;5626714,382200000807643;7,196663133000072;50,778234009000073;1
180974;5230714603116695254;5;3;66;16;2023;7;15;6;3;1;3;0;0;1;1;0;0;0;0;343197,809299999848008;5614551,398499999195337;6,781369565000034;50,661674118000064;1