OID_;UIDENTSTLAE;ULAND;UREGBEZ;UKREIS;UGEMEINDE;UJAHR;UMONAT;USTUNDE;UWOCHENTAG;UKATEGORIE;UART;UTYP1;ULICHTVERH;IstStrassenzustand;IstRad;IstPKW;IstFuss;IstKrad;IstGkfz;IstSonstige;LINREFX;LINREFY;XGCSWGS84;YGCSWGS84;PLST
180975;5230714602700779483;5;3;62;28;2023;7;16;6;3;7;1;0;0;1;0;0;0;0;0;349043,638600000180304;5639024,315300000831485;6,853976631000023;50,883146394000050;1
180976;5230714602500380844;5;3;62;24;2023;7;13;6;3;2;2;0;0;1;1;0;0;0;0;346593,816999999806285;5641865,876000000163913;6,817982814000061;50,908035812000037;1
180979;5230714601400686356;5;3;15;0;2023;7;15;6;3;5;3;0;0;1;1;0;0;0;0;349971,319299999624491;5653278,857000000774860;6,861282352000046;51,011484010000061;1
180980;5230714601100987301;5;3;15;0;2023;7;15;6;3;5;3;0;0;1;1;0;0;0;0;355793,463000000454485;5644596,255999999120831;6,947664454000062;50,934944851000068;1
180984;5230714600110678244;5;3;14;0;2023;7;17;6;3;0;1;0;0;1;0;0;0;0;0;365570,243499999865890;5622007,724199999123812;7,095006674000047;50,734286511000050;1
180985;5230714600110186285;5;3;14;0;2023;7;10;6;3;5;3;0;0;1;1;0;0;0;0;364024,560700000263751;5620623,360600000247359;7,073626559000047;50,721484282000063;1
180987;5230714515211076311;5;1;54;16;2023;7;18;6;3;5;3;0;0;1;1;0;0;0;0;302426,723899999633431;5731214,809299999848008;6,141025853000031;51,697059118000027;1
180990;5230714514215082323;5;1;66;28;2023;7;19;6;3;0;7;0;0;1;1;0;0;0;0;325767,763000000268221;5689356,615000000223517;6,499095829000055;51,328775201000042;1
180991;5230714514210085957;5;1;66;12;2023;7;16;6;3;0;3;0;0;1;0;0;0;0;1;320360,097500000149012;5693600,646099999547005;6,419416372000057;51,365216452000027;1
180992;5230714514111081680;5;1;66;32;2023;7;14;6;3;8;1;0;0;1;0;0;0;0;0;314793,237800000235438;5682051,199699999764562;6,345534841000074;51,259687685000074;1
180993;5230714513130095620;5;1;62;22;2023;7;19;6;3;0;1;0;0;1;0;0;0;0;0;340405,718200000002980;5679316,241699999198318;6,713504968000052;51,242859926000051;1
180997;5230714502321495450;5;1;13;0;2023;7;9;6;3;0;7;0;0;1;0;0;0;0;0;357576,680999999865890;5704220,496999999508262;6,949361894000049;51,471200509000028;1
180998;5230714502210778344;5;1;13;0;2023;7;13;6;3;0;7;0;0;1;1;0;0;0;0;360503,993200000375509;5697403,856200000271201;6,994167954000034;51,410673414000030;1
181000;5230714501212291572;5;1;12;0;2023;7;9;6;3;5;2;0;0;1;1;0;0;0;0;341119,662999999709427;5697757,459000000730157;6,715503177000073;51,408751118000055;1
181002;5230714500300645580;5;1;11;0;2023;7;14;6;3;1;5;0;0;1;1;0;0;0;0;344914,037899999879301;5676427,128299999982119;6,779292953000038;51,218143605000080;1
181004;5230714500200581020;5;1;11;0;2023;7;12;6;3;1;5;0;0;1;1;0;0;0;0;345813,850200000219047;5679193,916200000792742;6,790976680000028;51,243248159000075;1
181005;5230714411132987307;5;7;74;32;2023;7;15;6;3;5;3;0;0;1;0;0;0;0;1;482638,007600000128150;5732940,648600000888109;8,748510587000055;51,747101472000054;1
181006;5230714411132651316;5;7;74;32;2023;7;14;6;3;1;1;0;0;1;1;0;0;0;0;483635,320100000128150;5730198,137000000104308;8,763085547000060;51,722472778000053;1
181008;5230714410110387062;5;7;70;24;2023;7;17;6;3;1;3;0;0;1;1;0;0;0;0;493849,256799999624491;5793582,065400000661612;8,909815942000023;52,292558697000061;1
181009;5230714407201090680;5;7;62;4;2023;7;18;6;3;5;2;0;0;1;1;0;0;0;0;502263,604700000025332;5731316,566899999976158;9,032778038000060;51,732763243000079;1
181012;5230714315110080511;5;9;70;40;2023;7;16;6;3;0;7;0;0;1;1;0;0;0;0;431377,889000000432134;5636916,496999999508262;8,024561167000059;50,879844607000052;1
181013;5230714313211987300;5;9;58;12;2023;7;13;6;3;5;3;0;0;1;1;0;0;0;0;470963,054499999620020;5694132,848999999463558;8,582610128000056;51,397682475000067;1
181015;5230714307000380436;5;9;62;40;2023;7;13;6;3;0;1;0;0;1;0;0;0;0;0;411748,264999999664724;5701373,973999999463558;7,729775912000036;51,456656329000054;1
181016;5230714307000080391;5;9;62;16;2023;7;20;6;3;0;1;0;0;1;0;0;0;0;0;413893,228699999861419;5692385,416099999099970;7,762824446000025;51,376181742000028;1
181018;5230714301303587444;5;9;13;0;2023;7;14;6;3;2;2;0;0;1;0;0;0;0;0;402112,620699999853969;5706288,775699999183416;7,589769122000064;51,499251507000054;1
181020;5230714301201485580;5;9;13;0;2023;7;23;6;2;1;1;2;0;1;0;0;0;0;1;390169,514800000004470;5706838,770999999716878;7,417604275000031;51,502000606000081;1
181023;5230713709300574742;5;5;66;84;2023;7;15;5;3;0;7;0;1;1;1;0;0;0;0;390029,427600000053644;5775943,822100000455976;7,393650342000058;52,123072861000026;1
181024;5230713702100376693;5;5;15;0;2023;7;17;5;2;5;2;0;0;1;1;0;0;0;0;406162,697499999776483;5752397,819099999964237;7,635686147000058;51,914407097000037;1
181026;5230713701300589486;5;5;62;14;2023;7;16;5;3;5;2;0;1;1;0;0;1;0;0;361225,040500000119209;5713211,916500000283122;6,998317482000061;51,552906000000064;1
181027;5230713701200389700;5;5;62;20;2023;7;16;5;3;1;5;0;1;1;1;0;0;0;0;367651,621799999848008;5718407,754499999806285;7,088999460000025;51,601143169000068;1
181030;5230713608200567563;5;3;34;2;2023;7;16;5;3;0;1;0;0;1;1;0;0;0;0;297616,642199999652803;5628522,973600000143051;6,129533379000065;50,773109723000061;1
181032;5230713608100694757;5;3;34;2;2023;7;20;5;3;0;3;1;0;1;1;0;0;0;0;294824,837600000202656;5629009,204099999740720;6,089719262000074;50,776496033000058;1
181033;5230713608100180740;5;3;34;2;2023;7;16;5;3;0;7;0;0;1;0;0;0;0;0;292110,497499999590218;5630308,754899999126792;6,050537365000025;50,787200768000048;1
181034;5230713607300086273;5;3;82;52;2023;7;7;5;2;8;1;0;0;1;0;0;0;0;0;392595,264000000432134;5631605,687000000849366;7,475009130000046;50,826195769000037;1
181035;5230713602700485768;5;3;62;28;2023;7;8;5;3;0;7;0;0;1;0;0;0;0;0;351912,661700000055134;5638707,265399999916553;6,894861935000051;50,881039660000056;1
181041;5230713601200062762;5;3;15;0;2023;7;13;5;3;6;4;0;0;1;0;1;0;0;0;352519,623999999836087;5644078,845000000670552;6,901313857000048;50,929467213000066;1
181045;5230713600110981222;5;3;14;0;2023;7;16;5;3;5;3;0;0;1;0;0;1;0;0;362719,908400000073016;5623663,986899999901652;7,054022304000057;50,748505831000045;1
181048;5230714518120065302;5;1;70;44;2023;7;16;6;3;1;5;0;0;1;1;0;0;0;0;340449,594499999657273;5718427,650599999353290;6,696528397000066;51,594273969000028;1
181052;5230713513210494868;5;1;62;24;2023;7;10;5;3;5;3;0;0;1;1;0;0;0;0;340924,088000000454485;5674887,229000000283122;6,722890697000025;51,203209848000029;1
181053;5230713508000682166;5;1;19;0;2023;7;8;5;3;5;3;0;0;1;1;0;0;0;0;352188,276800000108778;5705503,442099999636412;6,871298370000034;51,481346588000065;1
181055;5230713502249077494;5;1;13;0;2023;7;10;5;3;0;7;0;0;1;0;0;0;0;0;357504,888100000098348;5692682,616699999198318;6,952967449000028;51,367501944000026;1
181057;5230713500300987386;5;1;11;0;2023;7;16;5;3;3;2;0;0;1;1;0;0;0;0;348438,917000000365078;5675199,972999999299645;6,830245681000065;51,208063303000074;1
181058;5230713500300987286;5;1;11;0;2023;7;12;5;3;0;1;0;0;1;0;0;0;0;0;344208,911799999885261;5672905,819900000467896;6,770732804000033;51,186311384000078;1
181059;5230713500300201484;5;1;11;0;2023;7;15;5;3;3;2;0;0;1;0;0;0;0;0;350991,612499999813735;5670522,141200000420213;6,868703322000044;51,166700084000070;1
181060;5230713500100179112;5;1;11;0;2023;7;7;5;3;7;7;0;0;1;0;0;0;0;0;340749,718899999745190;5679741,192099999636412;6,718240227000024;51,246774232000064;1
181061;5230713500100168383;5;1;11;0;2023;7;15;5;2;5;3;0;0;1;1;0;0;0;0;340844,339300000108778;5678544,558399999514222;6,720126646000040;51,236048888000028;1
181063;5230713410220096867;5;7;70;8;2023;7;16;5;3;5;3;0;0;1;1;0;0;0;0;474239,214999999850988;5803999,112999999895692;8,621493013000077;52,385640967000029;1
181065;5230713405244374550;5;7;54;44;2023;7;13;5;3;5;3;0;0;1;1;0;0;0;0;470077,028900000266731;5745960,938799999654293;8,565444398000068;51,863636797000026;1
181068;5230713313121589280;5;9;58;8;2023;7;17;5;3;5;3;0;0;1;1;0;0;0;0;456755,224399999715388;5689484,062500000000000;8,378957156000070;51,354978192000033;1
181069;5230713307000080600;5;9;62;40;2023;7;17;5;3;0;1;0;0;1;0;0;0;0;0;418473,155199999921024;5697030,318099999800324;7,827546111000061;51,418615636000027;1
181071;5230713301202080694;5;9;13;0;2023;7;18;5;2;0;1;0;1;1;0;0;0;0;0;392952,252999999560416;5707565,648000000044703;7,457460437000066;51,509068031000027;1
181074;5230713301101987303;5;9;13;0;2023;7;15;5;3;0;6;0;0;1;1;0;0;0;0;392089,540199999697506;5707190,962400000542402;7,445148460000041;51,505536104000043;1
181075;5230713301101172180;5;9;13;0;2023;7;13;5;3;0;7;0;0;1;0;0;0;0;0;394241,941800000146031;5706427,923000000417233;7,476378677000071;51,499084412000059;1
181078;5230712706000881061;5;5;58;16;2023;7;11;4;3;5;3;0;0;1;1;0;0;0;0;381464,104000000283122;5743877,088999999687076;7,279672153000035;51,833121729000027;1
181080;5230714400300966202;5;7;11;0;2023;7;12;6;3;5;3;0;0;1;1;0;0;0;0;469421,441399999894202;5756187,794199999421835;8,555016141000067;51,955549132000044;1
181081;5230712700000095201;5;5;13;0;2023;7;14;4;3;0;2;0;0;1;1;0;0;0;0;364128,450500000268221;5715510,514200000092387;7,039280935000022;51,574268730000028;1
181082;5230712609224299586;5;3;58;24;2023;7;7;4;3;5;3;0;1;1;1;0;0;0;0;315944,315000000409782;5643434,953999999910593;6,381685451000067;50,913174626000057;1
181085;5230712608436071710;5;3;34;36;2023;7;22;4;3;0;1;2;0;1;0;0;0;0;0;297892,629399999976158;5633686,414499999955297;6,130601915000057;50,819581589000052;1
181086;5230712608404880836;5;3;34;4;2023;7;14;4;3;5;3;0;0;1;1;0;0;0;0;302444,405899999663234;5638776,369200000539422;6,192397020000044;50,866869835000045;1
181088;5230712608100185695;5;3;34;2;2023;7;21;4;3;0;7;0;0;1;0;0;0;0;0;294192,031799999997020;5628880,056399999186397;6,080827990000046;50,775111961000050;1
181089;5230712608100064213;5;3;34;2;2023;7;16;4;2;5;2;0;0;1;0;0;0;0;0;292946,119199999608099;5630315,157400000840425;6,062372596000046;50,787557258000049;1
181090;5230712607400993414;5;3;82;44;2023;7;21;4;3;0;1;0;0;1;0;0;0;0;0;360349,758200000040233;5632835,970300000160933;7,016960320000067;50,830373216000055;1
181091;5230712607400293636;5;3;82;68;2023;7;17;4;3;0;1;0;0;1;0;0;0;0;0;371326,878299999982119;5630862,946000000461936;7,173439932000065;50,815183617000059;1
181092;5230712607100281240;5;3;82;28;2023;7;16;4;3;0;1;0;0;1;0;0;0;0;0;377476,876000000163913;5635622,072000000625849;7,259105949000059;50,859295264000082;1
181094;5230712605144281771;5;3;74;44;2023;7;16;4;3;6;7;0;0;1;0;1;0;0;0;402501,343000000342727;5636718,096999999135733;7,614253572000052;50,873910061000061;1
181096;5230715514210082323;5;1;66;12;2023;7;14;7;3;5;3;0;0;1;1;0;0;0;0;320071,223399999551475;5694988,975600000470877;6,414568380000048;51,377596062000066;1
181097;5230712602700089850;5;3;62;28;2023;7;17;4;3;5;2;0;0;1;1;0;0;0;0;351671,876400000415742;5638695,983400000259280;6,891446100000053;50,880876514000079;1
181099;5230712602300032752;5;3;62;36;2023;7;16;4;3;0;1;0;0;1;0;0;0;0;0;343415,948699999600649;5654963,109099999070168;6,767180192000069;51,024870869000040;1
181100;5230712602200075587;5;3;62;4;2023;7;12;4;1;5;3;0;0;1;1;0;0;0;0;332689,224999999627471;5652736,420399999246001;6,615385910000043;51,001843299000029;1
181101;5230712601700551186;5;3;16;0;2023;7;13;4;3;3;6;0;0;1;0;0;0;0;0;360280,291500000283122;5658254,349700000137091;7,006223543000033;51,058795571000076;1
181108;5230712600340031258;5;3;82;64;2023;7;20;4;3;8;1;0;0;1;0;0;0;0;0;352704,047799999825656;5620016,829399999231100;6,913599286000021;50,713274264000063;1
181110;5230712600140595400;5;3;14;0;2023;7;18;4;3;0;1;0;0;1;0;0;0;0;0;367020,259700000286102;5622604,838199999183416;7,115327359000048;50,739987192000058;1
181111;5230712600110987277;5;3;14;0;2023;7;20;4;3;0;7;0;0;1;0;0;0;0;0;365087,388500000350177;5621946,777499999850988;7,088190538000049;50,733626772000036;1
181116;5230712516800858550;5;1;58;20;2023;7;12;4;3;3;6;0;0;1;1;0;0;0;0;355127,568599999882281;5665854,876700000837445;6,929696698000043;51,125820716000078;1
181117;5230712513310973737;5;1;62;8;2023;7;18;4;3;5;3;0;0;1;0;0;0;0;1;332333,334999999962747;5663416,687999999150634;6,605372357000022;51,097697408000045;1
181118;5230712513210586831;5;1;62;24;2023;7;15;4;3;5;3;0;0;1;1;0;0;0;0;335832,296000000089407;5669750,307800000533462;6,652414887000020;51,155615860000069;1
181119;5230712513210056505;5;1;62;24;2023;7;12;4;3;5;3;0;0;1;1;0;0;0;0;339274,979600000195205;5673724,941700000315905;6,699825009000051;51,192305185000066;1
181122;5230712506100073744;5;1;16;0;2023;7;12;4;3;3;2;0;0;1;1;0;0;0;0;321567,299899999983609;5675782,511600000783801;6,445639946000028;51,205535157000043;1
181123;5230712502404791613;5;1;17;0;2023;7;18;4;2;0;7;0;0;1;0;0;0;0;0;353644,667999999597669;5702976,923000000417233;6,893303465000031;51,459022788000027;1
181125;5230712501114177675;5;1;12;0;2023;7;9;4;3;0;1;0;1;1;0;0;0;0;0;346753,968999999575317;5707159,359999999403954;6,792379097000037;51,494778986000028;1
181127;5230712500300469055;5;1;11;0;2023;7;10;4;2;2;2;0;0;1;1;0;0;0;0;344723,081399999558926;5675961,778200000524521;6,776762304000044;51,213910353000074;1
181134;5230712406210578134;5;7;58;4;2023;7;15;4;3;5;2;0;0;1;0;0;0;0;0;471522,868999999947846;5783601,005999999120831;8,583306912000069;52,202121966000050;1
181136;5230712400200096956;5;7;11;0;2023;7;14;4;3;5;2;0;0;1;1;0;0;0;0;467239,637000000104308;5762892,756999999284744;8,522626869000021;52,015706970000053;1
181139;5230712317130718497;5;9;78;12;2023;7;13;4;3;5;3;0;0;1;1;0;0;0;0;414591,392099999822676;5703044,305500000715256;7,770283702000029;51,472108238000033;1
181141;5230712316400084994;5;9;74;44;2023;7;18;4;3;1;1;0;0;1;1;0;0;0;0;453881,144999999552965;5699615,394999999552965;8,336368059000051;51,445845779000081;1
181142;5230712313130494382;5;9;58;44;2023;7;16;4;3;5;2;0;0;1;1;0;0;0;0;430969,510099999606609;5686062,109999999403954;8,009357555000065;51,321664746000067;1
181143;5230712313110585014;5;9;58;4;2023;7;10;4;3;1;5;0;0;1;1;0;0;0;0;428451,295900000259280;5700226,842199999839067;7,970371252000064;51,448700949000056;1
181144;5230712303100589418;5;9;15;0;2023;7;17;4;3;5;3;0;0;1;1;0;0;0;0;422812,179100000299513;5726832,032800000160933;7,883392450000031;51,687138940000068;1
181145;5230712302100885302;5;9;14;0;2023;7;14;4;2;3;1;0;0;1;0;0;0;0;1;392961,392799999564886;5690689,349899999797344;7,462693042000069;51,357375801000046;1
181146;5230712302100099357;5;9;14;0;2023;7;17;4;3;5;3;0;0;1;1;0;0;0;0;394099,114000000059605;5690152,581399999558926;7,479186771000059;51,352764136000076;1
181147;5230712301202484932;5;9;13;0;2023;7;12;4;3;4;2;0;0;1;1;0;0;0;0;392714,884499999694526;5708710,303799999877810;7,453692941000043;51,519311668000057;1
181150;5230711709300874742;5;5;66;84;2023;7;16;3;3;8;1;0;0;1;0;0;0;0;0;390052,104299999773502;5775703,776699999347329;7,394059003000052;52,120920027000068;1
181151;5230711705000987231;5;5;54;68;2023;7;7;3;3;3;3;0;0;1;1;0;0;0;0;350578,119300000369549;5766906,304800000041723;6,821731377000049;52,032622603000050;1
181154;5230711702100073310;5;5;15;0;2023;7;15;3;3;5;3;0;0;1;0;0;0;0;0;406321,331100000068545;5758872,748600000515580;7,636227670000039;51,972633703000042;1
181156;5230711609108399706;5;3;58;8;2023;7;10;3;3;5;2;0;0;1;1;0;0;0;0;323071,143000000156462;5630113,373999999836087;6,489400603000036;50,795721339000067;1
181157;5230711608416471804;5;3;34;16;2023;7;14;3;3;3;6;0;0;1;1;0;0;0;0;295140,782300000078976;5639619,940099999308586;6,088268303000063;50,871904564000033;1
181158;5230711608416189901;5;3;34;16;2023;7;16;3;3;0;1;0;0;1;0;0;0;0;0;297366,398299999535084;5641902,772199999541044;6,118593402000045;50,893191779000063;1
181159;5230711608332180754;5;3;34;32;2023;7;15;3;2;0;3;0;0;1;0;0;1;0;0;307991,231200000271201;5626020,413100000470877;6,277802932000043;50,754156760000058;1
181161;5230711608100077500;5;3;34;2;2023;7;10;3;3;4;2;0;0;1;1;0;0;0;0;292531,136800000444055;5628784,988900000229478;6,057356570000024;50,773666534000029;1
181162;5230711607100781193;5;3;82;28;2023;7;16;3;3;4;3;0;0;1;0;0;0;0;0;378468,644000000320375;5640224,926999999210238;7,271660516000054;50,900877755000067;1
181164;5230711601700886512;5;3;15;0;2023;7;17;3;3;0;1;0;0;1;0;0;0;0;0;362252,751000000163913;5651248,141000000759959;7,037014728000031;50,996306187000073;1
181166;5230711601600299865;5;3;15;0;2023;7;16;3;3;9;3;0;0;1;0;0;0;1;0;365055,792500000447035;5638234,930600000545382;7,081755353000062;50,880013611000038;1
181167;5230711601600086471;5;3;15;0;2023;7;20;3;3;3;6;0;0;1;1;0;0;0;0;359531,906000000424683;5644898,606599999591708;7,000718019000033;50,938584800000058;1
181170;5230711601100971700;5;3;15;0;2023;7;12;3;3;0;6;0;0;1;0;0;0;0;0;356416,862300000153482;5645335,875700000673532;6,956239105000066;50,941747260000056;1
181171;5230711600380395314;5;3;14;0;2023;7;17;3;3;5;2;0;0;1;1;0;0;0;0;368481,815999999642372;5617203,713700000196695;7,137954844000035;50,691773763000072;1
181172;5230711600120078251;5;3;82;24;2023;7;21;3;3;0;1;0;1;1;0;0;0;0;0;371268,245000000111759;5617181,596499999985099;7,177391521000061;50,692198303000055;1
181173;5230711600110075870;5;3;14;0;2023;7;15;3;3;0;1;0;0;1;0;0;0;0;0;366619,693400000222027;5618788,838300000876188;7,111033506000069;50,705596987000035;1
181174;5230711518400878905;5;1;70;8;2023;7;18;3;3;0;6;0;0;1;0;0;0;0;0;342997,950500000268221;5714812,363600000739098;6,734904576000076;51,562508114000082;1
181176;5230711516300981325;5;1;58;28;2023;7;11;3;3;3;2;0;0;1;0;0;0;0;0;348285,650700000114739;5687297,875800000503659;6,822921483000073;51,316729681000027;1
181178;5230711513310989891;5;1;62;8;2023;7;19;3;3;0;1;0;0;1;0;0;0;0;0;329788,667799999937415;5662279,905600000172853;6,569599709000045;51,086734589000059;1
181179;5230711513210074060;5;1;62;24;2023;7;12;3;3;5;3;0;0;1;1;0;0;0;0;342613,825100000016391;5670635,983799999579787;6,748920826000074;51,165479319000042;1
181183;5230711503200980441;5;1;24;0;2023;7;12;3;3;0;1;0;0;1;0;0;0;0;0;377164,549999999813735;5682069,536000000312924;7,238893733000054;51,276707228000078;1
181184;5230711503200391166;5;1;24;0;2023;7;19;3;3;2;2;0;0;1;0;0;0;0;0;373248,578800000250340;5681511,523199999704957;7,182977716000039;51,270834338000043;1
181185;5230711502210495702;5;1;13;0;2023;7;19;3;3;0;7;0;0;1;0;0;0;0;0;361195,921000000089407;5699498,772500000894070;7,003290331000073;51,429668939000067;1
181188;5230712516300185464;5;1;58;28;2023;7;21;4;3;5;3;1;0;1;1;0;0;0;0;349070,275999999605119;5689356,109799999743700;6,833300341000040;51,335432752000031;1
181191;5230711500200789328;5;1;11;0;2023;7;8;3;3;5;5;0;0;1;1;0;0;0;0;350798,794700000435114;5680674,548000000417233;6,861724456000047;51,257878503000029;1
181193;5230712601300078500;5;3;15;0;2023;7;17;4;3;5;2;0;0;1;1;0;0;0;0;353674,713100000284612;5646906,097100000828505;6,916603740000028;50,955168884000045;1
181194;5230711500100678898;5;1;11;0;2023;7;18;3;3;0;1;0;0;1;0;0;0;0;0;346208,132000000216067;5676999,215199999511242;6,797563198000034;51,223634135000054;1
181195;5230711411224787923;5;7;74;24;2023;7;19;3;3;0;1;0;0;1;0;0;0;0;0;475701,598600000143051;5741742,546000000089407;8,647421641000051;51,825982445000079;1
181196;5230711411132051247;5;7;74;32;2023;7;10;3;3;5;3;0;0;1;1;0;0;0;0;483461,595499999821186;5728901,788200000301003;8,760632072000021;51,710811800000045;1
181197;5230711410110089300;5;7;70;24;2023;7;9;3;3;0;5;0;0;1;1;0;0;0;1;492297,660199999809265;5794740,246200000867248;8,887039517000062;52,302951742000062;1
181198;5230711406220987235;5;7;58;24;2023;7;10;3;3;5;3;0;0;1;1;0;0;0;0;484060,263399999588728;5783495,837899999693036;8,766763637000054;52,201681616000030;1
181200;5230711405220987250;5;7;54;20;2023;7;17;3;2;0;1;0;0;1;0;0;0;0;0;447289,952399999834597;5749333,571499999612570;8,234029566000061;51,892270406000080;1
181201;5230711405148596961;5;7;54;48;2023;7;10;3;2;5;2;0;0;1;1;0;0;0;0;441795,674499999731779;5765765,510700000450015;8,151411532000054;52,039447287000030;1
181202;5230711405116796804;5;7;54;16;2023;7;19;3;3;5;3;0;0;1;1;0;0;0;0;447264,103299999609590;5756760,810799999162555;8,232515901000056;51,959040821000031;1
181203;5230711405116506681;5;7;54;16;2023;7;16;3;3;5;3;0;0;1;1;0;0;0;0;447257,474000000394881;5756773,203999999910593;8,232417529000031;51,959151610000049;1
181204;5230712601500293361;5;3;15;0;2023;7;12;4;3;4;6;0;0;1;1;0;0;0;0;360219,511199999600649;5650140,213600000366569;7,008484703000022;50,985858876000066;1
181205;5230711405112678030;5;7;54;12;2023;7;19;3;2;5;3;0;0;1;1;0;0;0;0;456032,393099999986589;5768006,218699999153614;8,358670728000050;52,060903849000056;1
181206;5230711316500535154;5;9;74;20;2023;7;11;3;3;5;2;0;0;1;1;0;0;0;0;465521,597000000067055;5720968,048000000417233;8,501769401000047;51,638662801000066;1
181208;5230711316300590687;5;9;74;16;2023;7;18;3;3;5;2;0;0;1;1;0;0;0;0;450328,832399999722838;5717486,087099999189377;8,282735645000059;51,606220451000070;1
181212;5230711310110680518;5;9;54;16;2023;7;11;3;3;0;1;0;0;1;0;0;0;0;0;370413,122499999590218;5693653,332000000402331;7,137938030000043;51,379318167000065;1
181213;5230711301201569351;5;9;13;0;2023;7;9;3;3;4;3;0;0;1;1;0;0;0;0;392836,075899999588728;5708741,641400000080466;7,455429466000055;51,519616351000082;1
181214;5230714602100986850;5;3;62;16;2023;7;15;6;2;4;6;0;0;1;0;0;0;0;0;327173,595399999991059;5645408,239800000563264;6,540331855000034;50,934374914000045;1
181215;5230711301101084922;5;9;13;0;2023;7;19;3;3;6;7;0;0;1;0;1;0;0;0;393429,577999999746680;5708134,039000000804663;7,464164122000057;51,514267230000030;1
181216;5230711300800002174;5;9;54;36;2023;7;12;3;3;0;1;0;0;1;0;0;0;0;0;383829,608699999749660;5699804,167500000447035;7,328614477000031;51,437506459000076;1
181217;5230711300700987296;5;9;16;0;2023;7;12;3;3;3;6;0;0;1;0;0;0;0;1;372625,100800000131130;5709596,642999999225140;7,163964546000045;51,523104471000067;1
181219;5230711300100073250;5;9;11;0;2023;7;17;3;3;5;7;0;0;1;1;0;0;0;0;373943,002999999560416;5707790,800000000745058;7,183596840000064;51,507170729000052;1
181220;5230710711400391693;5;5;70;28;2023;7;16;2;3;0;5;0;0;1;1;0;0;0;1;440943,003499999642372;5742247,799799999222159;8,143018956000049;51,827931740000054;1
181222;5230710705000987215;5;5;54;56;2023;7;15;2;2;0;3;0;0;1;1;0;0;0;0;357217,545800000429153;5762137,217000000178814;6,920438412000067;51,991521376000037;1
181233;5230710601400025331;5;3;15;0;2023;7;7;2;3;4;1;0;0;1;0;0;0;0;0;356278,955000000074506;5654915,184800000861287;6,950488808000046;51,027800005000074;1
181235;5230710601100781782;5;3;15;0;2023;7;14;2;3;0;5;0;0;1;1;0;0;0;0;355454,623999999836087;5645171,570000000298023;6,942617218000066;50,940030255000067;1
181236;5230710600330987430;5;3;82;48;2023;7;14;2;3;5;2;0;0;1;1;0;0;0;0;352718,937300000339746;5613080,309900000691414;6,916573355000025;50,650939303000030;1
181238;5230710600310786308;5;3;14;0;2023;7;11;2;3;5;3;0;0;1;1;0;0;0;0;362704,758999999612570;5618252,021999999880791;7,055822342000056;50,699860915000045;1
181239;5230710600110987221;5;3;14;0;2023;7;17;2;3;5;3;0;0;1;1;0;0;0;0;362022,595300000160933;5623839,183299999684095;7,044078221000063;50,749915119000036;1
181241;5230710518400978791;5;1;70;8;2023;7;16;2;3;5;3;0;0;1;1;0;0;0;0;344135,174300000071526;5716342,975299999117851;6,750618932000066;51,576575597000044;1
181246;5230710515211045303;5;1;54;56;2023;7;11;2;2;1;5;0;0;1;1;0;0;0;0;311456,189299999736249;5727717,601299999281764;6,273411555000052;51,668755230000045;1
181248;5230710513120281531;5;1;62;20;2023;7;18;2;3;5;3;0;0;1;0;1;0;0;0;330318,297000000253320;5671058,515200000256300;6,573022708000053;51,165760664000061;1
181249;5230710513110595517;5;1;62;16;2023;7;13;2;3;0;2;0;0;1;0;0;0;0;0;336098,301199999637902;5679253,275599999353290;6,651876615000049;51,241072942000073;1
181250;5230713600110087060;5;3;14;0;2023;7;7;5;3;0;3;0;0;1;0;0;0;0;1;366123,449699999764562;5621554,168199999257922;7,103006235000066;50,730337735000035;1
181255;5230710501126679028;5;1;12;0;2023;7;16;2;3;0;5;0;0;1;1;0;0;0;0;345545,572700000368059;5704352,038100000470877;6,776213042000052;51,469226447000040;1
181262;5230710406110196820;5;7;58;12;2023;7;11;2;3;0;1;0;0;1;0;0;0;0;0;476658,871000000275671;5774268,503000000491738;8,659099774000026;52,118459033000079;1
181265;5230710518301778973;5;1;70;4;2023;7;22;2;3;0;1;2;0;1;0;0;0;0;0;328238,827499999664724;5717248,358899999409914;6,520986659000073;51,580090076000033;1
181267;5230710400200075923;5;7;11;0;2023;7;19;2;3;0;1;0;0;1;0;0;0;0;0;468509,430300000123680;5763708,960100000724196;8,541054130000020;52,023118677000070;1
181270;5230710307000699562;5;9;62;16;2023;7;18;2;3;1;1;0;0;1;1;0;0;0;0;415941,821000000461936;5692051,191199999302626;7,792330425000046;51,373484120000057;1
181271;5230710301301375396;5;9;78;24;2023;7;6;2;3;5;3;1;0;1;1;0;0;0;0;397110,798000000417233;5715541,218000000342727;7,515030047000039;51,581530115000078;1
181273;5230709711400397002;5;5;70;20;2023;7;10;1;3;0;2;0;0;1;1;0;0;0;0;432965,449900000356138;5743172,947200000286102;8,027093733000072;51,835348401000033;1
181277;5230709701300177854;5;5;62;14;2023;7;0;1;3;0;1;2;0;1;0;0;0;0;0;362041,389499999582767;5714034,292999999597669;7,009762151000075;51,560496259000047;1
181278;5230709701200589665;5;5;62;20;2023;7;3;1;3;0;7;2;0;1;0;0;0;0;1;370546,201100000180304;5720407,421199999749660;7,130032091000032;51,619786470000065;1