OID_;UIDENTSTLAE;ULAND;UREGBEZ;UKREIS;UGEMEINDE;UJAHR;UMONAT;USTUNDE;UWOCHENTAG;UKATEGORIE;UART;UTYP1;ULICHTVERH;IstStrassenzustand;IstRad;IstPKW;IstFuss;IstKrad;IstGkfz;IstSonstige;LINREFX;LINREFY;XGCSWGS84;YGCSWGS84;PLST
181280;5230709608200680734;5;3;34;2;2023;7;10;1;3;0;3;0;0;1;1;0;0;0;0;299318,804999999701977;5625911,245999999344349;6,155067665000047;50,750243118000071;1
181281;5230709605140985274;5;3;74;40;2023;7;13;1;3;0;1;0;0;1;0;0;0;0;0;412321,998999999836087;5643088,429999999701977;7,752266961000032;50,932756083000072;1
181283;5230709601930286595;5;3;15;0;2023;7;2;1;3;0;1;2;0;1;0;0;0;0;0;351766,962399999611080;5646872,943800000473857;6,889474048000068;50,954383421000045;1
181284;5230709601600919571;5;3;15;0;2023;7;12;1;2;6;4;0;0;1;0;1;0;0;0;362990,218999999575317;5645684,048000000417233;7,049613871000076;50,946475939000038;1
181285;5230709601500945785;5;3;15;0;2023;7;16;1;3;4;2;0;0;1;1;0;0;0;0;361782,991499999538064;5650827,242799999192357;7,030484765000040;50,992410857000039;1
181287;5230709601500699027;5;3;15;0;2023;7;18;1;3;6;6;0;0;1;0;1;0;0;0;357623,086199999786913;5645152,172800000756979;6,973468747000027;50,940395451000029;1
181288;5230709601200593631;5;3;15;0;2023;7;13;1;3;3;2;0;0;1;0;0;0;0;1;353276,432000000029802;5643429,952999999746680;6,912336910000022;50,923828854000078;1
181289;5230709601200376481;5;3;15;0;2023;7;13;1;3;0;1;0;0;1;0;0;0;0;0;353710,979000000283122;5642116,352499999105930;6,919042319000027;50,912134281000078;1
181292;5230709600370086292;5;3;82;4;2023;7;1;1;2;0;1;2;0;1;0;0;0;0;0;359924,338600000366569;5618870,582399999722838;7,016240312000036;50,704757193000034;1
181293;5230709600140078251;5;3;14;0;2023;7;18;1;3;0;1;0;1;1;0;0;0;0;0;368020,629800000227988;5624067,639699999243021;7,128973006000024;50,753363213000057;1
181295;5230716503100458588;5;1;24;0;2023;7;11;1;3;0;1;0;0;1;0;0;0;0;0;370103,891999999992549;5677218,401000000536442;7,139481079000063;51,231542370000057;1
181296;5230709600120195300;5;3;82;24;2023;7;11;1;3;0;1;0;0;1;0;0;0;0;0;378633,747999999672174;5619057,256999999284744;7,281005695000033;50,710641944000031;1
181298;5230709518120090532;5;1;70;44;2023;7;16;1;3;5;3;0;0;1;1;0;0;0;0;339353,425200000405312;5718927,932199999690056;6,680487561000064;51,598457104000033;1
181299;5230709514116089225;5;1;66;16;2023;7;23;1;3;1;5;2;0;1;1;0;0;0;0;304630,306699999608099;5690800,031199999153614;6,195269470000028;51,334871889000055;1
181301;5230709505100586010;5;1;14;0;2023;7;16;1;3;4;2;0;1;1;1;0;0;0;0;330991,252100000157952;5689260,619500000029802;6,574045296000065;51,329489011000078;1
181302;5230717302100677465;5;9;14;0;2023;7;9;2;3;0;1;0;0;1;0;0;0;0;0;392648,467299999669194;5690324,970399999991059;7,458310462000043;51,354041459000030;1
181303;5230709501325091608;5;1;12;0;2023;7;11;1;2;2;6;0;0;1;0;0;0;0;0;345472,729000000283122;5692250,800000000745058;6,780439404000049;51,360475845000053;1
181304;5230709500300079148;5;1;11;0;2023;7;23;1;3;3;6;2;0;1;1;0;0;0;0;352019,011900000274181;5671233,466499999165535;6,883094879000055;51,173358840000049;1
181305;5230709410230187102;5;7;70;4;2023;7;19;1;3;5;3;1;1;1;1;0;0;0;0;487367,118700000457466;5784725,861099999397993;8,815104611000038;52,212825967000072;1
181307;5230709407153290640;5;7;62;16;2023;7;20;1;3;8;1;1;1;1;0;0;0;0;0;511303,093000000342727;5727450,089999999850988;9,163548199000047;51,697888960000057;1
181308;5230709400200253556;5;7;11;0;2023;7;3;1;3;0;5;2;0;1;1;0;0;0;0;468099,702499999664724;5764015,401100000366569;8,535054370000069;52,025850362000028;1
181310;5230710410120487170;5;7;70;32;2023;7;10;2;3;3;2;0;0;1;1;0;0;0;0;493146,352800000458956;5789977,164599999785423;8,899583039000049;52,260140442000079;1
181311;5230709317240987171;5;9;78;40;2023;7;0;1;3;0;1;2;0;1;0;0;0;0;0;405559,140599999576807;5724484,025800000876188;7,634512506000021;51,663395997000066;1
181312;5230709316300170542;5;9;74;28;2023;7;23;1;3;1;6;2;1;1;1;0;0;0;0;454558,928299999795854;5722530,542300000786781;8,343160101000024;51,651932123000051;1
181313;5230709316100682004;5;9;74;40;2023;7;3;1;3;0;6;2;0;1;0;0;0;0;0;439200,485999999567866;5712640,009999999776483;8,122897219000038;51,561559899000031;1
181315;5230709310110785461;5;9;54;16;2023;7;14;1;3;1;5;0;0;1;1;0;0;0;0;372693,021700000390410;5696728,206000000238419;7,169577477000075;51,407468865000055;1
181318;5230709301101055766;5;9;13;0;2023;7;18;1;3;5;2;0;1;1;1;0;0;0;0;393035,398099999874830;5707567,743400000035763;7,458657441000071;51,509102612000049;1
181321;5230708709110393617;5;5;66;8;2023;7;10;7;3;0;7;0;0;1;0;0;0;0;0;400887,761099999770522;5782882,402499999850988;7,550176057000044;52,187489305000042;1
181322;5230708709110065803;5;5;66;8;2023;7;0;7;3;4;6;2;0;1;0;0;0;0;1;398379,979500000365078;5781759,357699999585748;7,513841747000072;52,176939394000044;1
181326;5230708603140987172;5;3;66;40;2023;7;23;7;3;0;1;2;0;1;0;0;0;0;0;347878,757000000216067;5624551,871999999508262;6,843429977000028;50,752785879000044;1
181328;5230708602400369737;5;3;62;32;2023;7;12;7;3;5;3;0;0;1;1;0;0;0;0;337577,883100000210106;5639253,036800000816584;6,691012156000056;50,882092378000038;1
181330;5230717505200578911;5;1;14;0;2023;7;9;2;3;5;2;0;0;1;1;0;0;0;0;334230,634700000286102;5692818,137199999764562;6,618843229000049;51,362403885000049;1
181334;5230708601300086614;5;3;15;0;2023;7;9;7;3;0;1;0;0;1;0;0;0;0;0;353124,746100000105798;5648298,685799999162555;6,908216710000033;50,967543571000078;1
181335;5230714513210795510;5;1;62;24;2023;7;18;6;3;1;5;0;0;1;1;0;0;0;1;339470,828599999658763;5671384,206399999558926;6,703671156000041;51,171328754000058;1
181337;5230708601200181745;5;3;15;0;2023;7;9;7;3;3;2;0;0;1;1;0;0;0;0;355266,190899999812245;5641750,513299999758601;6,941294917000050;50,909238627000036;1
181338;5230708601100599077;5;3;15;0;2023;7;19;7;3;0;1;0;0;1;0;0;0;0;0;355435,853500000201166;5644313,807099999859929;6,942690526000035;50,932317010000077;1
181339;5230708601100499117;5;3;15;0;2023;7;12;7;3;0;6;0;0;1;0;0;0;0;0;356393,211099999956787;5644340,269200000911951;6,956295071000056;50,932793983000067;1
181342;5230708516100780814;5;1;58;12;2023;7;12;7;3;0;1;0;0;1;0;0;0;0;0;359026,568900000303984;5687927,021299999207258;6,976696165000021;51,325146270000062;1
181343;5230708515212472360;5;1;54;32;2023;7;10;7;3;0;1;0;0;1;0;0;0;0;0;308425,232400000095367;5718579,266899999231100;6,234632738000073;51,585658445000035;1
181344;5230708514116796101;5;1;66;16;2023;7;21;7;3;1;5;1;0;1;1;0;0;0;0;304972,211000000126660;5689607,947000000625849;6,200824015000023;51,324282846000074;1
181348;5230708503200987168;5;1;24;0;2023;7;20;7;2;5;3;0;0;1;1;0;0;0;0;372916,018000000156462;5680911,308000000193715;7,178426281000043;51,265365815000052;1
181350;5230708503100691296;5;1;24;0;2023;7;20;7;3;5;3;0;0;1;1;0;0;0;0;370403,412999999709427;5676602,519999999552965;7,143991482000047;51,226075286000082;1
181352;5230708501324385941;5;1;12;0;2023;7;10;7;3;0;7;0;0;1;0;0;0;0;0;343440,757000000216067;5694645,228000000119209;6,750222415000053;51,381433411000046;1
181353;5230708501319091432;5;1;12;0;2023;7;20;7;3;0;7;0;0;1;0;0;0;0;0;343598,042200000025332;5697274,298900000751019;6,751322427000048;51,405098877000057;1
181356;5230708501115987166;5;1;12;0;2023;7;20;7;3;5;3;0;0;1;1;0;0;0;0;340705,593100000172853;5702294,106300000101328;6,707514564000064;51,449395106000054;1
181357;5230708500300875995;5;1;11;0;2023;7;2;7;3;5;3;2;0;1;1;0;0;0;0;346973,746199999935925;5672838,266499999910593;6,810293275000049;51,186451243000079;1
181360;5230708410230487102;5;7;70;4;2023;7;9;7;3;0;1;0;0;1;0;0;0;0;0;485319,311099999584258;5785915,457499999552965;8,785081408000053;52,223470346000056;1
181361;5230708407120390220;5;7;62;8;2023;7;11;7;3;0;1;0;0;1;0;0;0;0;0;525869,442900000140071;5724387,117200000211596;9,374083033000034;51,669866577000050;1
181362;5230708407101079192;5;7;62;20;2023;7;13;7;3;1;5;0;0;1;1;0;0;0;0;525606,243999999947846;5735538,782899999991059;9,371097027000076;51,770145499000080;1
181364;5230713705000096552;5;5;54;40;2023;7;10;5;3;7;1;0;0;1;0;0;0;0;0;350064,858000000007451;5737106,717000000178814;6,827214837000042;51,764746559000059;1
181366;5230708400200987153;5;7;11;0;2023;7;2;7;3;1;1;2;0;1;1;0;0;0;0;469793,138700000010431;5764041,521299999207258;8,559733023000035;52,026180009000029;1
181369;5230708303100255285;5;9;15;0;2023;7;10;7;3;5;3;0;0;1;0;0;0;0;0;419478,152300000190735;5723833,048599999397993;7,835864005000076;51,659710999000026;1
181371;5230708300100899428;5;9;11;0;2023;7;15;7;3;0;1;0;0;1;0;0;0;0;0;377934,683699999935925;5706577,631999999284744;7,241504679000059;51,497143757000060;1
181373;5230707709500196953;5;5;66;76;2023;7;18;6;3;0;1;0;0;1;0;0;0;0;0;393832,059000000357628;5792691,254000000655651;7,443924405000075;52,274331241000027;1
181375;5230713602900586661;5;3;62;40;2023;7;6;5;2;7;1;0;0;1;0;0;0;0;0;356722,681599999777973;5632300,985200000926852;6,965698958000075;50,824678864000077;1
181376;5230708404101053272;5;7;66;20;2023;7;21;7;3;5;3;0;0;1;1;0;0;0;0;488990,727500000037253;5754829,989299999549985;8,839832608000052;51,944072915000049;1
181378;5230707702100950184;5;5;15;0;2023;7;14;6;3;0;7;0;0;1;1;0;0;0;0;407145,432000000029802;5756894,130999999120831;7,648756278000064;51,954987178000067;1
181380;5230707701300694953;5;5;62;14;2023;7;17;6;3;6;4;0;0;1;0;1;0;0;0;361579,774299999698997;5715303,593699999153614;7,002607165000029;51,571789300000034;1
181381;5230707700000967040;5;5;13;0;2023;7;13;6;3;5;2;0;0;1;1;0;0;0;0;368826,351999999955297;5708621,838999999687076;7,109602215000052;51,513474601000041;1
181385;5230707609108281357;5;3;58;8;2023;7;22;6;2;8;1;2;0;1;0;0;0;0;0;319147,925999999977648;5634933,823999999091029;6,431413707000047;50,837816242000031;1
181386;5230707609108181357;5;3;58;8;2023;7;22;6;2;2;1;2;0;1;0;0;0;0;0;319147,146399999968708;5634934,505599999800324;6,431402310000067;50,837822122000034;1
181387;5230707608436477566;5;3;34;36;2023;7;8;6;3;5;3;0;0;1;1;0;0;0;0;297606,905700000002980;5633598,372300000861287;6,126599393000049;50,818691065000053;1
181388;5230707608408371777;5;3;34;8;2023;7;8;6;3;5;3;0;0;1;1;0;0;0;0;302634,416799999773502;5646017,885399999096990;6,191180549000023;50,931976980000059;1
181390;5230707608100987127;5;3;34;2;2023;7;14;6;3;5;2;0;0;1;1;0;0;0;0;294823,760300000198185;5629011,461500000208616;6,089702743000032;50,776515926000059;1
181391;5230707608100373740;5;3;34;2;2023;7;13;6;3;1;5;0;0;1;0;0;0;0;1;297114,785000000149012;5628642,888499999418855;6,122358813000062;50,774011445000042;1
181392;5230707608100085863;5;3;34;2;2023;7;12;6;3;5;3;0;0;1;1;0;0;0;0;293436,503899999894202;5631334,300899999216199;6,068747424000037;50,796885136000071;1
181394;5230707606400176807;5;3;78;24;2023;7;15;6;2;9;1;0;0;1;0;0;0;0;0;376049,411299999803305;5646949,246700000017881;7,234986332000062;50,960803966000071;1
181400;5230707601500774402;5;3;15;0;2023;7;20;6;3;5;3;0;0;1;1;0;0;0;0;358823,054200000129640;5646363,596999999135733;6,990067684000053;50,951577630000031;1
181404;5230707601200987195;5;3;15;0;2023;7;8;6;3;3;2;0;0;1;1;0;0;0;0;353701,821600000374019;5642111,148000000044703;6,918914233000066;50,912085189000038;1
181405;5230707601200987134;5;3;15;0;2023;7;13;6;3;5;3;0;0;1;0;0;0;0;0;359794,729600000195205;5639709,635099999606609;7,006450515000040;50,892014556000049;1
181406;5230707601200981913;5;3;15;0;2023;7;11;6;3;2;6;0;0;1;1;0;0;0;0;353688,633999999612570;5643954,732000000774860;6,917987213000060;50,928649551000035;1
181409;5230707601100099194;5;3;15;0;2023;7;22;6;3;5;2;1;0;1;1;0;0;0;0;355418,900000000372529;5645179,891000000759959;6,942105789000038;50,940096078000067;1
181410;5230707601100099030;5;3;15;0;2023;7;21;6;3;5;3;0;0;1;1;0;0;0;0;355631,180399999953806;5644443,400499999523163;6,945417000000020;50,933530566000059;1
181411;5230707600380634445;5;3;14;0;2023;7;19;6;3;1;1;0;0;1;1;0;0;0;0;366595,121600000187755;5619285,418099999427795;7,110506262000058;50,710054638000031;1
181412;5230707600370299962;5;3;82;4;2023;7;10;6;3;5;3;0;0;1;1;0;0;0;0;359671,194000000134110;5619613,978000000119209;7,012374973000021;50,711377447000075;1
181414;5230707600110999960;5;3;14;0;2023;7;17;6;3;5;3;0;0;1;1;0;0;0;0;366359,036999999545515;5622183,951999999582767;7,106114173000037;50,736052476000054;1
181416;5230707600110093385;5;3;14;0;2023;7;9;6;3;0;1;0;0;1;0;0;0;0;0;365902,325400000438094;5621242,761099999770522;7,099988056000029;50,727487814000028;1
181423;5230707514217495998;5;1;66;36;2023;7;15;6;3;0;1;0;0;1;0;0;0;0;0;326288,525100000202656;5679941,980200000107288;6,511141816000077;51,244357647000072;1
181424;5230707514121095496;5;1;66;4;2023;7;8;6;3;4;2;0;0;1;1;0;0;0;0;303883,423100000247359;5680679,789799999445677;6,190118123000047;51,243722796000043;1
181425;5230707513320591258;5;1;62;4;2023;7;12;6;3;5;2;0;0;1;0;0;0;0;1;348151,353600000031292;5662980,769200000911951;6,831287440000040;51,098187597000049;1
181427;5230707513210475935;5;1;62;24;2023;7;17;6;3;5;3;0;0;1;1;0;0;0;0;341619,781299999915063;5669933,957100000232458;6,735024069000076;51,158897102000026;1
181428;5230707513210081043;5;1;62;24;2023;7;15;6;3;5;3;0;0;1;1;0;0;0;0;338456,563199999742210;5673446,812000000849366;6,688247752000052;51,189575472000058;1
181429;5230707513130775913;5;1;62;22;2023;7;4;6;3;3;7;2;0;1;1;1;0;0;1;338227,026800000108778;5686732,899900000542402;6,678961183000069;51,308882718000064;1
181431;5230707503200079421;5;1;24;0;2023;7;16;6;2;0;7;0;0;1;0;0;0;0;0;375445,090200000442564;5680792,835699999704957;7,214699239000026;51,264859309000030;1
181433;5230707502407489588;5;1;17;0;2023;7;9;6;3;0;1;0;0;1;0;0;0;0;0;351610,527900000102818;5696981,293299999088049;6,866556807000052;51,404618984000081;1
181435;5230707502307294981;5;1;13;0;2023;7;13;6;3;0;7;0;0;1;0;0;0;0;0;358451,716599999926984;5703142,016899999231100;6,962384096000051;51,461728768000057;1
181437;5230707500300971737;5;1;11;0;2023;7;6;6;3;1;5;0;0;1;0;0;0;1;0;348965,400399999693036;5670393,540500000119209;6,839797942000075;51,165013082000030;1
181438;5230707500300582035;5;1;11;0;2023;7;22;6;3;6;6;2;0;1;0;1;0;0;0;351361,876400000415742;5670212,624199999496341;6,874123285000053;51,164015085000074;1
181439;5230707411232096946;5;7;74;32;2023;7;18;6;2;5;3;0;0;1;0;0;0;0;0;476400,909900000318885;5734771,621099999174476;8,658043075000023;51,763336047000053;1
181440;5230707411132787042;5;7;74;32;2023;7;7;6;3;0;1;0;0;1;0;0;0;0;0;480708,618300000205636;5728628,897700000554323;8,720802548000052;51,708270237000079;1
181441;5230707410110182104;5;7;70;24;2023;7;14;6;3;3;2;0;0;1;1;0;0;0;0;494507,573900000192225;5793512,994699999690056;8,919469502000027;52,291944693000062;1
181442;5230707410110096891;5;7;70;24;2023;7;10;6;3;5;2;0;0;1;1;0;0;0;0;493018,559200000017881;5790500,907999999821186;8,897699826000064;52,264847572000065;1
181444;5230707406220178203;5;7;58;24;2023;7;12;6;3;3;3;0;0;1;1;0;0;0;0;481109,705000000074506;5784330,332000000402331;8,723543876000065;52,209090943000035;1
181451;5230707400100087227;5;7;11;0;2023;7;12;6;3;1;5;0;0;1;1;0;0;0;0;467279,582700000144541;5763254,975099999457598;8,523174302000029;52,018965893000029;1
181452;5230707317110094348;5;9;78;36;2023;7;19;6;3;1;1;0;0;1;1;0;0;0;0;409816,145600000396371;5710599,403300000354648;7,699615964000031;51,539283046000037;1
181454;5230707500100557530;5;1;11;0;2023;7;9;6;3;6;6;0;0;1;0;1;0;0;0;345468,204199999570847;5677324,513699999079108;6,786834983000062;51,226357264000058;1
181455;5230707313240864038;5;9;58;40;2023;7;15;6;3;9;1;0;0;1;0;0;0;0;0;446236,936300000175834;5674697,684100000187755;8,230142431000047;51,221132273000080;1
181458;5230713601600586430;5;3;15;0;2023;7;16;5;3;4;2;0;0;1;1;0;0;0;0;363345,912999999709427;5639258,546000000089407;7,057081347000064;50,888811515000043;1
181459;5230707303100987150;5;9;15;0;2023;7;21;6;2;0;1;1;0;1;0;0;0;0;0;416174,633500000461936;5725206,914899999275804;7,787785421000024;51,671578280000062;1
181460;5230707303100941178;5;9;15;0;2023;7;14;6;3;5;3;0;0;1;1;0;0;0;0;418338,958800000138581;5724827,536599999293685;7,819165572000031;51,668486634000033;1
181462;5230707301102094356;5;9;13;0;2023;7;13;6;2;5;2;0;0;1;1;0;0;0;0;394665,684700000099838;5701862,210699999704957;7,483842688000038;51,458124145000056;1
181463;5230707300000799433;5;9;11;0;2023;7;22;6;2;0;1;2;0;1;0;0;0;0;0;375893,728400000371039;5706800,361400000751019;7,212039229000027;51,498701112000049;1
181465;5230706709700076667;5;5;66;28;2023;7;11;5;3;5;2;0;0;1;0;0;0;0;1;412455,020399999804795;5790580,438899999484420;7,717341868000062;52,258639611000035;1
181466;5230706709500760714;5;5;66;76;2023;7;16;5;3;5;7;0;0;1;1;0;0;0;0;395155,131000000052154;5794202,646999999880791;7,462838669000064;52,288168466000059;1
181467;5230712501212373943;5;1;12;0;2023;7;7;4;3;0;2;0;1;1;1;0;0;0;0;340889,200000000186265;5697437,301000000908971;6,712335863000021;51,405809984000030;1
181468;5230706709500076633;5;5;66;76;2023;7;11;5;2;0;7;0;0;1;0;0;0;0;1;396992,231999999843538;5787180,152000000700355;7,491905385000052;52,225401629000032;1
181469;5230706709300772438;5;5;66;84;2023;7;12;5;3;0;2;0;0;1;0;0;0;0;1;389734,552000000141561;5775891,945299999788404;7,389361720000068;52,122547892000057;1
181471;5230706709110279240;5;5;66;8;2023;7;13;5;2;0;7;0;0;1;0;0;0;0;0;399404,873900000005960;5781231,552799999713898;7,528981616000067;52,172383452000076;1
181472;5230716502404087260;5;1;17;0;2023;7;18;1;3;0;7;0;0;1;1;0;0;0;0;354428,084800000302494;5703176,825899999588728;6,904489853000030;51,461021071000062;1
181473;5230706709110193617;5;5;66;12;2023;7;15;5;3;5;3;0;0;1;0;0;0;0;0;405259,378999999724329;5771488,041999999433756;7,617279101000065;52,085843725000075;1
181474;5230706706100396616;5;5;58;32;2023;7;16;5;3;5;3;0;0;1;1;0;0;0;0;385901,658999999985099;5753666,563400000333786;7,340809203000049;51,922027576000062;1
181478;5230706705000952633;5;5;54;68;2023;7;9;5;3;0;7;0;0;1;0;0;0;0;1;351357,167200000025332;5766543,793099999427795;6,833237017000044;52,029574963000073;1
181479;5230706702100449933;5;5;15;0;2023;7;9;5;3;0;7;0;1;1;0;0;0;0;0;406112,147900000214577;5757494,329500000923872;7,633560226000043;51,960208552000040;1
181480;5230706702100374701;5;5;15;0;2023;7;17;5;3;5;3;0;0;1;0;0;0;0;0;407229,437699999660254;5758645,738099999725819;7,649505233000070;51,970745548000082;1
181481;5230706701800295038;5;5;62;4;2023;7;6;5;3;0;6;0;0;1;0;0;0;0;0;386359,838999999687076;5717426,319099999964237;7,359319442000071;51,596408018000034;1
181482;5230706701500595975;5;5;62;24;2023;7;18;5;3;5;2;0;0;1;1;0;0;0;0;368929,192300000227988;5725958,006999999284744;7,104608509000059;51,669293053000047;1
181484;5230706700000895034;5;5;13;0;2023;7;19;5;2;0;7;0;0;1;0;0;0;0;0;364680,141999999992549;5718463,886800000444055;7,046098674000064;51,600941502000069;1
181487;5230706609224194920;5;3;58;24;2023;7;16;5;2;0;5;0;0;1;1;0;0;0;1;314646,519299999810755;5644782,804600000381470;6,362559426000075;50,924867219000078;1
181488;5230706609108785812;5;3;58;8;2023;7;12;5;3;0;1;0;0;1;0;0;0;0;0;319720,920300000347197;5629695,071399999782443;6,442116700000042;50,790931056000034;1
181490;5230706607400987088;5;3;82;68;2023;7;12;5;3;3;6;0;0;1;0;0;0;0;0;370650,467000000178814;5630801,020999999716878;7,163865119000036;50,814476349000074;1
181494;5230706601600976460;5;3;15;0;2023;7;15;5;3;1;1;0;0;1;1;0;0;0;0;365714,782599999569356;5643095,235099999234080;7,089329746000033;50,923849858000040;1
181496;5230706601500999155;5;3;15;0;2023;7;16;5;3;1;1;0;0;1;1;0;0;0;0;359767,423000000417233;5648741,706000000238419;7,002587314000039;50,973180453000055;1
181498;5230711518400987253;5;1;70;8;2023;7;22;3;3;0;1;2;0;1;0;0;0;0;0;341661,714900000020862;5714266,536199999973178;6,715888702000029;51,557230599000036;1
181499;5230706601400486510;5;3;15;0;2023;7;22;5;3;0;1;2;0;1;0;0;0;0;0;356762,598699999973178;5648919,037299999967217;6,959746750000022;50,974034635000066;1
181500;5230706601400193565;5;3;15;0;2023;7;8;5;3;5;2;0;0;1;1;0;0;0;0;356021,798200000077486;5646892,631799999624491;6,950004073000059;50,955639030000043;1
181502;5230706601200163734;5;3;15;0;2023;7;13;5;3;6;4;0;0;1;0;1;0;0;0;355254,613699999637902;5642046,502599999308586;6,941012955000076;50,911895728000047;1
181503;5230706600110695276;5;3;14;0;2023;7;15;5;2;8;7;0;0;1;0;0;0;0;0;366676,628499999642372;5617865,036499999463558;7,112172885000064;50,697306846000060;1
181505;5230706518120987105;5;1;70;44;2023;7;18;5;3;0;1;0;0;1;0;0;0;0;0;338133,825000000186265;5722465,128000000491738;6,661260433000052;51,629886353000074;1
181507;5230706516800593541;5;1;58;20;2023;7;10;5;3;5;3;0;0;1;0;0;1;0;0;358931,127999999560416;5666107,418999999761581;6,983916187000034;51,129039586000033;1
181509;5230706515212039132;5;1;54;32;2023;7;10;5;3;5;3;0;0;1;1;0;0;0;0;309073,892799999564886;5718124,834799999371171;6,244231508000041;51,581797216000041;1
181512;5230706513130391302;5;1;62;22;2023;7;17;5;3;0;7;0;0;1;0;0;0;0;0;338210,663900000043213;5686082,332499999552965;6,679021638000052;51,303032952000081;1
181515;5230706502111096167;5;1;13;0;2023;7;11;5;3;6;4;0;0;1;0;1;0;0;0;363866,035799999721348;5701804,556500000879169;7,040789129000075;51,451037761000066;1
181516;5230706501212796036;5;1;12;0;2023;7;10;5;3;5;3;0;0;1;1;0;0;0;0;340725,949000000022352;5698639,627499999478459;6,709450679000042;51,416566676000059;1
181518;5230706500100187370;5;1;11;0;2023;7;12;5;3;0;1;0;0;1;0;0;0;0;0;344653,088999999687076;5676622,940999999642372;6,775474554000027;51,219832118000056;1
181520;5230706411236070301;5;7;74;36;2023;7;11;5;3;4;6;0;0;1;0;0;0;0;1;470893,756799999624491;5724854,191500000655651;8,579073833000052;51,673907763000045;1
181521;5230706411220987096;5;7;74;20;2023;7;16;5;2;3;6;0;0;1;0;0;0;0;0;469856,797600000165403;5735725,544299999251962;8,563137058000052;51,771598748000031;1
181522;5230706411132987100;5;7;74;32;2023;7;13;5;2;0;7;0;0;1;0;0;0;0;0;481607,591000000014901;5732280,381999999284744;8,733620031000044;51,741131965000079;1
181525;5230706410120086693;5;7;70;32;2023;7;15;5;3;0;7;0;0;1;1;0;0;0;0;493969,735199999995530;5789947,516799999400973;8,911647430000073;52,259883536000075;1
181526;5230706410110996632;5;7;70;24;2023;7;23;5;2;5;3;2;0;1;1;0;0;0;0;492695,725999999791384;5792918,255000000819564;8,892916945000024;52,286576585000034;1
181530;5230706313211987084;5;9;58;12;2023;7;9;5;3;0;1;0;0;1;0;0;0;0;0;470414,807000000029802;5693918,290999999269843;8,574747496000043;51,395724916000063;1
181532;5230706310110599427;5;9;54;16;2023;7;19;5;3;0;1;0;0;1;0;0;0;0;0;375049,622999999672174;5696417,438999999314547;7,203552152000043;51,405199998000057;1
181533;5230706303100076640;5;9;15;0;2023;7;14;5;3;0;1;0;0;1;0;0;0;0;0;420406,750500000081956;5720408,695000000298023;7,850065288000053;51,629059400000074;1
181535;5230706301303309092;5;9;13;0;2023;7;5;5;3;1;3;0;0;1;1;0;0;0;0;399131,303700000047684;5705438,955900000408292;7,547075840000048;51,491088440000055;1
181537;5230706300700993881;5;9;16;0;2023;7;22;5;2;8;6;2;0;1;1;0;0;0;0;372818,328999999910593;5709811,748999999836087;7,166670629000066;51,525081192000073;1
181539;5230706300600987093;5;9;16;0;2023;7;14;5;2;1;5;0;0;1;1;0;0;0;0;376422,764899999834597;5712007,494999999180436;7,217830583000023;51,545615320000081;1
181543;5230705702100895613;5;5;15;0;2023;7;8;4;3;5;2;0;1;1;1;0;0;0;0;407776,233000000007451;5753593,310000000521541;7,658818339000049;51,925422443000059;1
181545;5230705701120085430;5;5;62;32;2023;7;15;4;3;5;7;0;0;1;1;0;0;0;0;375836,888100000098348;5717241,374500000849366;7,207536375000075;51,592524754000067;1
181548;5230705609224294920;5;3;58;24;2023;7;13;4;2;8;7;0;0;1;0;0;0;0;0;315065,658900000154972;5644467,199899999424815;6,368676775000040;50,922166596000068;1
181551;5230705608200094878;5;3;34;2;2023;7;17;4;3;0;1;0;1;1;0;0;0;0;0;297376,038399999961257;5628508,097899999469519;6,126133593000020;50,772892130000059;1
181552;5230710601300063903;5;3;15;0;2023;7;15;2;3;5;3;0;0;1;1;0;0;0;0;351573,323099999688566;5650145,390699999406934;6,885383608000041;50,983741172000066;1
181555;5230705607100995376;5;3;82;60;2023;7;14;4;3;2;6;0;0;1;0;0;0;0;1;378248,888000000268221;5630711,190999999642372;7,271701551000035;50,815316126000027;1
181557;5230705606100086438;5;3;78;4;2023;7;21;4;2;0;7;1;0;1;0;0;0;0;0;368147,501500000245869;5646874,596300000324845;7,122555578000060;50,958378969000080;1
181558;5230705601700679330;5;3;16;0;2023;7;19;4;3;0;1;0;0;1;0;0;0;0;0;359626,613800000399351;5659113,738399999216199;6,996568306000029;51,066359379000062;1
181559;5230705601400593386;5;3;15;0;2023;7;19;4;3;0;1;0;0;1;0;0;0;0;0;353724,915599999949336;5649235,898900000378489;6,916381231000059;50,976118635000034;1
181560;5230705601400090300;5;3;15;0;2023;7;1;4;3;0;2;2;1;1;0;0;0;0;0;357224,303999999538064;5648929,292999999597669;6,966314749000048;50,974241448000043;1
181561;5230705601300570446;5;3;15;0;2023;7;16;4;3;0;1;0;0;1;0;0;0;0;0;354728,106999999843538;5646697,773399999365211;6,931674732000033;50,953563237000026;1
181568;5230707500100095947;5;1;11;0;2023;7;16;6;3;3;5;0;0;1;1;0;0;0;0;340837,470999999903142;5678241,684000000357628;6,720162907000031;51,233325642000068;1
181573;5230705516500030540;5;1;58;16;2023;7;8;4;3;4;1;0;0;1;1;0;0;0;0;355734,213499999605119;5670133,447200000286102;6,936645685000030;51,164422954000031;1