OID_;UIDENTSTLAE;ULAND;UREGBEZ;UKREIS;UGEMEINDE;UJAHR;UMONAT;USTUNDE;UWOCHENTAG;UKATEGORIE;UART;UTYP1;ULICHTVERH;IstStrassenzustand;IstRad;IstPKW;IstFuss;IstKrad;IstGkfz;IstSonstige;LINREFX;LINREFY;XGCSWGS84;YGCSWGS84;PLST
181574;5230705516300987062;5;1;58;28;2023;7;6;4;3;0;1;0;1;1;0;0;0;0;0;354258,122999999672174;5688469,052999999374151;6,908084108000025;51,328815143000043;1
181576;5230705515110091773;5;1;54;36;2023;7;17;4;3;5;2;0;0;1;1;0;0;0;0;302715,006000000052154;5742917,089999999850988;6,138553829000045;51,802248709000082;1
181577;5230705513210982321;5;1;62;24;2023;7;5;4;2;0;1;0;1;1;0;0;0;0;0;339100,540400000289083;5674688,236300000920892;6,696899020000046;51,200911231000077;1
181579;5230705506100987072;5;1;16;0;2023;7;13;4;3;6;6;0;0;1;0;1;0;0;0;321258,232300000265241;5671613,407199999317527;6,443294534000074;51,167986455000062;1
181581;5230705505100085907;5;1;14;0;2023;7;20;4;3;1;1;0;1;1;1;0;0;0;0;330557,181699999608099;5688729,523700000718236;6,568073190000064;51,324588550000044;1
181583;5230705505100017727;5;1;14;0;2023;7;19;4;3;5;7;1;0;1;0;0;0;0;1;330565,917700000107288;5688714,114099999889731;6,568205778000049;51,324452714000074;1
181584;5230705503300693687;5;1;20;0;2023;7;17;4;3;6;4;0;1;1;0;1;0;0;0;378029,922399999573827;5672011,893999999389052;7,254718503000049;51,186495481000065;1
181585;5230705502400977694;5;1;17;0;2023;7;18;4;2;0;7;0;1;1;0;0;0;0;0;352123,455500000156462;5699263,853399999439716;6,872973814000034;51,425263256000051;1
181587;5230705500200145454;5;1;11;0;2023;7;15;4;3;5;3;0;0;1;1;0;0;0;0;348004,894399999640882;5677394,762099999934435;6,823106665000068;51,227669619000039;1
181591;5230705406110933538;5;7;58;12;2023;7;19;4;3;5;1;0;0;1;1;0;0;0;0;478447,901999999769032;5773942,901000000536442;8,685248979000050;52,115604302000065;1
181592;5230705405108506197;5;7;54;8;2023;7;14;4;3;6;7;0;0;1;0;1;0;0;0;457226,687199999578297;5750762,367000000551343;8,378240389000041;51,905967326000052;1
181594;5230705303100629417;5;9;15;0;2023;7;9;4;3;5;3;0;0;1;1;0;0;0;0;419461,610299999825656;5728997,584899999201298;7,834433271000023;51,706135670000037;1
181596;5230705301303080857;5;9;13;0;2023;7;14;4;3;0;1;0;0;1;0;0;0;0;0;398986,259999999776483;5706194,277000000700355;7,544771125000068;51,497852000000080;1
181597;5230705301302987073;5;9;13;0;2023;7;12;4;3;4;3;0;0;1;1;0;0;0;0;396507,536199999973178;5707826,949699999764562;7,508595760000048;51,512079170000050;1
181600;5230705301102987065;5;9;13;0;2023;7;8;4;3;5;3;0;1;1;1;0;0;0;0;393983,695199999958277;5705149,456299999728799;7,473043682000025;51,487544483000079;1
181602;5230704706100296582;5;5;58;16;2023;7;17;3;3;2;6;0;0;1;1;0;0;0;0;381406,926799999549985;5743952,310699999332428;7,278816957000060;51,833785621000061;1
181603;5230704705000987050;5;5;54;4;2023;7;17;3;3;7;5;0;0;1;0;0;0;1;0;363805,925099999643862;5770465,718800000846386;7,013015942000038;52,068011834000060;1
181614;5230704608200094804;5;3;34;2;2023;7;8;3;3;3;6;0;0;1;0;0;0;0;0;295588,492899999953806;5628157,341000000014901;6,101009757000043;50,769114782000031;1
181615;5230704608100780740;5;3;34;2;2023;7;22;3;3;5;2;2;1;1;0;0;0;0;1;293921,944199999794364;5628819,468599999323487;6,077036340000063;50,774471929000072;1
181617;5230715705000987322;5;5;54;28;2023;7;15;7;3;0;1;0;0;1;0;0;0;0;0;358286,382799999788404;5743610,980399999767542;6,943614356000069;51,825331657000049;1
181618;5230704608100180740;5;3;34;2;2023;7;21;3;2;0;1;1;1;1;1;0;0;0;0;292472,852800000458956;5629727,441800000146031;6,055999240000062;50,782109823000042;1
181620;5230704602400894821;5;3;62;32;2023;7;11;3;3;0;1;0;0;1;0;0;0;0;0;336366,610999999567866;5641239,970000000670552;6,672917974000029;50,899603720000073;1
181622;5230704601200399076;5;3;15;0;2023;7;19;3;3;5;3;0;0;1;1;0;0;0;0;356938,599499999545515;5641983,320499999448657;6,964975990000028;50,911747764000040;1
181624;5230704600380995227;5;3;14;0;2023;7;16;3;3;5;3;0;0;1;1;0;0;0;0;369792,683400000445545;5616076,757099999114871;7,156900943000039;50,681939217000036;1
181625;5230704600330295282;5;3;82;48;2023;7;17;3;3;6;6;0;0;1;0;1;0;0;0;355130,612099999561906;5609118,455199999734759;6,952213464000067;50,615937609000071;1
181626;5230704600330194477;5;3;82;48;2023;7;17;3;3;5;3;0;0;1;1;0;0;0;0;355936,973500000312924;5609853,757200000807643;6,963318503000039;50,622745788000032;1
181629;5230704600110285344;5;3;14;0;2023;7;16;3;3;5;2;0;0;1;1;0;0;0;0;365007,615500000305474;5620672,514299999922514;7,087527269000020;50,722155279000049;1
181632;5230704516600274126;5;1;58;4;2023;7;13;3;3;5;3;0;0;1;1;0;0;0;0;354071,673799999989569;5675967,156099999323487;6,910513723000065;51,216424297000060;1
181639;5230710407102987200;5;7;62;20;2023;7;9;2;3;5;3;0;0;1;1;0;0;0;0;527882,897499999962747;5741136,961699999868870;9,404540578000024;51,820370223000054;1
181641;5230704502212879621;5;1;13;0;2023;7;10;3;3;1;1;0;0;1;1;0;0;0;0;361074,524699999950826;5695323,904799999669194;7,003180749000023;51,392122179000069;1
181646;5230704500300801077;5;1;11;0;2023;7;17;3;3;5;3;0;0;1;1;0;0;0;0;343860,020399999804795;5673344,183599999174476;6,765553908000072;51,190155047000076;1
181647;5230704500200987056;5;1;11;0;2023;7;21;3;3;0;1;1;1;1;0;0;0;0;0;344978,420599999837577;5678560,731000000610948;6,779291198000067;51,237332342000059;1
181649;5230704411132572234;5;7;74;32;2023;7;19;3;3;5;3;0;0;1;1;0;0;0;0;480956,225399999879301;5728251,487600000575185;8,724406655000053;51,704885288000071;1
181650;5230704411132072233;5;7;74;32;2023;7;17;3;3;0;1;0;0;1;0;0;0;0;0;483661,426500000059605;5730995,733100000768900;8,763426061000075;51,729644968000059;1
181651;5230711310130593706;5;9;54;20;2023;7;18;3;3;0;1;0;0;1;0;0;0;0;0;392157,467000000178814;5695423,984999999403954;7,449714158000063;51,399781612000027;1
181652;5230704410230439358;5;7;70;4;2023;7;11;3;3;4;6;0;0;1;0;0;0;0;0;486929,217000000178814;5784347,950699999928474;8,808710095000038;52,209418117000041;1
181653;5230704410110796860;5;7;70;24;2023;7;8;3;3;0;1;0;0;1;0;0;0;0;0;494246,557099999859929;5792982,610400000587106;8,915651509000043;52,287173599000027;1
181654;5230704406110133538;5;7;58;12;2023;7;8;3;3;5;7;0;0;1;0;0;0;0;1;476285,444500000216067;5774865,694399999454618;8,653604317000031;52,123812255000075;1
181655;5230716316300187450;5;9;74;16;2023;7;21;1;3;0;1;1;0;1;1;0;0;0;0;455891,172299999743700;5720101,148199999704957;8,362722333000022;51,630195672000070;1
181656;5230704405116987040;5;7;54;16;2023;7;9;3;3;5;3;0;0;1;1;0;0;0;0;447681,584999999962747;5756668,501000000163913;8,238605137000036;51,958250376000080;1
181657;5230704405108087100;5;7;54;8;2023;7;5;3;2;0;1;0;1;1;0;0;0;0;0;459944,578999999910593;5751849,768999999389052;8,417619363000028;51,915945820000047;1
181660;5230704317110087420;5;9;78;36;2023;7;14;3;2;5;3;0;0;1;1;0;0;0;0;408358,478600000031292;5709989,274800000712276;7,678762290000066;51,533563638000032;1
181662;5230704307000579454;5;9;62;8;2023;7;14;3;3;0;1;0;0;1;0;0;0;0;0;421365,435100000351667;5688344,671599999070168;7,871054508000043;51,340938877000042;1
181663;5230704307000067597;5;9;62;32;2023;7;17;3;3;5;3;0;0;1;0;0;0;0;1;403959,451000000350177;5675053,460000000894070;7,624802581000040;51,218783565000081;1
181667;5230703711300153522;5;5;70;48;2023;7;7;2;3;0;7;0;0;1;0;0;0;0;0;451996,705799999646842;5730927,611300000920892;8,304971352000052;51,727215316000070;1
181668;5230703709500779128;5;5;66;76;2023;7;15;2;3;5;3;0;0;1;1;0;0;0;0;392994,102599999867380;5792653,699799999594688;7,431659583000055;52,273831285000028;1
181669;5230703709300691781;5;5;66;84;2023;7;11;2;3;5;3;0;0;1;1;0;0;0;0;390112,400999999605119;5775897,792999999597669;7,394876692000025;52,122675686000036;1
181671;5230703709110296664;5;5;66;8;2023;7;14;2;3;5;2;0;0;1;1;0;0;0;0;399404,144500000402331;5781231,381699999794364;7,528971005000074;52,172381781000070;1
181672;5230703702100670584;5;5;15;0;2023;7;12;2;3;5;3;0;0;1;0;0;0;0;0;406612,225700000301003;5758950,516200000420213;7,640440059000071;51,973381671000027;1
181673;5230703701610589700;5;5;62;12;2023;7;16;2;3;5;2;0;0;1;1;0;0;0;0;359425,569400000385940;5725349,010199999436736;6,967513332000067;51,661523395000074;1
181675;5230703700000267057;5;5;13;0;2023;7;9;2;3;1;5;0;0;1;0;0;0;0;0;367021,955799999646842;5706143,104000000283122;7,084548267000059;51,490777153000067;1
181678;5230703608200569720;5;3;34;2;2023;7;9;2;3;5;3;0;0;1;1;0;0;0;0;299305,023099999874830;5625928,555299999192357;6,154863113000033;50,750393823000081;1
181679;5230703608100580802;5;3;34;2;2023;7;17;2;3;5;2;0;0;1;1;0;0;0;0;294464,226200000382960;5629254,063100000843406;6,084474433000025;50,778567494000072;1
181680;5230703606700393504;5;3;78;16;2023;7;12;2;3;0;6;0;0;1;1;0;0;0;0;360583,535500000230968;5663598,062599999830127;7,008486274000063;51,106892911000045;1
181687;5230703601500378532;5;3;15;0;2023;7;16;2;3;8;1;0;0;1;0;0;0;0;0;360567,351999999955297;5646232,269200000911951;7,014935461000050;50,950821976000043;1
181689;5230703601200178241;5;3;15;0;2023;7;16;2;2;0;1;0;0;1;0;0;0;0;0;352606,315200000070035;5643599,325200000777841;6,902740473000051;50,925180127000033;1
181691;5230703600360886558;5;3;82;12;2023;7;8;2;3;6;7;0;0;1;0;1;0;0;0;361833,196499999612570;5626669,934499999508262;7,040332261000060;50,775311747000046;1
181695;5230703518200578397;5;1;70;24;2023;7;18;2;3;5;3;0;0;1;1;0;0;0;0;335360,860799999907613;5703141,786299999803305;6,630270941000049;51,455482164000045;1
181698;5230703514120186933;5;1;66;16;2023;7;12;2;2;0;7;0;0;1;0;0;0;0;0;311310,563000000081956;5690237,595000000670552;6,291352143000040;51,332076045000065;1
181699;5230703514114987025;5;1;66;24;2023;7;17;2;3;0;1;0;0;1;0;0;0;0;0;312343,304600000381470;5675984,455800000578165;6,313639687000034;51,204393696000068;1
181700;5230703508000682295;5;1;19;0;2023;7;21;2;3;5;3;0;0;1;1;0;0;0;0;353473,280000000260770;5704288,094399999827147;6,890294779000044;51,470760221000035;1
181701;5230703505200096230;5;1;14;0;2023;7;16;2;3;5;3;0;0;1;1;0;0;0;0;329723,533200000412762;5689358,988199999555945;6,555819134000046;51,329994603000046;1
181702;5230703505200085921;5;1;14;0;2023;7;15;2;3;0;1;0;0;1;0;0;0;0;0;325934,451000000350177;5693903,072000000625849;6,499262420000036;51,369668863000072;1
181705;5230703500300987020;5;1;11;0;2023;7;14;2;3;0;1;0;0;1;0;0;0;0;0;344634,026200000196695;5675169,321599999442697;6,775831459000074;51,206765598000061;1
181706;5230703500300682080;5;1;11;0;2023;7;9;2;3;3;6;0;0;1;1;0;0;0;0;344907,894999999552965;5676528,072000000625849;6,779161401000067;51,219048956000051;1
181708;5230703500300101077;5;1;11;0;2023;7;14;2;3;3;2;0;0;1;1;0;0;0;0;342204,468799999915063;5674414,738099999725819;6,741411238000069;51,199319524000032;1
181709;5230714316300082016;5;9;74;28;2023;7;17;6;3;7;5;0;0;1;1;0;0;0;0;454763,976499999873340;5724146,869000000879169;8,345914625000034;51,666480887000034;1
181711;5230703500200070420;5;1;11;0;2023;7;18;2;3;1;7;0;0;1;1;0;0;0;0;346462,694199999794364;5676923,112800000235438;6,801238471000033;51,223018838000030;1
181712;5230703500200056863;5;1;11;0;2023;7;7;2;3;0;7;0;0;1;0;0;0;0;1;345781,931800000369549;5679190,431399999186397;6,790521252000076;51,243208219000053;1
181713;5230703410250482125;5;7;70;44;2023;7;8;2;3;3;2;0;0;1;1;0;0;0;0;462909,794999999925494;5809027,281999999657273;8,454477760000032;52,430193632000055;1
181716;5230703407120987026;5;7;62;8;2023;7;16;2;2;0;1;0;0;1;0;0;0;0;0;525793,884300000034273;5724424,057199999690056;9,372993177000069;51,670202189000065;1
181718;5230703405152987028;5;7;54;52;2023;7;17;2;3;1;3;0;0;1;1;0;0;0;0;459928,897400000132620;5769734,297399999573827;8,415300471000023;52,076735495000037;1
181719;5230703404103096833;5;7;66;52;2023;7;11;2;3;5;3;0;1;1;1;0;0;0;0;516869,599000000394881;5756574,521999999880791;9,245510758000023;51,959611073000076;1
181720;5230703400200987024;5;7;11;0;2023;7;16;2;3;6;4;0;0;1;0;1;0;0;0;468013,127000000327826;5763618,774000000208616;8,533829656000023;52,022279451000031;1
181722;5230703317210318926;5;9;78;20;2023;7;22;2;3;8;5;2;0;1;1;0;0;0;0;407514,325899999588728;5716704,542799999937415;7,664828251000074;51,593790789000082;1
181729;5230703302100199784;5;9;14;0;2023;7;15;2;3;5;3;0;0;1;1;0;0;0;0;394908,301199999637902;5692031,002699999138713;7,490247802000056;51,369799168000043;1
181731;5230708514215069417;5;1;66;28;2023;7;9;7;3;5;3;0;0;1;1;0;0;0;0;324542,880199999548495;5689128,347100000828505;6,481644603000063;51,326348058000065;1
181736;5230703300100399513;5;9;11;0;2023;7;13;2;3;1;1;0;0;1;1;0;0;0;0;375965,066999999806285;5705384,806800000369549;7,213563916000055;51,485994666000067;1
181738;5230702702100379193;5;5;15;0;2023;7;20;1;3;0;7;0;0;1;0;0;0;0;0;410303,766800000332296;5752040,198799999430776;7,695969637000076;51,911874899000054;1
181739;5230702701800867135;5;5;62;4;2023;7;18;1;2;0;1;0;0;1;0;0;0;0;0;383910,127100000157952;5718031,948200000450015;7,323767399000076;51,601351707000049;1
181740;5230702700000795148;5;5;13;0;2023;7;17;1;3;2;6;0;0;1;0;0;0;0;0;366020,405199999921024;5711081,079399999231100;7,068253767000044;51,534916322000072;1
181741;5230702610211389866;5;3;70;4;2023;7;3;1;3;1;6;2;0;1;1;0;0;0;0;312480,970900000073016;5662476,509899999946356;6,322641494000038;51,083104775000038;1
181742;5230702609128005716;5;3;58;28;2023;7;15;1;2;0;1;0;0;1;0;0;0;0;0;324487,269999999552965;5622055,442299999296665;6,513316979000024;50,723756353000056;1
181743;5230702608436089897;5;3;34;36;2023;7;1;1;3;1;5;2;1;1;1;0;0;0;0;297004,487300000153482;5633546,031300000846386;6,118087275000050;50,818010149000031;1
181744;5230702608332373651;5;3;34;32;2023;7;11;1;3;5;3;0;0;1;1;0;0;0;0;302920,923999999649823;5627430,411000000312924;6,205254072000059;50,765122440000027;1
181747;5230702602800048445;5;3;62;12;2023;7;18;1;3;5;3;0;0;1;1;0;0;0;0;352059,434999999590218;5634762,361999999731779;6,898541823000073;50,845625780000034;1
181748;5230702601700178662;5;3;16;0;2023;7;1;1;3;3;6;2;0;1;0;0;0;0;0;362712,955199999734759;5661707,890699999406934;7,039603820000025;51,090419764000046;1
181750;5230702601500293410;5;3;15;0;2023;7;11;1;3;5;3;0;0;1;1;0;0;0;0;359508,253800000064075;5646707,049000000581145;6,999683932000039;50,954831689000059;1
181753;5230702600380695297;5;3;14;0;2023;7;20;1;3;0;1;0;0;1;0;0;0;0;0;367546,339700000360608;5619111,908500000834465;7,124033468000050;50,708712628000058;1
181758;5230702516100276027;5;1;58;36;2023;7;10;1;3;0;6;0;0;1;0;0;0;0;0;362223,750599999912083;5683100,846300000324845;7,024417278000044;51,282558460000075;1
181762;5230702505200091610;5;1;14;0;2023;7;17;1;3;5;3;0;0;1;1;0;0;0;0;334970,496100000105798;5691980,141499999910593;6,629849806000038;51,355090549000067;1
181766;5230702500100778898;5;1;11;0;2023;7;16;1;3;0;7;0;0;1;0;0;0;0;0;345850,479399999603629;5676891,214500000700355;6,792491808000023;51,222567231000028;1
181767;5230702411232578086;5;7;74;32;2023;7;13;1;3;0;7;0;0;1;0;0;0;0;0;480826,292899999767542;5732807,676000000908971;8,722275449000051;51,745846805000042;1
181772;5230702310240480400;5;9;54;4;2023;7;14;1;3;0;1;0;0;1;0;0;0;0;0;395068,324000000022352;5678408,723699999973178;7,496553386000073;51,247379237000075;1
181774;5230702301203987000;5;9;13;0;2023;7;16;1;3;5;3;0;0;1;1;0;0;0;0;394250,959499999880791;5712635,333300000056624;7,474644882000064;51,554881411000054;1
181776;5230706601100987112;5;3;15;0;2023;7;17;5;3;3;2;0;0;1;1;0;0;0;0;356787,327300000004470;5642783,250299999490380;6,962511612000071;50,918899172000067;1
181778;5230701709700581018;5;5;66;28;2023;7;12;7;3;5;3;0;1;1;1;0;0;0;0;412344,908999999985099;5792818,731000000610948;7,715147456000068;52,278740483000036;1
181781;5230701709000539100;5;5;66;76;2023;7;8;7;2;5;3;0;0;1;1;0;0;0;0;396743,811999999918044;5787380,432000000029802;7,488208594000071;52,227155123000045;1
181782;5230701705000986975;5;5;54;8;2023;7;1;7;3;5;2;2;0;1;1;0;0;0;0;336570,577999999746680;5745090,447000000625849;6,628073025000049;51,832693455000026;1
181785;5230701701620386128;5;5;62;12;2023;7;19;7;3;0;7;0;1;1;0;0;0;0;0;363786,419999999925494;5731558,062000000849366;7,028099817000054;51,718392498000071;1
181786;5230701608404389784;5;3;34;4;2023;7;17;7;3;0;1;0;0;1;0;0;0;0;0;304001,335799999535084;5638750,404999999329448;6,214509519000046;50,867166498000074;1
181789;5230701608100994787;5;3;34;2;2023;7;14;7;3;0;1;0;1;1;0;0;0;0;0;294065,773400000296533;5629564,767500000074506;6,078656209000030;50,781216644000040;1
181791;5230701607400090854;5;3;82;68;2023;7;10;7;3;0;1;0;1;1;0;0;0;0;0;369739,186999999918044;5629648,536000000312924;7,151345557000070;50,803913448000060;1
181793;5230701605148578493;5;3;74;48;2023;7;9;7;3;0;7;0;0;1;1;0;0;0;0;400154,392099999822676;5644836,160599999129772;7,578685961000076;50,946489721000034;1
181796;5230714610111477582;5;3;70;16;2023;7;13;6;3;5;2;0;0;1;1;0;0;0;0;295951,111999999731779;5661300,198999999091029;6,087608661000047;51,066900878000069;1
181799;5230701601200290618;5;3;15;0;2023;7;21;7;3;1;5;2;1;1;1;0;0;0;0;353940,413800000213087;5643242,113199999555945;6,921852982000075;50,922309270000028;1
181800;5230701600350179306;5;3;82;32;2023;7;18;7;3;5;3;0;0;1;1;0;0;0;0;360084,107599999755621;5609657,310200000181794;7,021984647000068;50,621990013000072;1
181801;5230703307000496280;5;9;62;60;2023;7;15;2;3;0;1;0;0;1;0;0;0;0;0;414767,508000000379980;5679857,902000000700355;7,778378566000072;51,263691895000079;1
181804;5230701516500392098;5;1;58;16;2023;7;9;7;3;5;3;0;1;1;1;0;0;0;0;355034,730000000447035;5672087,575999999418855;6,925860364000073;51,181806583000082;1
181816;5230708514118582158;5;1;66;16;2023;7;15;7;2;0;7;0;0;1;0;0;0;0;0;309709,882299999706447;5686563,201300000771880;6,270362820000059;51,298540078000030;1
181822;5230701301101067530;5;9;13;0;2023;7;10;7;2;5;2;0;0;1;1;0;0;0;0;394753,417999999597669;5707974,662000000476837;7,483282945000042;51,513082846000032;1
181824;5230701300500672047;5;9;11;0;2023;7;10;7;3;5;3;0;0;1;1;0;0;0;0;377941,457399999722838;5703348,698000000789762;7,242718262000039;51,468125114000031;1
181826;5230630709500176680;5;5;66;76;2023;6;19;6;3;0;6;0;0;1;0;1;0;0;0;391805,401499999687076;5795017,594499999657273;7,413485704000038;52,294843150000077;1
181828;5230630706300977240;5;5;58;4;2023;6;20;6;3;0;1;0;0;1;0;0;0;0;0;404255,834999999962747;5737957,833000000566244;7,611969861000034;51,784288119000053;1
181830;5230630702100896505;5;5;15;0;2023;6;9;6;3;6;7;0;0;1;0;1;0;0;0;405853,082399999722838;5758605,495899999514222;7,629486316000055;51,970152395000071;1
181831;5230630702100072434;5;5;15;0;2023;6;9;6;3;0;3;0;0;1;0;0;0;0;0;405624,469999999739230;5758233,403000000864267;7,626261680000027;51,966769097000054;1
181835;5230630700000289650;5;5;13;0;2023;6;19;6;3;0;7;0;0;1;0;0;0;0;0;364751,154600000008941;5712968,894999999552965;7,049239270000044;51,551578429000074;1
181838;5230630609108094935;5;3;58;8;2023;6;16;6;3;0;3;0;0;1;1;0;0;0;0;323850,545500000007451;5630014,559900000691414;6,500496352000027;50,795070959000043;1
181843;5230630602400981254;5;3;62;32;2023;6;7;6;3;5;3;0;0;1;1;0;0;0;0;330405,016200000420213;5637984,948300000280142;6,589725388000033;50,868638286000078;1
181844;5230630601600890291;5;3;15;0;2023;6;14;6;3;5;3;0;0;1;1;0;0;0;0;365135,923000000417233;5636461,238800000399351;7,083547800000076;50,864090978000036;1
181845;5230630601600499865;5;3;15;0;2023;6;12;6;3;0;1;0;0;1;0;0;0;0;0;362722,941999999806285;5636925,213800000026822;7,049105693000058;50,867693054000028;1
181847;5230630601500569945;5;3;15;0;2023;6;16;6;3;1;6;0;0;1;1;0;0;0;0;359584,265599999576807;5647869,797000000253320;7,000316814000030;50,965299924000078;1
181848;5230630601400090330;5;3;15;0;2023;6;15;6;2;5;3;0;0;1;1;0;0;0;0;355394,457999999634922;5647199,180999999865890;6,940956214000039;50,958236841000030;1
181849;5230630601300599818;5;3;15;0;2023;6;18;6;3;1;6;0;0;1;1;0;0;0;0;354123,888600000180304;5646613,980000000447035;6,923111711000047;50,952657599000077;1
181851;5230630601200876556;5;3;15;0;2023;6;7;6;3;5;3;0;1;1;1;0;0;0;0;358879,806099999696016;5639718,693299999460578;6,993446407000022;50,891873150000038;1
181852;5230807600140845324;5;3;14;0;2023;8;10;2;3;0;1;0;0;1;0;0;0;0;0;367273,245400000363588;5622495,086400000378489;7,118950299000062;50,739058616000079;1
181855;5230807516500086694;5;1;58;16;2023;8;17;2;3;3;6;0;0;1;1;0;0;0;0;356028,291600000113249;5671125,542400000616908;6,940451583000026;51,173412433000067;1
181856;5230807516300786902;5;1;58;28;2023;8;14;2;3;5;3;0;0;1;1;0;0;0;0;348511,848799999803305;5685007,896900000050664;6,827137263000054;51,296213228000056;1
181857;5230807515000985951;5;1;54;40;2023;8;15;2;3;0;1;0;0;1;1;0;0;0;0;293952,463000000454485;5741786,206599999219179;6,012315028000046;51,788935103000028;1
181859;5230807514110985948;5;1;66;32;2023;8;16;2;3;8;1;0;0;1;0;0;0;0;0;318734,209499999880791;5680605,986899999901652;6,402687666000077;51,247972088000040;1
181860;5230807514110977208;5;1;66;32;2023;8;9;2;3;5;2;0;1;1;1;0;0;0;0;318428,842100000008941;5681423,276799999177456;6,397902354000053;51,255216543000074;1
181865;5230807503400778706;5;1;22;0;2023;8;6;2;3;5;3;0;1;1;1;0;0;0;0;361927,378999999724329;5670341,713999999687076;7,025085510000054;51,167823033000047;1
181869;5230807500300969385;5;1;11;0;2023;8;18;2;3;1;5;0;0;1;1;0;0;0;0;341803,435999999754131;5674911,974300000816584;6,735456740000075;51,203676373000064;1
181872;5230807406110590711;5;7;58;12;2023;8;14;2;3;0;3;0;1;1;1;0;0;0;0;476266,474999999627471;5773788,691999999806285;8,653402350000022;52,114128530000073;1
181873;5230807405140887158;5;7;54;40;2023;8;19;2;3;5;3;0;0;1;1;0;0;0;0;459104,117999999783933;5761700,855000000447035;8,404227358000071;52,004451255000049;1
181874;5230807404302985961;5;7;66;8;2023;8;9;2;3;0;5;0;1;1;1;0;0;0;0;483371,567999999970198;5768958,099199999123812;8,757397560000072;52,070957280000073;1
181875;5230807404302196892;5;7;66;8;2023;8;16;2;3;0;1;0;1;1;0;0;0;0;0;483276,881599999964237;5769337,314200000837445;8,755997550000075;52,074363862000041;1
181877;5230807316200985943;5;9;74;52;2023;8;18;2;3;5;2;0;0;1;1;0;0;0;0;424664,063500000163913;5713222,339700000360608;7,913104511000029;51,565040579000026;1
181878;5230807316100089220;5;9;74;40;2023;8;17;2;3;5;3;0;0;1;1;0;0;0;0;438247,259999999776483;5712432,902000000700355;8,109183998000049;51,559594311000069;1
181886;5230806711100481966;5;5;70;52;2023;8;18;1;3;5;3;0;1;1;1;0;0;0;0;429833,790000000037253;5756027,149000000208616;7,979034356000057;51,950519116000066;1
181890;5230806601300086561;5;3;15;0;2023;8;14;1;3;5;3;0;1;1;1;0;0;0;0;353167,601499999873340;5645810,594499999657273;6,909830336000027;50,945195076000061;1
181893;5230806516300978875;5;1;58;28;2023;8;12;1;3;5;7;0;1;1;1;0;0;0;1;347923,238300000317395;5686451,801100000739098;6,818085753000048;51,309030533000055;1
181894;5230806516100195716;5;1;58;32;2023;8;19;1;3;3;2;0;1;1;1;0;0;0;0;361844,619099999777973;5689234,489700000733137;7,016608545000054;51,337587448000079;1
181901;5230806500200076037;5;1;11;0;2023;8;14;1;3;5;3;0;1;1;1;0;0;0;0;348119,860999999567866;5678744,209000000730157;6,824179862000051;51,239825882000048;1
181905;5230806405140182006;5;7;54;40;2023;8;14;1;3;5;3;0;1;1;1;0;0;0;0;459285,415699999779463;5761340,596599999815226;8,406911167000032;52,001225689000080;1
181906;5230806310120579521;5;9;54;32;2023;8;13;1;3;5;3;0;0;1;1;0;0;0;0;387466,018299999646842;5692524,440600000321865;7,383219590000067;51,372808266000050;1
181913;5230805709300181037;5;5;66;84;2023;8;17;7;3;2;6;0;1;1;1;0;0;0;0;390476,179399999789894;5775649,979100000113249;7,400267902000053;52,120520711000040;1
181914;5230805709300042420;5;5;66;84;2023;8;16;7;3;5;3;0;1;1;1;0;0;0;0;390430,570799999870360;5774463,132300000637770;7,399984025000037;52,109845159000031;1
181915;5230805705000986004;5;5;54;8;2023;8;12;7;3;0;7;0;0;1;0;1;0;0;1;331427,469399999827147;5745464,177999999374151;6,553318996000030;51,834522405000030;1
181916;5230805705000985997;5;5;54;8;2023;8;19;7;3;1;5;0;1;1;1;0;0;0;0;336713,936999999918044;5745745,753000000491738;6,629842515000064;51,838622327000053;1
181920;5230805609108585812;5;3;58;8;2023;8;17;7;3;0;3;0;0;1;1;0;0;0;0;321111,945199999958277;5633631,939099999144673;6,459913909000022;50,826730617000067;1
181921;5230805608100689800;5;3;34;2;2023;8;12;7;2;0;7;0;0;1;0;0;0;0;0;291462,923600000329316;5630588,185499999672174;6,041204330000028;50,789477756000053;1
181922;5230805607400293613;5;3;82;68;2023;8;12;7;3;0;1;0;1;1;1;0;0;0;0;367771,398699999786913;5631648,464299999177456;7,122714051000059;50,821442977000061;1
181924;5230805606100581204;5;3;78;4;2023;8;13;7;3;5;2;0;1;1;1;0;0;0;0;368710,234400000423193;5649344,187999999150634;7,129672243000073;50,980703542000072;1
181925;5230805602800490300;5;3;62;12;2023;8;13;7;3;0;1;0;0;1;0;0;0;0;0;351334,175999999977648;5633800,585000000894070;6,888637419000077;50,836796733000028;1
181928;5230805601700681831;5;3;16;0;2023;8;20;7;3;3;7;0;1;1;1;0;0;0;0;358513,216000000014901;5655265,907999999821186;6,982191913000065;51,031506200000081;1
181929;5230805601300079200;5;3;15;0;2023;8;1;7;3;3;2;2;1;1;0;0;1;0;0;353300,872299999929965;5646356,905400000512600;6,911506030000055;50,950138482000057;1