OID_;UIDENTSTLAE;ULAND;UREGBEZ;UKREIS;UGEMEINDE;UJAHR;UMONAT;USTUNDE;UWOCHENTAG;UKATEGORIE;UART;UTYP1;ULICHTVERH;IstStrassenzustand;IstRad;IstPKW;IstFuss;IstKrad;IstGkfz;IstSonstige;LINREFX;LINREFY;XGCSWGS84;YGCSWGS84;PLST
182274;5230729705000987610;5;5;54;64;2023;7;13;7;3;0;7;0;0;1;1;0;0;0;0;361550,069299999624491;5751168,013499999418855;6,987913367000033;51,894054637000067;1
182275;5230730505200696118;5;1;14;0;2023;7;14;1;3;0;1;0;0;1;0;0;0;0;0;326679,534199999645352;5695453,779699999839067;6,509199508000052;51,383827389000032;1
182276;5230729705000595046;5;5;54;12;2023;7;15;7;3;0;5;0;1;1;1;0;0;0;1;352396,675800000317395;5747679,351099999621511;6,856476730000054;51,860360794000030;1
182278;5230729700000095087;5;5;13;0;2023;7;12;7;3;5;3;0;0;1;1;0;0;0;0;367321,129300000146031;5713682,655099999159575;7,086015523000071;51,558602933000031;1
182280;5230729606400081300;5;3;78;28;2023;7;10;7;2;0;1;0;1;1;0;0;0;0;0;372093,548399999737740;5639891,147099999710917;7,181162599000061;50,896500684000046;1
182282;5230729602700987618;5;3;62;28;2023;7;16;7;2;2;6;0;1;1;1;0;0;0;0;347675,261500000022352;5639785,570199999958277;6,834221003000039;50,889628090000031;1
182284;5230729601400987601;5;3;15;0;2023;7;10;7;3;0;6;0;0;1;0;1;0;0;0;352087,245900000445545;5653851,701700000092387;6,891190136000034;51,017179855000052;1
182286;5230729601300986148;5;3;15;0;2023;7;12;7;3;0;1;0;0;1;0;0;0;0;0;351685,957999999634922;5646984,948999999091029;6,888275917000044;50,955369110000049;1
182287;5230729601200781745;5;3;15;0;2023;7;10;7;3;0;5;0;1;1;1;0;0;0;0;353713,726499999873340;5642121,084200000390410;6,919079477000025;50,912177500000041;1
182288;5230729601100293525;5;3;15;0;2023;7;0;7;3;0;7;2;1;1;0;0;0;0;0;356317,427000000141561;5642576,418899999931455;6,955912345000058;50,916923587000042;1
182289;5230729600140034434;5;3;14;0;2023;7;12;7;3;0;1;0;1;1;0;0;0;0;0;370263,187800000421703;5619923,524599999189377;7,162206059000027;50,716620360000036;1
182290;5230729600120495374;5;3;82;24;2023;7;16;7;3;0;2;0;1;1;0;0;0;0;0;371236,343399999663234;5618329,238199999555945;7,176540027000044;50,702506718000052;1
182292;5230729518100996053;5;1;70;48;2023;7;13;7;3;0;1;0;1;1;0;0;0;0;0;335938,360000000335276;5725122,175000000745058;6,628322436000076;51,653120896000075;1
182296;5230729513310686720;5;1;62;8;2023;7;8;7;3;5;3;0;0;1;1;0;0;0;0;333802,851999999955297;5664652,322000000625849;6,625771784000051;51,109226897000042;1
182299;5230729503400795717;5;1;22;0;2023;7;19;7;3;0;3;0;1;1;1;0;0;0;0;361670,032800000160933;5668828,561499999836087;7,021988775000068;51,154162322000047;1
182301;5230729502321480440;5;1;13;0;2023;7;22;7;3;0;1;2;1;1;0;0;0;0;0;357484,354500000365078;5704428,397700000554323;6,947949628000060;51,473045458000058;1
182304;5230729400300079872;5;7;11;0;2023;7;17;7;3;6;7;0;1;1;0;1;0;0;0;466212,127299999818206;5759838,132300000637770;8,507956149000051;51,988182372000040;1
182311;5230729301204794387;5;9;13;0;2023;7;21;7;2;5;3;2;1;1;1;0;0;0;0;385631,168300000019372;5706503,735899999737740;7,352354632000072;51,498089175000075;1
182314;5230728709800079150;5;5;66;32;2023;7;17;6;2;5;3;0;0;1;0;0;0;0;1;415168,523000000044703;5780074,492000000551343;7,759721250000041;52,164631843000052;1
182315;5230728709500491754;5;5;66;76;2023;7;23;6;3;0;1;2;0;1;0;0;0;0;0;393355,849499999545515;5793549,640300000086427;7,436676051000063;52,281953552000061;1
182317;5230728705000987582;5;5;54;68;2023;7;13;6;3;6;7;0;0;1;0;1;0;0;0;350719,566999999806285;5767189,416999999433756;6,823668233000035;52,035204290000081;1
182318;5230728705000987580;5;5;54;48;2023;7;11;6;3;0;7;0;0;1;0;0;0;0;0;341298,882899999618530;5745843,684499999508262;6,696290870000041;51,840823826000076;1
182319;5230801709700986127;5;5;66;48;2023;8;8;3;3;4;1;0;1;1;0;0;0;0;0;428073,652900000102818;5798710,542400000616908;7,944394154000065;52,333984959000077;1
182323;5230728608200877536;5;3;34;2;2023;7;7;6;3;5;3;0;1;1;1;0;0;0;0;296696,830299999564886;5631780,095100000500679;6,114703426000062;50,802041701000064;1
182325;5230730711200896543;5;5;70;4;2023;7;16;1;3;1;5;0;1;1;1;0;0;0;0;424052,445399999618530;5735808,850299999117851;7,899372429000039;51,768007158000046;1
182327;5230728607500581180;5;3;82;56;2023;7;13;6;3;0;1;0;1;1;0;0;0;0;0;372175,902499999850988;5626426,812599999830127;7,187029400000029;50,775498300000038;1
182328;5230728607500090872;5;3;82;56;2023;7;10;6;3;0;3;0;1;1;0;0;0;0;1;371032,531499999575317;5625116,198799999430776;7,171280862000060;50,763465023000037;1
182329;5230728606100493395;5;3;78;4;2023;7;19;6;3;0;1;0;1;1;0;0;0;0;0;368630,058400000445545;5650517,925899999216199;7,128106358000025;50,991234481000049;1
182330;5230728602300987600;5;3;62;36;2023;7;17;6;3;0;1;0;1;1;0;0;0;0;0;346204,042799999937415;5651773,501000000163913;6,808257689000072;50,996962029000031;1
182331;5230728601700986156;5;3;16;0;2023;7;11;6;3;6;4;0;1;1;0;1;0;0;0;363407,813900000415742;5655600,171700000762939;7,051826066000046;51,035694421000073;1
182332;5230728601600986153;5;3;15;0;2023;7;17;6;3;1;5;0;1;1;1;0;0;0;0;366172,367300000041723;5638279,717299999669194;7,097601785000052;50,880675825000026;1
182333;5230728601600375850;5;3;15;0;2023;7;17;6;2;0;1;0;1;1;0;0;0;0;0;366055,344399999827147;5643310,047299999743700;7,094093631000021;50,925859680000030;1
182334;5230728601500186382;5;3;15;0;2023;7;1;6;3;7;7;2;1;1;0;0;0;0;1;361870,290099999867380;5650396,097699999809265;7,031891878000067;50,988557026000080;1
182335;5230728601200986155;5;3;15;0;2023;7;12;6;3;4;2;0;1;1;1;0;0;0;0;355290,103000000119209;5641928,925000000745058;6,941564064000033;50,910847977000060;1
182338;5230728600360192156;5;3;82;12;2023;7;15;6;3;5;3;0;1;1;1;0;0;0;0;355535,172100000083447;5628168,556199999526143;6,950475950000055;50,787245484000039;1
182341;5230728516600095786;5;1;58;4;2023;7;9;6;2;0;1;0;1;1;0;0;0;0;0;353826,541600000113249;5676291,553500000387430;6,906874046000041;51,219276682000043;1
182348;5230728515212595515;5;1;54;32;2023;7;19;6;2;5;3;0;0;1;1;0;0;0;0;308786,347400000318885;5717650,469399999827147;6,240344595000067;51,577439394000066;1
182351;5230728505200091563;5;1;14;0;2023;7;10;6;2;0;7;0;1;1;0;0;0;0;0;332723,777099999599159;5690338,034099999815226;6,598384446000068;51,339680803000078;1
182358;5230804608416389756;5;3;34;16;2023;8;18;6;3;1;2;0;1;1;1;0;0;0;0;294487,819500000216067;5638360,338600000366569;6,079707822000046;50,860360312000068;1
182361;5230728410110587115;5;7;70;24;2023;7;15;6;3;0;5;0;0;1;1;0;0;0;0;491729,491999999620020;5791709,349999999627471;8,878781329000049;52,275694223000073;1
182363;5230728404101987586;5;7;66;20;2023;7;14;6;3;0;7;0;0;1;0;1;0;0;0;491620,785000000149012;5754749,146999999880791;8,878097621000052;51,943391893000069;1
182364;5230728317210669225;5;9;78;20;2023;7;11;6;3;0;1;0;0;1;0;0;0;0;0;406632,619400000199676;5716905,233200000599027;7,652049840000075;51,595449365000036;1
182365;5230728317110980591;5;9;78;36;2023;7;21;6;3;0;1;1;0;1;0;0;0;0;0;407343,476200000382960;5709914,928799999877810;7,664152357000034;51,532729644000028;1
182367;5230728313110995073;5;9;58;4;2023;7;14;6;3;0;7;0;0;1;0;0;0;0;0;428305,000699999742210;5700050,765900000929832;7,968302022000046;51,447099457000036;1
182368;5230728313110287423;5;9;58;4;2023;7;10;6;3;0;1;0;1;1;0;0;0;0;0;434415,783400000073016;5695099,104000000283122;8,057140032000063;51,403321678000054;1
182372;5230728301301567125;5;9;78;24;2023;7;11;6;3;5;2;0;0;1;1;0;0;0;0;397842,555700000375509;5719592,506799999624491;7,524407540000027;51,618078615000059;1
182376;5230727709500802247;5;5;66;76;2023;7;17;5;3;5;3;0;1;1;1;0;0;0;0;393487,298999999649823;5792133,971000000834465;7,439049352000040;52,269256144000053;1
182377;5230727709500496953;5;5;66;16;2023;7;16;5;3;0;1;0;1;1;0;0;0;0;0;406300,242999999783933;5791099,536000000312924;7,627048690000038;52,262291326000081;1
182379;5230727709110470631;5;5;66;4;2023;7;18;5;3;0;1;0;1;1;0;0;0;0;0;395156,833200000226498;5767230,731399999931455;7,471195945000034;52,045759196000063;1
182380;5230727706100503164;5;5;58;16;2023;7;7;5;3;5;3;0;0;1;1;0;0;0;0;380430,593899999745190;5745903,456700000911951;7,263979549000055;51,851112556000032;1
182381;5230727701200675230;5;5;62;20;2023;7;7;5;3;5;3;0;1;1;1;0;0;0;0;369345,775000000372529;5719512,439699999988079;7,113035617000037;51,611466188000065;1
182386;5230727609108681357;5;3;58;8;2023;7;5;5;3;5;2;2;1;1;1;0;0;0;0;321632,824000000022352;5633672,009999999776483;6,467282807000061;50,827251314000080;1
182387;5230727608100880740;5;3;34;2;2023;7;18;5;3;5;7;0;1;1;1;0;0;0;0;294261,163300000131130;5629557,777699999511242;6,081428043000074;50,781223213000033;1
182394;5230727601100194856;5;3;15;0;2023;7;16;5;3;5;2;0;1;1;1;0;0;0;0;355490,794599999673665;5645888,505300000309944;6,942847265000069;50,946482266000032;1
182399;5230727515111096098;5;1;54;8;2023;7;11;5;3;0;3;0;1;1;1;0;0;0;0;309661,052699999883771;5746003,814099999144673;6,237475616000040;51,832377091000069;1
182405;5230805610212094744;5;3;70;40;2023;8;17;7;2;0;1;0;1;1;0;0;0;0;0;301796,582799999974668;5670487,356499999761581;6,165884323000057;51,151461726000036;1
182410;5230727503200987562;5;1;24;0;2023;7;16;5;3;5;3;0;1;1;1;0;0;0;0;374358,465200000442564;5681658,782500000670552;7,198828061000029;51,272403637000082;1
182411;5230727503100878813;5;1;24;0;2023;7;0;5;3;1;5;2;0;1;1;0;0;0;0;370823,760999999940395;5680936,206000000238419;7,148444332000054;51,265119249000065;1
182414;5230727502101191861;5;1;13;0;2023;7;18;5;3;0;7;0;1;1;0;1;0;0;0;361538,508000000379980;5702647,597899999469519;7,006983447000039;51,458049270000060;1
182419;5230727407301079407;5;7;62;36;2023;7;12;5;3;0;6;0;1;1;1;0;0;0;0;510057,928999999538064;5704383,414000000804663;9,144870271000059;51,490507401000059;1
182420;5230727405108987550;5;7;54;8;2023;7;7;5;3;5;3;0;1;1;1;0;0;0;0;458608,672000000253320;5755893,372999999672174;8,397710705000065;51,952202400000033;1
182426;5230727301205294451;5;9;13;0;2023;7;20;5;2;5;3;0;1;1;1;0;0;0;0;386571,788499999791384;5711279,882600000128150;7,364362233000065;51,541206874000068;1
182428;5230726711100393886;5;5;70;52;2023;7;14;4;3;0;1;0;0;1;0;0;0;0;0;430269,812699999660254;5756315,183700000867248;7,985319256000025;51,953163276000055;1
182429;5230726706100795040;5;5;58;32;2023;7;13;4;3;1;5;0;0;1;1;0;0;0;0;386624,950699999928474;5754854,419700000435114;7,350931103000050;51,932851000000028;1
182430;5230726705000987534;5;5;54;48;2023;7;16;4;3;5;3;0;0;1;1;0;0;0;0;340657,065600000321865;5746648,396999999880791;6,686611669000058;51,847870494000063;1
182437;5230726700000367071;5;5;13;0;2023;7;18;4;3;0;7;0;0;1;0;0;0;0;1;368132,299599999561906;5708612,582499999552965;7,099609304000069;51,513229846000058;1
182438;5230726610212580752;5;3;70;40;2023;7;8;4;3;5;1;0;0;1;1;0;0;0;0;306564,603000000119209;5666653,997999999672174;6,236034159000042;51,118662459000063;1
182439;5230726610111571794;5;3;70;16;2023;7;15;4;3;5;3;0;0;1;0;0;0;0;1;293922,946000000461936;5658215,663000000640750;6,060456967000050;51,038475594000033;1
182440;5230726609248987536;5;3;58;48;2023;7;16;4;3;5;7;0;0;1;1;0;0;0;0;321672,894000000320375;5640399,619000000879169;6,464573882000025;50,887703956000053;1
182441;5230726609108285750;5;3;58;8;2023;7;9;4;3;0;7;0;0;1;0;0;0;0;0;320149,527599999681115;5630215,548900000751019;6,447936753000022;50,795740098000067;1
182447;5230726603116973856;5;3;66;16;2023;7;16;4;3;5;3;0;0;1;0;0;0;0;1;339802,640999999828637;5613521,560000000521541;6,733815758000048;50,651495935000071;1
182448;5230726602600169701;5;3;62;20;2023;7;10;4;3;3;6;0;1;1;1;0;0;0;0;342398,923499999567866;5630785,627599999308586;6,763134191000063;50,807340433000036;1
182452;5230726601200990384;5;3;15;0;2023;7;15;4;3;5;3;0;1;1;1;0;0;0;0;352691,844899999909103;5643473,600400000810623;6,904007392000040;50,924072134000028;1
182454;5230726600110467680;5;3;14;0;2023;7;16;4;3;5;3;0;1;1;1;0;0;0;0;365398,193900000303984;5622595,079099999740720;7,092355499000064;50,739525764000064;1
182455;5230726518410771984;5;1;70;16;2023;7;18;4;3;5;3;0;0;1;1;0;0;0;0;344946,753999999724329;5723759,707000000402331;6,759041408000030;51,643436400000041;1
182458;5230726508000882166;5;1;19;0;2023;7;22;4;2;5;2;2;0;1;1;0;0;0;0;350784,149199999868870;5703403,234699999913573;6,851978941000027;51,462106628000072;1
182462;5230726500300245580;5;1;11;0;2023;7;13;4;3;0;1;0;1;1;0;0;0;0;0;344783,672100000083447;5675194,986899999901652;6,777960910000047;51,207036895000044;1
182463;5230726500300069055;5;1;11;0;2023;7;10;4;3;2;2;0;0;1;1;0;0;0;0;345081,269999999552965;5674217,595000000670552;6,782639723000045;51,198335385000064;1
182466;5230726411232282091;5;7;74;32;2023;7;17;4;3;5;3;0;1;1;1;0;0;0;0;480780,455000000074506;5732390,567999999970198;8,721634560000041;51,742094914000063;1
182468;5230726405220987541;5;7;54;20;2023;7;19;4;2;5;3;0;0;1;1;0;0;0;0;445877,406000000424683;5750400,000000000000000;8,213337400000057;51,901722501000052;1
182470;5230726400200962226;5;7;11;0;2023;7;20;4;2;1;1;0;0;1;1;0;0;0;0;468311,484400000423193;5763515,920299999415874;8,538187227000037;52,021371855000041;1
182472;5230726313240913802;5;9;58;40;2023;7;23;4;3;0;1;2;0;1;0;0;0;0;0;459156,401800000108778;5667955,994400000199676;8,415897013000063;51,161583456000074;1
182477;5230726301101509063;5;9;13;0;2023;7;6;4;3;3;2;0;1;1;1;0;0;0;0;392508,074000000022352;5708130,373999999836087;7,450890216000062;51,514059700000075;1
182478;5230725709700403002;5;5;66;72;2023;7;15;3;3;5;2;0;1;1;0;0;0;0;0;411329,911000000312924;5801283,210999999195337;7,698042696000073;52,354657743000075;1
182479;5230725709500179128;5;5;66;76;2023;7;11;3;2;5;3;0;0;1;1;0;0;0;0;395325,795599999837577;5793727,501499999314547;7,465487429000063;52,283930729000076;1
182480;5230725705000987500;5;5;54;48;2023;7;12;3;3;5;3;0;0;1;1;0;0;0;0;340713,795500000007451;5744791,876900000497699;6,688289358000077;51,831207932000041;1
182482;5230725701400681363;5;5;12;0;2023;7;14;3;3;0;7;0;0;1;1;0;0;0;0;354705,250000000000000;5710125,627000000327826;6,905616327000075;51,523532370000055;1
182483;5230725701120581595;5;5;62;32;2023;7;13;3;3;5;3;0;0;1;1;0;0;0;0;380462,433500000275671;5717460,639399999752641;7,274204479000048;51,595495861000074;1
182486;5230725610111177582;5;3;70;16;2023;7;21;3;3;0;1;0;0;1;0;0;0;0;0;300700,696999999694526;5659708,734300000593066;6,156185540000024;51,054275894000057;1
182489;5230725601600781866;5;3;15;0;2023;7;12;3;2;0;5;0;0;1;1;0;0;0;0;361228,626899999566376;5644850,901499999687076;7,024870176000036;50,938566888000082;1
182491;5230731601100586607;5;3;15;0;2023;7;13;2;3;0;1;0;1;1;0;0;0;0;0;355390,522499999962747;5644267,230699999257922;6,942064339000069;50,931887073000041;1
182493;5230725601400987500;5;3;15;0;2023;7;6;3;3;0;1;0;1;1;0;0;0;0;0;356555,107499999925494;5646912,394099999219179;6,957584500000053;50,955949624000027;1
182499;5230725513130987494;5;1;62;22;2023;7;10;3;3;0;1;0;0;1;0;0;0;0;0;339199,676300000399351;5679066,598699999973178;6,696353122000062;51,240278249000028;1
182508;5230725502323190834;5;1;13;0;2023;7;11;3;3;0;7;0;0;1;0;0;0;0;0;358569,911000000312924;5705372,336999999359250;6,963191735000066;51,481800163000059;1
182509;5230725502319095792;5;1;13;0;2023;7;22;3;3;0;7;2;0;1;0;0;0;0;0;355052,975200000219047;5705861,025900000706315;6,912377643000070;51,485301112000059;1
182510;5230725502316594981;5;1;13;0;2023;7;7;3;3;5;3;0;0;1;1;0;0;0;0;357650,101800000295043;5703239,010099999606609;6,950813553000046;51,462399322000067;1
182511;5230725502105217296;5;1;13;0;2023;7;17;3;3;6;4;0;0;1;0;1;0;0;0;361926,424999999813735;5701742,937999999150634;7,012916633000032;51,450014396000029;1
182512;5230725410270240742;5;7;70;16;2023;7;18;3;2;5;3;0;0;1;1;0;0;0;0;477857,046400000341237;5790394,694599999114871;8,675545251000074;52,263491199000043;1
182516;5230725400200987493;5;7;11;0;2023;7;9;3;3;5;3;0;0;1;1;0;0;0;0;468986,803899999707937;5765060,526699999347329;8,547888642000032;52,035297011000068;1
182519;5230725303100087666;5;9;15;0;2023;7;10;3;3;3;2;0;0;1;1;0;0;0;0;417917,750300000421703;5725886,951400000602007;7,812827233000064;51,677948893000064;1
182525;5230724701910149551;5;5;62;8;2023;7;12;2;3;1;5;0;0;1;1;0;0;0;0;385258,721599999815226;5723700,216099999845028;7,341373888000021;51,652573140000072;1
182529;5230724608100677575;5;3;34;2;2023;7;8;2;3;2;6;0;0;1;1;0;0;0;0;293980,791199999861419;5627713,228900000452995;6,078489270000034;50,764557521000029;1
182530;5230724607500721503;5;3;82;56;2023;7;16;2;3;5;2;0;0;1;1;0;0;0;0;373028,467699999921024;5626690,026599999517202;7,199024321000024;50,778051452000057;1
182535;5230724601500987482;5;3;15;0;2023;7;15;2;3;0;3;0;0;1;1;0;1;0;0;362834,588999999687076;5648551,990000000223517;7,046318804000066;50,972214080000072;1
182539;5230724601200290384;5;3;15;0;2023;7;16;2;3;3;6;0;1;1;1;0;0;0;0;354403,833999999798834;5642440,545299999415874;6,928761898000062;50,915222912000047;1
182540;5230724600380686272;5;3;14;0;2023;7;16;2;3;0;1;0;1;1;0;0;0;0;0;368971,363699999637902;5616950,113700000569224;7,144971944000076;50,689604820000056;1
182542;5230724516800895658;5;1;58;20;2023;7;19;2;3;5;3;0;1;1;1;0;0;0;0;354040,499099999666214;5664504,259800000116229;6,914719577000028;51,113407638000069;1
182543;5230724515210596073;5;1;54;28;2023;7;7;2;2;0;7;0;1;1;0;0;0;0;0;316804,130599999800324;5704039,417999999597669;6,362998936000054;51,457845509000038;1
182544;5230724515111065321;5;1;54;8;2023;7;21;2;3;0;1;0;1;1;0;0;0;0;0;311651,053199999965727;5745913,152899999171495;6,266371576000040;51,832237322000026;1
182547;5230724506100891173;5;1;16;0;2023;7;13;2;3;5;3;0;1;1;0;0;0;0;1;320861,491100000217557;5666899,140900000929832;6,439971054000068;51,125512767000032;1
182548;5230724506100696020;5;1;16;0;2023;7;19;2;3;5;2;0;1;1;1;0;0;0;0;321588,737999999895692;5674977,623299999162555;6,446346596000069;51,198311342000068;1
182550;5230805607100095403;5;3;82;60;2023;8;14;7;3;0;1;0;0;1;0;0;0;0;0;375120,275100000202656;5628171,010399999096990;7,228176234000045;50,791817554000033;1
182551;5230724503100675740;5;1;24;0;2023;7;16;2;3;0;1;0;1;1;0;0;0;0;0;366627,996899999678135;5677897,746899999678135;7,089471749000040;51,236845978000076;1
182553;5230804605148085296;5;3;74;48;2023;8;17;6;3;9;1;0;1;1;0;0;0;0;0;397901,152599999681115;5646735,226700000464916;7,546089045000031;50,963167013000032;1
182554;5230724501323382182;5;1;12;0;2023;7;18;2;3;1;5;0;1;1;1;0;0;0;0;344601,770499999634922;5694190,090600000694394;6,767091759000039;51,377662982000061;1
182556;5230724411132837560;5;7;74;32;2023;7;18;2;3;1;5;0;0;1;1;1;0;0;0;482284,373900000005960;5729569,892100000753999;8,743559810000022;51,716782984000076;1
182557;5230724410230840100;5;7;70;4;2023;7;11;2;2;1;7;0;0;1;1;0;0;0;0;486984,941999999806285;5783879,653799999505281;8,809543624000071;52,205209170000046;1
182559;5230724400200687067;5;7;11;0;2023;7;13;2;3;5;3;0;0;1;1;0;0;0;0;470607,490799999795854;5761136,878799999132752;8,571851227000025;52,000109030000033;1
182560;5230724317210077920;5;9;78;20;2023;7;12;2;2;0;5;0;0;1;0;0;0;1;0;407204,810100000351667;5716653,810200000181794;7,660374649000062;51,593283846000077;1
182562;5230724316300076617;5;9;74;28;2023;7;18;2;3;5;3;0;0;1;1;0;0;0;0;454056,876000000163913;5724158,370999999344349;8,335689604000038;51,666526923000049;1
182570;5230723711100696160;5;5;70;52;2023;7;19;1;2;0;5;0;1;1;1;0;0;0;0;430870,488099999725819;5757129,975500000640750;7,993894583000042;51,960562950000053;1
182572;5230723709110776751;5;5;66;12;2023;7;10;1;3;1;7;0;0;1;1;0;0;0;0;404882,880900000222027;5772756,332399999722838;7,611432026000045;52,097178772000063;1
182573;5230723709110155930;5;5;66;8;2023;7;2;1;3;3;1;2;1;1;0;0;0;0;0;400870,282599999569356;5780165,764499999582767;7,550714358000050;52,163069539000048;1
182574;5230729705000881102;5;5;54;68;2023;7;6;7;3;9;1;1;0;1;0;0;0;0;0;351589,086900000460446;5766692,627100000157952;6,836550535000072;52,030974262000029;1
182575;5230723706300176683;5;5;58;24;2023;7;17;1;3;0;1;0;0;1;0;0;0;0;0;392574,826999999582767;5736138,769500000402331;7,443253585000036;51,765817698000035;1
182576;5230723705000585883;5;5;54;8;2023;7;13;1;3;8;1;0;0;1;0;0;0;0;0;335704,002799999900162;5744747,175799999386072;6,615670680000051;51,829355510000028;1
182587;5230723600110286268;5;3;14;0;2023;7;9;1;3;0;1;0;1;1;0;0;0;0;0;365579,374800000339746;5622072,574599999934435;7,095112347000054;50,734871496000039;1
182589;5230729606700987613;5;3;78;32;2023;7;15;7;3;0;1;0;0;1;0;0;0;0;0;375199,027999999932945;5661796,933499999344349;7,217771459000062;51,094073125000079;1
182590;5230723516900086725;5;1;58;26;2023;7;18;1;3;5;3;0;0;1;1;0;0;0;0;353266,875000000000000;5661634,265000000596046;6,904841498000053;51,087419378000050;1
182595;5230723502229069091;5;1;13;0;2023;7;11;1;3;0;7;0;1;1;0;0;0;0;0;361002,098000000230968;5695000,263100000098348;7,002267128000028;51,389196060000074;1
182597;5230723501126696020;5;1;12;0;2023;7;16;1;3;5;3;0;0;1;1;0;0;0;0;344358,467000000178814;5704479,436000000685453;6,759079361000033;51,470045852000055;1
182598;5230723500300070356;5;1;11;0;2023;7;12;1;3;5;3;0;0;1;1;0;0;0;0;344950,733099999837577;5675084,992000000551343;6,780398120000029;51,206093917000032;1
182599;5230723411220570344;5;7;74;20;2023;7;17;1;2;5;3;0;1;1;1;0;0;0;0;469548,195000000298023;5734750,743000000715256;8,558750111000052;51,762817557000062;1
182603;5230723316300063780;5;9;74;28;2023;7;0;1;2;0;1;2;0;1;0;0;0;0;0;455640,656700000166893;5725178,187300000339746;8,358459042000050;51,675823269000034;1
182604;5230723316100080653;5;9;74;40;2023;7;0;1;3;0;1;2;1;1;0;0;0;0;0;436951,213000000454485;5712438,165200000628829;8,090489398000045;51,559498232000067;1
182607;5230723301102089377;5;9;13;0;2023;7;12;1;3;6;7;0;0;1;0;1;0;0;0;397536,497399999760091;5704884,918800000101328;7,524273015000063;51,485821563000059;1
182608;5230723301101089313;5;9;13;0;2023;7;3;1;3;1;7;2;1;1;1;0;0;0;0;394799,258000000379980;5707978,103099999949336;7,483942273000025;51,513122314000043;1
182609;5230723300800373302;5;9;54;36;2023;7;11;1;3;0;1;0;0;1;0;0;0;0;0;383046,735999999567866;5699938,373299999162555;7,317311874000040;51,438551606000033;1
182610;5230723300100090026;5;9;11;0;2023;7;11;1;3;1;5;0;1;1;1;0;0;0;0;376041,750300000421703;5705321,124900000169873;7,214690142000052;51,485439146000033;1
182611;5230722709800068100;5;5;66;40;2023;7;15;7;3;0;1;0;1;1;0;0;0;0;0;421034,552899999544024;5782446,358899999409914;7,844913802000065;52,186822651000057;1
182618;5230722607300595346;5;3;82;36;2023;7;18;7;2;2;6;0;0;1;0;0;0;0;0;392825,375000000000000;5640471,132999999448657;7,475677875000031;50,905934586000058;1
182619;5230722602600890858;5;3;62;20;2023;7;11;7;3;5;2;0;0;1;1;0;0;0;0;343853,583399999886751;5629270,759199999272823;6,784408051000071;50,794121599000050;1
182621;5230722601300985510;5;3;15;0;2023;7;12;7;3;0;6;0;0;1;1;0;0;0;0;354171,951600000262260;5645727,884299999102950;6,924150379000025;50,944706711000038;1
182624;5230722600140671666;5;3;14;0;2023;7;22;7;2;0;7;2;0;1;0;0;0;0;0;369314,250699999742210;5621850,038100000470877;7,148088614000073;50,733723692000069;1
182625;5230722600140590865;5;3;14;0;2023;7;11;7;3;5;3;0;0;1;1;0;0;0;0;370132,287999999709427;5620977,798000000417233;7,159981633000029;50,726067240000077;1
182627;5230722514210878947;5;1;66;12;2023;7;14;7;3;9;7;0;0;1;0;0;0;0;1;317991,908200000412762;5690971,607000000774860;6,386779097000044;51,340847006000047;1
182629;5230722513310981447;5;1;62;8;2023;7;12;7;3;0;2;0;0;1;1;0;0;0;0;331613,408900000154972;5661781,709400000050664;6,595862147000048;51,082797098000071;1
182631;5230722513310481447;5;1;62;8;2023;7;9;7;3;0;3;0;0;1;1;0;0;0;0;331611,850399999879301;5661793,165799999609590;6,595834578000051;51,082899570000052;1
182632;5230722513210386831;5;1;62;24;2023;7;0;7;3;0;1;2;0;1;0;0;0;0;0;340863,009499999694526;5669655,783900000154972;6,724333720000061;51,156187696000075;1
182633;5230722513110091168;5;1;62;16;2023;7;17;7;3;5;3;0;0;1;1;0;0;0;0;331261,370699999853969;5675831,547399999573827;6,584256668000023;51,208921583000063;1
182634;5230722508000089530;5;1;19;0;2023;7;18;7;2;0;1;0;0;1;0;0;0;0;0;353171,427600000053644;5704340,261700000613928;6,885930183000028;51,471150733000059;1
182635;5230722503100673301;5;1;24;0;2023;7;17;7;3;0;1;0;0;1;0;0;0;0;0;368894,389399999752641;5678016,068099999800324;7,121875202000069;51,238434654000059;1
182640;5230722502101369046;5;1;13;0;2023;7;21;7;3;4;2;1;0;1;0;0;0;0;1;361938,575500000268221;5702087,027799999341369;7,012957105000055;51,453109483000048;1
182641;5230722502101073426;5;1;13;0;2023;7;21;7;3;4;2;1;0;1;0;0;0;0;1;361938,558500000275671;5702087,253799999132752;7,012956772000052;51,453111510000042;1
182642;5230722500300578796;5;1;11;0;2023;7;18;7;3;0;1;0;0;1;0;0;0;0;0;343827,879999999888241;5675824,065600000321865;6,764015308000069;51,212428845000034;1
182644;5230722500300090700;5;1;11;0;2023;7;18;7;3;0;1;0;0;1;0;0;0;0;0;352593,412899999879301;5674614,550699999555945;6,889918243000068;51,203889979000053;1
182645;5230722500300082035;5;1;11;0;2023;7;15;7;3;0;7;0;0;1;0;0;0;0;0;350532,395600000396371;5672890,614199999719858;6,861154976000023;51,187863271000026;1
182649;5230722405112987440;5;7;54;12;2023;7;15;7;3;5;3;0;0;1;1;0;0;0;0;456873,397499999962747;5765801,574400000274181;8,371215435000067;52,041149462000078;1