OID_;UIDENTSTLAE;ULAND;UREGBEZ;UKREIS;UGEMEINDE;UJAHR;UMONAT;USTUNDE;UWOCHENTAG;UKATEGORIE;UART;UTYP1;ULICHTVERH;IstStrassenzustand;IstRad;IstPKW;IstFuss;IstKrad;IstGkfz;IstSonstige;LINREFX;LINREFY;XGCSWGS84;YGCSWGS84;PLST
182650;5230722405108987430;5;7;54;8;2023;7;9;7;2;5;3;0;0;1;1;0;0;0;0;457082,402999999932945;5750567,796000000089407;8,376167420000058;51,904206924000050;1
182651;5230722316300072354;5;9;74;28;2023;7;16;7;3;1;5;0;0;1;1;0;0;0;0;454291,414400000125170;5723824,794700000435114;8,339124285000025;51,663546910000036;1
182655;5230722300600794310;5;9;16;0;2023;7;20;7;3;1;6;0;0;1;1;0;0;0;0;376981,762699999846518;5710876,627599999308586;7,226283269000021;51,535573953000039;1
182656;5230721709000287293;5;5;66;12;2023;7;12;6;2;5;7;0;0;1;0;0;0;0;0;401136,317999999970198;5777596,717000000178814;7,555350187000045;52,140027002000068;1
182657;5230721705000987433;5;5;54;48;2023;7;18;6;3;8;5;0;0;1;1;0;0;0;0;342130,138100000098348;5745461,975999999791384;6,708521129000076;51,837630162000039;1
182658;5230721705000987421;5;5;54;8;2023;7;14;6;3;4;6;0;0;1;0;0;0;0;0;337084,751000000163913;5748049,726999999955297;6,634134493000033;51,859428419000039;1
182659;5230721705000889360;5;5;54;52;2023;7;15;6;3;1;5;0;0;1;1;0;0;0;0;378938,048999999649823;5773019,050000000745058;7,232756984000048;52,094471723000026;1
182661;5230721702100539948;5;5;15;0;2023;7;17;6;3;5;2;0;1;1;1;0;0;0;0;406121,051500000059605;5756361,669299999251962;7,633999243000062;51,950029174000065;1
182662;5230721701400461211;5;5;12;0;2023;7;12;6;3;1;5;0;0;1;1;0;0;0;0;354442,992999999783933;5711102,310000000521541;6,901435088000028;51,532240973000057;1
182664;5230721701400361085;5;5;12;0;2023;7;12;6;3;5;3;0;0;1;1;0;0;0;0;357522,812099999748170;5708015,149100000038743;6,947055394000074;51,505285589000039;1
182665;5230721610121385810;5;3;70;12;2023;7;12;6;3;0;7;0;0;1;0;0;0;0;0;297337,456899999640882;5649333,508300000801682;6,114052691000040;50,959918651000066;1
182667;5230721601700987424;5;3;16;0;2023;7;20;6;3;0;1;1;0;1;0;0;0;0;0;359573,936499999836087;5654292,120999999344349;6,997686636000026;51,023014959000079;1
182668;5230721601700987416;5;3;16;0;2023;7;13;6;3;5;3;0;0;1;1;0;0;0;0;356884,943400000222027;5658585,129300000146031;6,957674231000055;51,060931953000079;1
182669;5230721601200799004;5;3;15;0;2023;7;20;6;2;0;1;1;0;1;0;0;0;0;0;358796,519500000402331;5639525,936599999666214;6,992337454000051;50,890120463000073;1
182670;5230721601200081466;5;3;15;0;2023;7;16;6;3;2;6;0;0;1;1;0;0;0;0;358904,746299999766052;5639816,487600000575185;6,993763022000053;50,892758135000065;1
182672;5230721601100090220;5;3;15;0;2023;7;18;6;3;5;7;0;0;1;1;0;0;0;0;355614,558000000193715;5645950,611800000071526;6,944583256000044;50,947071415000039;1
182673;5230721600380775850;5;3;14;0;2023;7;12;6;3;5;3;0;0;1;1;0;0;0;0;368360,901800000108778;5618043,389499999582767;7,135944680000023;50,699293594000039;1
182674;5230721600380595310;5;3;14;0;2023;7;7;6;3;1;5;0;0;1;1;0;0;0;0;368172,070899999700487;5619376,672700000926852;7,132796227000028;50,711234605000072;1
182676;5230721600350087421;5;3;82;32;2023;7;12;6;2;0;7;0;1;1;0;0;0;0;0;359029,678000000305474;5612618,623999999836087;7,005961408000076;50,648351220000052;1
182679;5230721518400089298;5;1;70;8;2023;7;10;6;3;2;2;0;0;1;1;0;0;0;0;342987,893000000156462;5716033,372999999672174;6,734214075000068;51,573475580000036;1
182680;5230805518200986007;5;1;70;24;2023;8;12;7;3;5;3;0;0;1;1;0;0;0;0;335782,719999999739230;5701915,526000000536442;6,636906514000032;51,444587773000080;1
182683;5230721518100987415;5;1;70;48;2023;7;9;6;3;0;2;0;0;1;0;0;0;0;1;332764,007799999788404;5722771,611600000411272;6,583600842000067;51,631069341000057;1
182684;5230721516900086311;5;1;58;26;2023;7;20;6;3;8;5;0;0;1;1;0;0;0;0;352560,616100000217557;5661700,776399999856949;6,894737166000027;51,087835970000071;1
182687;5230721505200591560;5;1;14;0;2023;7;18;6;3;5;5;0;0;1;1;0;0;0;0;334048,135300000198185;5691035,277599999681115;6,617055771000025;51,346333093000055;1
182689;5230721505100196052;5;1;14;0;2023;7;11;6;3;5;3;0;0;1;0;0;0;0;0;330369,948400000110269;5689350,215700000524521;6,565093065000042;51,330108962000054;1
182690;5230805301201473417;5;9;13;0;2023;8;11;7;3;5;3;0;0;1;1;0;0;0;0;387259,741999999620020;5709123,127000000327826;7,374968742000021;51,521959672000037;1
182696;5230721501316391365;5;1;12;0;2023;7;21;6;3;0;1;2;0;1;1;0;0;0;0;345958,989299999549985;5699573,316500000655651;6,784240675000035;51,426401975000033;1
182699;5230721500200169175;5;1;11;0;2023;7;2;6;3;0;7;2;0;1;0;0;0;0;0;344946,992800000123680;5679156,154799999669194;6,778583560000072;51,242673903000082;1
182700;5230801410110587062;5;7;70;24;2023;8;10;3;3;5;2;0;1;1;1;0;0;0;0;494396,074000000022352;5793550,088600000366569;8,917834064000033;52,292277060000060;1
182703;5230721405228187082;5;7;54;28;2023;7;12;6;3;5;3;0;0;1;1;0;0;0;0;453312,574500000104308;5744285,105699999257922;8,322224531000074;51,847419098000046;1
182707;5230721316300987417;5;9;74;28;2023;7;13;6;3;5;3;0;0;1;1;0;0;0;0;454974,188699999824166;5724872,552400000393391;8,348860412000022;51,673022309000032;1
182710;5230721301304587444;5;9;13;0;2023;7;13;6;3;5;3;0;0;1;1;0;0;0;0;400406,314000000245869;5707792,037000000476837;7,564770610000039;51,512466089000043;1
182711;5230721301301773352;5;9;78;24;2023;7;11;6;3;5;3;0;0;1;1;0;0;0;0;398313,833800000138581;5720098,913399999961257;7,531065417000036;51,622715835000065;1
182712;5230721301202282383;5;9;13;0;2023;7;19;6;3;8;5;0;0;1;1;0;0;0;0;392962,590099999681115;5709175,508799999952316;7,457120418000045;51,523540127000047;1
182717;5230720709500296953;5;5;66;76;2023;7;16;5;3;0;1;0;0;1;0;0;0;0;0;393497,969999999739230;5794741,385999999940395;7,438381970000023;52,292691537000053;1
182719;5230720705000987405;5;5;54;12;2023;7;16;5;3;5;2;0;0;1;1;0;0;0;0;352581,734899999573827;5747678,668899999931455;6,859162458000071;51,860403581000071;1
182720;5230720705000987398;5;5;54;16;2023;7;9;5;3;3;5;0;0;1;1;0;0;0;0;363071,540300000458956;5757905,411900000646710;7,007330324000066;51,954970328000059;1
182721;5230720705000987395;5;5;54;40;2023;7;9;5;3;1;5;0;0;1;0;0;0;1;0;350894,368499999865890;5736210,768400000408292;6,839610851000032;51,756918022000036;1
182722;5230720705000987251;5;5;54;8;2023;7;16;5;3;5;3;0;0;1;0;0;0;0;0;332732,669400000013411;5743042,097999999299645;6,573414381000021;51,813156848000062;1
182723;5230720705000591733;5;5;54;8;2023;7;15;5;3;5;3;0;0;1;0;0;0;0;0;335415,280199999921024;5745211,162299999967217;6,611263918000020;51,833438705000049;1
182725;5230720702100076684;5;5;15;0;2023;7;8;5;2;5;3;0;0;1;1;0;0;0;0;406766,928199999965727;5757395,240900000557303;7,643113867000068;51,959428077000041;1
182726;5230802601400393424;5;3;15;0;2023;8;20;4;3;0;1;2;1;1;0;0;0;0;0;354487,122899999842048;5648424,547100000083447;6,927555559000041;50,969020397000065;1
182727;5230720702100072434;5;5;15;0;2023;7;14;5;3;0;1;0;0;1;0;0;0;0;0;405851,678999999538064;5757285,960000000894070;7,629827652000074;51,958291589000055;1
182729;5230720701110180920;5;5;62;32;2023;7;15;5;2;5;3;0;0;1;1;0;0;0;0;379555,777800000272691;5718971,201099999248981;7,260602546000030;51,608878794000077;1
182730;5230720701110080920;5;5;62;32;2023;7;18;5;3;5;3;0;0;1;1;0;0;0;0;373643,644000000320375;5721105,716000000014901;7,174498194000023;51,626765935000037;1
182735;5230720608404075493;5;3;34;4;2023;7;18;5;3;5;3;0;0;1;0;1;0;0;0;303264,024000000208616;5638610,632999999448657;6,204119459000026;50,865660658000081;1
182737;5230720608200480734;5;3;34;2;2023;7;18;5;2;0;1;0;0;1;0;0;0;0;0;295635,599299999885261;5630012,691700000315905;6,100645921000023;50,785794884000040;1
182738;5230720608200273660;5;3;34;2;2023;7;8;5;3;5;3;0;0;1;1;0;0;0;0;296095,666400000452995;5628193,597200000658631;6,108172675000048;50,769618871000034;1
182739;5230720608200069730;5;3;34;2;2023;7;17;5;2;0;5;0;0;1;1;0;0;0;0;295385,428999999538064;5629399,294199999421835;6,097442950000072;50,780197564000048;1
182741;5230802705000420923;5;5;54;20;2023;8;21;4;3;0;7;1;1;1;1;0;0;0;0;366023,162299999967217;5786330,361800000071526;7,039090899000030;52,211104178000028;1
182746;5230720600330595365;5;3;82;48;2023;7;16;5;3;5;3;0;0;1;1;0;0;0;0;355937,374499999918044;5609854,823499999940395;6,963323755000033;50,622755470000072;1
182747;5230720600120725400;5;3;82;24;2023;7;12;5;3;1;5;0;0;1;0;0;0;1;0;375903,441100000403821;5617263,237999999895692;7,242956557000070;50,693939534000037;1
182749;5230720518100272100;5;1;70;48;2023;7;19;5;2;5;3;1;0;1;1;0;0;0;0;334827,521999999880791;5725534,919800000265241;6,612084157000027;51,656503607000047;1
182750;5230720515110521921;5;1;54;40;2023;7;16;5;3;5;3;0;0;1;1;0;0;0;0;293849,368499999865890;5741781,998400000855327;6,010824854000020;51,788859346000038;1
182751;5230720513310690915;5;1;62;8;2023;7;17;5;3;0;2;0;0;1;1;0;0;0;0;333258,348000000230968;5666991,128000000491738;6,616918986000030;51,130081842000038;1
182753;5230720505100417752;5;1;14;0;2023;7;3;5;3;0;1;2;0;1;0;0;0;0;0;333170,677000000141561;5689392,648900000378489;6,605237450000061;51,331318665000026;1
182758;5230720501136991310;5;1;12;0;2023;7;20;5;3;5;2;0;0;1;1;0;0;0;0;342574,782999999821186;5709666,740000000223517;6,731105808000052;51,516158772000040;1
182763;5230720500300676015;5;1;11;0;2023;7;14;5;3;5;3;0;0;1;1;0;0;0;0;348884,442099999636412;5671107,262299999594688;6,838340973000072;51,171405088000029;1
182764;5230720500300000910;5;1;11;0;2023;7;15;5;3;5;3;0;0;1;1;0;0;0;0;352921,021999999880791;5674632,741000000387430;6,894597016000034;51,204137883000044;1
182766;5230720411132987402;5;7;74;32;2023;7;15;5;3;5;3;0;0;1;0;0;0;0;1;483186,043999999761581;5730931,195000000298023;8,756545956000025;51,729050629000028;1
182767;5230720410230790794;5;7;70;4;2023;7;11;5;3;0;1;0;0;1;0;0;0;0;0;485647,052000000141561;5780942,219000000506639;8,790090113000076;52,178766639000060;1
182768;5230720400200655573;5;7;11;0;2023;7;15;5;3;4;6;0;0;1;0;0;0;0;1;470604,063099999912083;5764581,342299999669194;8,571505551000030;52,031076928000061;1
182769;5230727702100074712;5;5;15;0;2023;7;15;5;3;2;6;0;1;1;0;0;0;0;0;405743,012799999676645;5757587,046199999749660;7,628164068000046;51,960979475000045;1
182770;5230720316300080312;5;9;74;16;2023;7;17;5;3;9;1;0;0;1;0;0;0;0;0;454303,003399999812245;5718159,141799999400973;8,340031668000051;51,612608436000073;1
182771;5230720313110285060;5;9;58;4;2023;7;22;5;2;0;1;2;0;1;0;0;0;0;0;433559,543300000019372;5696193,011399999260902;8,044627325000022;51,413056919000041;1
182774;5230720301306590828;5;9;13;0;2023;7;18;5;3;0;5;0;0;1;1;0;0;0;0;397771,253200000151992;5714262,143300000578165;7,524931077000076;51,570153179000044;1
182775;5230720300300143600;5;9;11;0;2023;7;19;5;3;5;3;0;0;1;1;0;0;0;0;383104,916500000283122;5706143,195100000128150;7,316096552000033;51,494331917000068;1
182776;5230720300100789633;5;9;11;0;2023;7;15;5;3;6;4;0;0;1;0;1;0;0;0;376247,975999999791384;5704933,740000000223517;7,217794525000045;51,482002729000044;1
182778;5230719711200874651;5;5;70;4;2023;7;14;4;3;1;5;0;0;1;1;0;0;0;0;423156,315299999900162;5735276,525599999353290;7,886506146000045;51,763099471000032;1
182779;5230719706300096685;5;5;58;4;2023;7;14;4;3;0;7;0;0;1;1;0;0;0;0;407754,928700000047684;5732261,142300000414252;7,664194141000053;51,733669089000045;1
182780;5230719705000695150;5;5;54;12;2023;7;8;4;3;5;3;0;0;1;1;0;0;0;0;352858,433000000193715;5747674,323999999091029;6,863179554000055;51,860437569000055;1
182781;5230719702100565913;5;5;15;0;2023;7;11;4;3;5;3;0;0;1;0;0;0;0;0;405467,212100000120699;5757551,705800000578165;7,624160982000035;51,960614995000071;1
182783;5230724601400069165;5;3;15;0;2023;7;17;2;3;5;3;0;0;1;1;0;0;0;0;354376,177099999971688;5655745,545800000429153;6,923039856000059;51,034783187000073;1
182784;5230719610121280811;5;3;70;12;2023;7;19;4;3;3;1;0;0;1;0;0;0;0;0;293746,819500000216067;5648514,444800000637770;6,063456664000057;50,951289017000079;1
182785;5230719608332389795;5;3;34;32;2023;7;12;4;3;5;2;0;0;1;1;0;0;0;0;304368,662499999627471;5628370,242799999192357;6,225258703000065;50,774054184000079;1
182788;5230719608200069730;5;3;34;2;2023;7;7;4;3;3;6;0;0;1;1;0;0;0;0;297697,280000000260770;5628882,842000000178814;6,130477632000066;50,776370029000077;1
182789;5230719608100280751;5;3;34;2;2023;7;15;4;3;0;1;0;0;1;0;0;0;0;0;291222,459699999541044;5628962,149900000542402;6,038720717000047;50,774788097000055;1
182790;5230719607400636847;5;3;82;68;2023;7;11;4;3;0;1;0;0;1;0;0;0;1;0;368250,527300000190735;5631439,397299999371171;7,129587589000039;50,819673104000060;1
182792;5230719605148693472;5;3;74;48;2023;7;17;4;3;0;1;0;0;1;0;0;0;0;0;397820,791100000031292;5645331,925799999386072;7,545339066000054;50,950537560000043;1
182794;5230719602900171732;5;3;62;40;2023;7;14;4;3;5;3;0;0;1;1;0;0;0;0;357554,499400000087917;5631884,401900000870228;6,977663314000040;50,821140212000046;1
182795;5230719602500987387;5;3;62;24;2023;7;15;4;3;3;6;0;0;1;1;0;0;0;0;346469,231999999843538;5640925,998999999836087;6,816607376000036;50,899556851000057;1
182797;5230719601400781873;5;3;15;0;2023;7;11;4;3;5;2;0;0;1;1;0;0;0;0;353208,026999999769032;5653094,106000000610948;6,907464341000036;51,010658937000073;1
182798;5230719601100448326;5;3;15;0;2023;7;16;4;3;3;6;0;0;1;1;0;0;0;0;355663,480899999849498;5644648,697599999606609;6,945795059000034;50,935383618000060;1
182799;5230802709800887357;5;5;66;40;2023;8;18;4;3;6;1;0;1;1;0;1;0;0;0;421214,720900000073016;5782739,926999999210238;7,847480439000037;52,189487258000042;1
182801;5230719600110095283;5;3;14;0;2023;7;12;4;3;5;2;0;0;1;1;0;0;0;0;363735,969600000418723;5622038,607200000435114;7,069017553000037;50,734136649000050;1
182802;5230719600110086287;5;3;14;0;2023;7;8;4;3;0;1;0;0;1;0;0;0;0;0;365949,201999999582767;5621278,532999999821186;7,100638851000042;50,727820149000081;1
182804;5230719518100987400;5;1;70;48;2023;7;15;4;3;4;7;0;0;1;0;0;1;0;0;334603,370199999772012;5729769,595399999991059;6,606841242000030;51,694480393000049;1
182805;5230719518100987382;5;1;70;48;2023;7;10;4;3;1;5;0;0;1;1;0;0;0;0;335147,115699999965727;5725664,468499999493361;6,616639163000059;51,657761248000043;1
182806;5230729503400295688;5;1;22;0;2023;7;20;7;3;0;1;0;1;1;0;0;0;0;0;365759,391499999910593;5670717,875900000333786;7,079722593000042;51,172115898000072;1
182810;5230719513320479545;5;1;62;4;2023;7;11;4;3;0;7;0;1;1;0;0;0;0;0;348260,649000000208616;5662500,657999999821186;6,833048963000067;51,093902292000053;1
182811;5230720518320595976;5;1;70;52;2023;7;11;5;2;0;1;0;0;1;0;0;0;0;0;323897,310100000351667;5727034,637900000438094;6,453472288000057;51,666657391000058;1
182812;5230719505200818192;5;1;14;0;2023;7;16;4;3;0;1;0;0;1;0;0;0;0;0;329093,070000000298023;5690238,743000000715256;6,546356144000072;51,337708976000044;1
182816;5230719502325896850;5;1;13;0;2023;7;17;4;3;0;7;0;0;1;0;0;0;0;0;361709,450699999928474;5704862,351099999621511;7,008575851000046;51,477993588000061;1
182818;5230719502210291048;5;1;13;0;2023;7;15;4;2;0;7;0;0;1;0;0;0;0;0;361010,332000000402331;5698609,302999999374151;7,000971283000069;51,421630352000079;1
182820;5230719600110295272;5;3;14;0;2023;7;19;4;3;6;4;1;0;1;0;1;0;0;0;366325,921000000089407;5619567,096000000834465;7,106593613000030;50,712524528000074;1
182826;5230719405236078113;5;7;54;36;2023;7;17;4;2;4;6;0;0;1;1;0;0;0;0;475390,296299999579787;5747150,077899999916553;8,642519642000025;51,874588011000071;1
182827;5230719400100174553;5;7;11;0;2023;7;15;4;2;0;3;0;0;1;1;0;0;0;0;464779,111600000411272;5765549,362199999392033;8,486500923000051;52,039440597000066;1
182828;5230719317220987383;5;9;78;4;2023;7;11;4;3;5;3;0;0;1;1;0;0;0;0;407889,632799999788404;5722706,271900000050664;7,668666731000030;51,647802514000034;1
182829;5230719315140986166;5;9;70;36;2023;7;14;4;3;0;7;0;0;1;1;0;0;0;0;429179,422399999573827;5626565,085699999704957;7,995316091000063;50,786505921000071;1
182831;5230719313130577870;5;9;58;44;2023;7;17;4;3;0;1;0;0;1;0;0;0;0;0;430972,052500000223517;5686068,616299999877810;8,009392775000038;51,321723550000058;1
182833;5230719303100555285;5;9;15;0;2023;7;17;4;3;5;3;0;0;1;1;0;0;0;0;420721,916600000113249;5720286,011099999770522;7,854645490000053;51,628001004000055;1
182834;5230719301103594400;5;9;13;0;2023;7;10;4;3;3;2;0;1;1;1;0;0;0;0;389999,632799999788404;5706020,908399999141693;7,415412682000067;51,494616383000050;1
182836;5230719300400090504;5;9;11;0;2023;7;10;4;3;5;3;0;1;1;0;0;0;0;1;375009,462899999693036;5701011,824799999594688;7,201354235000053;51,446482784000068;1
182839;5230718711100087235;5;5;70;52;2023;7;14;3;2;5;3;0;0;1;0;0;0;0;0;433555,394000000320375;5754627,452999999746680;8,033448159000045;51,938393244000054;1
182842;5230718706000396670;5;5;58;12;2023;7;16;3;3;5;3;0;0;1;0;0;0;1;0;373993,850499999709427;5756811,085100000724196;7,166588149000063;51,947718289000079;1
182843;5230718705000696108;5;5;54;40;2023;7;16;3;2;0;1;0;0;1;0;0;0;0;0;351366,487900000065565;5737939,950899999588728;6,845706438000036;51,772580142000038;1
182844;5230718702100570587;5;5;15;0;2023;7;9;3;3;4;6;0;0;1;1;0;0;0;0;412258,316800000146031;5752721,319700000807643;7,724204237000038;51,918308743000068;1
182845;5230718701400875296;5;5;12;0;2023;7;0;3;3;3;6;2;0;1;0;0;0;0;1;358109,607800000347197;5710380,498999999836087;6,954552505000038;51,526688184000079;1
182846;5230729601200986151;5;3;15;0;2023;7;5;7;3;0;1;2;1;1;0;0;0;0;0;355267,453499999828637;5642406,161699999123812;6,941052807000062;50,915131141000074;1
182847;5230718701200981316;5;5;62;20;2023;7;23;3;2;8;1;2;0;1;0;0;0;0;0;372480,681800000369549;5713828,767500000074506;7,160350514000072;51,561106101000064;1
182848;5230718701200795195;5;5;62;20;2023;7;17;3;2;0;1;0;0;1;0;0;0;0;0;371722,384999999776483;5714564,962999999523163;7,149148434000040;51,567550286000028;1
182851;5230718610113475565;5;3;70;24;2023;7;17;3;3;4;6;0;0;1;1;0;0;0;0;282748,843999999575317;5656194,007999999448657;5,902520582000022;51,016207502000043;1
182853;5230718608312081724;5;3;34;12;2023;7;6;3;3;8;6;0;0;1;1;0;0;0;0;306720,372499999590218;5634228,845599999651313;6,255490005000070;50,827467383000055;1
182854;5230718607100584950;5;3;82;60;2023;7;22;3;3;0;7;2;0;1;0;1;0;0;0;373597,528099999763072;5629239,854699999094009;7,206214529000022;50,801094687000045;1
182855;5230718606100593381;5;3;78;4;2023;7;19;3;3;1;6;0;0;1;1;0;0;0;0;369562,484000000171363;5649198,546499999240041;7,141858634000073;50,979588251000052;1
182857;5230718605116576566;5;3;74;16;2023;7;14;3;3;5;3;0;0;1;1;0;0;0;0;383933,724299999885261;5668172,092199999839067;7,340397161000055;51,153210975000036;1
182858;5230718602700987367;5;3;62;28;2023;7;16;3;3;3;6;0;0;1;0;0;0;0;1;352390,325299999676645;5640285,661000000312924;6,901009670000064;50,895346346000053;1
182860;5230718601500754776;5;3;15;0;2023;7;18;3;3;5;3;0;0;1;1;0;0;0;0;361089,399199999868870;5648968,554500000551343;7,021318243000053;50,975539550000065;1
182861;5230718601300987381;5;3;15;0;2023;7;8;3;2;0;1;0;0;1;0;0;0;0;0;350066,512099999934435;5648698,754399999976158;6,864528742000061;50,970350854000060;1
182862;5230718601200273835;5;3;15;0;2023;7;22;3;3;0;1;2;0;1;1;0;0;0;0;355262,148900000378489;5642354,546900000423193;6,940997873000072;50,914665957000068;1
182863;5230718601200091193;5;3;15;0;2023;7;17;3;3;1;5;0;0;1;1;0;0;0;0;355700,004700000397861;5640776,024900000542402;6,947846488000039;50,900589632000049;1
182864;5230718601100081672;5;3;15;0;2023;7;16;3;3;4;6;0;0;1;1;0;0;0;0;355662,756500000134110;5644952,075400000438094;6,945664585000031;50,938109836000081;1
182866;5230718600120878284;5;3;82;24;2023;7;15;3;3;8;1;0;0;1;0;0;0;0;0;371191,682000000029802;5617343,182000000029802;7,176251779000040;50,693633751000050;1
182867;5230718600110093385;5;3;14;0;2023;7;13;3;2;1;5;0;0;1;1;0;0;0;0;365362,765399999916553;5623094,631899999454618;7,091671139000027;50,744007485000054;1
182869;5230804610111080811;5;3;70;16;2023;8;16;6;3;5;3;0;1;1;1;0;0;0;0;299692,117999999783933;5660170,890100000426173;6,141557432000070;51,058075768000037;1
182872;5230803602600977501;5;3;62;20;2023;8;15;5;3;0;1;0;0;1;0;0;0;0;0;342768,579099999740720;5632865,217900000512600;6,767485341000054;50,826127975000077;1
182873;5230718516900986641;5;1;58;26;2023;7;11;3;3;5;3;0;0;1;1;0;0;0;0;352153,312300000339746;5662178,249600000679493;6,888730131000045;51,092021826000064;1
182874;5230821410110796632;5;7;70;24;2023;8;12;2;3;2;7;0;0;1;1;0;0;0;0;490369,418999999761581;5791045,913000000640750;8,858866101000046;52,269707439000058;1
182875;5230821406120021381;5;7;58;16;2023;8;19;2;3;0;6;0;0;1;1;0;0;0;0;474751,385300000198185;5779149,836699999868870;8,630878682000059;52,162261113000056;1
182876;5230821405228579365;5;7;54;28;2023;8;13;2;3;5;2;0;0;1;0;0;0;0;0;451008,947200000286102;5744259,130000000819564;8,288788474000057;51,846988143000033;1
182877;5230821405108604617;5;7;54;8;2023;8;14;2;3;5;3;0;0;1;0;0;0;0;1;457053,089100000448525;5750891,210400000214577;8,375701041000070;51,907112345000030;1
182878;5230821400300187038;5;7;11;0;2023;8;21;2;3;0;7;2;0;1;0;0;0;0;0;465581,956899999640882;5760796,192500000819564;8,498683335000067;51,996757240000079;1
182879;5230821400300087038;5;7;11;0;2023;8;21;2;2;0;7;2;0;1;0;0;0;0;0;465581,145999999716878;5760794,455000000074506;8,498671699000056;51,996741568000061;1
182882;5230821316100677976;5;9;74;40;2023;8;19;2;3;3;6;0;0;1;0;0;0;0;1;437256,833499999716878;5712506,465399999171495;8,094885345000023;51,560146368000062;1
182884;5230821313121041380;5;9;58;32;2023;8;19;2;3;1;5;0;0;1;1;0;0;0;0;451130,194000000134110;5688241,683800000697374;8,298352257000033;51,343351576000032;1
182886;5230821302120577937;5;9;14;0;2023;8;10;2;3;6;4;0;0;1;0;1;0;0;0;392813,333899999968708;5690750,109400000423193;7,460549108000066;51,357894034000026;1
182887;5230821301302094313;5;9;13;0;2023;8;16;2;3;5;7;0;0;1;1;0;0;0;0;397925,942699999548495;5707826,974999999627471;7,529028760000074;51,512337445000071;1
182889;5230821300800995833;5;9;54;36;2023;8;11;2;3;6;6;0;0;1;0;1;0;0;0;384118,764899999834597;5699903,810900000855327;7,332740162000050;51,438461279000080;1
182890;5230820711300727092;5;5;70;8;2023;8;17;1;3;5;3;0;0;1;1;0;0;0;0;434235,764000000432134;5733708,698000000789762;8,047322223000037;51,750415549000081;1
182891;5230820709110985441;5;5;66;4;2023;8;0;1;3;9;1;2;0;1;0;0;0;0;0;395729,563599999994040;5767183,322100000455976;7,479558670000074;52,045441125000082;1
182892;5230820706200681438;5;5;58;8;2023;8;13;1;3;4;3;0;0;1;0;0;0;0;0;382477,091699999757111;5759751,351299999281764;7,288953162000041;51,975999445000070;1
182895;5230820701610175472;5;5;62;12;2023;8;9;1;3;0;1;0;0;1;0;0;0;0;0;361229,560899999924004;5736084,403400000184774;6,989304594000032;51,758438625000053;1
182897;5230820700000479550;5;5;13;0;2023;8;12;1;3;0;7;0;0;1;0;0;0;0;0;364102,452800000086427;5713368,302799999713898;7,039734276000047;51,555011784000044;1
182898;5230820700000024636;5;5;13;0;2023;8;21;1;3;3;2;2;0;1;1;0;0;0;0;368024,480499999597669;5713580,435300000011921;7,096194174000061;51,557849321000049;1
182899;5230820608332080746;5;3;34;32;2023;8;18;1;2;4;1;0;0;1;1;0;0;0;0;302518,107200000435114;5629016,818499999120831;6,198697451000044;50,779234762000044;1
182900;5230820608320380754;5;3;34;20;2023;8;16;1;3;0;1;0;0;1;0;0;0;0;0;302194,027800000272691;5600249,452899999916553;6,209467619000065;50,520726973000080;1
182901;5230820608200589817;5;3;34;2;2023;8;21;1;3;0;1;2;0;1;0;0;0;0;0;300674,200199999846518;5620611,586999999359250;6,177121382000053;50,703108556000075;1
182904;5230820602800028723;5;3;62;12;2023;8;19;1;3;0;1;0;0;1;0;0;0;0;0;350567,620000000111759;5633613,865000000223517;6,877834824000047;50,834921338000072;1
182905;5230820601600425113;5;3;15;0;2023;8;19;1;3;0;3;0;0;1;1;0;0;0;0;359421,643699999898672;5643512,740900000557303;6,999684211000044;50,926102991000050;1
182906;5230820601600386473;5;3;15;0;2023;8;20;1;2;5;3;1;0;1;1;0;0;0;0;364691,179700000211596;5638805,949500000104308;7,076364076000061;50,885060441000064;1
182910;5230820601100985061;5;3;15;0;2023;8;10;1;3;5;3;0;0;1;0;0;0;0;1;356476,069299999624491;5643764,588999999687076;6,957700111000065;50,927641034000033;1
182912;5230820600330486337;5;3;82;48;2023;8;11;1;3;5;3;0;0;1;1;0;0;0;0;352597,096900000236928;5611739,624700000509620;6,915384430000074;50,638859626000055;1
182913;5230820600140875603;5;3;14;0;2023;8;14;1;2;0;1;0;0;1;0;0;0;0;0;369303,228699999861419;5624521,147500000894070;7,146984782000061;50,757729647000076;1
182914;5230820518301095910;5;1;70;4;2023;8;3;1;3;2;6;2;0;1;0;0;0;0;0;328696,524500000290573;5721400,194099999964237;6,525558601000057;51,617526079000072;1
182915;5230820518200989643;5;1;70;24;2023;8;20;1;2;0;1;0;0;1;0;0;0;0;0;334546,258000000379980;5706817,512000000104308;6,616835924000043;51,488267394000047;1
182916;5230820516300295616;5;1;58;28;2023;8;14;1;3;0;1;0;0;1;0;0;0;0;0;349840,520600000396371;5685337,110500000417233;6,846041986000046;51,299523391000037;1
182917;5230820516100895721;5;1;58;36;2023;8;15;1;3;0;1;0;0;1;0;0;0;0;0;363073,345399999991059;5683542,225299999117851;7,036422775000062;51,286729889000071;1