OID_;UIDENTSTLAE;ULAND;UREGBEZ;UKREIS;UGEMEINDE;UJAHR;UMONAT;USTUNDE;UWOCHENTAG;UKATEGORIE;UART;UTYP1;ULICHTVERH;IstStrassenzustand;IstRad;IstPKW;IstFuss;IstKrad;IstGkfz;IstSonstige;LINREFX;LINREFY;XGCSWGS84;YGCSWGS84;PLST
182918;5230820515110985438;5;1;54;40;2023;8;11;1;3;5;5;0;0;1;1;0;0;0;0;293903,975499999709427;5741800,861999999731779;6,011604288000058;51,789048838000042;1
182919;5230820514217985366;5;1;66;36;2023;8;20;1;3;0;1;0;0;1;0;0;0;0;0;327987,068500000052154;5682465,457399999722838;6,534240362000048;51,267542694000042;1
182922;5230820513110580711;5;1;62;24;2023;8;22;1;3;9;7;2;0;1;0;0;0;0;0;335481,501699999906123;5675971,266499999910593;6,644554574000040;51,211408068000026;1
182925;5230820503200985432;5;1;24;0;2023;8;11;1;2;1;3;0;0;1;1;0;0;0;0;375976,414400000125170;5680880,610300000756979;7,222280559000069;51,265764065000042;1
182926;5230820502209077753;5;1;13;0;2023;8;14;1;3;0;1;0;0;1;1;0;0;0;0;360327,649299999698997;5700724,215800000354648;6,990325052000060;51,440467786000056;1
182929;5230820500100378077;5;1;11;0;2023;8;16;1;3;3;2;0;0;1;1;0;0;0;0;345664,180499999783933;5676775,808800000697374;6,789875714000061;51,221479923000061;1
182930;5230820407220596881;5;7;62;32;2023;8;15;1;2;8;1;0;0;1;0;0;0;0;0;507438,953599999658763;5745879,123900000005960;9,108031830000073;51,863654079000071;1
182932;5230820405236972226;5;7;54;36;2023;8;20;1;3;5;3;1;0;1;1;0;0;0;0;472581,790900000371039;5752593,533500000834465;8,601291332000073;51,923398545000055;1
182934;5230820317110794296;5;9;78;36;2023;8;3;1;2;0;7;2;0;1;0;0;0;0;0;408399,203300000168383;5709077,430099999532104;7,679586445000041;51,525373410000043;1
182936;5230820313122509297;5;9;58;8;2023;8;0;1;3;0;1;2;1;1;0;0;0;0;0;457058,540000000037253;5689685,651300000026822;8,383288495000045;51,356813771000077;1
182937;5230820307000463817;5;9;62;8;2023;8;10;1;3;0;1;0;0;1;0;0;0;0;0;418417,777999999932945;5685809,185699999332428;7,829325367000024;51,317729146000033;1
182941;5230820301103087260;5;9;13;0;2023;8;14;1;3;1;5;0;0;1;1;0;0;0;0;389123,713299999944866;5704685,396800000220537;7,403219525000054;51,482441359000063;1
182944;5230819705000985457;5;5;54;12;2023;8;12;7;3;1;1;0;0;1;1;0;0;0;0;352796,834599999710917;5752618,449100000783801;6,860176623000029;51,904843641000070;1
182945;5230819705000852633;5;5;54;12;2023;8;17;7;3;0;1;0;1;1;0;0;0;0;0;352647,006599999964237;5752951,732200000435114;6,857857775000070;51,907798523000054;1
182947;5230819701700470568;5;5;62;16;2023;8;9;7;3;1;5;0;0;1;1;0;0;0;0;374272,753200000151992;5733336,357200000435114;7,179177338000045;51,736822577000055;1
182948;5230819701700079600;5;5;62;16;2023;8;20;7;3;5;3;0;0;1;1;0;0;0;0;375631,110299999825656;5734498,385500000789762;7,198423536000064;51,747568677000061;1
182952;5230819608100594787;5;3;34;2;2023;8;13;7;3;0;1;0;0;1;0;0;0;0;0;292686,168399999849498;5628412,094100000336766;6,059762512000020;50,770372988000076;1
182953;5230819608100471701;5;3;34;2;2023;8;6;7;3;0;1;0;0;1;0;0;0;0;0;294324,903099999763072;5629159,355200000107288;6,082553835000056;50,777667519000033;1
182954;5230819605144669570;5;3;74;44;2023;8;19;7;3;5;3;0;0;1;1;0;0;0;0;405758,649000000208616;5639099,277000000700355;7,659921746000066;50,895857747000036;1
182955;5230819605136869810;5;3;74;36;2023;8;9;7;3;5;3;0;0;1;1;0;0;0;0;384579,010999999940395;5673486,971999999135733;7,347912906000033;51,201114229000041;1
182956;5230819605108478470;5;3;74;8;2023;8;0;7;2;9;1;2;0;1;0;0;0;0;0;387582,506000000052154;5649540,419999999925494;7,398340348000033;50,986461903000077;1
182958;5230819602400490867;5;3;62;32;2023;8;15;7;3;0;1;0;0;1;0;0;0;0;0;334727,104600000195205;5637031,613900000229478;6,651525429000060;50,861324244000059;1
182959;5230819601700096150;5;3;16;0;2023;8;9;7;3;0;5;0;0;1;1;0;0;0;0;356393,636199999600649;5657902,730699999257922;6,950938621000034;51,054676797000070;1
182961;5230819601200867624;5;3;15;0;2023;8;15;7;3;0;1;0;0;1;0;0;0;0;0;353746,383700000122190;5644232,249199999496341;6,918697069000075;50,931158151000034;1
182962;5230819601100674260;5;3;15;0;2023;8;11;7;3;8;5;0;0;1;1;0;0;0;0;354986,074500000104308;5645456,930400000885129;6,935839157000032;50,942477072000031;1
182964;5230819518100695933;5;1;70;48;2023;8;11;7;3;9;7;0;0;1;1;0;0;0;0;335209,660500000230968;5725795,553700000047684;6,617480775000047;51,658957217000079;1
182969;5230819503100895501;5;1;24;0;2023;8;0;7;2;0;1;2;0;1;0;0;0;0;0;370504,095499999821186;5681008,825400000438094;7,143838665000033;51,265699371000039;1
182973;5230819502105080903;5;1;13;0;2023;8;20;7;2;5;2;0;0;1;1;0;0;0;0;361620,338000000454485;5701205,841000000014901;7,008724478000033;51,445113124000045;1
182977;5230819500100078077;5;1;11;0;2023;8;17;7;3;1;5;0;0;1;1;0;0;0;0;345987,784199999645352;5676902,906600000336766;6,794451504000051;51,222709349000070;1
182978;5230819410110096813;5;7;70;24;2023;8;15;7;3;5;3;0;0;1;0;0;0;0;0;493991,914900000207126;5793466,419800000265241;8,911909698000045;52,291520564000052;1
182980;5230819406110985445;5;7;58;12;2023;8;21;7;3;1;5;1;0;1;1;0;0;0;0;478130,360899999737740;5773151,257899999618530;8,680662478000045;52,108474450000074;1
182981;5230819405220985447;5;7;54;20;2023;8;19;7;2;5;3;1;1;1;1;0;0;0;0;446035,566700000315905;5750152,726500000804663;8,215674721000028;51,899514788000033;1
182983;5230819404101985456;5;7;66;20;2023;8;14;7;3;0;1;0;0;1;0;0;0;0;0;492220,949000000022352;5755232,093900000676513;8,886817970000038;51,947742797000046;1
182985;5230819400200103330;5;7;11;0;2023;8;12;7;3;0;5;0;0;1;0;0;0;0;1;468423,418399999849498;5764345,485500000417233;8,539741887000048;52,028836551000040;1
182991;5230819301205484916;5;9;13;0;2023;8;11;7;3;0;3;0;0;1;1;0;0;0;0;386570,925800000317395;5713040,719100000336766;7,363782030000039;51,557033070000045;1
182995;5230818705000985475;5;5;54;8;2023;8;18;6;3;4;2;0;0;1;1;0;0;0;0;334916,876099999994040;5746477,988900000229478;6,603432558000065;51,844671966000078;1
182997;5230818705000282366;5;5;54;12;2023;8;22;6;3;1;2;2;0;1;1;0;0;0;0;351126,175499999895692;5746682,427699999883771;6,838469821000047;51,851066171000070;1
182998;5230818705000226302;5;5;54;40;2023;8;13;6;3;2;1;0;0;1;0;0;0;0;0;355653,839100000448525;5737550,761900000274181;6,907963696000024;51,770205109000074;1
182999;5230818701110575230;5;5;62;32;2023;8;22;6;3;0;7;2;0;1;0;0;0;0;0;379297,070899999700487;5718441,780099999159575;7,257050540000023;51,604065275000039;1
183001;5230818608100185806;5;3;34;2;2023;8;19;6;3;5;2;0;0;1;1;0;0;0;0;293734,531499999575317;5627109,706499999389052;6,075340156000038;50,759049723000032;1
183004;5230818605144581771;5;3;74;44;2023;8;11;6;3;0;1;0;0;1;0;0;0;0;0;401803,455000000074506;5636873,631999999284744;7,604295868000065;50,875190164000060;1
183008;5230818602700685228;5;3;62;28;2023;8;21;6;3;0;1;2;0;1;0;0;0;0;0;351961,982499999925494;5639147,607599999755621;6,895384201000070;50,885009482000044;1
183009;5230818602400990947;5;3;62;32;2023;8;23;6;3;4;6;2;0;1;1;0;0;0;0;336717,076100000180304;5641810,333300000056624;6,677642600000070;50,904827785000066;1
183010;5230818602400985500;5;3;62;32;2023;8;10;6;2;0;1;0;0;1;0;0;0;0;0;337643,458499999716878;5639172,981599999591708;6,691979121000031;50,881391480000048;1
183013;5230818601100985501;5;3;15;0;2023;8;8;6;2;0;1;0;0;1;0;0;0;0;0;355496,919400000013411;5645169,435599999502301;6,943219660000068;50,940021675000025;1
183015;5230818601100869870;5;3;15;0;2023;8;8;6;2;5;7;0;0;1;1;0;0;0;0;356177,876299999654293;5645314,265399999916553;6,952848232000065;50,941493488000049;1
183019;5230818600360022858;5;3;82;12;2023;8;17;6;3;5;3;0;0;1;1;0;0;0;0;358470,127000000327826;5625284,656899999827147;6,993196470000044;50,762050882000040;1
183021;5230818518400678791;5;1;70;8;2023;8;19;6;3;0;7;0;0;1;0;0;0;0;0;343348,438099999912083;5717240,739299999549985;6,738874080000073;51,584423576000063;1
183024;5230818518300985502;5;1;70;20;2023;8;7;6;3;0;1;0;0;1;0;0;0;0;0;329897,480200000107288;5708403,003799999132752;6,549176626000076;51,501131530000066;1
183025;5230818518100495918;5;1;70;48;2023;8;21;6;3;0;1;1;0;1;0;0;0;0;0;333641,897900000214577;5725983,518600000068545;6,594746216000033;51,660184007000055;1
183028;5230818516400695100;5;1;58;28;2023;8;16;6;3;0;7;0;1;1;0;0;0;0;0;348563,010800000280142;5690972,920099999755621;6,825336092000043;51,349825707000036;1
183030;5230818513210781523;5;1;62;24;2023;8;15;6;3;5;3;0;0;1;1;0;0;0;0;341033,461299999617040;5670664,507300000637770;6,726323409000031;51,165298620000044;1
183032;5230818508000885888;5;1;19;0;2023;8;9;6;3;1;5;0;0;1;1;0;0;0;1;350590,225800000131130;5704223,892500000074506;6,848842595000065;51,469429443000081;1
183036;5230818502401089562;5;1;17;0;2023;8;9;6;3;2;1;0;0;1;1;0;0;0;0;353581,474600000306964;5699597,736700000241399;6,893792376000022;51,428641992000053;1
183037;5230818501212472132;5;1;12;0;2023;8;9;6;3;3;2;0;0;1;1;0;0;0;0;340889,200000000186265;5697437,301000000908971;6,712335863000021;51,405809984000030;1
183041;5230818500200501053;5;1;11;0;2023;8;14;6;3;5;3;0;0;1;1;0;0;0;0;347197,922799999825656;5676103,471799999475479;6,812108512000066;51,215851145000045;1
183044;5230818411132985271;5;7;74;32;2023;8;10;6;3;5;2;0;0;1;1;0;0;0;0;482256,784799999557436;5730179,207800000905991;8,743129412000030;51,722260652000045;1
183048;5230818410120985488;5;7;70;32;2023;8;14;6;3;5;3;0;0;1;1;0;0;0;0;493053,100599999539554;5790286,447000000625849;8,898210381000069;52,262919889000045;1
183049;5230818405112457260;5;7;54;12;2023;8;6;6;3;5;7;0;1;1;0;0;0;0;0;455830,972000000067055;5768104,648000000044703;8,355720187000031;52,061772735000034;1
183050;5230818400300985494;5;7;11;0;2023;8;13;6;3;5;2;0;0;1;1;0;0;0;0;467087,219399999827147;5762496,892000000923872;8,520444027000053;52,012138878000030;1
183051;5230818400100191246;5;7;11;0;2023;8;7;6;3;1;5;0;1;1;1;0;0;0;0;468385,327200000174344;5765601,380899999290705;8,539070592000030;52,040125652000029;1
183056;5230818300600261171;5;9;16;0;2023;8;6;6;3;5;3;0;0;1;1;0;0;0;0;372151,898599999956787;5710672,265100000426173;7,156756975000064;51,532664197000031;1
183058;5230818300100896607;5;9;11;0;2023;8;15;6;2;0;1;0;0;1;0;0;0;0;0;375970,457399999722838;5706445,021600000560284;7,213268969000069;51,495524388000035;1
183059;5230817711400072473;5;5;70;20;2023;8;19;5;3;0;3;0;0;1;1;0;0;0;0;433798,824000000022352;5744215,907999999821186;8,038987444000043;51,844823965000046;1
183060;5230817711200687232;5;5;70;16;2023;8;7;5;3;8;6;0;0;1;0;0;0;0;1;409443,815299999900162;5744246,581700000911951;7,685515693000070;51,841680667000048;1
183061;5230817711100774650;5;5;70;44;2023;8;7;5;3;1;5;0;0;1;1;0;0;0;0;417697,285699999891222;5760151,778000000864267;7,801489931000049;51,985932107000053;1
183063;5230817705000985542;5;5;54;8;2023;8;9;5;3;5;3;0;0;1;0;0;0;0;1;336811,904400000348687;5747707,110600000247359;6,630337637000025;51,856270816000062;1
183064;5230817705000581030;5;5;54;12;2023;8;15;5;3;5;7;0;0;1;1;0;0;0;0;351999,624599999748170;5745388,298699999228120;6,851695795000069;51,839670847000036;1
183065;5230817702100265913;5;5;15;0;2023;8;7;5;3;4;2;0;1;1;0;0;0;0;0;405262,173100000247359;5757072,194099999964237;7,621309998000072;51,956270045000053;1
183066;5230817701930075335;5;5;62;36;2023;8;18;5;3;5;3;0;0;1;1;0;0;0;0;390076,739799999631941;5720738,587999999523163;7,411920901000030;51,626916639000058;1
183071;5230818601300545683;5;3;15;0;2023;8;14;6;2;6;4;0;0;1;0;1;0;0;0;354145,510999999940395;5645683,166999999433756;6,923792171000059;50,944298163000042;1
183073;5230817607400078225;5;3;82;68;2023;8;8;5;3;2;5;0;0;1;1;0;0;0;0;370788,251500000245869;5630850,419600000604987;7,165802523000025;50,814951108000059;1
183076;5230817605136069897;5;3;74;36;2023;8;7;5;2;5;3;0;0;1;1;0;0;0;0;385881,429999999701977;5673640,879000000655651;7,366498069000045;51,202759290000074;1
183077;5230817602700348402;5;3;62;28;2023;8;20;5;3;6;6;0;0;1;0;1;0;0;0;351174,922000000253320;5641703,231799999251962;6,883161537000035;50,907773444000043;1
183081;5230818502210275234;5;1;13;0;2023;8;16;6;3;3;1;0;0;1;1;0;0;0;0;363545,415000000037253;5700277,826999999582767;7,036766345000046;51,437240588000066;1
183083;5230817601500395656;5;3;15;0;2023;8;17;5;3;3;2;0;0;1;1;0;0;0;0;361305,446499999612570;5649455,193600000813603;7,024208059000046;50,979965138000068;1
183084;5230817601500290403;5;3;15;0;2023;8;17;5;3;6;4;0;0;1;0;1;0;0;0;359185,782700000330806;5646402,354399999603629;6,995213464000074;50,952014677000079;1
183086;5230817601300585510;5;3;15;0;2023;8;7;5;3;5;2;0;0;1;1;0;0;0;0;350182,535000000149012;5644449,865900000557303;6,867928372000051;50,932199092000076;1
183088;5230817601100090272;5;3;15;0;2023;8;8;5;3;1;7;0;0;1;1;0;0;0;0;354758,804200000129640;5645208,054300000891089;6,932705616000021;50,940183283000067;1
183089;5230817600380069550;5;3;14;0;2023;8;11;5;3;5;2;0;0;1;1;0;0;0;0;370465,575799999758601;5616837,518699999898672;7,166153985000051;50,688927412000055;1
183090;5230817600140673830;5;3;14;0;2023;8;11;5;3;5;3;0;0;1;1;0;0;0;0;367001,473899999633431;5622652,928500000387430;7,115043911000043;50,740415127000063;1
183091;5230817600110985540;5;3;14;0;2023;8;8;5;3;5;3;0;0;1;0;0;0;1;0;362491,343399999663234;5623286,219900000840425;7,050925366000058;50,745056486000067;1
183094;5230817600110204885;5;3;14;0;2023;8;16;5;3;5;2;0;0;1;1;0;0;0;0;366431,468000000342727;5620032,983999999240041;7,107919114000026;50,716736208000043;1
183097;5230817518200444752;5;1;70;24;2023;8;12;5;3;5;2;0;0;1;0;0;0;1;0;335454,236999999731779;5702318,707000000402331;6,631996512000057;51,448114670000052;1
183098;5230817518200089488;5;1;70;24;2023;8;21;5;3;0;3;2;0;1;1;0;0;0;0;338437,803000000305474;5702612,621999999508262;6,674760911000021;51,451614338000070;1
183101;5230818400100783320;5;7;11;0;2023;8;20;6;3;8;1;0;0;1;0;0;0;0;0;468318,071499999612570;5764846,728299999609590;8,538159985000050;52,033337026000027;1
183102;5230817516200995566;5;1;58;12;2023;8;17;5;2;0;1;0;0;1;0;0;0;0;0;357063,312400000169873;5687085,123900000005960;6,948875620000024;51,317090802000052;1
183103;5230817516100078853;5;1;58;36;2023;8;10;5;3;0;7;0;0;1;0;0;0;0;0;362844,712799999862909;5683031,147800000384450;7,033342414000060;51,282081948000041;1
183104;5230817514213985513;5;1;66;8;2023;8;21;5;3;0;6;2;0;1;1;0;0;0;0;316265,419800000265241;5690954,755400000140071;6,362027436000062;51,340140305000034;1
183106;5230817513210985525;5;1;62;24;2023;8;17;5;3;5;3;0;0;1;1;0;0;0;0;338262,764499999582767;5674424,526200000196695;6,685036455000045;51,198305285000060;1
183107;5230817513130985548;5;1;62;22;2023;8;6;5;2;0;1;0;1;1;0;0;0;0;0;337831,167100000195205;5686234,117799999192357;6,673513326000034;51,304288700000029;1
183110;5230817505200696230;5;1;14;0;2023;8;12;5;2;4;6;0;0;1;0;0;0;0;0;335381,486700000241399;5691522,250399999320507;6,635958885000036;51,351095940000050;1
183111;5230817505100979008;5;1;14;0;2023;8;16;5;3;5;3;0;0;1;0;0;0;0;0;331153,873800000175834;5689706,514399999752641;6,576166000000057;51,333543204000080;1
183112;5230817505100585995;5;1;14;0;2023;8;7;5;3;5;3;0;0;1;1;0;0;0;0;337431,088000000454485;5688966,122999999672174;6,666533251000033;51,328720422000060;1
183114;5230817502339095158;5;1;13;0;2023;8;13;5;3;0;7;0;0;1;0;0;0;0;0;364465,867999999783933;5706907,112900000065565;7,047459053000068;51,497036018000074;1
183117;5230817501315585935;5;1;12;0;2023;8;8;5;3;0;3;0;0;1;1;0;0;0;0;345779,246600000187755;5699748,084400000050664;6,781581224000035;51,427923400000054;1
183119;5230817500300879070;5;1;11;0;2023;8;7;5;3;0;7;1;1;1;0;0;0;0;0;344818,294999999925494;5674879,530600000172853;6,778592587000048;51,204211796000038;1
183121;5230817500200269174;5;1;11;0;2023;8;14;5;3;5;3;0;0;1;1;0;0;0;0;344402,753999999724329;5682138,039000000804663;6,769495928000026;51,269318811000062;1
183123;5230817411232096816;5;7;74;32;2023;8;15;5;3;5;3;0;0;1;1;0;0;0;0;480426,638399999588728;5735425,898199999704957;8,716339204000064;51,769373999000038;1
183124;5230817411132078072;5;7;74;32;2023;8;14;5;3;5;3;0;0;1;1;0;0;0;0;481875,953999999910593;5730364,937000000849366;8,737606475000064;51,723918416000060;1
183125;5230817410230887093;5;7;70;4;2023;8;10;5;3;0;1;0;1;1;0;0;0;0;0;488720,781100000254810;5782383,046800000593066;8,834994807000044;52,191792010000029;1
183129;5230817404101985524;5;7;66;20;2023;8;15;5;3;2;6;0;1;1;0;0;0;0;0;491887,068500000052154;5753824,008300000801682;8,881993379000050;51,935077888000080;1
183131;5230817404101879108;5;7;66;20;2023;8;21;5;3;4;3;2;0;1;1;0;0;0;0;491942,838600000366569;5753781,627499999478459;8,882805574000031;51,934697651000079;1
183132;5230817400200803826;5;7;11;0;2023;8;3;5;3;0;1;2;1;1;1;0;0;0;0;470195,337000000290573;5765189,703999999910593;8,565494858000022;52,036524678000035;1
183133;5230817317220975401;5;9;78;4;2023;8;14;5;3;1;7;0;0;1;1;0;0;0;0;406045,926300000399351;5719748,777699999511242;7,642820191000055;51,620912541000052;1
183135;5230817315110590496;5;9;70;40;2023;8;12;5;3;0;7;0;0;1;1;0;0;0;0;430612,530000000260770;5636185,346999999135733;8,013822344000062;50,873179167000046;1
183141;5230817300100590026;5;9;11;0;2023;8;16;5;3;5;2;0;0;1;1;0;0;0;0;376623,258899999782443;5704692,917600000277162;7,223280463000037;51,479920342000071;1
183145;5230816709500500953;5;5;66;76;2023;8;13;4;3;4;6;0;0;1;0;0;0;0;0;393679,882000000216067;5795435,044500000774860;7,440829289000021;52,298960798000053;1
183146;5230816709500196953;5;5;66;16;2023;8;15;4;3;0;1;0;0;1;0;0;0;0;0;404898,656999999657273;5793157,634600000455976;7,605938000000037;52,280548718000034;1
183147;5230816709110070537;5;5;66;8;2023;8;19;4;3;5;2;0;0;1;1;0;0;0;0;399564,025000000372529;5781328,813999999314547;7,531279286000029;52,173286601000029;1
183150;5230816701500665816;5;5;62;24;2023;8;13;4;3;5;3;0;0;1;1;0;0;0;0;369532,802500000223517;5724166,790300000458956;7,114000717000067;51,653336592000073;1
183154;5230819601700985464;5;3;16;0;2023;8;6;7;3;5;3;0;0;1;1;0;0;0;0;356262,224999999627471;5657503,053999999538064;6,949223561000053;51,051052165000044;1
183156;5230816610111575540;5;3;70;16;2023;8;16;4;3;5;3;0;0;1;1;0;0;0;0;297490,916000000201166;5661176,052999999374151;6,109625739000023;51,066331132000073;1
183157;5230816609224985591;5;3;58;24;2023;8;7;4;3;5;3;0;0;1;1;0;0;0;0;314179,073400000110269;5643323,600500000640750;6,356658846000073;50,911608769000054;1
183159;5230816608200869665;5;3;34;2;2023;8;18;4;3;0;7;0;0;1;1;0;0;0;0;295485,678100000135601;5629105,542799999937415;6,099026453000022;50,777594651000072;1
183161;5230816607400087655;5;3;82;44;2023;8;9;4;3;1;5;0;0;1;0;0;0;0;1;362022,193199999630451;5630802,753200000151992;7,041458926000075;50,812500715000056;1
183162;5230816607400078253;5;3;82;68;2023;8;13;4;3;5;3;0;0;1;1;0;0;0;0;367796,828499999828637;5631122,344599999487400;7,123264490000054;50,816720045000068;1
183163;5230816607300586273;5;3;82;16;2023;8;18;4;3;5;3;0;0;1;1;0;0;0;0;392033,316999999806285;5625638,779999999329448;7,468787664000047;50,772451173000036;1
183168;5230816601600981730;5;3;15;0;2023;8;15;4;3;6;6;0;0;1;0;1;0;0;0;364316,303899999707937;5638826,828500000759959;7,071030075000067;50,885160172000042;1
183169;5230817608200975611;5;3;34;2;2023;8;16;5;2;4;6;0;0;1;0;0;0;0;1;299638,913599999621511;5630367,601399999111891;6,157172812000056;50,790379707000056;1
183172;5230816601300985556;5;3;15;0;2023;8;15;4;3;0;5;0;0;1;1;0;0;0;0;353333,025200000032783;5646991,752100000157952;6,911707687000046;50,955851774000053;1
183173;5230816601300070446;5;3;15;0;2023;8;23;4;3;0;6;2;1;1;0;0;0;0;0;353605,086799999698997;5647699,806700000539422;6,915293816000030;50,962283958000057;1
183174;5230816601100977187;5;3;15;0;2023;8;8;4;3;3;2;0;0;1;1;0;0;0;0;356189,384999999776483;5644403,733999999240041;6,953371305000076;50,933313546000079;1
183176;5230816600110985052;5;3;14;0;2023;8;12;4;3;0;2;0;0;1;0;0;0;0;1;365154,628999999724329;5621589,246999999508262;7,089273598000034;50,730428934000031;1
183178;5230816515212095887;5;1;54;32;2023;8;18;4;3;5;3;0;0;1;0;0;0;0;0;304681,229199999943376;5715415,398499999195337;6,182416537000051;51,555959583000060;1
183180;5230816505200977185;5;1;14;0;2023;8;9;4;3;0;2;0;0;1;0;0;0;0;0;330159,354000000283122;5689770,473999999463558;6,561872729000072;51,333821643000078;1
183181;5230816505100977200;5;1;14;0;2023;8;6;4;3;5;3;0;0;1;1;0;0;0;0;336174,921099999919534;5690792,610500000417233;6,647678682000048;51,344769864000057;1
183182;5230816503100282056;5;1;24;0;2023;8;13;4;3;3;1;0;0;1;0;0;0;1;0;366786,044700000435114;5678558,043700000271201;7,091488781000066;51,242817078000030;1
183183;5230816502405078844;5;1;17;0;2023;8;18;4;3;5;3;0;0;1;1;0;0;0;0;355451,739000000059605;5700309,034199999645352;6,920386378000046;51,435513784000079;1
183188;5230816500200687153;5;1;11;0;2023;8;11;4;3;1;5;0;0;1;1;0;0;0;0;345507,153500000014901;5679136,509899999946356;6,786610922000023;51,242649362000066;1
183190;5230816500200091210;5;1;11;0;2023;8;21;4;3;5;3;0;0;1;0;0;0;0;0;345395,731999999843538;5679136,495999999344349;6,785015893000036;51,242619052000066;1
183191;5230816500100178385;5;1;11;0;2023;8;13;4;3;2;6;0;0;1;1;0;0;0;0;344382,086000000126660;5676828,348999999463558;6,771507852000070;51,221603979000065;1
183195;5230816405148324696;5;7;54;48;2023;8;17;4;3;4;6;0;0;1;1;0;0;0;0;440038,571700000204146;5765058,772500000894070;8,125920998000026;52,032906560000072;1
183199;5230816400100478120;5;7;11;0;2023;8;12;4;2;5;2;0;0;1;1;0;0;0;0;467581,169099999591708;5767349,167199999094009;8,527180899000030;52,055792820000079;1
183200;5230816317250491703;5;9;78;32;2023;8;10;4;3;0;1;0;0;1;0;0;0;0;0;393879,324500000104308;5724090,712200000882149;7,465819173000057;51,657776518000048;1
183202;5230816316300985600;5;9;74;28;2023;8;7;4;3;0;7;0;0;1;0;0;0;0;1;453830,913999999873340;5724051,470000000670552;8,332436692000044;51,665547268000068;1
183203;5230816316200985564;5;9;74;12;2023;8;14;4;3;3;3;0;0;1;1;0;0;0;0;428378,349299999885261;5706402,282999999821186;7,968069563000029;51,504210830000034;1
183206;5230816301102975330;5;9;13;0;2023;8;12;4;2;7;1;0;0;1;0;0;0;0;0;396023,756099999882281;5702283,051999999210238;7,503259476000039;51,462158057000067;1
183209;5230815709300887316;5;5;66;68;2023;8;14;3;3;0;3;0;0;1;0;0;0;0;0;376168,712000000290573;5785898,145999999716878;7,187657292000040;52,209593536000057;1
183210;5230815705000985617;5;5;54;8;2023;8;6;3;3;0;6;1;1;1;0;0;0;0;0;336209,517300000414252;5746300,747899999842048;6,622264691000055;51,843460398000047;1
183211;5230815705000985601;5;5;54;8;2023;8;15;3;3;5;3;0;0;1;0;0;0;0;0;335377,246799999848008;5745476,588199999183416;6,610586164000040;51,835811921000072;1
183213;5230815705000096683;5;5;54;4;2023;8;15;3;3;5;3;0;0;1;1;0;0;0;0;361409,780000000260770;5772968,172000000253320;6,977064491000021;52,089902622000068;1
183215;5230815702100176693;5;5;15;0;2023;8;14;3;3;0;7;0;0;1;0;0;0;0;0;405806,122899999842048;5758280,617799999192357;7,628892063000023;51,967224295000051;1
183216;5230815701610985637;5;5;62;12;2023;8;10;3;3;5;3;0;0;1;1;0;0;0;0;359437,557500000111759;5725351,069000000134110;6,967685716000062;51,661544893000041;1
183223;5230815609108777600;5;3;58;8;2023;8;20;3;3;5;3;0;0;1;1;0;0;0;0;322253,580000000074506;5631599,467000000178814;6,477092141000071;50,808822386000031;1
183226;5230815607400095265;5;3;82;68;2023;8;18;3;3;0;5;0;1;1;1;0;0;0;0;368028,837500000372529;5631582,319800000637770;7,126390691000040;50,820907205000026;1
183227;5230815607300386286;5;3;82;76;2023;8;20;3;3;0;1;1;0;1;0;0;0;0;0;395466,897199999541044;5626131,625099999830127;7,517325828000025;50,777510769000060;1
183228;5230815605144881677;5;3;74;44;2023;8;17;3;3;9;1;0;0;1;0;0;0;0;0;404672,124200000427663;5638872,995600000023842;7,644535409000071;50,893645103000040;1
183229;5230815602300400000;5;3;62;36;2023;8;12;3;3;0;1;0;1;1;0;0;0;0;0;342105,455799999646842;5653786,880999999120831;6,749020585000039;51,013943418000053;1
183231;5230815601600374403;5;3;15;0;2023;8;19;3;3;5;3;0;0;1;1;0;0;0;0;359366,148799999617040;5643073,716800000518560;6,999064398000030;50,922143899000048;1
183232;5230815601500593361;5;3;15;0;2023;8;20;3;3;0;1;0;0;1;0;0;0;0;0;359902,686999999918044;5646851,275200000032783;7,005240701000048;50,956223886000032;1
183234;5230815601500258643;5;3;15;0;2023;8;11;3;2;0;1;0;0;1;0;0;0;0;0;362188,332000000402331;5649023,410000000149012;7,036941092000063;50,976296581000042;1
183236;5230815605112007670;5;3;74;12;2023;8;10;3;2;0;1;0;1;1;0;0;0;0;0;399528,931499999947846;5653427,411699999123812;7,567409819000034;51,023613937000050;1
183239;5230815601300525013;5;3;15;0;2023;8;19;3;3;1;5;0;0;1;1;0;0;0;0;353667,719200000166893;5647356,807800000533462;6,916323021000039;50,959217472000034;1
183241;5230815601200985606;5;3;15;0;2023;8;20;3;3;0;1;1;0;1;0;0;0;0;0;356066,475300000049174;5640649,034299999475479;6,953104725000060;50,899539845000049;1
183242;5230815601200681847;5;3;15;0;2023;8;18;3;2;0;7;0;0;1;1;0;0;0;0;354432,893699999898672;5643484,741599999368191;6,928758268000024;50,924614167000072;1
183246;5230815600110985630;5;3;14;0;2023;8;7;3;3;0;3;0;0;1;0;0;0;0;0;364009,190000000409782;5622369,247999999672174;7,072764995000057;50,737172422000071;1
183248;5230815518300985616;5;1;70;20;2023;8;15;3;3;6;7;0;0;1;0;1;0;0;0;330195,683199999853969;5708302,573100000619888;6,553517231000058;51,500318965000076;1