OID_;UIDENTSTLAE;ULAND;UREGBEZ;UKREIS;UGEMEINDE;UJAHR;UMONAT;USTUNDE;UWOCHENTAG;UKATEGORIE;UART;UTYP1;ULICHTVERH;IstStrassenzustand;IstRad;IstPKW;IstFuss;IstKrad;IstGkfz;IstSonstige;LINREFX;LINREFY;XGCSWGS84;YGCSWGS84;PLST
183249;5230815516100086893;5;1;58;32;2023;8;19;3;2;0;1;0;0;1;0;0;0;0;0;368149,139899999834597;5693250,900900000706315;7,105574656000044;51,375180196000031;1
183250;5230815515211985640;5;1;54;16;2023;8;7;3;3;2;6;0;0;1;1;0;0;0;0;303830,253299999982119;5731852,491499999538064;6,160949944000038;51,703277947000061;1
183253;5230815514217985620;5;1;66;36;2023;8;15;3;3;5;3;0;0;1;1;0;0;0;0;328897,067999999970198;5682046,017000000923872;6,547472792000065;51,264048403000061;1
183256;5230815513210976323;5;1;62;24;2023;8;17;3;3;1;5;0;0;1;1;0;0;0;0;337250,341699999757111;5677332,988399999216199;6,669238804000031;51,224149560000058;1
183258;5230815513130595447;5;1;62;22;2023;8;11;3;3;4;2;0;0;1;1;0;0;0;0;338094,851400000043213;5686429,046099999919534;6,677204368000048;51,306115120000072;1
183259;5230815506100985621;5;1;16;0;2023;8;14;3;3;6;4;0;0;1;0;1;0;0;0;321440,061300000175834;5674807,875000000000000;6,444305235000058;51,196740011000031;1
183260;5230815506100895883;5;1;16;0;2023;8;15;3;3;5;3;0;0;1;1;0;0;0;0;319465,485700000077486;5673781,953600000590086;6,416589854000051;51,186903697000048;1
183261;5230815505200977191;5;1;14;0;2023;8;8;3;2;6;4;0;1;1;0;1;0;0;0;330604,236399999819696;5689804,704399999231100;6,568236723000041;51,334261866000077;1
183262;5230815505200091508;5;1;14;0;2023;8;17;3;3;0;1;0;0;1;0;0;0;0;0;327065,619199999608099;5694688,091499999165535;6,515115069000046;51,377066624000065;1
183269;5230817502409073998;5;1;17;0;2023;8;13;5;3;5;2;0;0;1;1;0;0;0;0;350744,067999999970198;5698975,491000000387430;6,853269341000043;51,422310594000066;1
183270;5230815500300971845;5;1;11;0;2023;8;16;3;3;5;3;0;0;1;1;0;0;0;0;343688,287999999709427;5674395,557000000029802;6,762640627000053;51,199555051000061;1
183276;5230815411132077876;5;7;74;32;2023;8;7;3;3;5;2;0;1;1;1;0;0;0;0;483441,470900000073016;5729452,934200000017881;8,760314610000023;51,715766737000081;1
183278;5230815411132068196;5;7;74;32;2023;8;2;3;3;0;1;2;0;1;0;0;0;0;0;481570,917799999937415;5729400,349099999293685;8,733241359000033;51,715235581000059;1
183279;5230815411132037780;5;7;74;32;2023;8;17;3;3;5;3;0;1;1;1;0;0;0;0;484863,076899999752641;5734133,471799999475479;8,780688626000028;51,757891012000073;1
183286;5230815317210448245;5;9;78;20;2023;8;14;3;3;0;3;0;0;1;0;0;0;0;1;407353,010400000028312;5715856,194499999284744;7,662724060000073;51,586138361000053;1
183288;5230815316300037705;5;9;74;28;2023;8;7;3;3;0;7;0;1;1;0;0;0;0;1;454572,841500000096858;5724213,491800000891089;8,343142461000070;51,667064463000031;1
183291;5230815313233080657;5;9;58;28;2023;8;14;3;2;0;7;0;1;1;0;0;0;0;0;475754,666299999691546;5676727,091399999335408;8,652669380000077;51,241397734000032;1
183293;5230815310230080365;5;9;54;12;2023;8;17;3;3;5;3;0;0;1;1;0;0;0;0;382997,192999999970198;5687067,162299999967217;7,320839025000055;51,322854456000073;1
183299;5230815301101250855;5;9;13;0;2023;8;12;3;3;1;7;0;0;1;1;0;0;0;0;393433,703300000168383;5708241,237199999392033;7,464191140000025;51,515231556000060;1
183301;5230814711200386958;5;5;70;4;2023;8;8;2;3;5;3;0;0;1;1;0;0;0;0;424772,462500000372529;5734415,950500000268221;7,910106400000075;51,755582631000038;1
183302;5230814709500985668;5;5;66;76;2023;8;16;2;3;0;4;0;0;1;0;1;0;0;0;393290,420599999837577;5793175,778100000694394;7,435835630000042;52,278580888000079;1
183304;5230814709110879618;5;5;66;8;2023;8;19;2;2;7;1;0;0;1;0;0;0;0;0;400039,886500000022352;5780258,994599999859929;7,538550696000073;52,163757719000046;1
183305;5230814709110742438;5;5;66;8;2023;8;7;2;3;3;6;0;0;1;0;0;0;0;1;399976,262699999846518;5780656,094399999827147;7,537503798000046;52,167315236000036;1
183306;5230814706000955948;5;5;58;16;2023;8;8;2;3;0;3;0;0;1;1;0;0;0;0;380656,456899999640882;5744479,745100000873208;7,267748550000022;51,838365878000047;1
183308;5230814702100468315;5;5;15;0;2023;8;17;2;3;0;2;0;0;1;1;0;0;0;0;405311,736999999731779;5755328,661000000312924;7,622511362000068;51,940606851000041;1
183310;5230814701500465816;5;5;62;24;2023;8;19;2;3;4;5;0;0;1;1;0;0;0;0;370453,989400000311434;5726046,248600000515580;7,126612830000056;51,670439698000052;1
183311;5230816709500985580;5;5;66;76;2023;8;13;4;3;1;6;0;0;1;1;0;0;0;0;394242,577999999746680;5793229,396800000220537;7,449770108000052;52,279246779000061;1
183312;5230814609224568400;5;3;58;24;2023;8;12;2;2;0;5;0;0;1;1;0;0;0;0;314319,268799999728799;5644374,073200000450015;6,358116277000022;50,921090344000049;1
183313;5230814609144469705;5;3;58;44;2023;8;18;2;2;5;7;0;0;1;1;0;0;0;0;328620,285000000149012;5617333,419999999925494;6,574008677000052;50,682563199000072;1
183314;5230814608100473680;5;3;34;2;2023;8;18;2;3;4;2;0;0;1;1;0;0;0;0;294223,355399999767542;5629429,722899999469519;6,080964113000050;50,780059719000064;1
183316;5230814705000977193;5;5;54;8;2023;8;15;2;3;1;2;0;0;1;1;0;0;0;0;337022,884999999776483;5746170,142999999225140;6,634122941000044;51,842525088000059;1
183319;5230814607100985682;5;3;82;60;2023;8;11;2;3;0;1;0;0;1;0;0;0;0;0;373831,611999999731779;5628194,742000000551343;7,209893699000077;50,791751791000081;1
183320;5230814606100274257;5;3;78;4;2023;8;10;2;3;0;1;0;0;1;0;0;0;0;0;367139,703200000338256;5646444,512399999424815;7,108370891000050;50,954282034000073;1
183324;5230814603104090945;5;3;66;4;2023;8;17;2;2;0;7;0;0;1;0;0;0;0;0;341541,978099999949336;5603511,163000000640750;6,762672712000040;50,562015879000057;1
183326;5230814602500989771;5;3;62;24;2023;8;7;2;3;3;6;0;0;1;1;0;0;0;0;346024,141400000080466;5641883,514399999752641;6,809878743000070;50,908042646000069;1
183327;5230814602400077501;5;3;62;32;2023;8;13;2;3;0;3;0;0;1;1;0;0;0;0;336589,406399999745190;5637594,895199999213219;6,677713234000066;50,866914783000027;1
183333;5230814601400985672;5;3;15;0;2023;8;15;2;3;0;1;0;0;1;0;0;0;0;0;353834,575699999928474;5657789,941500000655651;6,914495632000069;51,053017596000075;1
183335;5230814601100886453;5;3;15;0;2023;8;23;2;3;0;7;2;0;1;0;0;0;0;0;354975,926799999549985;5643911,320199999958277;6,936309918000063;50,928584492000027;1
183336;5230814600380075850;5;3;14;0;2023;8;18;2;3;5;3;0;0;1;1;0;0;0;0;369620,426799999549985;5616566,388399999588728;7,154291282000031;50,686301609000054;1
183337;5230814516500878618;5;1;58;20;2023;8;17;2;3;2;6;0;0;1;0;0;0;0;1;356396,590499999932945;5663681,452199999243021;6,948684555000057;51,106608671000060;1
183338;5230814516500768104;5;1;58;16;2023;8;15;2;3;4;6;0;0;1;0;0;0;0;0;355520,513199999928474;5670431,104900000616908;6,933471798000028;51,167043889000070;1
183340;5230814516100786835;5;1;58;32;2023;8;7;2;2;5;3;0;0;1;1;0;0;0;0;362263,655100000090897;5689701,696299999952316;7,022439743000064;51,341887728000074;1
183341;5230814515210985674;5;1;54;52;2023;8;15;2;2;5;3;0;0;1;0;0;0;0;1;311366,156999999657273;5701888,668999999761581;6,285961771000075;51,436742484000035;1
183342;5230814514218089370;5;1;66;36;2023;8;17;2;3;5;3;0;0;1;1;0;0;0;0;323400,370000000111759;5684062,597999999299645;6,467770171000041;51,280487684000036;1
183345;5230814513210575935;5;1;62;24;2023;8;7;2;3;5;3;0;0;1;1;0;0;0;0;338384,518699999898672;5672887,792799999937415;6,687469171000032;51,184532385000068;1
183346;5230814513210232054;5;1;62;24;2023;8;13;2;3;3;6;0;0;1;0;0;0;0;0;338569,776399999856949;5674287,169399999082088;6,689488681000057;51,197157973000060;1
183351;5230814506100985560;5;1;16;0;2023;8;14;2;3;5;2;0;0;1;1;0;0;0;0;322606,604899999685585;5675923,770899999886751;6,460432608000076;51,207127820000039;1
183354;5230816404101985553;5;7;66;20;2023;8;21;4;3;9;1;2;0;1;0;0;0;0;0;491722,269799999892712;5755625,015200000256300;8,879552944000068;51,951268361000075;1
183356;5230814502325087086;5;1;13;0;2023;8;14;2;3;5;1;0;0;1;1;0;0;0;0;361598,160000000149012;5704880,537000000476837;7,006967149000047;51,478129795000029;1
183357;5230814502111283427;5;1;13;0;2023;8;7;2;3;5;3;0;0;1;1;0;0;0;0;365213,239500000141561;5702538,545199999585748;7,059886098000050;51,457956146000072;1
183359;5230821303100594280;5;9;15;0;2023;8;17;2;3;0;5;0;0;1;1;0;0;0;0;423171,999599999748170;5726941,371899999678135;7,888572523000050;51,688171224000030;1
183363;5230814500100771968;5;1;11;0;2023;8;15;2;3;5;3;0;0;1;1;0;0;0;0;341342,637099999934435;5678502,916400000452995;6,727277075000075;51,235813501000052;1
183365;5230814410230985665;5;7;70;4;2023;8;17;2;3;0;1;0;0;1;0;0;0;0;0;488751,608799999579787;5784457,344499999657273;8,835376895000024;52,210441848000073;1
183366;5230814410220997000;5;7;70;8;2023;8;8;2;2;5;3;0;0;1;1;0;0;0;0;474827,604500000365078;5803073,527300000190735;8,630207633000055;52,377347145000044;1
183368;5230814406140985686;5;7;58;32;2023;8;7;2;2;5;2;0;0;1;1;0;0;0;0;465070,424200000241399;5777287,406700000166893;8,489544970000054;52,144989455000029;1
183370;5230816705000796552;5;5;54;44;2023;8;8;4;3;0;3;0;1;1;1;0;0;0;0;368686,634999999776483;5744497,119000000879169;7,094101031000037;51,835835887000030;1
183371;5230814404301985660;5;7;66;44;2023;8;19;2;3;5;3;0;0;1;1;0;0;0;0;493095,706100000068545;5763725,623299999162555;8,899374317000024;52,024119380000059;1
183375;5230814316300589236;5;9;74;28;2023;8;15;2;3;4;6;0;0;1;1;0;0;0;0;454306,750599999912083;5725857,082800000905991;8,339080116000048;51,681820182000081;1
183376;5230814310140977195;5;9;54;28;2023;8;10;2;3;1;5;0;0;1;1;0;0;0;0;378178,032800000160933;5692429,559100000187755;7,249875558000042;51,370038751000038;1
183379;5230814301306894295;5;9;13;0;2023;8;17;2;3;6;7;0;0;1;0;1;0;0;0;397785,841199999675155;5714126,963700000196695;7,525180819000070;51,568940743000041;1
183380;5230814301301675658;5;9;78;24;2023;8;14;2;3;0;1;0;0;1;0;0;0;0;0;398299,527999999932945;5715613,380999999120831;7,532159642000067;51,582394531000034;1
183381;5230814301205673441;5;9;13;0;2023;8;14;2;3;0;6;0;0;1;1;0;0;0;0;388207,071000000461936;5714654,142999999225140;7,386860148000039;51,571861263000073;1
183382;5230814301103186862;5;9;13;0;2023;8;20;2;3;0;1;1;0;1;0;0;0;0;0;391771,410199999809265;5702958,053600000217557;7,441864046000035;51,467428113000040;1
183384;5230814300400219424;5;9;11;0;2023;8;13;2;2;0;1;0;0;1;0;0;0;0;0;372003,656200000084937;5697785,816099999472499;7,159289468000054;51,416818667000030;1
183385;5230814300300985683;5;9;11;0;2023;8;11;2;3;1;5;0;0;1;1;0;0;0;0;383086,908099999651313;5703485,828500000759959;7,316717027000038;51,470444130000033;1
183386;5230814300300195188;5;9;11;0;2023;8;16;2;3;5;3;0;0;1;0;0;0;0;1;380242,345700000412762;5703153,661399999633431;7,275894047000065;51,466863811000053;1
183388;5230813711400054395;5;5;70;20;2023;8;18;1;3;0;3;0;0;1;1;0;0;0;0;427670,472000000067055;5742891,444000000134110;7,950317302000030;51,832157108000047;1
183389;5230813711100687232;5;5;70;52;2023;8;3;1;2;0;1;2;0;1;0;0;0;0;0;425340,245000000111759;5746862,986199999228120;7,915648557000054;51,867552980000028;1
183391;5230813706300065767;5;5;58;24;2023;8;17;1;2;2;6;0;0;1;1;0;0;0;0;392160,137799999676645;5736175,209899999201298;7,437235232000035;51,766065504000039;1
183393;5230813702100974710;5;5;15;0;2023;8;13;1;3;1;7;0;0;1;1;0;0;0;0;403592,191100000403821;5757333,742799999192357;7,596941682000022;51,958333915000026;1
183395;5230813702100774756;5;5;15;0;2023;8;22;1;2;0;1;2;0;1;0;0;0;0;0;411027,359000000171363;5760067,645999999716878;7,704408668000042;51,984147606000079;1
183396;5230813702100193600;5;5;15;0;2023;8;12;1;3;3;6;0;0;1;0;0;0;0;0;404354,712500000372529;5757029,061699999496341;7,608120206000024;51,955727014000047;1
183397;5230813610121067556;5;3;70;12;2023;8;14;1;3;0;7;0;0;1;0;0;0;0;0;294276,734199999831617;5651813,112600000575185;6,069125635000034;50,981102991000057;1
183398;5230813610111895000;5;3;70;16;2023;8;19;1;2;0;7;0;0;1;0;0;0;0;0;295274,200400000438094;5661764,169399999082088;6,077697920000048;51,070826673000056;1
183399;5230813609256985644;5;3;58;56;2023;8;16;1;3;4;6;0;0;1;1;0;0;0;0;321011,802699999883771;5654334,414200000464916;6,448335006000036;51,012685204000036;1
183400;5230813609236089762;5;3;58;4;2023;8;15;1;2;0;1;0;0;1;0;0;0;0;0;308671,841500000096858;5640722,353900000452995;6,279773103000025;50,886444063000056;1
183402;5230813607500778580;5;3;82;56;2023;8;16;1;3;0;7;0;0;1;0;0;0;0;0;374282,823499999940395;5623159,249500000849366;7,218013149000058;50,746588308000071;1
183403;5230813605112786400;5;3;74;12;2023;8;18;1;2;8;1;0;0;1;1;0;0;0;0;397503,687800000421703;5648425,975600000470877;7,539954469000065;50,978295632000027;1
183405;5230813602600093624;5;3;62;20;2023;8;2;1;3;0;6;2;0;1;0;0;0;0;0;344132,109899999573827;5630936,305199999362230;6,787650007000025;50,809163328000068;1
183407;5230813601600274980;5;3;15;0;2023;8;15;1;3;5;3;0;0;1;1;0;0;0;0;360947,376500000245869;5643905,615100000053644;7,021230380000077;50,930003625000040;1
183408;5230813601300978500;5;3;15;0;2023;8;21;1;3;3;1;2;0;1;1;0;0;0;0;352926,468999999575317;5647390,654999999329448;6,905761940000048;50,959332925000069;1
183410;5230813601200425586;5;3;15;0;2023;8;12;1;3;5;3;0;0;1;1;0;0;0;0;356036,411199999973178;5642158,838700000196695;6,952082002000054;50,913100807000035;1
183411;5230813601100625500;5;3;15;0;2023;8;16;1;3;1;5;0;0;1;1;0;0;0;0;355400,610299999825656;5643221,995699999853969;6,942622356000072;50,922496275000071;1
183412;5230813601100286470;5;3;15;0;2023;8;10;1;3;0;5;0;0;1;1;0;0;0;0;356914,305100000463426;5643450,651499999687076;6,964055055000074;50,924928566000062;1
183414;5230813518310985705;5;1;70;32;2023;8;16;1;3;0;1;0;0;1;0;0;0;0;0;339060,118099999614060;5710813,461699999868870;6,679971093000063;51,525471008000068;1
183415;5230813518300985698;5;1;70;20;2023;8;17;1;2;3;5;0;0;1;1;0;0;0;0;327966,762699999846518;5708017,355200000107288;6,521574867000027;51,497082848000048;1
183416;5230813516900490328;5;1;58;26;2023;8;12;1;3;0;7;0;0;1;0;0;0;0;0;351927,059399999678135;5663211,517100000753999;6,885077832000036;51,101248625000039;1
183417;5230813516900086970;5;1;58;26;2023;8;12;1;3;3;6;0;0;1;1;0;0;0;0;352759,274000000208616;5659419,295199999585748;6,898501069000076;51,067384871000058;1
183418;5230813515212917930;5;1;54;64;2023;8;18;1;3;5;3;0;0;1;1;0;0;0;0;305485,841000000014901;5722685,099099999293685;6,189980364000064;51,621525160000033;1
183419;5230813515000985707;5;1;54;36;2023;8;18;1;3;0;1;0;0;1;0;0;0;0;0;300268,722699999809265;5739887,450400000438094;6,104864929000030;51,774174934000030;1
183420;5230813513210985715;5;1;62;24;2023;8;14;1;3;5;3;0;0;1;1;0;0;0;0;336950,002700000070035;5675998,773000000044703;6,665548107000063;51,212076343000035;1
183422;5230813513210573874;5;1;62;24;2023;8;19;1;3;5;3;0;0;1;1;0;0;0;0;339403,141300000250340;5669619,278400000184774;6,703491719000056;51,155451846000062;1
183424;5230813502210477652;5;1;13;0;2023;8;11;1;3;0;7;0;0;1;1;0;0;0;0;362368,328800000250340;5697086,663499999791384;7,021081289000051;51,408278532000054;1
183425;5230813501322496061;5;1;12;0;2023;8;15;1;3;0;7;0;0;1;0;0;0;0;0;347380,241000000387430;5694870,478000000119209;6,806691419000060;51,384530197000061;1
183431;5230813405244985700;5;7;54;44;2023;8;19;1;3;0;3;0;0;1;1;0;0;0;0;470324,308600000105798;5745103,522700000554323;8,569109051000055;51,855941046000055;1
183432;5230813405228985700;5;7;54;28;2023;8;20;1;3;1;5;1;0;1;1;0;0;0;0;450401,082100000232458;5744964,370300000533462;8,279863550000073;51,853274913000064;1
183433;5230813405140587158;5;7;54;40;2023;8;11;1;2;4;6;0;0;1;0;0;0;0;0;458806,325199999846518;5760768,005400000140071;8,400001500000030;51,996042484000043;1
183434;5230813405108985703;5;7;54;8;2023;8;15;1;3;0;3;0;0;1;1;0;0;0;0;457193,031000000424683;5749943,938799999654293;8,377852847000042;51,898606598000072;1
183435;5230813317210985714;5;9;78;20;2023;8;15;1;3;1;5;0;0;1;1;0;0;0;0;411114,850999999791384;5715319,326700000092387;7,717143811000028;51,581918252000037;1
183436;5230819316200689341;5;9;74;52;2023;8;21;7;3;5;2;2;0;1;1;0;0;0;0;424588,080199999734759;5712202,865700000897050;7,912227191000056;51,555865339000036;1
183439;5230813307000177973;5;9;62;40;2023;8;16;1;3;0;1;0;0;1;0;0;0;0;0;418226,451000000350177;5695315,809000000357628;7,824394416000075;51,403166713000076;1
183441;5230813303100474794;5;9;15;0;2023;8;0;1;3;0;1;2;0;1;0;0;0;0;0;420042,293499999679625;5729561,398499999195337;7,842705827000032;51,711287167000080;1
183442;5230813301202874723;5;9;13;0;2023;8;12;1;3;0;7;0;0;1;1;0;0;0;0;393123,252000000327826;5709343,958000000566244;7,459384256000021;51,525084650000053;1
183445;5230812709300574704;5;5;66;84;2023;8;20;7;3;1;1;2;0;1;1;0;0;0;0;385445,926599999889731;5778833,887399999424815;7,325755364000031;52,148114808000059;1
183446;5230812709110279151;5;5;66;12;2023;8;3;7;3;0;7;2;1;1;0;0;0;0;0;405668,345499999821186;5772213,063799999654293;7,623045407000063;52,092430232000027;1
183447;5230812705000977197;5;5;54;8;2023;8;0;7;3;8;5;2;0;1;1;0;0;0;0;335206,131400000303984;5746438,152799999341369;6,607646802000033;51,844399545000044;1
183448;5230812702100868126;5;5;15;0;2023;8;23;7;3;1;5;2;0;1;1;0;0;0;0;406631,098199999891222;5757801,326400000602007;7,641027248000057;51,963055378000035;1
183450;5230812702100091864;5;5;15;0;2023;8;3;7;3;0;3;2;1;1;0;0;0;0;0;405626,548000000417233;5757141,637000000104308;7,626591907000034;51,956956186000070;1
183453;5230812608436680836;5;3;34;36;2023;8;14;7;3;5;3;0;1;1;1;0;0;0;0;297917,118800000287592;5633810,555999999865890;6,130880755000021;50,820705110000063;1
183455;5230812608100773715;5;3;34;2;2023;8;14;7;3;4;1;0;1;1;1;0;0;0;0;294531,491499999538064;5629032,765499999746680;6,085550910000052;50,776603809000051;1
183456;5230812607400290912;5;3;82;68;2023;8;19;7;3;0;3;0;0;1;1;0;0;0;0;367532,020999999716878;5633153,026000000536442;7,118773888000021;50,834911136000073;1
183462;5230812601400572642;5;3;15;0;2023;8;14;7;3;5;3;0;0;1;0;0;1;0;0;354120,425999999977648;5648887,351999999955297;6,922150960000067;50,973086702000046;1
183464;5230812601300985753;5;3;15;0;2023;8;12;7;3;0;7;0;1;1;1;0;0;0;0;353373,394000000320375;5647108,791999999433756;6,912234914000067;50,956913837000059;1
183465;5230815400100570242;5;7;11;0;2023;8;17;3;3;3;6;0;0;1;1;0;0;0;0;466765,647800000384450;5771674,476700000464916;8,514865885000063;52,094631289000063;1
183466;5230812601300176576;5;3;15;0;2023;8;17;7;3;5;3;0;0;1;1;0;0;0;0;348371,981599999591708;5648381,693199999630451;6,840544306000027;50,967058118000068;1
183467;5230812601100985741;5;3;15;0;2023;8;16;7;3;6;4;0;0;1;0;1;0;0;0;355424,098399999551475;5644838,670499999076128;6,942315129000065;50,937030904000039;1
183469;5230812600310593460;5;3;14;0;2023;8;19;7;3;0;1;0;0;1;0;0;0;0;0;362652,226900000125170;5619610,515499999746680;7,054573534000042;50,712058335000052;1
183471;5230812600110985764;5;3;14;0;2023;8;1;7;3;0;1;2;1;1;0;0;0;0;0;365068,048299999907613;5623499,779600000008941;7,087347936000072;50,747580488000040;1
183472;5230812600110985762;5;3;14;0;2023;8;0;7;2;0;1;2;1;1;0;0;0;0;0;365627,457999999634922;5622342,810000000521541;7,095694814000069;50,737311481000063;1
183474;5230812518300985926;5;1;70;20;2023;8;9;7;2;0;7;0;1;1;0;0;0;0;0;330370,799700000323355;5707667,825799999758601;6,556342908000033;51,494669259000034;1
183475;5230812518210096071;5;1;70;28;2023;8;11;7;3;0;1;0;1;1;0;0;0;0;0;331343,291000000201166;5702641,183000000193715;6,572737926000059;51,449802402000046;1
183477;5230812514116982334;5;1;66;16;2023;8;17;7;3;0;1;0;0;1;0;0;0;0;0;310816,694600000046194;5688181,561300000175834;6,285362354000029;51,313444893000053;1
183478;5230812513310977196;5;1;62;8;2023;8;21;7;3;0;7;2;0;1;0;0;0;0;0;330629,651499999687076;5664701,294199999421835;6,580460571000060;51,108738051000046;1
183479;5230812513210435768;5;1;62;24;2023;8;12;7;3;0;1;0;1;1;0;0;0;0;0;340385,628499999642372;5675563,015000000596046;6,714888815000052;51,209131610000043;1
183480;5230812506100985767;5;1;16;0;2023;8;0;7;2;6;4;2;1;1;0;1;0;0;0;319497,380599999800324;5673814,317500000819564;6,417029505000073;51,187204496000049;1
183482;5230812506100985748;5;1;16;0;2023;8;15;7;3;5;3;0;1;1;1;0;0;0;0;324043,145600000396371;5670613,322000000625849;6,483577367000066;51,159865575000026;1
183483;5230812506100766291;5;1;16;0;2023;8;11;7;3;0;1;0;1;1;0;0;0;0;0;318686,965800000354648;5675649,649599999189377;6,404518540000026;51,203434750000042;1
183484;5230812505100586010;5;1;14;0;2023;8;19;7;3;6;4;0;0;1;0;1;0;0;0;330178,105100000277162;5688864,113800000399351;6,562573643000064;51,325684643000045;1
183487;5230812502321479300;5;1;13;0;2023;8;19;7;3;0;7;0;1;1;0;0;0;0;0;357622,359699999913573;5704356,355000000447035;6,949964394000062;51,472432826000045;1
183490;5230812500300168378;5;1;11;0;2023;8;14;7;3;5;3;0;1;1;1;0;0;0;0;352245,358000000007451;5667944,842000000178814;6,887680975000023;51,143865345000052;1
183492;5230812500300057550;5;1;11;0;2023;8;10;7;3;1;5;0;1;1;1;0;0;0;0;351479,511800000444055;5670132,268999999389052;6,875837689000036;51,163323561000027;1
183497;5230812407106074577;5;7;62;20;2023;8;20;7;2;0;7;0;0;1;0;0;0;0;0;519964,787700000219047;5728241,671499999240041;9,288921112000025;51,704765010000074;1
183498;5230812405108266303;5;7;54;8;2023;8;14;7;3;5;2;0;0;1;1;0;0;0;0;456326,667999999597669;5749231,559000000357628;8,365352382000026;51,892134667000050;1
183499;5230812405108187004;5;7;54;8;2023;8;18;7;3;4;6;0;1;1;0;0;0;0;0;456509,265200000256300;5750921,367399999871850;8,367792440000073;51,907341278000047;1
183500;5230812400100985731;5;7;11;0;2023;8;21;7;3;5;3;2;0;1;1;0;0;0;0;466784,566999999806285;5763847,987999999895692;8,515903296000033;52,024268022000058;1
183507;5230812300300377800;5;9;11;0;2023;8;3;7;3;0;1;2;1;1;0;0;0;0;0;378633,388299999758601;5701194,085500000044703;7,253414499000030;51,448909128000082;1
183508;5230812300000985713;5;9;11;0;2023;8;13;7;3;0;1;0;0;1;1;0;0;0;0;375952,510200000368059;5705396,753599999472499;7,213378962000036;51,486099282000055;1
183510;5230815500300984947;5;1;11;0;2023;8;8;3;3;0;1;0;1;1;0;0;0;0;0;344794,052000000141561;5675173,565999999642372;6,778118652000046;51,206847240000059;1
183511;5230811709800287330;5;5;66;40;2023;8;11;6;3;5;3;0;0;1;1;0;0;0;0;420868,089800000190735;5782225,692299999296665;7,842530871000065;52,184815255000046;1
183513;5230811709000012518;5;5;66;12;2023;8;10;6;3;5;2;0;0;1;0;0;0;0;0;405477,595999999903142;5771679,362999999895692;7,620409898000048;52,087600667000061;1
183514;5230811705000595870;5;5;54;52;2023;8;16;6;3;0;1;0;0;1;0;0;0;0;0;378735,395399999804795;5773278,935300000011921;7,229707735000034;52,096762814000044;1
183515;5230811705000030801;5;5;54;4;2023;8;15;6;3;5;2;0;0;1;1;0;0;0;0;363433,204199999570847;5770982,988700000569224;7,007374772000048;52,072567947000039;1
183516;5230811702100985800;5;5;15;0;2023;8;15;6;3;5;2;0;0;1;1;0;0;0;0;411415,742100000381470;5761724,522900000214577;7,709634542000060;51,999102826000069;1
183517;5230811702100574710;5;5;15;0;2023;8;9;6;3;5;3;0;0;1;1;0;0;0;0;401417,183799999766052;5758414,271099999547005;7,564988448000065;51,967664555000056;1
183518;5230811702100470612;5;5;15;0;2023;8;7;6;3;4;3;0;0;1;0;0;0;0;0;406570,192099999636412;5760114,455299999564886;7,639511379000055;51,983836621000080;1
183519;5230811702000291701;5;5;15;0;2023;8;17;6;2;5;7;0;0;1;0;0;0;0;1;405689,229700000025332;5757216,071399999782443;7,627483392000045;51,957635870000047;1
183521;5230820503400778725;5;1;22;0;2023;8;10;1;3;0;7;0;0;1;0;0;0;0;0;369757,173299999907613;5669552,870899999514222;7,137298890000068;51,162569913000027;1
183524;5230811701120985777;5;5;62;32;2023;8;17;6;2;0;1;0;0;1;0;0;0;0;0;376858,928600000217557;5716330,868300000205636;7,222602689000041;51,584566121000080;1
183527;5230811608200969665;5;3;34;2;2023;8;13;6;3;0;1;0;0;1;0;0;0;0;0;295380,997000000439584;5629872,789000000804663;6,097116651000022;50,784448593000036;1
183528;5230811603116790895;5;3;66;16;2023;8;12;6;2;0;1;0;0;1;0;0;0;0;0;343632,578700000420213;5615107,284099999815226;6,787281453000048;50,666786382000055;1
183530;5230811602800985806;5;3;62;12;2023;8;12;6;3;0;1;0;0;1;0;0;0;0;0;352705,589599999599159;5633329,113900000229478;6,908289881000030;50,832910406000053;1
183532;5230812405232096885;5;7;54;32;2023;8;17;7;3;0;1;0;1;1;0;0;0;0;0;460412,643000000156462;5739659,896999999880791;8,425821257000052;51,806383581000034;1
183533;5230811602500985813;5;3;62;24;2023;8;10;6;3;1;3;0;0;1;0;0;0;1;0;346934,476400000043213;5642849,114700000733137;6,822412092000036;50,916961755000045;1
183534;5230811602500575536;5;3;62;24;2023;8;14;6;2;4;6;0;0;1;0;0;1;0;0;344452,348600000143051;5641412,957499999552965;6,787740116000066;50,903392879000080;1
183537;5230811601600186593;5;3;15;0;2023;8;23;6;3;0;1;2;0;1;0;0;0;0;0;363045,716000000014901;5645733,996400000527501;7,050384619000056;50,946938031000059;1
183538;5230811601400985781;5;3;15;0;2023;8;17;6;3;0;7;0;0;1;0;0;0;0;0;358665,109699999913573;5649343,150800000876188;6,986662958000068;50,978316173000053;1
183540;5230811601400081728;5;3;15;0;2023;8;16;6;3;0;1;0;0;1;0;0;0;0;0;357211,019600000232458;5646895,411000000312924;6,966923953000048;50,955959890000031;1
183543;5230820608100377498;5;3;34;2;2023;8;0;1;2;0;7;2;0;1;0;0;0;0;0;294666,305399999953806;5629214,459300000220537;6,087359084000070;50,778283378000026;1