OID_;UIDENTSTLAE;ULAND;UREGBEZ;UKREIS;UGEMEINDE;UJAHR;UMONAT;USTUNDE;UWOCHENTAG;UKATEGORIE;UART;UTYP1;ULICHTVERH;IstStrassenzustand;IstRad;IstPKW;IstFuss;IstKrad;IstGkfz;IstSonstige;LINREFX;LINREFY;XGCSWGS84;YGCSWGS84;PLST
183545;5230811601200864173;5;3;15;0;2023;8;21;6;3;0;1;2;0;1;0;0;0;0;0;355774,735999999567866;5641793,058000000193715;6,948506724000026;50,909748255000068;1
183546;5230811601200186470;5;3;15;0;2023;8;15;6;3;1;5;0;0;1;1;0;0;0;0;356470,543700000271201;5640471,693800000473857;6,958916829000032;50,898046673000067;1
183548;5230811600360671653;5;3;82;12;2023;8;8;6;3;0;7;0;0;1;0;0;0;0;0;353357,898799999617040;5629243,387099999934435;6,919179541000062;50,796358238000039;1
183550;5230811600110985772;5;3;14;0;2023;8;22;6;3;0;1;2;0;1;0;0;0;0;0;366732,345999999903142;5618520,804400000721216;7,112724740000033;50,703213711000046;1
183552;5230811518300067691;5;1;70;20;2023;8;21;6;2;0;1;1;0;1;0;0;0;0;0;327719,609000000171363;5707626,617000000551343;6,518208537000021;51,493497472000058;1
183553;5230811518110495954;5;1;70;12;2023;8;11;6;3;5;3;0;0;1;1;0;0;0;0;333805,628999999724329;5734457,839999999850988;6,593073474000050;51,736361468000041;1
183554;5230811516900278608;5;1;58;26;2023;8;12;6;3;0;7;0;0;1;0;0;0;0;0;351700,231599999591708;5665278,439099999144673;6,880990830000030;51,119763724000052;1
183558;5230811515111022053;5;1;54;8;2023;8;15;6;3;2;6;0;0;1;1;0;0;0;0;309712,913300000131130;5747249,687300000339746;6,237542208000036;51,843583635000073;1
183560;5230811513120176538;5;1;62;20;2023;8;14;6;3;5;2;0;0;1;1;0;0;0;0;324574,198300000280142;5672634,359999999403954;6,490178406000041;51,178184849000047;1
183563;5230811506100985794;5;1;16;0;2023;8;14;6;3;0;3;0;0;1;0;0;0;0;1;321291,890999999828637;5674563,956499999389052;6,442308166000032;51,194502516000057;1
183568;5230811502111694941;5;1;13;0;2023;8;15;6;3;4;3;0;0;1;1;0;0;0;0;363628,236999999731779;5701178,698999999091029;7,037610138000048;51,445356254000046;1
183569;5230811501326985788;5;1;12;0;2023;8;12;6;3;3;6;0;0;1;0;0;0;0;1;345914,097000000067055;5691103,242000000551343;6,787270959000068;51,350284650000049;1
183572;5230811501315985824;5;1;12;0;2023;8;5;6;3;2;1;1;0;1;1;0;0;0;0;345561,837000000290573;5699937,367000000551343;6,778373861000034;51,429564913000036;1
183578;5230811411132881976;5;7;74;32;2023;8;14;6;3;5;2;0;0;1;1;0;0;0;0;483302,885999999940395;5730227,672000000253320;8,758271467000043;51,722728535000044;1
183579;5230818514211086017;5;1;66;12;2023;8;9;6;3;2;1;0;0;1;1;0;0;0;0;322583,127000000327826;5695619,632799999788404;6,450308806000066;51,384051733000035;1
183580;5230811411132494495;5;7;74;32;2023;8;16;6;3;5;3;0;0;1;0;0;0;0;0;478718,638199999928474;5726392,304300000891089;8,692139176000069;51,688088410000034;1
183582;5230811406130985773;5;7;58;8;2023;8;12;6;3;5;3;0;0;1;0;0;0;0;1;467032,474999999627471;5776884,391000000759959;8,518256023000049;52,141486776000079;1
183587;5230811317230089284;5;9;78;8;2023;8;15;6;3;1;5;0;0;1;1;0;0;0;0;413395,035099999979138;5716797,045700000599027;7,749679919000073;51,595557157000030;1
183590;5230811314210134925;5;9;66;4;2023;8;13;6;2;0;1;0;0;1;0;0;0;0;0;421596,522499999962747;5664784,820599999278784;7,879528732000040;51,129158134000079;1
183591;5230811313123285010;5;9;58;16;2023;8;13;6;2;3;6;0;0;1;0;0;0;0;0;444914,622999999672174;5677899,039000000804663;8,210717158000023;51,249790483000027;1
183593;5230811313110584924;5;9;58;4;2023;8;16;6;3;0;3;0;0;1;0;0;0;0;0;430238,292700000107288;5698213,635099999606609;7,996479669000053;51,430824323000081;1
183595;5230811310230580787;5;9;54;12;2023;8;17;6;3;0;7;0;0;1;1;0;0;0;0;383906,106999999843538;5690143,203999999910593;7,332874512000046;51,350688687000059;1
183600;5230811301204573523;5;9;13;0;2023;8;7;6;3;0;6;0;0;1;1;0;0;0;0;387562,900700000114739;5705282,003399999812245;7,380561146000048;51,487495616000047;1
183605;5230811300200572452;5;9;11;0;2023;8;10;6;3;0;5;0;0;1;1;0;0;0;0;374284,706299999728799;5704271,283099999651313;7,189771480000047;51,475616086000059;1
183606;5230811300000341941;5;9;11;0;2023;8;11;6;3;0;1;0;0;1;0;0;0;0;0;371688,870400000363588;5698130,845200000330806;7,154640166000036;51,419848349000063;1
183607;5230810711200070572;5;5;70;8;2023;8;16;5;3;0;1;0;0;1;0;0;0;0;0;433820,768199999816716;5734440,894200000911951;8,041171997000049;51,756949175000045;1
183608;5230810711100190660;5;5;70;52;2023;8;15;5;2;0;1;0;0;1;0;0;0;0;0;431029,838999999687076;5755505,160499999299645;7,996539507000023;51,945976223000059;1
183609;5230810709110680992;5;5;66;4;2023;8;7;5;2;0;1;0;0;1;0;0;0;0;0;395475,998100000433624;5767587,427799999713898;7,475739073000057;52,049025352000058;1
183612;5230810709000742372;5;5;66;12;2023;8;13;5;3;5;1;0;0;1;0;0;0;0;1;405529,521900000050664;5772284,198799999430776;7,620999925000035;52,093045926000059;1
183613;5230810706300685358;5;5;58;24;2023;8;11;5;3;5;3;0;0;1;1;0;0;0;0;392815,271599999628961;5736989,628299999982119;7,446474012000067;51,773511304000067;1
183616;5230810705000985844;5;5;54;8;2023;8;15;5;2;3;6;0;0;1;0;0;0;0;0;332963,891999999992549;5745098,888399999588728;6,575773468000023;51,831702504000077;1
183617;5230810705000796652;5;5;54;8;2023;8;18;5;3;0;7;0;0;1;0;0;0;0;0;336372,302299999631941;5746744,392899999395013;6,624415733000035;51,847493590000056;1
183618;5230810702100074701;5;5;15;0;2023;8;17;5;3;5;5;0;0;1;1;0;0;0;0;404725,964399999938905;5760139,326400000602007;7,612657971000033;51,983746949000079;1
183620;5230810700000075760;5;5;13;0;2023;8;13;5;3;5;3;0;0;1;1;0;0;0;0;368711,110199999995530;5708606,136199999600649;7,107948239000052;51,513306715000056;1
183621;5230811601200693631;5;3;15;0;2023;8;16;6;3;5;3;0;0;1;1;0;0;0;0;354789,545699999667704;5642382,468499999493361;6,934268296000027;50,914798167000072;1
183622;5230810610121885814;5;3;70;12;2023;8;18;5;3;9;1;0;0;1;0;0;0;0;0;294207,726999999955297;5651842,955000000074506;6,068126994000067;50,981346342000052;1
183623;5230810609160873728;5;3;58;60;2023;8;14;5;3;8;1;0;0;1;0;0;0;0;0;333225,907999999821186;5625921,855799999088049;6,635261510000021;50,761070836000044;1
183626;5230810608416577502;5;3;34;16;2023;8;17;5;3;0;6;0;0;1;1;0;0;0;0;294160,721800000406802;5637479,300899999216199;6,075561615000026;50,852331391000064;1
183628;5230810607400879330;5;3;82;68;2023;8;13;5;3;0;7;0;0;1;1;0;0;0;0;367388,114500000141561;5628573,225700000301003;7,118386594000071;50,793715257000031;1
183629;5230810607400073851;5;3;82;68;2023;8;13;5;2;5;3;0;0;1;1;0;0;0;0;369406,549999999813735;5630502,117000000551343;7,146323739000024;50,811510628000065;1
183631;5230810607300986263;5;3;82;16;2023;8;15;5;3;5;3;0;0;1;1;0;0;0;0;386810,019000000320375;5625275,244999999180436;7,394851638000034;50,768187434000026;1
183633;5230810605144176593;5;3;74;44;2023;8;20;5;3;0;1;1;0;1;0;0;0;0;0;402672,669900000095367;5638238,043500000610948;7,616283157000055;50,887603351000052;1
183636;5230810601700686545;5;3;16;0;2023;8;22;5;3;5;2;2;0;1;1;0;0;0;0;360119,222799999639392;5659045,507999999448657;7,003620711000053;51,065866448000065;1
183638;5230810601600075820;5;3;15;0;2023;8;18;5;3;0;7;0;0;1;0;1;0;0;0;362734,763000000268221;5637566,420099999755621;7,049032942000053;50,873458692000042;1
183639;5230810601500985834;5;3;15;0;2023;8;18;5;3;0;3;0;0;1;1;0;0;0;0;359809,967400000430644;5647947,060900000855327;7,003499206000072;50,966049270000042;1
183640;5230810601500869850;5;3;15;0;2023;8;8;5;2;5;3;0;0;1;0;0;1;0;0;358292,318300000391901;5643404,379399999976158;6,983667538000020;50,924852842000064;1
183643;5230810601400985270;5;3;15;0;2023;8;18;5;3;5;2;0;0;1;0;0;1;0;0;355869,688400000333786;5648159,557399999350309;6,947337954000034;50,966986596000027;1
183644;5230810601400081882;5;3;15;0;2023;8;15;5;3;5;3;0;0;1;1;0;0;0;0;352581,522499999962747;5654071,010700000450015;6,898142875000076;51,019277583000076;1
183645;5230810601300893602;5;3;15;0;2023;8;19;5;3;3;6;0;0;1;0;0;0;0;1;351779,706600000150502;5646444,724199999123812;6,889829708000036;50,950538516000051;1
183649;5230810600380281300;5;3;14;0;2023;8;16;5;3;5;2;0;0;1;1;0;0;0;0;368971,232699999585748;5616949,938300000503659;7,144970153000031;50,689603214000044;1
183651;5230810600120590938;5;3;82;24;2023;8;12;5;3;0;1;0;0;1;0;0;0;0;0;378388,190000000409782;5621139,503000000491738;7,276842915000032;50,729307650000067;1
183653;5230810600110079278;5;3;14;0;2023;8;18;5;3;0;1;0;0;1;0;0;0;0;0;365644,833300000056624;5622121,622600000351667;7,096021541000027;50,735327482000059;1
183654;5230810518300985862;5;1;70;20;2023;8;8;5;3;0;7;0;0;1;1;0;0;0;0;328782,223899999633431;5707129,759600000455976;6,533741769000073;51,489356772000065;1
183655;5230810518200985851;5;1;70;24;2023;8;13;5;3;1;5;0;0;1;1;0;0;0;0;334402,129999999888241;5702672,469000000506639;6,616703956000038;51,450986214000068;1
183656;5230810518100685933;5;1;70;48;2023;8;13;5;3;0;6;0;0;1;0;0;0;0;0;336240,819000000134110;5726660,044999999925494;6,631970339000077;51,667024989000026;1
183657;5230810518100296060;5;1;70;48;2023;8;10;5;3;1;2;0;0;1;1;0;0;0;0;336124,902300000190735;5726553,736099999397993;6,630345531000046;51,666036141000063;1
183659;5230810516900558550;5;1;58;26;2023;8;14;5;3;3;2;0;0;1;1;0;0;0;0;352079,144399999640882;5661546,550699999555945;6,887930452000035;51,086326100000065;1
183660;5230810516900195658;5;1;58;26;2023;8;13;5;3;4;2;0;0;1;1;0;0;0;0;353626,316700000315905;5664783,137599999085069;6,908693322000033;51,115808087000062;1
183661;5230810516800686395;5;1;58;20;2023;8;11;5;3;0;7;0;0;1;0;0;0;0;0;356728,121600000187755;5666754,708499999716878;6,952195970000048;51,134309659000053;1
183662;5230810516500591231;5;1;58;16;2023;8;22;5;3;0;7;1;0;1;0;0;0;0;0;355911,248700000345707;5671483,385700000450015;6,938634975000070;51,176598679000051;1
183665;5230810515110353113;5;1;54;40;2023;8;15;5;3;6;7;0;0;1;0;1;0;0;0;294285,945899999700487;5741429,273499999195337;6,017355022000061;51,785852866000027;1
183669;5230810513110985837;5;1;62;16;2023;8;14;5;3;0;1;0;0;1;1;0;0;0;0;332716,111499999649823;5677923,919800000265241;6,604087699000047;51,228147992000061;1
183672;5230810506100985833;5;1;16;0;2023;8;20;5;3;5;2;0;0;1;1;0;0;0;0;321837,968100000172853;5676617,285700000822544;6,449096055000041;51,213118627000028;1
183674;5230810505200091594;5;1;14;0;2023;8;15;5;3;0;1;0;0;1;0;0;0;0;0;329757,416600000113249;5689732,722899999469519;6,556126435000067;51,333362305000037;1
183676;5230810502323373438;5;1;13;0;2023;8;17;5;3;5;3;0;0;1;1;0;0;0;0;358268,393000000156462;5706976,098999999463558;6,958208502000048;51,496136147000072;1
183677;5230810502231875244;5;1;13;0;2023;8;15;5;3;0;5;0;0;1;1;0;0;0;0;364888,104500000365078;5695910,537699999287724;7,057736897000041;51,398314983000034;1
183678;5230810502210077713;5;1;13;0;2023;8;15;5;3;0;3;0;0;1;0;1;0;0;0;361376,832000000402331;5700386,504000000655651;7,005543574000058;51,437690715000031;1
183680;5230810500300874180;5;1;11;0;2023;8;15;5;3;1;5;0;0;1;1;0;0;0;0;349048,444899999536574;5674424,266200000420213;6,839291344000060;51,201254385000027;1
183681;5230810702100576652;5;5;15;0;2023;8;12;5;3;1;1;0;0;1;1;0;0;0;0;407096,271700000390410;5758243,549799999222159;7,647676105000073;51,967108235000069;1
183682;5230810500300601130;5;1;11;0;2023;8;10;5;3;6;3;0;0;1;0;1;0;0;0;350221,358000000007451;5670223,626399999484420;6,857818766000037;51,163816473000054;1
183686;5230810500200700602;5;1;11;0;2023;8;8;5;3;6;4;0;0;1;0;1;0;0;0;342578,179299999959767;5688266,603000000119209;6,740659432000029;51,323883240000043;1
183689;5230810411132985856;5;7;74;32;2023;8;10;5;3;3;2;0;0;1;1;0;0;0;0;483437,336000000126660;5730472,872999999672174;8,760206254000025;51,724937200000056;1
183690;5230810411132751320;5;7;74;32;2023;8;13;5;3;4;3;0;0;1;1;0;0;0;0;482722,357200000435114;5732107,210000000894070;8,749773784000070;51,739610411000058;1
183691;5230810411132656304;5;7;74;32;2023;8;17;5;3;1;5;0;0;1;1;0;0;0;0;484408,499599999748170;5729408,430299999192357;8,774314261000029;51,715394305000075;1
183692;5230810410240985857;5;7;70;40;2023;8;7;5;2;5;3;0;0;1;1;0;0;0;0;474376,624900000169873;5809584,945900000631809;8,623084123000069;52,435864804000062;1
183693;5230810410230796821;5;7;70;4;2023;8;19;5;3;0;1;0;0;1;0;0;0;0;0;485777,224600000306964;5783547,540200000628829;8,791884513000070;52,202193429000033;1
183694;5230810410210096912;5;7;70;20;2023;8;20;5;3;5;2;1;0;1;0;0;0;0;1;473157,037999999709427;5796052,880000000819564;8,606228137000073;52,314150687000051;1
183696;5230810405108985832;5;7;54;8;2023;8;19;5;3;5;3;0;0;1;1;0;0;0;0;461618,375699999742210;5753615,437200000509620;8,441757148000022;51,931938207000030;1
183699;5230810400200789426;5;7;11;0;2023;8;7;5;3;4;1;0;0;1;1;0;0;0;0;467755,099799999967217;5763529,025599999353290;8,530077811000069;52,021457619000046;1
183706;5230810302100985853;5;9;14;0;2023;8;13;5;1;3;2;0;0;1;1;0;0;0;0;394629,503200000151992;5695859,819700000807643;7,485107862000064;51,404163813000082;1
183710;5230809711200570572;5;5;70;4;2023;8;12;4;3;5;3;0;0;1;1;0;0;0;0;423245,519700000062585;5736459,471200000494719;7,887537075000068;51,773745936000068;1
183712;5230809709300985876;5;5;66;76;2023;8;15;4;3;3;2;0;0;1;1;0;0;0;0;394471,012500000186265;5795002,489299999549985;7,452562036000074;52,295225883000057;1
183714;5230809702100342371;5;5;15;0;2023;8;9;4;3;6;4;0;0;1;0;1;0;0;0;404637,989900000393391;5757704,979900000616908;7,612053660000072;51,961851075000027;1
183715;5230809702100065385;5;5;15;0;2023;8;9;4;2;4;6;0;0;1;1;0;0;0;0;405596,284500000067055;5757933,649499999359250;7,625933945000043;51,964070000000049;1
183720;5230809610111085857;5;3;70;16;2023;8;11;4;3;5;2;0;0;1;1;0;0;0;0;296441,043200000189245;5660954,158199999481440;6,094786522000049;51,063967062000074;1
183722;5230809609108205942;5;3;58;8;2023;8;13;4;3;0;6;0;0;1;0;0;0;0;1;323261,122100000269711;5626417,206700000911951;6,493870217000051;50,762572098000078;1
183723;5230809608332085820;5;3;34;32;2023;8;17;4;2;4;6;0;0;1;1;0;0;0;0;304062,333999999798834;5626673,940999999642372;6,221822534000069;50,758714143000077;1
183724;5230820503100282056;5;1;24;0;2023;8;14;1;3;0;7;0;0;1;0;0;0;0;0;366164,474999999627471;5677457,618000000715256;7,083000307000020;51,232781956000053;1
183725;5230809608200089883;5;3;34;2;2023;8;19;4;3;0;3;0;0;1;1;0;0;0;0;299975,947999999858439;5626866,153999999165535;6,163852682000027;50,759046732000058;1
183733;5230809601500578250;5;3;15;0;2023;8;6;4;2;5;3;0;1;1;1;0;0;0;0;358218,024100000038743;5642889,451300000771880;6,982811317000028;50,920206909000058;1
183735;5230809601500176602;5;3;15;0;2023;8;19;4;3;5;2;0;0;1;1;0;0;0;0;361783,377100000157952;5650826,755799999460578;7,030490442000030;50,992406573000039;1
183737;5230809601400924860;5;3;15;0;2023;8;16;4;3;1;1;0;0;1;1;0;0;0;0;355945,495500000193715;5647514,026699999347329;6,948672437000027;50,961204312000064;1
183738;5230809601400056600;5;3;15;0;2023;8;12;4;3;0;5;0;0;1;1;0;0;0;0;357990,849600000306964;5647951,770600000396371;6,977607754000076;50,965646041000070;1
183739;5230809601300995388;5;3;15;0;2023;8;8;4;3;2;6;0;1;1;0;0;0;0;1;354632,196999999694526;5645269,408999999985099;6,930880323000054;50,940702756000064;1
183740;5230809601300977938;5;3;15;0;2023;8;7;4;3;5;3;0;1;1;0;0;0;0;1;352902,900999999605119;5647403,822799999266863;6,905421263000051;50,959445242000072;1
183741;5230809601200793606;5;3;15;0;2023;8;8;4;3;6;7;0;1;1;0;1;0;0;0;356035,824199999682605;5640595,589900000020862;6,952690200000063;50,899051904000032;1
183742;5230809601200293576;5;3;15;0;2023;8;19;4;2;0;2;0;0;1;1;0;0;0;0;356516,201000000350177;5641871,069199999794364;6,959015650000026;50,910634120000054;1
183746;5230809601000886453;5;3;15;0;2023;8;7;4;3;0;7;1;1;1;0;0;0;0;1;356437,753399999812245;5645769,542700000107288;6,956365339000058;50,945649767000077;1
183748;5230809600330996675;5;3;82;48;2023;8;16;4;3;6;6;0;0;1;0;1;0;0;0;354622,446000000461936;5610420,568199999630451;6,944524980000040;50,627513646000068;1
183751;5230809518400985878;5;1;70;8;2023;8;17;4;3;5;3;0;0;1;1;0;0;0;0;346746,831000000238419;5714543,308000000193715;6,789063736000060;51,561121780000065;1
183752;5230809516400985880;5;1;58;24;2023;8;7;4;3;0;2;0;0;1;1;0;0;0;0;357784,818599999882281;5681300,422900000587106;6,961526083000024;51,265288278000071;1
183753;5230809516400681571;5;1;58;24;2023;8;17;4;3;5;3;0;0;1;0;0;0;0;0;358856,195799999870360;5679587,498199999332428;6,977548412000033;51,250161399000035;1
183758;5230809505200991330;5;1;14;0;2023;8;12;4;3;0;1;0;0;1;0;0;0;0;0;330655,389200000092387;5691129,715900000184774;6,568340196000065;51,346180835000041;1
183761;5230809503200078691;5;1;24;0;2023;8;10;4;3;0;5;0;0;1;1;0;0;0;0;372036,716300000436604;5680421,323100000619888;7,166004929000053;51,260765354000057;1
183765;5230809502323694953;5;1;13;0;2023;8;1;4;3;0;7;2;1;1;1;0;0;0;0;358916,974000000394881;5705834,777499999850988;6,968001829000059;51,486042371000053;1
183766;5230809501318679021;5;1;12;0;2023;8;12;4;3;5;6;0;0;1;1;0;1;0;0;344226,739000000059605;5699426,950999999418855;6,759408320000034;51,424613429000033;1
183768;5230809501127985897;5;1;12;0;2023;8;8;4;3;5;3;0;1;1;1;0;0;0;0;346263,500199999660254;5703068,041899999603629;6,787099557000033;51,457885147000070;1
183769;5230809500300965484;5;1;11;0;2023;8;16;4;2;0;7;0;0;1;0;0;0;0;0;350539,629499999806285;5675577,446900000795722;6,860139649000075;51,212008819000062;1
183770;5230809500300745580;5;1;11;0;2023;8;16;4;3;0;7;0;0;1;0;0;0;0;1;344124,116700000129640;5675723,794099999591708;6,768296779000025;51,211608805000026;1
183772;5230809500300090822;5;1;11;0;2023;8;18;4;3;5;2;0;0;1;1;0;0;0;0;344209,219399999827147;5674156,409900000318885;6,770194673000049;51,197548506000032;1
183773;5230816601500186382;5;3;15;0;2023;8;11;4;3;5;3;0;0;1;0;0;0;0;0;357659,987999999895692;5644856,391499999910593;6,974109198000065;50,937746385000025;1
183775;5230817515110021921;5;1;54;36;2023;8;17;5;3;5;3;0;0;1;0;0;0;0;1;299663,878999999724329;5742982,199100000783801;6,094323215000031;51,801748804000056;1
183777;5230809411132596944;5;7;74;32;2023;8;8;4;3;5;3;0;0;1;1;0;0;0;0;481557,988800000399351;5729462,815500000491738;8,733050909000042;51,715796810000029;1
183778;5230809405148687010;5;7;54;48;2023;8;7;4;3;1;5;0;1;1;1;0;0;0;0;440563,927400000393391;5765444,048599999397993;8,133511384000030;52,036426701000039;1
183780;5230809404302787445;5;7;66;48;2023;8;20;4;3;3;1;0;0;1;0;0;0;0;0;479503,309799999929965;5762262,984699999913573;8,701363324000056;52,010633356000028;1
183782;5230809404301985881;5;7;66;44;2023;8;17;4;3;0;7;0;0;1;0;0;0;0;0;492732,770999999716878;5764474,732999999076128;8,894068866000055;52,030849915000033;1
183783;5230809404101887098;5;7;66;20;2023;8;14;4;3;6;6;0;0;1;1;1;0;0;0;491198,832899999804795;5755187,301200000569224;8,871947781000074;51,947324831000060;1
183785;5230809316400971294;5;9;74;36;2023;8;15;4;3;5;3;0;0;1;1;0;0;0;0;460469,775999999605119;5705490,397399999201298;8,430513046000044;51,499168120000036;1
183787;5230809316300985868;5;9;74;28;2023;8;23;4;3;1;5;2;0;1;1;0;0;0;0;454752,821899999864399;5725235,973600000143051;8,345612258000074;51,676271994000047;1
183788;5230809316000986000;5;9;74;32;2023;8;11;4;3;2;2;0;0;1;1;0;0;0;0;439033,468999999575317;5705181,167999999597669;8,121779316000072;51,494482211000047;1
183795;5230809300300985884;5;9;11;0;2023;8;14;4;3;0;1;0;0;1;0;0;0;0;0;379078,373700000345707;5708515,620200000703335;7,257308150000028;51,514807342000040;1
183797;5230808709110206885;5;5;66;8;2023;8;17;3;3;3;1;0;1;1;0;0;0;0;0;400030,514999999664724;5780093,898000000044703;7,538462350000032;52,162272170000051;1
183799;5230808709000676731;5;5;66;12;2023;8;18;3;3;5;3;0;0;1;1;0;0;0;0;404979,707999999634922;5772429,672000000253320;7,612936189000038;52,094259329000067;1
183800;5230808709000487293;5;5;66;12;2023;8;16;3;3;0;7;0;0;1;0;0;0;0;0;404522,339999999850988;5772440,125000000000000;7,606258939000043;52,094274554000037;1
183801;5230808706000396665;5;5;58;16;2023;8;17;3;2;5;3;0;0;1;1;0;0;0;0;379940,661000000312924;5744614,524000000208616;7,257317289000071;51,839423715000066;1
183802;5230808705000220923;5;5;54;20;2023;8;20;3;3;5;3;0;1;1;1;0;0;0;0;365800,385999999940395;5786899,467000000178814;7,035606741000038;52,216163578000078;1
183803;5230808705000186932;5;5;54;8;2023;8;11;3;3;5;3;0;0;1;1;0;0;0;0;335610,664099999703467;5744907,191600000485778;6,614241385000071;51,830765542000051;1
183805;5230808702100574700;5;5;15;0;2023;8;16;3;3;5;2;0;0;1;1;0;0;0;0;404949,469399999827147;5754431,476099999621511;7,617490813000074;51,932480793000082;1
183806;5230808702100074736;5;5;15;0;2023;8;6;3;3;5;3;0;1;1;1;0;0;0;0;403667,939000000245869;5754790,876700000837445;7,598756306000041;51,935490879000042;1
183808;5230808701500985912;5;5;62;24;2023;8;16;3;2;5;3;0;0;1;0;0;0;0;0;370136,210799999535084;5727930,188999999314547;7,121319349000032;51,687296583000034;1
183809;5230816502403079355;5;1;17;0;2023;8;7;4;2;5;3;0;0;1;1;0;0;0;0;350642,334300000220537;5702227,168800000101328;6,850435644000072;51,451501733000043;1
183811;5230808610222033036;5;3;70;36;2023;8;17;3;2;5;3;0;1;1;0;0;0;0;1;300720,405000000260770;5666294,328999999910593;6,152834921000021;51,113429754000038;1
183816;5230815711300653522;5;5;70;8;2023;8;9;3;3;0;5;0;1;1;0;0;0;0;1;434063,312199999578297;5734282,580299999564886;8,044715565000047;51,755554529000051;1
183819;5230808608100085806;5;3;34;2;2023;8;13;3;2;0;7;0;1;1;0;0;0;1;0;292795,720099999569356;5630654,271600000560284;6,060050586000045;50,790549111000075;1
183820;5230808607400250903;5;3;82;68;2023;8;7;3;3;0;5;0;0;1;1;0;0;0;0;369994,027900000102818;5630914,810200000181794;7,154511703000026;50,815352120000057;1
183823;5230808601400493423;5;3;15;0;2023;8;15;3;2;0;7;0;0;1;0;0;0;0;1;354441,428399999625981;5653762,445000000298023;6,924766067000064;51,016978475000030;1
183825;5230808601300486494;5;3;15;0;2023;8;21;3;3;3;6;2;1;1;1;0;0;0;0;353766,701899999752641;5645936,474500000476837;6,918301998000061;50,946478589000037;1
183826;5230808601200890400;5;3;15;0;2023;8;19;3;3;5;3;0;0;1;1;0;0;0;0;351750,484000000171363;5643083,689999999478459;6,890781294000021;50,920327077000081;1
183827;5230808600370985907;5;3;82;4;2023;8;16;3;3;0;7;0;0;1;0;0;0;0;0;360827,378100000321865;5617557,899199999868870;7,029515745000026;50,693176122000068;1
183828;5230808600110795275;5;3;14;0;2023;8;22;3;3;0;1;2;0;1;0;0;0;0;0;365570,269299999810755;5622007,831399999558926;7,095007001000056;50,734287481000081;1
183830;5230808518310985914;5;1;70;32;2023;8;14;3;3;5;3;0;0;1;1;0;0;0;0;331712,744099999777973;5718747,672800000756979;6,570357615000034;51,594607021000058;1
183834;5230808513130969633;5;1;62;22;2023;8;17;3;3;5;3;0;0;1;1;0;0;0;0;338740,954499999992549;5683175,880499999970198;6,687934836000068;51,277069763000043;1
183837;5230808508000982191;5;1;19;0;2023;8;15;3;3;0;5;0;0;1;1;0;0;0;0;351259,454699999652803;5704247,894700000062585;6,858460599000068;51,469821416000059;1
183838;5230808505200879068;5;1;14;0;2023;8;16;3;3;0;7;0;1;1;0;0;0;0;0;327023,342400000430644;5693618,156099999323487;6,515028910000069;51,367442025000059;1
183839;5230815506100985602;5;1;16;0;2023;8;22;3;2;0;1;2;0;1;0;0;0;0;0;321249,555599999614060;5672582,502900000661612;6,442688757000042;51,176689393000061;1
183842;5230808503100457936;5;1;24;0;2023;8;18;3;3;6;7;0;0;1;0;1;0;0;0;370571,747000000439584;5680088,929999999701977;7,145140705000074;51,257447289000027;1
183846;5230808502319785062;5;1;13;0;2023;8;18;3;3;5;2;0;0;1;1;0;0;0;0;357051,557000000029802;5706534,307000000029802;6,940869781000060;51,491859864000048;1
183852;5230818610212569628;5;3;70;40;2023;8;11;6;2;0;1;0;0;1;0;0;0;0;0;303490,253499999642372;5667723,867100000381470;6,191578316000061;51,127225509000027;1
183853;5230808500300369385;5;1;11;0;2023;8;0;3;2;0;1;2;0;1;0;0;0;0;0;348950,849000000394881;5670268,973999999463558;6,839642289000039;51,163889904000030;1
183856;5230808411132566268;5;7;74;32;2023;8;15;3;3;5;3;0;0;1;1;0;0;0;0;482665,832399999722838;5730433,888800000771880;8,749038502000076;51,724563359000058;1
183858;5230808410110374525;5;7;70;24;2023;8;16;3;3;0;1;0;1;1;0;0;0;0;0;492945,872000000439584;5794237,468499999493361;8,896556536000048;52,298440236000033;1
183859;5230808407321596976;5;7;62;12;2023;8;15;3;2;0;1;0;0;1;0;0;0;0;0;518195,577999999746680;5718754,276699999347329;9,262824244000058;51,619520376000082;1
183860;5230808406210985872;5;7;58;4;2023;8;18;3;2;5;3;0;0;1;1;0;0;0;0;472102,354000000283122;5782500,084000000730157;8,591876685000045;52,192253841000081;1
183862;5230808405228387082;5;7;54;28;2023;8;10;3;2;4;2;0;0;1;1;0;0;0;0;452774,678000000305474;5743302,257999999448657;8,314550543000053;51,838537504000044;1
183866;5230808317140589256;5;9;78;28;2023;8;16;3;3;0;5;0;0;1;1;0;0;0;0;400342,385599999688566;5699902,132099999114871;7,566075607000073;51,441532931000040;1
183868;5230809316100480480;5;9;74;40;2023;8;17;4;3;5;7;0;0;1;0;0;0;0;0;438685,433299999684095;5713346,843299999833107;8,115344622000066;51,567858959000034;1
183869;5230808316100094251;5;9;74;40;2023;8;13;3;3;5;3;0;0;1;1;0;0;0;0;438231,873999999836087;5713109,633999999612570;8,108843149000052;51,565676814000028;1
183870;5230808316100077976;5;9;74;24;2023;8;11;3;3;3;5;0;0;1;0;0;0;0;1;433640,660500000230968;5724185,853700000792742;8,040515726000024;51,664733628000079;1