OID_;UIDENTSTLAE;ULAND;UREGBEZ;UKREIS;UGEMEINDE;UJAHR;UMONAT;USTUNDE;UWOCHENTAG;UKATEGORIE;UART;UTYP1;ULICHTVERH;IstStrassenzustand;IstRad;IstPKW;IstFuss;IstKrad;IstGkfz;IstSonstige;LINREFX;LINREFY;XGCSWGS84;YGCSWGS84;PLST
183873;5230808303100677975;5;9;15;0;2023;8;18;3;3;1;5;0;0;1;1;0;0;0;1;418052,017900000326335;5726324,139799999073148;7,814666103000036;51,681898616000069;1
183876;5230808300600377983;5;9;16;0;2023;8;18;3;3;4;3;0;0;1;1;0;0;0;0;376968,215200000442564;5711374,040300000458956;7,225914189000036;51,540041425000027;1
183877;5230807711400272473;5;5;70;28;2023;8;22;2;3;0;1;2;0;1;0;0;0;0;0;440535,417999999597669;5741470,936100000515580;8,137238609000065;51,820904334000033;1
183878;5230807711100381021;5;5;70;52;2023;8;17;2;3;5;3;0;0;1;1;0;0;0;0;430340,681599999777973;5755173,583300000056624;7,986581690000037;51,942909591000046;1
183879;5230807706000968277;5;5;58;20;2023;8;11;2;3;5;3;0;0;1;1;0;0;0;0;391344,544499999843538;5759944,448599999770522;7,417940219000059;51,979539546000069;1
183882;5230807705000930820;5;5;54;12;2023;8;16;2;2;0;7;0;0;1;0;0;0;0;1;352833,117600000463426;5747801,598999999463558;6,862757983000051;51,861574448000056;1
183883;5230807705000808065;5;5;54;12;2023;8;17;2;3;0;7;0;1;1;0;0;0;0;1;352901,798000000417233;5747651,471999999135733;6,863818565000031;51,860243678000074;1
183884;5230807705000481550;5;5;54;20;2023;8;17;2;3;0;3;0;0;1;1;0;0;0;0;366462,116499999538064;5786951,386900000274181;7,045266439000045;52,216790877000051;1
183886;5230807701910948786;5;5;62;8;2023;8;7;2;3;5;2;0;1;1;1;0;0;0;0;384082,630800000391901;5722552,807099999859929;7,324761104000061;51,642019348000076;1
183888;5230807700000861081;5;5;13;0;2023;8;7;2;3;5;3;0;1;1;1;0;0;0;0;363797,466500000096858;5713507,371899999678135;7,035283893000042;51,556187957000077;1
183891;5230807609116069705;5;3;58;16;2023;8;16;2;3;0;1;0;0;1;0;0;0;0;0;313081,541299999691546;5618227,458100000396371;6,353835362000041;50,685811601000069;1
183893;5230807608436043223;5;3;34;36;2023;8;13;2;3;0;1;0;0;1;0;0;0;0;0;298195,868099999614060;5633597,389599999412894;6,134950329000048;50,818887747000076;1
183895;5230807608100985806;5;3;34;2;2023;8;17;2;3;1;5;0;0;1;1;0;0;0;0;294187,191399999894202;5629283,747099999338388;6,080533521000064;50,778735856000026;1
183897;5230807607100985957;5;3;82;60;2023;8;11;2;3;0;5;0;1;1;1;0;0;0;1;374097,117200000211596;5629948,434900000691414;7,213057542000058;50,807572477000065;1
183899;5230807602800985967;5;3;62;12;2023;8;5;2;3;0;1;2;1;1;0;0;0;0;0;351292,492300000041723;5633691,877900000661612;6,888089963000027;50,835809113000039;1
183900;5230807602400867865;5;3;62;32;2023;8;15;2;3;0;1;0;0;1;0;0;0;0;0;333645,679899999871850;5635989,380300000309944;6,636646272000064;50,851649614000053;1
183902;5230807601700674306;5;3;16;0;2023;8;17;2;3;0;3;0;0;1;1;0;0;0;0;362291,843399999663234;5654929,383600000292063;7,036174175000042;51,029399596000076;1
183903;5230807601600993575;5;3;15;0;2023;8;8;2;3;0;1;0;1;1;0;0;0;0;0;359558,988599999807775;5644287,517300000414252;7,001338750000059;50,933099462000030;1
183907;5230903500200490372;5;1;11;0;2023;9;13;1;3;5;3;0;0;1;0;0;1;0;0;345717,302699999883771;5678149,310399999842048;6,790044534000060;51,233835818000045;1
183909;5230903500200071945;5;1;11;0;2023;9;0;1;2;0;7;2;0;1;0;0;0;0;0;341987,880099999718368;5684727,696299999952316;6,733761998000034;51,291922568000075;1
183910;5230903410230796540;5;7;70;4;2023;9;17;1;3;0;6;0;0;1;0;0;0;0;0;485984,074799999594688;5783831,516100000590086;8,794899484000041;52,204751839000039;1
183913;5230903405228984853;5;7;54;28;2023;9;16;1;3;5;3;0;0;1;0;0;0;0;0;451249,663300000131130;5745288,800899999216199;8,292137477000040;51,856266473000062;1
183914;5230903316300191307;5;9;74;20;2023;9;16;1;3;0;5;0;0;1;1;0;0;0;0;466180,569400000385940;5721127,773600000888109;8,511276075000069;51,640138937000074;1
183915;5230903316100084905;5;9;74;24;2023;9;16;1;3;3;6;0;0;1;0;0;0;0;0;437739,369599999859929;5723459,419399999082088;8,099899905000029;51,658671841000057;1
183916;5230903310110086073;5;9;54;16;2023;9;15;1;3;0;1;0;0;1;0;0;0;0;0;372700,288900000043213;5696738,130400000140071;7,169678346000069;51,407559689000038;1
183917;5230903302000890540;5;9;14;0;2023;9;16;1;3;1;5;0;0;1;1;0;0;0;0;393759,403699999675155;5695419,251299999654293;7,472735293000028;51,400041361000035;1
183918;5230903301205984867;5;9;13;0;2023;9;10;1;3;8;7;0;0;1;1;0;0;0;0;388380,749900000169873;5716225,086200000718236;7,388865900000042;51,586015391000046;1
183919;5230903301205984846;5;9;13;0;2023;9;18;1;3;8;5;0;0;1;1;0;0;0;0;387510,585699999704957;5711543,890499999746680;7,377809461000027;51,543767685000034;1
183921;5230903300600663368;5;9;16;0;2023;9;17;1;3;6;6;0;0;1;0;1;0;0;0;376797,453800000250340;5711333,074500000104308;7,223467467000035;51,539636004000045;1
183924;5230902702100945124;5;5;15;0;2023;9;10;7;3;6;4;0;0;1;0;1;0;0;0;405956,098100000061095;5753028,010900000110269;7,632511183000076;51,920036741000047;1
183926;5230902701400994972;5;5;12;0;2023;9;17;7;2;5;3;0;0;1;1;0;0;0;0;357251,554700000211596;5711793,777400000020862;6,941618719000076;51,539171478000071;1
183927;5230902701110299767;5;5;62;32;2023;9;20;7;3;0;7;2;0;1;0;0;0;0;0;375393,400899999774992;5719646,101399999111891;7,200282982000033;51,614038434000065;1
183933;5230902606700580455;5;3;78;32;2023;9;18;7;2;5;3;0;0;1;1;0;0;0;0;374394,405899999663234;5666285,011499999091029;7,204724121000027;51,134235886000056;1
183936;5230902603116499974;5;3;66;16;2023;9;17;7;2;0;1;0;0;1;0;0;0;0;0;344245,080799999646842;5612868,821599999442697;6,796883652000076;50,646834894000051;1
183937;5230902602800186700;5;3;62;12;2023;9;23;7;3;8;1;2;0;1;0;0;0;0;0;352248,800200000405312;5632420,958799999207258;6,902173684000047;50,824632638000026;1
183938;5230902602500999640;5;3;62;24;2023;9;17;7;3;0;1;0;0;1;0;0;0;0;0;345838,720999999903142;5642419,033999999985099;6,807017206000069;50,912805364000064;1
183939;5230902602400984884;5;3;62;32;2023;9;17;7;3;0;1;0;0;1;0;0;0;0;0;336885,542100000195205;5642334,994699999690056;6,679802120000033;50,909589625000081;1
183943;5230902601700090170;5;3;16;0;2023;9;16;7;3;0;1;0;0;1;0;0;0;0;0;359939,849100000225008;5656274,173200000077486;7,002134717000047;51,040916884000069;1
183944;5230902601600984898;5;3;15;0;2023;9;11;7;3;0;7;0;0;1;0;0;0;0;0;358253,121899999678135;5642060,422800000756979;6,983632461000070;50,912765007000075;1
183945;5230902601600099863;5;3;15;0;2023;9;13;7;2;5;3;0;0;1;1;0;0;0;0;360801,383200000040233;5645046,640399999916553;7,018718321000051;50,940223058000072;1
183946;5230902601200299005;5;3;15;0;2023;9;19;7;3;0;1;0;0;1;0;0;0;0;0;354775,098100000061095;5643771,480599999427795;6,933509819000051;50,927277263000065;1
183947;5230902601100286284;5;3;15;0;2023;9;15;7;3;4;1;0;0;1;1;0;0;0;0;357134,515800000168383;5646312,975800000131130;6,966063975000054;50,950706642000057;1
183950;5230902600360746578;5;3;82;12;2023;9;9;7;3;0;1;0;0;1;0;0;0;0;0;362479,904900000430644;5626308,334599999710917;7,049634274000027;50,772215522000067;1
183951;5230902600140132110;5;3;14;0;2023;9;17;7;3;0;1;0;0;1;0;0;0;0;0;370613,147199999541044;5623613,233899999409914;7,165865616000076;50,749862607000068;1
183954;5230902516800491366;5;1;58;20;2023;9;14;7;3;6;4;0;0;1;0;1;0;0;0;356501,622000000439584;5664043,546000000089407;6,950039857000036;51,109888956000077;1
183955;5230902516300984888;5;1;58;28;2023;9;13;7;2;0;1;0;0;1;0;0;0;0;0;349681,141599999740720;5684760,526100000366569;6,844000324000035;51,294300336000049;1
183956;5230902516300983391;5;1;58;28;2023;9;12;7;3;0;6;0;0;1;1;0;0;0;0;354883,383999999612570;5689486,025800000876188;6,916638134000038;51,338113587000066;1
183958;5230902515110984866;5;1;54;36;2023;9;11;7;3;6;7;0;0;1;0;1;0;0;0;302609,872399999760091;5741875,384999999776483;6,137623863000044;51,792857063000042;1
183961;5230902505200091563;5;1;14;0;2023;9;14;7;3;0;1;0;0;1;0;0;0;0;0;335410,492399999871850;5694075,690700000151992;6,635193261000040;51,374045159000048;1
183962;5230902505100995885;5;1;14;0;2023;9;20;7;3;0;5;0;0;1;1;0;0;0;0;330480,660099999979138;5689147,259600000455976;6,566777265000042;51,328318640000077;1
183963;5230902503100181505;5;1;24;0;2023;9;15;7;3;5;2;0;0;1;1;0;0;0;0;369394,290000000037253;5676809,546000000089407;7,129472176000036;51,227705885000034;1
183964;5230902502403098923;5;1;17;0;2023;9;8;7;3;2;7;0;0;1;1;0;0;0;0;351213,232800000347197;5702670,772299999371171;6,858459289000052;51,455638036000039;1
183965;5230902502340996136;5;1;13;0;2023;9;13;7;3;4;7;0;0;1;1;0;0;0;0;361385,235500000417233;5708932,385600000619888;7,002311323000072;51,514488656000026;1
183966;5230902502145295024;5;1;13;0;2023;9;14;7;3;1;6;0;0;1;1;0;0;0;0;367780,377899999730289;5700598,578999999910593;7,097540195000022;51,441127399000038;1
183968;5230902501000984882;5;1;12;0;2023;9;16;7;3;5;3;0;0;1;1;0;0;0;0;347052,139999999664724;5700285,947799999266863;6,799644598000043;51,433101170000043;1
183972;5230902407315839498;5;7;62;36;2023;9;15;7;2;0;1;0;0;1;0;0;0;0;0;502437,053999999538064;5708270,536000000312924;9,035129248000032;51,525543504000041;1
183976;5230902400100056045;5;7;11;0;2023;9;23;7;3;5;3;2;0;1;1;0;0;0;0;466859,654500000178814;5765268,350800000131130;8,516860004000023;52,037042415000030;1
183977;5230902317230078675;5;9;78;8;2023;9;12;7;3;0;7;0;0;1;0;0;0;0;0;413918,832100000232458;5718425,834200000390410;7,756840255000043;51,610279363000075;1
183978;5230902317220018625;5;9;78;4;2023;9;14;7;3;0;3;0;0;1;1;0;0;0;0;406084,991999999620020;5719833,046499999240041;7,643361738000067;51,621676555000079;1
183988;5230902301102245357;5;9;13;0;2023;9;13;7;3;5;3;0;0;1;1;0;0;0;0;395416,216900000348687;5705142,261399999260902;7,493670750000035;51,487746574000028;1
183991;5230901711100291696;5;5;70;36;2023;9;16;6;2;5;3;0;0;1;1;0;0;0;0;434309,275000000372529;5759656,433000000193715;8,043451156000060;51,983692108000071;1
183992;5230901709300796693;5;5;66;68;2023;9;7;6;3;1;1;0;0;1;0;0;0;0;0;376832,328999999910593;5785466,831000000238419;7,197521389000030;52,205866375000028;1
183993;5230901709300796692;5;5;66;52;2023;9;6;6;3;1;2;0;0;1;1;0;0;0;0;378172,481999999843538;5779069,490000000223517;7,219421079000028;52,148675576000073;1
183994;5230901709110411955;5;5;66;64;2023;9;14;6;2;4;1;0;0;1;0;0;0;0;0;395728,016999999992549;5772249,030999999493361;7,477988678000031;52,090969815000051;1
183995;5230901709110096547;5;5;66;8;2023;9;13;6;3;5;7;0;0;1;0;0;0;0;1;399595,053999999538064;5781568,677699999883771;7,531661882000037;52,175448079000034;1
183996;5230901709000679100;5;5;66;8;2023;9;12;6;3;3;1;0;0;1;1;0;0;0;0;400982,611800000071526;5779532,185900000855327;7,552540834000069;52,157395197000028;1
183998;5230901705000581626;5;5;54;8;2023;9;11;6;3;5;3;0;0;1;1;0;0;0;0;336363,645899999886751;5746438,373900000005960;6,624434975000042;51,844741943000031;1
183999;5230901705000296108;5;5;54;44;2023;9;13;6;2;8;1;0;0;1;0;0;0;0;0;367230,262299999594688;5743745,396900000050664;7,073264274000053;51,828736512000035;1
184000;5230901705000120897;5;5;54;20;2023;9;13;6;3;1;7;0;0;1;1;0;0;0;0;364834,700699999928474;5786574,329600000753999;7,021610132000035;52,213006078000035;1
184002;5230901702100548540;5;5;15;0;2023;9;11;6;3;1;5;0;0;1;1;0;0;0;0;405833,659900000318885;5758616,925300000235438;7,629200531000038;51,970251838000081;1
184003;5230901701300095071;5;5;62;14;2023;9;20;6;3;6;7;1;0;1;0;1;0;0;0;361051,225399999879301;5715264,705000000074506;6,995000643000026;51,571309831000065;1
184005;5230901610222094876;5;3;70;36;2023;9;18;6;3;3;6;0;0;1;1;0;0;0;0;300856,485000000335276;5664938,926000000908971;6,155524466000031;51,101303850000079;1
184008;5230901610111589833;5;3;70;16;2023;9;20;6;3;0;6;0;0;1;0;0;0;0;1;296446,913900000043213;5661341,340900000184774;6,094652342000074;51,067446365000080;1
184011;5230901609108089894;5;3;58;8;2023;9;15;6;3;5;2;0;1;1;1;0;0;0;0;322466,799100000411272;5631672,888100000098348;6,480079907000061;50,809547385000030;1
184013;5230901608200373695;5;3;34;2;2023;9;12;6;3;5;3;0;1;1;1;0;0;0;0;298667,418499999679625;5627919,318099999800324;6,144747407000068;50,768053508000037;1
184015;5230901608200069678;5;3;34;2;2023;9;8;6;3;0;7;0;1;1;0;0;0;0;0;295867,008299999870360;5627081,281500000506639;6,105551144000060;50,759548340000038;1
184016;5230901607500893620;5;3;82;56;2023;9;18;6;3;0;1;0;1;1;0;0;0;0;0;370615,245000000111759;5627940,332000000402331;7,164373419000071;50,788756078000063;1
184018;5230901607100493380;5;3;82;60;2023;9;16;6;3;1;5;0;1;1;0;0;0;0;1;375659,677400000393391;5629852,199500000104308;7,235256290000052;50,807044956000027;1
184019;5230901607100074787;5;3;82;60;2023;9;9;6;3;0;1;0;1;1;0;0;0;0;0;373293,454900000244379;5628652,732999999076128;7,202104236000025;50,795751002000031;1
184021;5230901602800485840;5;3;62;12;2023;9;18;6;3;4;2;0;1;1;1;0;0;0;0;351365,479000000283122;5633794,917999999597669;6,889083962000029;50,836753846000079;1
184025;5230901601300984911;5;3;15;0;2023;9;13;6;3;0;3;0;1;1;1;0;0;0;0;354535,456899999640882;5645320,367799999192357;6,929483968000056;50,941136311000037;1
184027;5230901601100984912;5;3;15;0;2023;9;18;6;3;5;3;0;1;1;0;0;0;0;1;354994,085900000296533;5644579,805700000375509;6,936302199000068;50,934596581000051;1
184029;5230901601100496596;5;3;15;0;2023;9;18;6;3;0;1;0;1;1;0;0;0;0;0;356741,452999999746680;5645343,423100000247359;6,960853225000051;50,941895828000042;1
184035;5230901516800895565;5;1;58;20;2023;9;13;6;3;5;3;0;1;1;1;0;0;0;0;356871,565100000239909;5665558,645400000736117;6,954719825000041;51,123597031000031;1
184044;5230901506100091595;5;1;16;0;2023;9;15;6;3;5;2;0;1;1;1;0;0;0;0;321837,514299999922514;5676615,485799999907613;6,449090459000047;51,213102316000061;1
184045;5230901506100091501;5;1;16;0;2023;9;16;6;2;5;3;0;0;1;1;0;0;0;0;317551,002999999560416;5672501,386399999260902;6,389874468000073;51,174792690000061;1
184058;5230901500100741014;5;1;11;0;2023;9;18;6;3;1;5;0;0;1;1;0;0;0;0;341600,507299999706447;5678870,004699999466538;6,730805546000056;51,239183459000060;1
184059;5230901411132078147;5;7;74;32;2023;9;15;6;3;5;2;0;0;1;1;0;0;0;0;483256,951700000092387;5730255,784700000658631;8,757605119000061;51,722979936000058;1
184064;5230901405108985000;5;7;54;8;2023;9;14;6;3;5;2;0;0;1;0;0;0;0;1;458052,275000000372529;5748577,793999999761581;8,390506331000040;51,886389467000072;1
184067;5230901313220548281;5;9;58;24;2023;9;12;6;2;5;3;0;0;1;0;0;0;0;0;490637,111399999819696;5702079,340900000184774;8,865201862000049;51,469801727000061;1
184068;5230902410130196988;5;7;70;28;2023;9;10;7;3;0;7;0;0;1;0;0;0;0;0;498128,323200000450015;5802757,791500000283122;8,972505787000046;52,375083807000067;1
184070;5230901310130485320;5;9;54;20;2023;9;18;6;3;0;1;0;0;1;0;0;0;0;0;392157,467000000178814;5695423,984999999403954;7,449714158000063;51,399781612000027;1
184072;5230901303100580472;5;9;15;0;2023;9;15;6;3;4;6;0;1;1;1;0;0;0;0;416202,600599999539554;5725193,581199999898672;7,788192960000060;51,671462590000033;1
184076;5230901301101394308;5;9;13;0;2023;9;19;6;3;0;3;0;0;1;1;0;0;0;0;394195,683600000105798;5707840,598300000652671;7,475288680000062;51,511773634000065;1
184077;5230901300800589970;5;9;54;36;2023;9;18;6;2;5;3;0;0;1;1;0;0;0;0;387224,273000000044703;5700858,392999999225140;7,377097467000056;51,447668046000047;1
184078;5230901709110676670;5;5;66;4;2023;9;22;6;3;0;1;2;0;1;0;0;0;0;0;395442,674800000153482;5767225,736099999397993;7,475363965000042;52,045768291000059;1
184080;5230831709800896644;5;5;66;40;2023;8;9;5;3;9;1;0;1;1;0;0;0;0;0;421334,279000000096858;5782407,778000000864267;7,849306112000022;52,186518687000046;1
184081;5230831709110984950;5;5;66;12;2023;8;11;5;2;0;1;0;0;1;0;0;0;0;0;405000,188400000333786;5772240,192399999126792;7,613287870000022;52,092559769000047;1
184083;5230831701920289587;5;5;62;28;2023;8;16;5;2;0;3;0;1;1;0;0;0;0;0;379711,042600000277162;5721757,565500000491738;7,261886942000046;51,633954163000055;1
184084;5230831701800953356;5;5;62;4;2023;8;18;5;3;4;7;0;1;1;1;0;0;0;0;384236,719200000166893;5716940,051000000908971;7,328841232000059;51,591605234000042;1
184085;5230831701610019910;5;5;62;12;2023;8;10;5;3;2;7;0;1;1;1;0;0;0;0;357558,503999999724329;5727275,714900000020862;6,939751589000025;51,678365990000032;1
184086;5230831701500655645;5;5;62;24;2023;8;11;5;3;0;7;0;0;1;0;0;0;0;0;370626,132199999876320;5726327,743899999186397;7,128996528000073;51,673009069000045;1
184088;5230831701300090526;5;5;62;14;2023;8;16;5;3;5;3;0;1;1;1;0;0;0;0;359653,134499999694526;5715171,376499999314547;6,974877283000069;51,570124902000032;1
184091;5230831700000595032;5;5;13;0;2023;8;17;5;3;6;7;0;1;1;0;1;0;0;0;364752,246700000017881;5709560,292799999937415;7,050564475000044;51,520947426000077;1
184092;5230831610222794876;5;3;70;36;2023;8;17;5;2;0;1;0;0;1;0;0;0;0;0;300902,864299999549985;5665231,849600000306964;6,156024502000037;51,103950777000080;1
184101;5230831601600984934;5;3;15;0;2023;8;7;5;3;3;6;0;0;1;1;0;0;0;0;363550,889000000432134;5640185,066999999806285;7,059647774000041;50,897187082000073;1
184104;5230831601400585210;5;3;15;0;2023;8;14;5;3;3;6;0;0;1;0;0;0;0;1;356029,721199999563396;5647726,708699999377131;6,949786830000050;50,963136693000081;1
184107;5230831601200093630;5;3;15;0;2023;8;18;5;3;1;5;0;0;1;1;0;0;0;0;358930,477300000376999;5640079,582200000062585;6,994027044000063;50,895128890000080;1
184108;5230831600380795272;5;3;14;0;2023;8;9;5;3;5;3;0;0;1;1;0;0;0;0;369908,387400000356138;5617592,440799999982119;7,158004287000040;50,695588565000037;1
184109;5230831600380534434;5;3;14;0;2023;8;13;5;3;6;6;0;0;1;0;1;0;0;0;367711,735999999567866;5619296,367000000551343;7,126308563000066;50,710408227000073;1
184111;5230831600110573847;5;3;14;0;2023;8;13;5;2;0;5;0;0;1;0;0;0;0;0;365384,542000000365078;5623097,437999999150634;7,091978590000053;50,744037755000079;1
184112;5230831518100984933;5;1;70;48;2023;8;20;5;3;3;1;1;0;1;0;0;0;0;1;335558,183000000193715;5725823,426000000908971;6,622501882000051;51,659309683000060;1
184113;5230831518100896122;5;1;70;48;2023;8;17;5;3;5;3;0;0;1;1;0;0;0;0;332590,966000000014901;5722568,812000000849366;6,581199904000073;51,629196030000060;1
184114;5230831516800086920;5;1;58;20;2023;8;13;5;3;5;3;0;1;1;0;0;0;0;1;355909,076000000350177;5665741,858999999240041;6,940902279000056;51,125002200000040;1
184115;5230831516200691126;5;1;58;12;2023;8;14;5;3;5;3;0;0;1;1;0;0;0;0;358642,417100000195205;5688195,055800000205636;6,971080053000037;51,327459581000028;1
184116;5230831515211984936;5;1;54;16;2023;8;17;5;3;5;2;0;1;1;1;0;0;0;0;303632,673700000159442;5729024,976600000634789;6,159685241000034;51,677816722000046;1
184117;5230831515210595958;5;1;54;60;2023;8;11;5;2;0;1;0;0;1;0;0;0;0;0;314249,976800000295043;5698241,141300000250340;6,329316414000061;51,404932918000043;1
184119;5230831515110984961;5;1;54;36;2023;8;7;5;3;0;1;0;0;1;0;0;0;0;0;302709,781999999657273;5741386,924100000411272;6,139348455000061;51,788505893000035;1
184124;5230831513210795464;5;1;62;24;2023;8;13;5;3;5;3;0;0;1;1;0;0;0;0;339670,587000000290573;5672941,676999999210238;6,705831399000033;51,185378679000053;1
184125;5230831513210732054;5;1;62;24;2023;8;8;5;3;6;7;0;0;1;0;1;0;0;0;338733,502199999988079;5672670,274499999359250;6,692556008000054;51,182676557000036;1
184127;5230831506100695495;5;1;16;0;2023;8;6;5;3;5;3;0;0;1;1;0;0;0;0;314254,934399999678135;5675876,430700000375509;6,341029375000062;51,204048092000050;1
184129;5230831505200578948;5;1;14;0;2023;8;8;5;3;0;1;0;0;1;0;0;0;0;0;329430,091199999675155;5691002,592299999669194;6,550823960000059;51,344672414000058;1
184131;5230831505200085921;5;1;14;0;2023;8;11;5;3;5;3;0;0;1;0;0;0;0;1;326545,144299999810755;5694905,851999999955297;6,507537678000062;51,378864089000047;1
184134;5230831502101285392;5;1;13;0;2023;8;15;5;3;3;6;0;0;1;1;0;0;0;0;361889,027900000102818;5701946,258500000461936;7,012299411000072;51,451832392000028;1
184135;5230831500300986814;5;1;11;0;2023;8;8;5;3;5;3;0;0;1;1;0;0;0;0;342273,434999999590218;5674384,494999999180436;6,742410844000062;51,199066826000035;1
184137;5230831500300369055;5;1;11;0;2023;8;16;5;3;3;2;0;0;1;1;0;0;0;0;347244,904299999587238;5673764,863700000569224;6,813776225000026;51,194849853000051;1
184138;5230831500200386685;5;1;11;0;2023;8;0;5;3;0;1;2;0;1;0;0;0;0;0;346090,797799999825656;5679267,943199999630451;6,794909530000041;51,243988113000057;1
184139;5230831411236496911;5;7;74;36;2023;8;7;5;3;0;3;0;0;1;0;0;0;0;0;472554,952899999916553;5724467,037599999457598;8,603127359000041;51,670510394000075;1
184140;5230831411132984960;5;7;74;32;2023;8;7;5;3;5;3;0;1;1;1;0;0;0;0;483046,380400000140071;5729013,252399999648333;8,754617109000037;51,711801614000080;1
184141;5230831411132396828;5;7;74;32;2023;8;8;5;3;1;5;0;1;1;1;0;0;0;0;483611,136599999852479;5731923,090199999511242;8,762654224000073;51,737981637000075;1
184142;5230831411132068120;5;7;74;32;2023;8;8;5;3;5;3;0;1;1;1;0;0;0;0;483276,423200000077486;5730181,359200000762939;8,757890586000030;51,722311334000040;1
184143;5230831410230096845;5;7;70;4;2023;8;17;5;2;0;7;0;1;1;1;0;0;0;0;485375,902200000360608;5789996,483999999240041;8,785733230000062;52,260162422000064;1
184145;5230831407300890672;5;7;62;36;2023;8;20;5;3;8;1;1;1;1;0;0;0;0;0;509743,053199999965727;5704256,473899999633431;9,140331440000068;51,489371505000065;1
184150;5230831315210390410;5;9;70;24;2023;8;15;5;2;0;1;0;0;1;1;0;0;0;0;429985,844499999657273;5643322,491200000047684;8,003547862000062;50,937275699000054;1
184151;5230831314110984960;5;9;66;24;2023;8;7;5;3;0;1;1;1;1;0;0;0;0;0;418825,190999999642372;5653250,448999999091029;7,842522434000045;51,025071794000041;1
184155;5230831303100087414;5;9;15;0;2023;8;7;5;3;0;1;0;1;1;0;0;0;0;0;418754,174399999901652;5724121,978800000622869;7,825332366000055;51,662204164000059;1
184156;5230831302100875406;5;9;14;0;2023;8;12;5;3;0;7;0;0;1;1;0;0;0;0;393165,614699999801815;5690724,788499999791384;7,465614337000034;51,357732791000046;1
184159;5230831301102589201;5;9;13;0;2023;8;8;5;2;5;3;0;0;1;0;0;0;1;0;394630,044700000435114;5705130,074500000104308;7,482355337000058;51,487491080000041;1
184160;5230831300800590112;5;9;54;36;2023;8;11;5;2;5;2;0;0;1;1;0;0;0;0;387312,186099999584258;5700598,709499999880791;7,378444734000027;51,445351459000051;1
184162;5230830709700372668;5;5;66;28;2023;8;15;4;3;5;3;0;0;1;1;0;0;0;0;412529,779699999839067;5792646,386499999091029;7,717901272000063;52,277220851000038;1
184163;5230830709500296635;5;5;66;76;2023;8;16;4;3;0;7;0;0;1;1;0;0;0;0;393526,286500000394881;5791785,869300000369549;7,439730340000040;52,266135230000032;1
184165;5230830709110984994;5;5;66;8;2023;8;9;4;3;5;2;0;0;1;1;0;0;0;0;398741,439000000245869;5780811,630999999120831;7,519408915000042;52,168487980000066;1
184166;5230830705000100485;5;5;54;20;2023;8;13;4;3;6;7;0;1;1;0;1;0;0;0;363987,497800000011921;5786628,822100000455976;7,009195967000039;52,213287242000035;1
184167;5230830702100272350;5;5;15;0;2023;8;17;4;3;2;5;0;0;1;0;0;0;0;1;405600,458200000226498;5757438,741399999707937;7,626130700000033;51,959622262000039;1
184168;5230830702100099923;5;5;15;0;2023;8;21;4;2;5;3;2;1;1;0;0;0;0;0;406216,195199999958277;5755006,537499999627471;7,635752866000075;51,937864632000071;1
184169;5230830701910074177;5;5;62;8;2023;8;9;4;3;5;3;0;0;1;1;0;0;0;0;385002,609600000083447;5723624,430700000375509;7,337698297000031;51,651839671000062;1
184173;5230830610221275578;5;3;70;20;2023;8;17;4;3;5;3;0;1;1;1;0;0;0;0;305300,542999999597669;5659315,839999999850988;6,221948776000033;51,052324703000068;1
184175;5230830609108984993;5;3;58;8;2023;8;7;4;3;6;4;0;0;1;0;1;0;0;0;322955,439799999818206;5630461,145800000056624;6,487592852000034;50,798810447000051;1
184176;5230830608100571727;5;3;34;2;2023;8;11;4;3;0;1;0;1;1;0;0;0;0;0;294629,844899999909103;5628414,847500000149012;6,087289056000031;50,771088982000038;1
184177;5230830607500252560;5;3;82;56;2023;8;15;4;2;0;1;0;1;1;0;0;0;0;0;371966,412999999709427;5625104,888000000268221;7,184519830000056;50,763570187000028;1
184178;5230830607100536242;5;3;82;28;2023;8;7;4;3;5;3;0;0;1;1;0;0;0;0;374414,145200000144541;5633888,837400000542402;7,216205273000071;50,843059251000057;1
184181;5230830606100232447;5;3;78;4;2023;8;15;4;3;4;6;0;0;1;1;0;0;0;0;368993,654000000096858;5650787,847999999299645;7,133186938000051;50,993743345000041;1
184182;5230830603116381200;5;3;66;16;2023;8;9;4;3;5;3;0;0;1;1;0;0;0;0;341966,350100000388920;5616142,693299999460578;6,763279791000059;50,675640860000044;1
184184;5230830602500590196;5;3;62;24;2023;8;17;4;3;5;2;0;0;1;1;0;0;0;0;341767,154000000096858;5642488,283999999985099;6,749115277000044;50,912325808000048;1
184187;5230830601300977100;5;3;15;0;2023;8;8;4;3;4;2;0;0;1;1;0;0;0;0;353026,770800000056624;5645780,578600000590086;6,907839142000057;50,944889450000062;1
184189;5230830601200984951;5;3;15;0;2023;8;8;4;3;1;5;0;0;1;1;0;0;0;0;354132,463000000454485;5644656,737999999895692;6,924017525000068;50,935070669000027;1
184190;5230830601100981762;5;3;15;0;2023;8;13;4;3;0;3;0;1;1;0;0;0;0;1;355341,082999999634922;5645473,042999999597669;6,940882535000071;50,942711053000039;1