OID_;UIDENTSTLAE;ULAND;UREGBEZ;UKREIS;UGEMEINDE;UJAHR;UMONAT;USTUNDE;UWOCHENTAG;UKATEGORIE;UART;UTYP1;ULICHTVERH;IstStrassenzustand;IstRad;IstPKW;IstFuss;IstKrad;IstGkfz;IstSonstige;LINREFX;LINREFY;XGCSWGS84;YGCSWGS84;PLST
184192;5230830600110984981;5;3;14;0;2023;8;8;4;3;1;5;0;0;1;1;0;0;0;0;366803,557300000451505;5620547,811000000685453;7,113001061000034;50,721448897000073;1
184193;5230830518401089298;5;1;70;36;2023;8;8;4;3;5;3;0;0;1;1;0;0;0;0;352825,148000000044703;5728588,078999999910593;6,870785986000044;51,688937596000073;1
184194;5230830518400984975;5;1;70;8;2023;8;15;4;3;0;5;0;1;1;1;0;0;0;0;342850,847299999557436;5715956,402300000190735;6,732272513000055;51,572745850000047;1
184197;5230830518300795976;5;1;70;20;2023;8;10;4;3;1;2;0;0;1;1;0;0;0;0;329980,530399999581277;5709556,608899999409914;6,549815927000054;51,511519917000044;1
184198;5230830518100763696;5;1;70;48;2023;8;13;4;3;6;3;0;1;1;0;1;0;0;0;335463,791899999603629;5725815,496700000017881;6,621142176000035;51,659210826000049;1
184199;5230830516800090328;5;1;58;20;2023;8;7;4;3;5;3;0;0;1;1;0;0;0;0;356433,556699999608099;5666926,184299999848008;6,947920274000069;51,135776857000053;1
184200;5230830516500081564;5;1;58;16;2023;8;17;4;3;5;3;0;1;1;1;0;0;0;0;355014,644000000320375;5672079,255899999290705;6,925576536000051;51,181726722000064;1
184201;5230830514110086215;5;1;66;32;2023;8;11;4;3;0;7;0;1;1;0;0;0;0;0;317606,014299999922514;5681512,772700000554323;6,386077920000048;51,255757879000043;1
184204;5230830503300506884;5;1;20;0;2023;8;7;4;3;5;2;0;0;1;1;0;0;0;0;372742,774500000290573;5670925,654999999329448;7,179489001000036;51,175580037000032;1
184205;5230830503200981215;5;1;24;0;2023;8;8;4;3;0;7;0;0;1;0;0;0;0;0;373107,949099999852479;5680591,314099999144673;7,181289405000030;51,262532613000076;1
184207;5230830502406078732;5;1;17;0;2023;8;8;4;3;5;7;0;0;1;1;0;0;0;0;354346,401399999856949;5697812,532700000330806;6,905521463000071;51,412797564000073;1
184208;5230830502339079608;5;1;13;0;2023;8;7;4;3;1;5;0;0;1;1;0;0;0;0;364689,729000000283122;5707120,016000000759959;7,050600398000029;51,499002904000065;1
184211;5230830500300078796;5;1;11;0;2023;8;14;4;3;5;3;0;1;1;0;0;0;0;0;343392,758200000040233;5675511,315799999982119;6,757927122000069;51,209499543000049;1
184213;5230830500200095015;5;1;11;0;2023;8;8;4;3;1;1;0;0;1;1;0;0;0;0;347377,557199999690056;5677761,050300000235438;6,813972854000042;51,230793534000043;1
184214;5230830500100372300;5;1;11;0;2023;8;9;4;3;5;3;0;0;1;1;0;0;0;0;345823,877199999988079;5676288,348500000312924;6,792370392000066;51,217143008000050;1
184215;5230830411236737780;5;7;74;36;2023;8;22;4;3;0;1;2;1;1;0;0;0;0;0;471987,407599999569356;5723258,793800000101328;8,595017386000052;51,659618758000079;1
184217;5230830411132985000;5;7;74;32;2023;8;7;4;3;5;3;0;0;1;1;0;0;0;0;482357,890899999998510;5729360,444499999284744;8,744634591000022;51,714902094000081;1
184218;5230830411132984970;5;7;74;32;2023;8;18;4;3;5;3;1;1;1;0;0;0;0;0;482347,269999999552965;5730569,349999999627471;8,744419584000070;51,725771391000080;1
184220;5230830410120039383;5;7;70;32;2023;8;9;4;3;5;3;0;0;1;1;0;0;0;0;501295,658200000412762;5783274,519600000232458;9,018957807000049;52,199920781000060;1
184224;5230830404302196926;5;7;66;8;2023;8;12;4;2;0;7;0;0;1;0;0;0;0;1;482124,511099999770522;5770976,028500000014901;8,739097919000073;52,089061113000071;1
184226;5230830400300987228;5;7;11;0;2023;8;13;4;3;3;2;0;0;1;1;0;0;0;0;466646,344800000078976;5758916,099600000306964;8,514368957000045;51,979918935000057;1
184229;5230830317210007884;5;9;78;20;2023;8;7;4;3;5;3;0;0;1;1;0;0;0;0;407774,459499999880791;5716699,094799999147654;7,668584015000022;51,593784465000056;1
184231;5230830316300194261;5;9;74;28;2023;8;10;4;3;5;3;0;0;1;1;0;0;0;0;454564,577899999916553;5722595,331700000911951;8,343233340000040;51,652515095000069;1
184233;5230831608312094911;5;3;34;12;2023;8;5;5;2;9;1;2;0;1;1;0;0;0;0;310872,443699999712408;5634118,457200000062585;6,314435122000020;50,827846970000053;1
184235;5230830302100984977;5;9;14;0;2023;8;17;4;3;5;3;0;1;1;1;0;0;0;0;393478,348699999973178;5690668,098899999633431;7,470121167000059;51,357281950000072;1
184236;5230830301303189244;5;9;13;0;2023;8;9;4;3;3;3;0;0;1;1;0;0;0;0;398089,274000000208616;5704033,076300000771880;7,532477375000042;51,478264408000030;1
184241;5230830301101089313;5;9;13;0;2023;8;16;4;3;5;3;0;1;1;1;0;0;0;0;393785,943099999800324;5708001,622400000691414;7,469337790000054;51,513144118000071;1
184242;5230830300600060897;5;9;16;0;2023;8;12;4;3;5;3;0;1;1;1;0;0;0;0;376567,486800000071526;5711285,818399999290705;7,220169724000073;51,539161055000079;1
184243;5230830300500984970;5;9;11;0;2023;8;18;4;3;5;2;0;1;1;1;0;0;0;0;378328,492499999701977;5703698,211300000548363;7,248167284000033;51,471349740000051;1
184245;5230829711400381083;5;5;70;28;2023;8;13;3;3;0;6;0;0;1;0;0;0;0;0;441126,152499999850988;5742196,521700000390410;8,145685049000065;51,827490071000057;1
184248;5230829711200976705;5;5;70;4;2023;8;20;3;3;5;3;1;0;1;0;0;0;0;1;424589,337500000372529;5735767,236400000751019;7,907160541000053;51,767705642000067;1
184249;5230829709300096848;5;5;66;8;2023;8;21;3;3;0;1;2;0;1;0;0;0;0;0;398445,820100000128150;5781875,751800000667572;7,514769443000034;52,177997628000071;1
184250;5230829702100874710;5;5;15;0;2023;8;11;3;3;5;3;0;0;1;0;0;0;0;0;405311,756900000385940;5759441,658600000664592;7,621377918000064;51,977576198000065;1
184251;5230829702100868135;5;5;15;0;2023;8;17;3;3;1;1;0;0;1;1;0;0;0;0;404517,969299999997020;5759181,178500000387430;7,609896832000061;51,975099079000074;1
184252;5230829702100070633;5;5;15;0;2023;8;17;3;3;5;3;0;0;1;1;0;0;0;0;406105,637000000104308;5754737,048200000077486;7,634218665000049;51,935423683000067;1
184256;5230829610121844974;5;3;70;12;2023;8;14;3;2;0;7;0;0;1;0;0;0;0;0;294290,938000000081956;5651808,944000000134110;6,069330068000056;50,981070628000055;1
184258;5230829607500985030;5;3;82;56;2023;8;10;3;3;5;3;0;0;1;1;0;0;0;0;372516,961000000126660;5625430,898000000044703;7,192209337000065;50,766621717000078;1
184259;5230829607100884950;5;3;82;28;2023;8;13;3;3;0;1;0;0;1;0;0;0;0;0;374125,369599999859929;5633690,588899999856949;7,212173814000039;50,841214567000065;1
184262;5230829606100862872;5;3;78;4;2023;8;16;3;3;0;2;0;0;1;1;0;0;0;0;367258,772900000214577;5646908,165699999779463;7,109896089000074;50,958476635000068;1
184270;5230829601200977094;5;3;15;0;2023;8;7;3;3;0;7;0;0;1;0;0;1;0;0;353913,989199999719858;5642901,982100000604987;6,921613513000068;50,919245924000052;1
184271;5230829600310086540;5;3;14;0;2023;8;15;3;3;0;7;0;0;1;0;0;0;0;0;363272,901300000026822;5620704,240100000053644;7,062954243000036;50,722034834000056;1
184274;5230829518300985025;5;1;70;20;2023;8;13;3;3;0;3;0;0;1;1;0;0;0;0;330828,229899999685585;5708278,962300000712276;6,562633184000049;51,500296510000055;1
184276;5230829516700086970;5;1;58;8;2023;8;7;3;3;5;3;0;0;1;1;0;0;0;0;360975,726800000295043;5673157,079600000753999;7,010393134000026;51,192893635000075;1
184277;5230829515210985016;5;1;54;20;2023;8;17;3;3;7;7;0;0;1;0;0;0;0;0;321244,106300000101328;5712128,694599999114871;6,422742498000048;51,531927894000034;1
184279;5230829513310095480;5;1;62;8;2023;8;9;3;2;3;2;0;0;1;0;0;0;0;0;331427,325500000268221;5662009,638599999248981;6,593101524000076;51,084790268000063;1
184280;5230829513310071716;5;1;62;8;2023;8;7;3;3;5;3;1;0;1;1;0;0;0;0;330339,037899999879301;5662045,156600000336766;6,577560986000037;51,084788566000043;1
184284;5230829503100977100;5;1;24;0;2023;8;17;3;3;4;6;0;0;1;1;0;0;0;0;369874,393099999986589;5679882,288399999961257;7,135227624000038;51,255431397000052;1
184286;5230829502231078600;5;1;13;0;2023;8;9;3;3;0;1;0;0;1;0;0;0;0;0;365219,633000000379980;5698153,857000000774860;7,061647235000066;51,418553930000030;1
184287;5230829501135295546;5;1;12;0;2023;8;16;3;3;0;7;0;0;1;1;0;0;0;0;345011,369800000451505;5711219,711500000208616;6,765511077000042;51,530785702000060;1
184292;5230829410230985035;5;7;70;4;2023;8;8;3;3;0;1;0;0;1;0;0;0;0;0;486791,059700000099838;5783746,385099999606609;8,806711655000072;52,204006393000043;1
184294;5230829601100893435;5;3;15;0;2023;8;14;3;3;1;5;0;0;1;1;0;0;0;0;357070,653199999593198;5642716,882099999114871;6,966565783000021;50,918372971000053;1
184298;5230829405108390744;5;7;54;8;2023;8;15;3;3;0;1;0;0;1;0;0;0;0;0;458466,536999999545515;5750194,549000000581145;8,396330380000052;51,900956120000046;1
184299;5230829404101953922;5;7;66;20;2023;8;16;3;3;1;3;0;0;1;1;0;0;0;0;490833,363599999807775;5755143,722599999979138;8,866631578000067;51,946927112000026;1
184301;5230829400100964734;5;7;11;0;2023;8;15;3;3;5;3;0;0;1;1;0;0;0;0;466739,507899999618530;5765155,909499999135733;8,515119439000046;52,036024308000037;1
184302;5230829400100876066;5;7;11;0;2023;8;19;3;2;2;2;0;0;1;0;0;1;0;0;466473,425400000065565;5765549,022299999371171;8,511202021000031;52,039542592000032;1
184304;5230829400100590795;5;7;11;0;2023;8;9;3;3;3;6;0;0;1;1;0;0;0;0;468301,952600000426173;5764865,563200000673532;8,537923276000072;52,033505442000035;1
184305;5230829316000985020;5;9;74;28;2023;8;14;3;2;0;3;0;0;1;0;0;0;0;1;455186,949000000022352;5724251,507999999448657;8,352016704000050;51,667455582000059;1
184306;5230829303100323122;5;9;15;0;2023;8;14;3;3;5;2;0;0;1;0;0;1;0;0;423085,532999999821186;5726014,382999999448657;7,887526190000074;51,679825989000051;1
184307;5230829302100885320;5;9;14;0;2023;8;19;3;3;0;7;0;0;1;1;0;0;0;0;393452,372100000269711;5690680,519899999722838;7,469744509000066;51,357388728000046;1
184310;5230829301301085594;5;9;78;24;2023;8;12;3;3;5;3;0;0;1;1;0;0;0;0;397574,550999999977648;5718512,438999999314547;7,520853436000039;51,608321660000058;1
184311;5230829301202080665;5;9;13;0;2023;8;11;3;3;5;2;0;0;1;1;0;0;0;0;392996,299499999731779;5708770,723400000482798;7,457729063000045;51,519908129000044;1
184314;5230829300100889320;5;9;11;0;2023;8;4;3;3;5;3;2;0;1;0;0;0;0;0;375767,912399999797344;5703862,512900000438094;7,211261273000048;51,472269967000045;1
184315;5230828711200802910;5;5;70;4;2023;8;7;2;3;5;3;0;0;1;1;0;0;0;0;424243,868900000117719;5735146,803600000217557;7,902290349000054;51,762081515000034;1
184316;5230902502319984842;5;1;13;0;2023;9;15;7;3;6;1;0;0;1;1;1;0;0;0;356460,335099999792874;5705790,303799999877810;6,932661855000049;51,485024556000042;1
184317;5230828711200084995;5;5;70;4;2023;8;8;2;3;0;3;0;0;1;1;0;0;0;0;424236,135599999688566;5735204,811599999666214;7,902165666000030;51,762601941000071;1
184318;5230828709110985047;5;5;66;8;2023;8;17;2;3;5;3;0;0;1;1;0;0;0;0;399961,666899999603629;5781320,709100000560284;7,537094516000025;52,173285991000057;1
184322;5230828701110356310;5;5;62;32;2023;8;21;2;3;5;3;1;0;1;0;0;0;0;1;373822,441999999806285;5717459,669999999925494;7,178392302000020;51,594039020000082;1
184326;5230828602700467484;5;3;62;28;2023;8;15;2;3;5;3;0;0;1;0;0;0;0;0;351535,616999999620020;5639611,572000000625849;6,889138570000057;50,889069522000057;1
184327;5230828601700095266;5;3;16;0;2023;8;15;2;3;3;2;0;0;1;1;0;0;0;0;360227,520299999974668;5657434,567299999296665;7,005787588000032;51,051415375000033;1
184328;5230830500200046013;5;1;11;0;2023;8;12;4;3;0;1;0;1;1;0;0;0;0;0;346595,042600000277162;5677374,000299999490380;6,802939322000043;51,227105884000082;1
184332;5230828601200093576;5;3;15;0;2023;8;18;2;3;0;1;0;0;1;1;0;0;0;0;352392,435399999842048;5643449,520099999383092;6,899760010000023;50,923779211000067;1
184335;5230828600140095316;5;3;14;0;2023;8;16;2;3;5;3;0;0;1;1;0;0;0;0;369885,803399999625981;5623836,403699999675155;7,155481925000061;50,751705933000039;1
184336;5230828518401090522;5;1;70;36;2023;8;20;2;3;4;6;2;0;1;1;0;0;0;0;352305,389000000432134;5729213,305500000715256;6,863007481000068;51,694418883000026;1
184337;5230828518400985046;5;1;70;8;2023;8;19;2;2;0;7;0;0;1;0;0;0;0;0;341400,702100000344217;5714682,605900000780821;6,711939014000052;51,560895440000081;1
184338;5230828518320985067;5;1;70;52;2023;8;7;2;3;5;3;0;0;1;1;0;0;0;0;324967,719999999739230;5726440,801000000908971;6,469231997000065;51,661657554000044;1
184339;5230828518200179226;5;1;70;24;2023;8;17;2;3;5;3;0;0;1;1;0;0;0;0;333875,793700000271201;5702707,625800000503659;6,609119459000055;51,451147900000080;1
184340;5230828518100985048;5;1;70;48;2023;8;19;2;3;3;2;0;0;1;0;0;0;0;1;337287,549999999813735;5727092,573999999091029;6,646891300000050;51,671214843000030;1
184341;5230828516500286914;5;1;58;16;2023;8;16;2;3;5;3;0;0;1;1;0;0;0;0;355388,577999999746680;5671917,801000000908971;6,930987946000073;51,180370542000048;1
184342;5230828515210073975;5;1;54;28;2023;8;9;2;2;5;3;0;0;1;1;0;0;0;0;320429,053000000305474;5701772,436000000685453;6,416270342000075;51,438643347000038;1
184343;5230828515210028633;5;1;54;20;2023;8;10;2;2;5;3;0;0;1;1;0;0;0;0;320601,883000000379980;5713242,339199999347329;6,412925784000038;51,541727535000064;1
184346;5230828514116901840;5;1;66;16;2023;8;12;2;2;0;1;0;0;1;0;0;0;0;0;304432,225899999961257;5688890,861800000071526;6,193477108000025;51,317657179000037;1
184348;5230828506100191063;5;1;16;0;2023;8;7;2;2;5;3;0;0;1;1;0;0;0;0;320281,477199999615550;5672499,110400000587106;6,428895446000070;51,175636840000038;1
184349;5230828506100095928;5;1;16;0;2023;8;19;2;3;1;5;0;0;1;1;0;0;0;0;319303,223000000230968;5676048,314999999478459;6,413129818000073;51,207211213000051;1
184350;5230828505100978933;5;1;14;0;2023;8;17;2;3;0;5;0;0;1;1;0;0;0;1;329151,315899999812245;5688979,370500000193715;6,547795495000059;51,326412603000051;1
184352;5230828503400867226;5;1;22;0;2023;8;7;2;3;0;7;0;0;1;1;0;0;0;0;361654,607099999673665;5671147,866100000217557;7,020876214000054;51,175001902000076;1
184354;5230828502402070226;5;1;17;0;2023;8;18;2;3;0;1;0;0;1;0;0;0;0;0;353539,696499999612570;5702004,598400000482798;6,892196153000043;51,450258615000052;1
184355;5230828501222282374;5;1;12;0;2023;8;11;2;3;5;3;0;0;1;1;0;0;0;0;340664,240000000223517;5701030,479000000283122;6,707488766000040;51,438030275000074;1
184356;5230828501128985060;5;1;12;0;2023;8;11;2;3;0;2;0;0;1;1;0;0;0;0;343106,531600000336766;5702062,373600000515580;6,742141354000069;51,447983310000041;1
184358;5230828500300501484;5;1;11;0;2023;8;7;2;3;5;3;0;0;1;1;0;0;0;0;348619,010499999858439;5671213,348099999129772;6,834502296000039;51,172288158000072;1
184359;5230828500200365851;5;1;11;0;2023;8;8;2;3;0;1;0;0;1;0;0;0;0;0;348065,700899999588728;5679217,882999999448657;6,823203591000038;51,244067721000079;1
184361;5230828500100557530;5;1;11;0;2023;8;9;2;3;5;3;0;0;1;1;0;0;0;0;340427,220300000160933;5679015,208000000566244;6,713946908000025;51,240161164000028;1
184363;5230828411132857376;5;7;74;32;2023;8;16;2;3;5;2;0;0;1;1;0;0;0;0;482659,372999999672174;5729409,264900000765920;8,748995999000044;51,715350456000067;1
184366;5230828405228697000;5;7;54;28;2023;8;16;2;3;3;6;0;0;1;1;0;0;0;0;452907,473000000230968;5745304,907999999821186;8,316205055000069;51,856553648000045;1
184367;5230828400200590766;5;7;11;0;2023;8;11;2;3;5;3;0;0;1;1;0;0;0;0;470017,099999999627471;5764694,702999999746680;8,562939922000055;52,032064690000027;1
184368;5230828317110818703;5;9;78;36;2023;8;16;2;3;0;7;0;0;1;0;0;0;0;1;408666,224899999797344;5711932,882600000128150;7,682693500000028;51,551085156000056;1
184373;5230828313110985054;5;9;58;4;2023;8;16;2;3;5;3;0;0;1;1;0;0;0;0;426297,841000000014901;5701203,625000000000000;7,939183843000023;51,457206271000075;1
184374;5230828307000632176;5;9;62;16;2023;8;12;2;3;1;5;0;0;1;1;0;0;0;0;414129,932900000363588;5693297,925300000235438;7,766003947000058;51,384420894000073;1
184375;5230828303100977097;5;9;15;0;2023;8;20;2;3;3;7;1;0;1;1;0;0;0;0;413247,836600000038743;5724595,023900000378489;7,745623149000039;51,665633441000068;1
184377;5230828301101082062;5;9;13;0;2023;8;8;2;3;4;2;0;0;1;0;0;0;0;1;395288,398000000044703;5707270,131999999284744;7,491198944000075;51,506849524000074;1
184378;5230828300300985053;5;9;11;0;2023;8;15;2;2;1;5;0;0;1;1;0;0;0;0;381036,568500000052154;5707913,076899999752641;7,285718787000064;51,509807629000079;1
184380;5230827706000985088;5;5;58;12;2023;8;11;1;3;4;6;0;0;1;0;0;0;0;0;374468,833999999798834;5754875,786800000816584;7,174201803000074;51,930434155000057;1
184381;5230827705000985091;5;5;54;68;2023;8;0;1;3;0;7;2;0;1;0;0;0;0;0;350974,381199999712408;5767217,756599999964237;6,827367883000022;52,035527438000031;1
184382;5230827705000051912;5;5;54;20;2023;8;1;1;2;9;1;2;0;1;0;0;0;0;0;364648,881699999794364;5786826,718399999663234;7,018791166000028;52,215228244000059;1
184383;5230827702100072552;5;5;15;0;2023;8;0;1;3;0;1;2;0;1;0;0;0;0;0;405423,237900000065565;5757987,867900000885129;7,623401068000021;51,964527925000027;1
184384;5230827701300985085;5;5;62;14;2023;8;13;1;3;1;5;0;0;1;1;0;0;0;0;359311,728600000031292;5716315,409199999645352;6,969496123000056;51,580320054000026;1
184388;5230827605132386400;5;3;74;32;2023;8;17;1;2;8;1;0;1;1;0;0;0;0;0;398728,887400000356138;5636559,034700000658631;7,560697529000038;50,871831367000027;1
184389;5230827603116213355;5;3;66;16;2023;8;11;1;3;5;5;0;0;1;1;0;0;0;0;343675,928999999538064;5609042,820000000298023;6,790452406000043;50,612300580000067;1
184394;5230827601300299152;5;3;15;0;2023;8;11;1;2;1;1;0;0;1;1;0;0;0;0;351420,600300000049174;5648506,762499999254942;6,883879035000064;50,968976416000032;1
184395;5230827600380495312;5;3;14;0;2023;8;17;1;3;0;1;0;1;1;0;0;0;0;0;369265,836900000460446;5618484,974400000646710;7,148595388000047;50,703466818000038;1
184396;5230827600320090910;5;3;82;72;2023;8;15;1;3;1;5;0;0;1;1;0;0;0;0;364449,432900000363588;5612216,255999999120831;7,082724924000047;50,646020978000081;1
184398;5230827518310082180;5;1;70;32;2023;8;1;1;2;7;5;2;0;1;1;0;0;0;0;332382,716500000096858;5716103,302500000223517;6,581283317000043;51,571050841000044;1
184402;5230828608100080786;5;3;34;2;2023;8;17;2;3;4;2;0;0;1;1;0;0;0;0;294960,246500000357628;5627128,355900000780821;6,092685365000023;50,759651510000026;1
184403;5230827514217985082;5;1;66;36;2023;8;14;1;3;0;1;0;0;1;0;0;0;0;0;327972,997000000439584;5682172,712999999523163;6,534179677000054;51,264908504000061;1
184406;5230827506100985100;5;1;16;0;2023;8;21;1;3;8;1;2;1;1;0;0;0;0;0;321850,993200000375509;5671425,303300000727177;6,451857504000031;51,166481570000030;1
184408;5230827503200985087;5;1;24;0;2023;8;10;1;2;0;6;0;1;1;0;0;0;0;1;373304,156200000084937;5682174,706199999898672;7,183538918000067;51,276807090000034;1
184410;5230827500300985086;5;1;11;0;2023;8;12;1;3;3;6;0;0;1;1;0;0;0;0;344607,845900000073016;5675719,849199999123812;6,775218519000020;51,211705182000060;1
184411;5230827410250290703;5;7;70;44;2023;8;13;1;3;0;1;0;1;1;0;0;0;0;0;463834,663099999539554;5805510,464800000190735;8,468460320000077;52,398639636000041;1
184412;5230827405116790680;5;7;54;16;2023;8;0;1;3;0;1;2;0;1;0;0;0;0;0;446913,299800000153482;5757122,874099999666214;8,227355073000069;51,962262459000044;1
184415;5230827315110235995;5;9;70;40;2023;8;9;1;3;8;7;0;1;1;1;0;0;0;0;429745,926599999889731;5641304,051000000908971;8,000522889000024;50,919098233000057;1
184418;5230827307000539740;5;9;62;40;2023;8;11;1;2;0;7;0;1;1;0;0;0;0;0;415651,315999999642372;5699045,425000000745058;7,786494471000026;51,436318207000056;1
184421;5230827301205794938;5;9;13;0;2023;8;1;1;2;8;1;2;0;1;0;0;0;0;0;388192,885999999940395;5715030,321000000461936;7,386535819000073;51,575239556000042;1
184426;5230826711200387327;5;5;70;4;2023;8;15;7;1;1;5;0;0;1;1;0;0;0;0;423603,569799999706447;5735752,598400000482798;7,892881028000033;51,767440397000030;1
184429;5230826709300985134;5;5;66;24;2023;8;0;7;3;0;1;2;1;1;0;0;0;0;0;383488,307900000363588;5771143,833399999886751;7,299789403000034;52,078596200000050;1
184430;5230826709110196848;5;5;66;8;2023;8;20;7;2;0;1;0;0;1;0;1;0;0;0;399531,844700000248849;5780728,280500000342727;7,530986682000048;52,167883304000043;1
184431;5230826706300985110;5;5;58;44;2023;8;14;7;3;0;1;0;0;1;0;0;0;0;0;395879,136099999770522;5745879,911000000312924;7,488192480000066;51,853996533000043;1
184432;5230826702100976700;5;5;15;0;2023;8;11;7;3;0;7;0;0;1;0;0;0;0;0;405426,516999999992549;5756630,542999999597669;7,623822455000038;51,952328268000031;1
184435;5230826700000367071;5;5;13;0;2023;8;13;7;2;0;7;0;0;1;0;0;0;0;0;369627,381000000052154;5709650,623099999502301;7,120758893000072;51,522905553000044;1
184436;5230826610221026494;5;3;70;20;2023;8;23;7;2;0;1;2;1;1;0;0;0;0;0;305415,472500000149012;5658738,330900000408292;6,223896924000030;51,047176544000081;1
184437;5230826610211594783;5;3;70;4;2023;8;13;7;3;0;7;0;0;1;0;0;0;0;0;306765,407999999821186;5661165,734699999913573;6,241836194000030;51,069435090000070;1
184438;5230826610122273701;5;3;70;28;2023;8;18;7;2;7;5;0;0;1;1;0;0;0;0;296268,813000000081956;5647604,380000000819564;6,099823276000052;50,944012492000070;1
184439;5230826610121280735;5;3;70;12;2023;8;10;7;3;0;6;0;0;1;1;0;0;0;0;297798,116999999620020;5649890,236999999731779;6,120294355000055;50,965080550000039;1
184442;5230826609108994871;5;3;58;8;2023;8;11;7;3;0;5;0;0;1;0;0;0;0;1;321907,910000000149012;5633053,716000000014901;6,471485050000069;50,821781239000074;1
184443;5230826609108785752;5;3;58;8;2023;8;13;7;3;0;5;0;0;1;1;0;0;0;0;323300,664099999703467;5626772,059499999508262;6,494259965000026;50,765772229000049;1
184444;5230826608328232964;5;3;34;28;2023;8;11;7;3;2;6;0;0;1;1;0;0;0;0;314734,491299999877810;5611573,102199999615550;6,380538951000062;50,626560063000056;1
184445;5230826607100273860;5;3;82;56;2023;8;21;7;3;0;1;2;0;1;0;0;0;0;0;372897,651700000278652;5626644,212799999862909;7,197185632000071;50,777611003000061;1
184446;5230826606100925011;5;3;78;4;2023;8;11;7;3;4;6;0;0;1;1;0;0;0;0;366964,156000000424683;5650303,962999999523163;7,104461041000036;50,988928820000069;1
184447;5230826606000778567;5;3;78;24;2023;8;12;7;3;0;1;0;0;1;1;0;0;0;0;381656,875500000081956;5646783,581900000572205;7,314850758000034;50,960493942000028;1
184453;5230826601500186566;5;3;15;0;2023;8;14;7;3;0;1;0;0;1;0;0;0;0;0;361862,172399999573827;5648973,149700000882149;7,032317134000039;50,975766734000047;1
184457;5230826601400569515;5;3;15;0;2023;8;10;7;3;5;3;0;0;1;1;0;0;0;0;357315,665900000371039;5648025,739499999210238;6,967969713000059;50,966143959000078;1
184461;5230826600330087421;5;3;82;48;2023;8;19;7;3;1;5;0;0;1;0;0;1;0;0;354419,293200000189245;5610472,384299999102950;6,941634261000047;50,627928640000050;1
184463;5230826600120686258;5;3;82;24;2023;8;12;7;3;0;1;0;0;1;0;0;0;0;0;375119,449099999852479;5617780,349400000646710;7,231687066000063;50,698419887000057;1
184465;5230826518300551765;5;1;70;20;2023;8;15;7;3;0;3;0;0;1;1;0;0;0;0;330789,617999999783933;5708537,449799999594688;6,561953441000071;51,502607096000077;1
184467;5230901603140494797;5;3;66;16;2023;9;16;6;3;7;5;0;1;1;1;0;0;0;0;346530,575699999928474;5617258,844399999827147;6,827365749000023;50,686892543000056;1
184470;5230826516500295624;5;1;58;16;2023;8;20;7;3;0;7;2;0;1;0;0;0;0;0;356804,345300000160933;5670717,762599999085069;6,951708001000043;51,169942781000032;1
184473;5230826515211460534;5;1;54;16;2023;8;17;7;3;8;1;0;0;1;0;0;0;0;0;304429,653699999675155;5732065,625399999320507;6,169493756000065;51,705401163000033;1
184477;5230826508000585993;5;1;19;0;2023;8;9;7;3;5;3;0;0;1;1;0;0;0;0;351140,804200000129640;5703058,335699999704957;6,857254459000046;51,459101448000069;1
184478;5230826506100985121;5;1;16;0;2023;8;10;7;2;0;1;0;0;1;0;0;0;0;0;321589,803999999538064;5674978,639799999073148;6,446361332000038;51,198320806000027;1
184479;5230826505200295934;5;1;14;0;2023;8;12;7;3;0;5;0;0;1;1;0;0;0;0;330402,862099999561906;5689954,150800000876188;6,565277535000064;51,335544447000075;1
184481;5230826503200396805;5;1;24;0;2023;8;14;7;3;5;3;0;0;1;1;0;0;0;0;376422,755099999718368;5682787,410099999979138;7,228015674000062;51,282998898000073;1
184484;5230826502103895191;5;1;13;0;2023;8;15;7;3;5;3;0;0;1;1;0;0;0;0;362051,873399999924004;5703988,045700000599027;7,013845003000029;51,470220371000039;1
184488;5230826500200270605;5;1;11;0;2023;8;14;7;3;3;6;0;0;1;1;0;0;0;0;345028,402900000102818;5678709,083699999377131;6,779942437000045;51,238678925000045;1
184495;5230826316300590710;5;9;74;28;2023;8;11;7;3;5;3;0;0;1;0;0;0;0;0;453650,208800000138581;5725925,881400000303984;8,329575273000046;51,682384930000069;1
184498;5230826302120997118;5;9;14;0;2023;8;18;7;3;3;1;1;0;1;1;0;0;0;0;388532,047299999743700;5688877,332299999892712;7,399671729000033;51,340236753000056;1
184500;5230826300400719424;5;9;11;0;2023;8;10;7;3;0;1;0;0;1;0;0;0;0;0;372177,235600000247359;5698625,070900000631809;7,161481633000051;51,424400396000067;1
184502;5230825709300985164;5;5;66;84;2023;8;13;6;3;0;1;0;1;1;0;0;0;0;0;390464,569500000216067;5776666,877100000157952;7,399770998000065;52,129657536000082;1
184503;5230826600110985130;5;3;14;0;2023;8;4;7;2;3;6;2;1;1;0;0;0;0;0;366213,548000000417233;5621361,593900000676513;7,104352034000044;50,728627636000056;1
184504;5230825709300587316;5;5;66;84;2023;8;11;6;3;0;1;0;1;1;0;0;0;0;0;386181,049200000241399;5778749,859999999403954;7,336522646000049;52,147511644000076;1
184505;5230825709300396691;5;5;66;68;2023;8;17;6;3;5;3;0;0;1;1;0;0;0;0;375211,842000000178814;5786713,823000000789762;7,173359910000045;52,216707419000045;1