OID_;UIDENTSTLAE;ULAND;UREGBEZ;UKREIS;UGEMEINDE;UJAHR;UMONAT;USTUNDE;UWOCHENTAG;UKATEGORIE;UART;UTYP1;ULICHTVERH;IstStrassenzustand;IstRad;IstPKW;IstFuss;IstKrad;IstGkfz;IstSonstige;LINREFX;LINREFY;XGCSWGS84;YGCSWGS84;PLST
184506;5230825709110793617;5;5;66;64;2023;8;19;6;3;0;3;1;0;1;1;0;0;0;0;395840,257000000216067;5771351,277000000700355;7,479900616000066;52,082922246000066;1
184507;5230825709110096848;5;5;66;12;2023;8;12;6;3;0;3;0;1;1;1;0;0;0;0;405015,530000000260770;5772235,827999999746680;7,613512957000069;52,092523174000064;1
184510;5230825702100239883;5;5;15;0;2023;8;9;6;2;5;2;0;0;1;0;0;0;0;0;405208,894000000320375;5757219,746999999508262;7,620494175000033;51,957587232000037;1
184511;5230825702100091750;5;5;15;0;2023;8;18;6;2;0;1;0;0;1;0;0;0;0;0;404992,376600000075996;5757039,727900000289083;7,617393945000060;51,955932196000049;1
184512;5230825702100069102;5;5;15;0;2023;8;10;6;3;5;3;0;1;1;1;0;0;0;0;404571,534099999815226;5760755,132999999448657;7,610238589000062;51,989255517000061;1
184513;5230825701610480918;5;5;62;12;2023;8;16;6;3;3;6;0;1;1;1;0;0;0;0;355235,246399999596179;5724961,362400000914931;6,907131258000049;51,656976484000040;1
184514;5230825701300347171;5;5;62;14;2023;8;18;6;3;5;2;0;0;1;1;0;0;0;0;361057,175999999977648;5715214,904500000178814;6,995106146000069;51,570863785000029;1
184515;5230825700000520538;5;5;13;0;2023;8;15;6;3;4;6;0;0;1;1;0;0;0;0;362989,594399999827147;5711650,743499999865890;7,024360828000056;51,539308100000028;1
184523;5230825606100985146;5;3;78;4;2023;8;13;6;3;3;6;0;1;1;0;0;0;0;0;368252,904299999587238;5651337,071200000122190;7,122438198000054;50,998510485000054;1
184525;5230825602600986160;5;3;62;20;2023;8;10;6;3;5;3;0;1;1;1;0;0;0;0;343522,377999999560416;5629870,560900000855327;6,779456758000038;50,799422131000028;1
184526;5230825602250985145;5;3;62;16;2023;8;18;6;3;5;3;0;1;1;1;0;0;0;0;329167,459999999962747;5645198,055700000375509;6,568779610000036;50,933080526000026;1
184527;5230825601600778528;5;3;15;0;2023;8;16;6;3;6;4;0;0;1;0;1;0;0;0;359478,395399999804795;5645365,609999999403954;6,999776761000021;50,942768772000079;1
184528;5230825601500977123;5;3;15;0;2023;8;13;6;3;0;1;0;1;1;0;0;0;0;0;362216,006000000052154;5650137,672800000756979;7,036912633000043;50,986317358000065;1
184531;5230825601200977125;5;3;15;0;2023;8;13;6;3;5;3;0;1;1;1;0;0;0;0;360688,117999999783933;5638079,598500000312924;7,019766643000025;50,877581100000043;1
184534;5230825518400982174;5;1;70;8;2023;8;17;6;3;1;6;0;0;1;1;0;0;0;0;340896,673499999567866;5715051,348600000143051;6,704506939000055;51,564066430000082;1
184535;5230825518400195910;5;1;70;8;2023;8;23;6;3;6;7;2;0;1;0;1;0;0;0;342933,680800000205636;5714555,778999999165535;6,734092758000031;51,560184911000079;1
184538;5230825518100985173;5;1;70;48;2023;8;11;6;3;0;7;0;1;1;1;0;0;0;0;334698,129900000058115;5727424,308599999174476;6,609321593000061;51,673439168000073;1
184539;5230825518100985172;5;1;70;48;2023;8;10;6;3;0;7;0;1;1;1;0;0;0;0;335443,702999999746680;5725487,101999999955297;6,621006567000052;51,656254737000040;1
184540;5230825518100478978;5;1;70;48;2023;8;9;6;3;2;2;0;1;1;1;0;0;0;0;336446,643000000156462;5725717,879000000655651;6,635384789000057;51,658620691000067;1
184541;5230825516500086747;5;1;58;16;2023;8;2;6;2;0;7;2;0;1;0;0;0;0;0;355494,771999999880791;5671075,325999999418855;6,932844962000047;51,172826602000043;1
184545;5230825514113075504;5;1;66;32;2023;8;13;6;3;5;7;0;1;1;1;0;0;0;0;317762,228000000119209;5684386,044999999925494;6,386849742000038;51,281617652000079;1
184547;5230825513210985163;5;1;62;24;2023;8;13;6;3;6;4;0;0;1;0;1;0;0;0;338706,833399999886751;5672625,757200000807643;6,692194739000058;51,182269049000070;1
184549;5230825513110091373;5;1;62;16;2023;8;7;6;3;5;3;0;0;1;1;0;0;0;0;333862,994699999690056;5677706,372800000011921;6,620599459000061;51,226528442000074;1
184550;5230825505200978971;5;1;14;0;2023;8;14;6;3;1;1;0;1;1;1;0;0;0;0;330011,675699999555945;5690297,074899999424815;6,559503483000071;51,338508402000059;1
184553;5230825503300095470;5;1;20;0;2023;8;15;6;3;5;3;0;1;1;1;0;0;0;0;373715,240299999713898;5670929,732499999925494;7,193391987000041;51,175832288000038;1
184559;5230825501214985157;5;1;12;0;2023;8;15;6;3;5;3;0;1;1;1;0;0;0;0;340530,425999999977648;5696071,453999999910593;6,707795705000024;51,393437527000060;1
184570;5230825411132281991;5;7;74;32;2023;8;16;6;3;0;6;0;1;1;0;1;0;0;0;483305,372700000181794;5730230,603099999949336;8,758307327000068;51,722754964000046;1
184571;5230825411132078166;5;7;74;32;2023;8;17;6;2;0;7;0;0;1;0;0;0;0;0;481510,277200000360608;5731646,100999999791384;8,732244346000073;51,735425775000067;1
184572;5230825410230590794;5;7;70;4;2023;8;15;6;3;5;3;0;0;1;1;0;0;0;0;485289,860100000165403;5786195,154500000178814;8,784638096000037;52,225984190000077;1
184574;5230825407300290220;5;7;62;36;2023;8;17;6;3;5;3;0;0;1;1;0;0;0;0;510330,824300000444055;5704267,876700000837445;9,148797547000072;51,489463602000058;1
184577;5230825400200990816;5;7;11;0;2023;8;16;6;3;0;3;0;0;1;1;0;0;0;0;472382,330599999986589;5762814,212500000372529;8,597568644000035;52,015280603000065;1
184580;5230825400100977135;5;7;11;0;2023;8;7;6;3;6;6;0;0;1;0;1;0;0;0;467902,447499999776483;5764985,899299999698997;8,532088425000040;52,034564355000043;1
184583;5230825301202094364;5;9;13;0;2023;8;14;6;3;0;1;0;1;1;0;0;0;0;0;394162,809000000357628;5708824,088999999687076;7,474519778000058;51,520607596000048;1
184584;5230825301202063294;5;9;13;0;2023;8;13;6;3;5;3;0;1;1;1;0;0;0;0;393622,158999999985099;5708950,816999999806285;7,466691874000048;51,521645117000048;1
184585;5230825300800039255;5;9;54;36;2023;8;9;6;3;3;7;0;1;1;1;0;0;0;0;383050,879200000315905;5700412,756999999284744;7,317214733000071;51,442816193000056;1
184587;5230825300400985155;5;9;11;0;2023;8;16;6;3;5;3;0;1;1;1;0;0;0;0;372324,231700000353158;5698727,634500000625849;7,163557802000071;51,425355291000074;1
184589;5230902702100251184;5;5;15;0;2023;9;20;7;3;0;3;0;0;1;1;0;0;0;0;399533,115899999625981;5756377,234999999403954;7,538168487000064;51,949018152000065;1
184590;5230824711200081008;5;5;70;4;2023;8;16;5;3;5;3;0;0;1;1;0;0;0;0;423954,047899999655783;5735234,782199999317527;7,898072410000054;51,762833126000032;1
184591;5230824711100981966;5;5;70;52;2023;8;10;5;3;0;3;0;0;1;1;0;0;0;0;429964,745000000111759;5756419,689999999478459;7,980859511000062;51,954064411000047;1
184594;5230824711100103006;5;5;70;52;2023;8;14;5;3;5;3;0;0;1;1;0;0;0;0;428833,035000000149012;5752942,392999999225140;7,965113511000027;51,922661280000057;1
184595;5230824709300996691;5;5;66;68;2023;8;16;5;3;5;2;0;0;1;1;0;0;0;0;376122,396700000390410;5785220,861700000241399;7,187227586000063;52,203496957000027;1
184596;5230831609108891020;5;3;58;8;2023;8;16;5;3;3;6;0;0;1;1;0;0;0;0;322342,370000000111759;5631810,419999999925494;6,478249010000070;50,810744838000062;1
184597;5230824709300587286;5;5;66;84;2023;8;7;5;3;3;2;0;0;1;1;0;0;0;0;390574,259600000455976;5776395,100299999117851;7,401460241000052;52,127236736000043;1
184598;5230824709000512518;5;5;66;12;2023;8;11;5;3;5;3;0;0;1;0;0;0;0;0;404015,231900000013411;5772137,522900000214577;7,598944001000064;52,091466997000055;1
184599;5230824706300985204;5;5;58;36;2023;8;17;5;3;2;6;0;0;1;0;0;0;0;0;388775,892400000244379;5729065,321799999102950;7,390485004000027;51,701501103000055;1
184600;5230825300500636402;5;9;11;0;2023;8;13;6;3;5;3;0;1;1;1;0;0;0;0;376979,608799999579787;5703581,972200000658631;7,228796375000059;51,470013374000075;1
184601;5230824706000865764;5;5;58;16;2023;8;7;5;3;8;7;0;0;1;0;0;0;0;0;380998,173600000329316;5744024,212400000542402;7,272862755000062;51,834344872000031;1
184602;5230824705000985235;5;5;54;8;2023;8;8;5;3;5;2;0;0;1;1;0;0;0;0;336142,991299999877810;5745321,366299999877810;6,621763690000023;51,834642653000060;1
184604;5230824705000985212;5;5;54;8;2023;8;14;5;3;5;2;0;0;1;1;0;0;0;0;335366,261400000192225;5743167,330299999564886;6,611524891000045;51,815063687000077;1
184605;5230824705000985195;5;5;54;4;2023;8;14;5;3;2;3;0;0;1;1;0;0;0;0;363501,619599999859929;5772715,016799999400973;7,007679298000028;52,088147773000060;1
184606;5230824705000391708;5;5;54;68;2023;8;15;5;3;5;3;0;1;1;1;0;0;0;0;351123,556599999777973;5767788,129000000655651;6,829292701000043;52,040691983000045;1
184607;5230824705000065800;5;5;54;20;2023;8;8;5;3;5;3;0;1;1;0;0;0;0;1;365235,908999999985099;5786327,886600000783801;7,027576880000026;52,210889980000047;1
184608;5230824702100276643;5;5;15;0;2023;8;13;5;3;7;7;0;0;1;0;0;0;0;1;405635,934999999590218;5756663,526000000536442;7,626859779000029;51,952660306000041;1
184609;5230824701920594965;5;5;62;28;2023;8;11;5;3;3;6;0;0;1;1;0;0;0;0;381019,244300000369549;5723179,434800000861287;7,280297108000070;51,647011370000030;1
184611;5230824700000689240;5;5;13;0;2023;8;9;5;3;0;7;0;0;1;0;0;0;0;0;366042,451000000350177;5711681,559100000187755;7,068342933000054;51,540317798000046;1
184615;5230824608404089897;5;3;34;4;2023;8;7;5;3;1;5;0;1;1;1;0;0;0;0;301733,147900000214577;5636896,542199999094009;6,183319978000043;50,849742074000062;1
184616;5230824608404069696;5;3;34;4;2023;8;15;5;3;0;1;0;1;1;0;0;0;0;0;300528,651899999938905;5639940,483799999579787;6,164571516000024;50,876667811000061;1
184617;5230824608312569672;5;3;34;12;2023;8;17;5;3;0;3;0;1;1;1;0;0;0;0;307573,097000000067055;5633242,464999999850988;6,268101158000036;50,818891208000082;1
184618;5230824608100775517;5;3;34;2;2023;8;18;5;3;5;3;0;1;1;1;0;0;0;0;295515,220800000242889;5626917,364000000059605;6,100660920000053;50,757952308000029;1
184619;5230824607500990421;5;3;82;56;2023;8;12;5;3;0;1;0;0;1;0;0;0;0;0;372071,813699999824166;5626710,638399999588728;7,185455119000039;50,778026470000043;1
184622;5230824603228985200;5;3;66;28;2023;8;22;5;3;0;3;2;1;1;0;0;0;0;1;338204,810200000181794;5612186,002599999308586;6,711814879000030;50,639053216000036;1
184623;5230824603144986464;5;3;66;44;2023;8;6;5;3;0;1;1;1;1;0;0;0;0;0;334598,163999999873340;5618959,539999999105930;6,657824876000063;50,698904480000067;1
184625;5230824601700596150;5;3;16;0;2023;8;7;5;3;5;3;0;0;1;1;0;0;0;0;359422,149000000208616;5655066,160000000149012;6,995223582000051;51,029934114000071;1
184627;5230824601500977144;5;3;15;0;2023;8;7;5;3;0;1;0;1;1;0;0;0;0;0;359155,244900000281632;5646121,174699999392033;6,994887750000032;50,949480236000056;1
184628;5230824601500486373;5;3;15;0;2023;8;14;5;3;0;1;0;0;1;0;0;0;0;0;362657,779799999669194;5647151,161299999803305;7,044330917000025;50,959582266000041;1
184631;5230824601300978500;5;3;15;0;2023;8;19;5;3;4;7;0;0;1;1;0;0;0;0;353892,134999999776483;5647128,605000000447035;6,919607916000075;50,957223644000067;1
184632;5230824601300977141;5;3;15;0;2023;8;9;5;3;5;2;0;0;1;1;0;0;0;0;353188,306099999696016;5647230,023299999535084;6,909552485000063;50,957956168000067;1
184633;5230824601200977140;5;3;15;0;2023;8;13;5;3;0;7;0;0;1;0;0;0;0;0;354464,660299999639392;5643158,175000000745058;6,929340281000066;50,921687412000040;1
184636;5230824518200576000;5;1;70;24;2023;8;16;5;2;5;3;0;0;1;0;0;0;1;0;336183,432000000029802;5703708,982999999076128;6,641837071000054;51,460816552000040;1
184637;5230824518100977138;5;1;70;48;2023;8;15;5;3;4;1;0;0;1;1;0;0;0;0;334747,822999999858439;5728577,815300000831485;6,609493730000054;51,683816455000056;1
184638;5230824516600686840;5;1;58;4;2023;8;16;5;2;0;1;0;0;1;0;0;0;0;0;353865,510300000198185;5676196,137700000777841;6,907470546000070;51,218429236000077;1
184639;5230824514113591300;5;1;66;32;2023;8;14;5;3;0;1;0;1;1;1;0;0;0;0;316072,582100000232458;5686463,838999999687076;6,361578801000064;51,299738497000078;1
184642;5230824513310985237;5;1;62;8;2023;8;7;5;3;0;1;0;1;1;0;0;0;0;0;331297,866499999538064;5662546,097599999979138;6,591004346000034;51,089571982000052;1
184645;5230824503400495688;5;1;22;0;2023;8;19;5;3;0;1;1;1;1;0;0;0;0;0;367928,742999999783933;5672757,946000000461936;7,109986498000069;51,190955790000032;1
184648;5230824502213273504;5;1;13;0;2023;8;7;5;3;0;1;0;1;1;0;0;0;0;0;364176,162999999709427;5700049,857000000774860;7,045922960000041;51,435343491000026;1
184649;5230824502210377494;5;1;13;0;2023;8;10;5;2;1;1;0;0;1;1;0;0;0;0;361866,648699999786913;5700574,832399999722838;7,012512824000055;51,439502756000081;1
184650;5230824502101885965;5;1;13;0;2023;8;10;5;3;5;7;0;0;1;1;0;0;0;0;361931,254599999636412;5701960,327500000596046;7,012901256000021;51,451969120000058;1
184651;5230824501317985234;5;1;12;0;2023;8;9;5;3;5;3;0;0;1;1;0;0;0;0;344645,549999999813735;5699474,099999999627471;6,765406759000030;51,425152011000080;1
184653;5230824500300581580;5;1;11;0;2023;8;13;5;3;4;3;0;0;1;1;0;0;0;1;344110,739599999971688;5676092,547199999913573;6,767945143000077;51,214918526000076;1
184655;5230824500300196618;5;1;11;0;2023;8;17;5;3;5;3;0;0;1;1;0;0;0;0;352933,920699999667704;5667788,003699999302626;6,897581688000059;51,142633268000054;1
184659;5230824500100278821;5;1;11;0;2023;8;20;5;3;6;7;1;0;1;0;1;0;0;0;345054,855000000447035;5677370,412000000476837;6,780900014000053;51,226657624000040;1
184661;5230824411224837812;5;7;74;24;2023;8;17;5;3;5;3;0;0;1;0;0;0;0;0;476925,983000000007451;5740981,005999999120831;8,665238306000049;51,819187294000074;1
184662;5230824406220490810;5;7;58;24;2023;8;15;5;3;1;3;0;0;1;1;0;0;0;0;484764,272699999623001;5783035,589299999177456;8,777085589000023;52,197563622000075;1
184663;5230824406220078150;5;7;58;24;2023;8;14;5;3;5;3;0;0;1;1;0;0;0;0;479547,022900000214577;5781947,991599999368191;8,700818473000027;52,187616650000052;1
184664;5230824405228087023;5;7;54;28;2023;8;15;5;3;5;3;0;0;1;1;0;0;0;0;450112,185899999924004;5744545,528100000694394;8,275729821000027;51,849483576000068;1
184665;5230824405112985226;5;7;54;12;2023;8;13;5;3;6;2;0;0;1;0;1;0;0;0;456148,174100000411272;5767944,792899999767542;8,360367331000020;52,060360790000061;1
184666;5230824405108985240;5;7;54;8;2023;8;7;5;3;5;2;0;0;1;1;0;0;0;0;459030,943799999542534;5750143,215399999171495;8,404539391000071;51,900536388000035;1
184669;5230824317240069225;5;9;78;40;2023;8;18;5;3;5;3;0;0;1;0;0;0;0;1;404022,338200000114739;5724340,313799999654293;7,612338850000071;51,661843807000082;1
184671;5230824316200453530;5;9;74;52;2023;8;7;5;3;5;3;0;1;1;1;0;0;0;0;424539,025600000284612;5712275,996500000357628;7,911504050000076;51,556516225000053;1
184676;5230824301201273523;5;9;13;0;2023;8;7;5;3;0;3;0;0;1;1;0;0;0;0;386831,068900000303984;5714496,855799999088049;7,367064124000024;51,570173043000068;1
184684;5230823711200489448;5;5;70;4;2023;8;7;4;3;5;5;0;0;1;1;0;0;0;0;425501,172000000253320;5735123,345899999141693;7,920510238000077;51,762039331000040;1
184685;5230823709500042565;5;5;66;76;2023;8;13;4;3;5;3;0;0;1;1;0;0;0;0;392868,107499999925494;5793238,538699999451637;7,429627879000066;52,279062787000043;1
184686;5230823706000696571;5;5;58;32;2023;8;18;4;3;5;3;0;0;1;1;0;0;0;0;386513,696000000461936;5753505,382999999448657;7,349758430000065;51,920704078000028;1
184688;5230823705000985275;5;5;54;56;2023;8;7;4;3;5;2;0;0;1;0;0;0;0;1;354734,702100000344217;5762211,877699999138713;6,884271718000036;51,991548398000077;1
184690;5230823705000765800;5;5;54;20;2023;8;7;4;3;0;3;0;0;1;1;0;0;0;0;365646,748999999836087;5786693,198999999091029;7,033441143000061;52,214272750000077;1
184691;5230823705000096683;5;5;54;68;2023;8;16;4;3;0;7;0;0;1;0;0;0;0;0;351481,310999999754131;5767458,565999999642372;6,834648078000043;52,037826977000066;1
184692;5230823702100970567;5;5;15;0;2023;8;15;4;3;5;3;0;0;1;1;0;0;0;0;407115,154500000178814;5758204,182499999180436;7,647961534000046;51,966757538000081;1
184693;5230823702100696698;5;5;15;0;2023;8;12;4;3;5;3;0;0;1;1;0;0;0;0;405219,420800000429153;5756539,146900000050664;7,620835063000072;51,951471507000065;1
184696;5230823701610089576;5;5;62;12;2023;8;16;4;3;5;3;0;0;1;1;0;0;0;0;361582,167000000365078;5726495,496999999508262;6,998219529000039;51,672360993000041;1
184697;5230823701500472384;5;5;62;24;2023;8;18;4;3;5;2;0;0;1;1;0;0;0;0;368301,489500000141561;5725200,149599999189377;7,095822433000023;51,662335781000081;1
184698;5230823701400479132;5;5;12;0;2023;8;16;4;3;5;3;0;0;1;0;0;0;0;1;357907,854100000113249;5709917,954500000923872;6,951832641000067;51,522481059000029;1
184699;5230823701200076673;5;5;62;20;2023;8;20;4;2;4;6;1;0;1;0;0;0;0;1;370519,265999999828637;5717696,611999999731779;7,130644352000047;51,595418857000027;1
184701;5230823609248285730;5;3;58;48;2023;8;19;4;3;5;2;0;0;1;1;0;0;0;0;320263,961099999956787;5636174,013699999079108;6,446639112000071;50,849305533000063;1
184704;5230823608328394768;5;3;34;28;2023;8;13;4;3;0;1;0;0;1;0;0;0;0;0;314713,671000000089407;5607178,553999999538064;6,382437698000047;50,587074108000081;1
184705;5230823608312094913;5;3;34;12;2023;8;19;4;3;0;7;0;0;1;0;0;0;0;0;306180,423899999819696;5633984,285599999129772;6,247961586000031;50,825090155000055;1
184706;5230823608200294804;5;3;34;2;2023;8;11;4;3;4;6;0;0;1;1;0;0;0;0;300834,264000000432134;5620766,153999999165535;6,179301939000027;50,704551723000066;1
184710;5230823603116171616;5;3;66;16;2023;8;16;4;3;5;3;0;0;1;1;0;0;0;0;343912,177799999713898;5614470,457000000402331;6,791503438000063;50,661138665000067;1
184711;5230823602400573751;5;3;62;32;2023;8;16;4;3;2;6;0;0;1;0;0;0;0;1;337787,338000000454485;5638899,276900000870228;6,694144153000025;50,878972543000032;1
184713;5230823601700985280;5;3;16;0;2023;8;5;4;3;3;6;1;0;1;0;0;0;0;0;360988,398500000126660;5654405,291300000622869;7,017798857000059;51,024375781000060;1
184714;5230823601700576571;5;3;16;0;2023;8;15;4;2;5;3;0;0;1;0;0;0;0;1;360871,667600000277162;5655135,530200000852346;7,015855158000022;51,030910245000030;1
184718;5230823601600025543;5;3;15;0;2023;8;5;4;2;6;7;1;0;1;0;1;0;0;0;359598,245400000363588;5645298,283199999481440;7,001507579000076;50,942192896000051;1
184720;5230823601300064180;5;3;15;0;2023;8;10;4;3;1;5;0;0;1;1;0;0;0;0;353751,475100000388920;5646303,602399999275804;6,917937946000052;50,949773972000060;1
184721;5230823601200072647;5;3;15;0;2023;8;14;4;3;1;5;0;0;1;1;0;0;0;0;353058,639000000432134;5643290,917999999597669;6,909296260000076;50,922523971000032;1
184723;5230823600380985285;5;3;14;0;2023;8;7;4;3;6;4;0;0;1;1;1;0;0;0;368510,664400000125170;5616176,655200000852346;7,138728451000077;50,682548843000063;1
184724;5230823600380586288;5;3;14;0;2023;8;20;4;2;5;2;0;0;1;1;0;0;0;0;370560,009999999776483;5616892,889000000432134;7,167470786000024;50,689446120000071;1
184726;5230823600330778212;5;3;82;48;2023;8;11;4;3;5;3;0;0;1;1;0;0;0;0;354964,071999999694526;5610940,402499999850988;6,949148558000047;50,632270641000048;1
184728;5230823600120681278;5;3;82;24;2023;8;12;4;3;6;6;0;0;1;0;1;0;0;0;378190,402999999932945;5618831,162000000476837;7,274803937000058;50,708516871000029;1
184731;5230831602800890924;5;3;62;12;2023;8;7;5;3;5;3;0;0;1;1;0;0;0;0;351538,201000000350177;5632833,809000000357628;6,891924457000073;50,828161015000035;1
184732;5230823518100977156;5;1;70;48;2023;8;17;4;3;0;7;0;0;1;1;0;0;0;0;335304,964999999850988;5725552,051000000908971;6,618972101000054;51,656797591000043;1
184735;5230823516600035433;5;1;58;4;2023;8;8;4;3;5;3;0;0;1;1;0;0;0;0;354264,373999999836087;5676477,936000000685453;6,913063344000022;51,221063479000065;1
184736;5230823516300485463;5;1;58;28;2023;8;19;4;3;5;3;0;0;1;1;0;0;0;0;350055,336900000460446;5684407,440700000151992;6,849511570000061;51,291226273000063;1
184737;5230823516300089371;5;1;58;28;2023;8;11;4;3;5;3;0;0;1;1;0;0;0;0;351285,490899999625981;5685408,915100000798702;6,866723902000047;51,300547902000062;1
184739;5230823515211095887;5;1;54;16;2023;8;14;4;2;4;6;0;0;1;0;0;0;0;1;304082,841500000096858;5728629,565600000321865;6,166409802000032;51,674422929000059;1
184740;5230823515111985272;5;1;54;8;2023;8;11;4;3;5;3;0;0;1;1;0;0;0;0;309902,964999999850988;5746201,772700000554323;6,240873538000073;51,834237281000071;1
184742;5230823514213985268;5;1;66;8;2023;8;13;4;3;5;2;0;0;1;1;0;0;0;0;314481,418600000441074;5690780,104399999603629;6,336534162000021;51,337992223000072;1
184744;5230823513210386831;5;1;62;24;2023;8;18;4;2;1;5;0;0;1;1;0;0;0;0;337921,474200000055134;5671479,898199999704957;6,681484256000033;51,171751562000054;1
184745;5230827711400091693;5;5;70;28;2023;8;14;1;3;5;3;0;0;1;0;0;0;0;0;441585,024699999950826;5742979,320299999788404;8,152210792000062;51,834575785000027;1
184746;5230823506100511820;5;1;16;0;2023;8;12;4;3;5;2;0;0;1;0;0;0;0;1;321833,133999999612570;5676595,932900000363588;6,449037520000047;51,212925301000041;1
184748;5230823505100985254;5;1;14;0;2023;8;18;4;3;0;3;0;0;1;1;0;0;0;0;331139,086900000460446;5686742,871500000357628;6,577357730000074;51,306913578000035;1
184749;5230823503400985262;5;1;22;0;2023;8;14;4;3;0;1;0;0;1;0;0;0;0;0;366113,813400000333786;5669963,039999999105930;7,085070528000074;51,165415115000030;1
184751;5230823502407578732;5;1;17;0;2023;8;15;4;3;5;3;0;0;1;1;0;0;0;0;351795,944699999876320;5697043,308199999853969;6,869194713000070;51,405224708000048;1
184752;5230823502404177763;5;1;17;0;2023;8;16;4;3;0;7;0;0;1;0;1;0;0;0;356005,239900000393391;5701304,296399999409914;6,927939167000034;51,444598093000081;1
184753;5230829600360985040;5;3;82;12;2023;8;7;3;2;5;3;0;0;1;0;0;0;1;0;360900,498499999754131;5624805,262399999424815;7,027816787000063;50,758330013000034;1
184756;5230823502231096167;5;1;13;0;2023;8;15;4;3;0;6;0;0;1;1;0;0;0;0;364832,174599999561906;5696044,489800000563264;7,056882365000035;51,399505448000070;1
184758;5230829603116794845;5;3;66;16;2023;8;18;3;3;0;3;1;0;1;1;0;0;0;0;346536,725999999791384;5612919,542999999597669;6,829252435000058;50,647898817000055;1
184766;5230823405228006200;5;7;54;28;2023;8;7;4;3;5;3;0;0;1;1;0;0;0;0;452601,337199999950826;5743809,542999999597669;8,311965272000066;51,843083591000038;1
184767;5230823404101985241;5;7;66;20;2023;8;23;4;2;0;7;2;0;1;0;0;0;0;0;485072,235000000335276;5755028,875000000000000;8,782816527000023;51,945769741000049;1
184770;5230831709700934935;5;5;66;48;2023;8;11;5;3;5;3;0;0;1;1;0;0;0;0;425982,635999999940395;5792163,524000000208616;7,915151300000048;52,274856482000075;1
184771;5230823400200096970;5;7;11;0;2023;8;5;4;3;1;5;1;0;1;1;0;0;0;0;469466,116600000299513;5763716,608100000768900;8,554995802000064;52,023240922000070;1
184772;5230823316200394362;5;9;74;52;2023;8;16;4;2;5;3;0;0;1;1;0;0;0;0;423980,316499999724329;5712789,468499999493361;7,903335436000020;51,561057310000081;1
184773;5230823316100418986;5;9;74;32;2023;8;17;4;2;0;1;0;0;1;0;0;0;0;0;442930,941999999806285;5706745,210999999195337;8,177662783000073;51,508951115000059;1
184774;5230823310140389332;5;9;54;28;2023;8;16;4;2;0;1;0;0;1;0;0;0;0;0;381354,820399999618530;5690400,947000000625849;7,296168923000039;51,352478311000027;1
184775;5230823307000071210;5;9;62;36;2023;8;6;4;3;1;7;1;0;1;1;0;0;0;0;405835,537800000049174;5662871,498400000855327;7,654847691000043;51,109583194000038;1
184777;5230823303100094462;5;9;15;0;2023;8;14;4;3;0;6;0;0;1;1;0;0;0;0;419022,785899999551475;5728390,854900000616908;7,828224872000021;51,700618287000054;1
184780;5230823301301580423;5;9;78;24;2023;8;19;4;3;1;5;0;0;1;1;0;0;0;0;397678,309799999929965;5718304,883099999278784;7,522411877000025;51,606474895000076;1
184784;5230823300500985274;5;9;11;0;2023;8;9;4;2;0;1;0;0;1;0;0;0;0;0;381258,438400000333786;5704662,962400000542402;7,290008076000049;51,480643166000050;1
184788;5230822709700985300;5;5;66;48;2023;8;14;3;3;1;5;0;0;1;1;0;0;0;0;429245,203800000250340;5795728,899299999698997;7,962212246000036;52,307335351000063;1
184789;5230822705000985306;5;5;54;8;2023;8;15;3;3;0;7;0;0;1;1;0;0;0;0;336257,115899999625981;5744128,028599999845028;6,623983042000020;51,823955792000049;1
184790;5230822705000981025;5;5;54;8;2023;8;21;3;3;0;3;0;0;1;1;0;0;0;0;335814,598899999633431;5745350,475199999287724;6,616988005000053;51,834807723000040;1
184792;5230822702100779182;5;5;15;0;2023;8;10;3;2;3;7;0;0;1;0;0;0;0;1;406175,405399999581277;5757225,861099999397993;7,634553917000062;51,957806111000082;1
184793;5230822702100579188;5;5;15;0;2023;8;12;3;3;5;7;0;0;1;1;0;0;0;0;406949,229000000283122;5756780,588400000706315;7,645932690000052;51,953933804000030;1
184794;5230822702100096667;5;5;15;0;2023;8;11;3;3;2;7;0;0;1;1;0;0;0;0;412556,759999999776483;5752747,235999999567866;7,728535971000042;51,918588648000082;1
184799;5230822700000095202;5;5;13;0;2023;8;18;3;3;4;6;0;0;1;1;0;0;0;0;366268,935300000011921;5715739,939699999988079;7,070063230000073;51,576842287000034;1
184802;5230822610211594780;5;3;70;4;2023;8;15;3;3;0;3;0;0;1;0;0;0;0;1;313276,479500000365078;5662974,780500000342727;6,333728926000049;51,087839993000046;1
184803;5230822610211078500;5;3;70;4;2023;8;7;3;3;5;3;0;0;1;1;0;0;0;0;312301,203999999910593;5662072,572899999096990;6,320287596000071;51,079417619000026;1
184805;5230822609236486411;5;3;58;36;2023;8;14;3;3;5;3;0;0;1;1;0;0;0;0;308422,494199999608099;5651503,337099999189377;6,270565450000049;50,983200650000072;1
184807;5230822608200685782;5;3;34;2;2023;8;16;3;3;0;1;0;0;1;0;0;0;0;0;296097,766200000420213;5628049,648499999195337;6,108282185000064;50,768326749000039;1
184808;5230822608200685781;5;3;34;2;2023;8;14;3;3;5;3;0;0;1;0;0;0;0;0;294947,767099999822676;5629497,988299999386072;6,091187997000020;50,780929392000075;1