OID_;UIDENTSTLAE;ULAND;UREGBEZ;UKREIS;UGEMEINDE;UJAHR;UMONAT;USTUNDE;UWOCHENTAG;UKATEGORIE;UART;UTYP1;ULICHTVERH;IstStrassenzustand;IstRad;IstPKW;IstFuss;IstKrad;IstGkfz;IstSonstige;LINREFX;LINREFY;XGCSWGS84;YGCSWGS84;PLST
184809;5230822608200580734;5;3;34;2;2023;8;20;3;3;0;7;0;0;1;0;0;0;0;0;295809,975599999539554;5627972,705499999225140;6,104249028000027;50,767534490000060;1
184810;5230822608100789912;5;3;34;2;2023;8;15;3;2;2;2;0;0;1;0;0;0;0;0;295378,523000000044703;5627202,595000000670552;6,098566833000064;50,760465890000035;1
184812;5230822607100985330;5;3;82;60;2023;8;11;3;3;3;2;0;0;1;1;0;0;0;0;374167,603000000119209;5628895,495999999344349;7,214418290000026;50,798123520000047;1
184814;5230822606100290474;5;3;78;4;2023;8;10;3;3;5;2;0;0;1;1;0;0;0;0;368807,314199999906123;5650391,618000000715256;7,130676259000040;50,990139692000071;1
184816;5230822601600977161;5;3;15;0;2023;8;7;3;3;1;3;0;0;1;1;0;0;0;0;360861,757000000216067;5644886,337899999693036;7,019638323000038;50,938796956000033;1
184817;5230822601500985301;5;3;15;0;2023;8;17;3;3;4;3;0;0;1;0;0;0;0;0;357538,935700000263751;5643620,918199999257922;6,972870344000057;50,926613330000066;1
184819;5230822601200478240;5;3;15;0;2023;8;13;3;3;5;3;0;0;1;1;0;0;0;0;353600,069799999706447;5642219,963400000706315;6,917424181000058;50,913037280000026;1
184820;5230822601200276827;5;3;15;0;2023;8;13;3;3;1;5;0;0;1;1;0;0;0;0;355265,500300000421703;5642022,217700000852346;6,941177341000071;50,911680214000057;1
184821;5230822601100286406;5;3;15;0;2023;8;20;3;2;5;3;0;0;1;1;0;0;0;0;355822,451100000180304;5645286,253200000151992;6,947803692000036;50,941152982000062;1
184825;5230822600380078310;5;3;14;0;2023;8;15;3;3;5;5;0;0;1;1;0;0;0;0;370327,080199999734759;5617424,639900000765920;7,163988299000039;50,694173812000031;1
184826;5230822600140678244;5;3;14;0;2023;8;17;3;3;1;5;0;0;1;1;0;0;0;0;369714,711099999956787;5623162,868499999865890;7,153296102000070;50,745613678000041;1
184827;5230822600110985310;5;3;14;0;2023;8;14;3;3;5;3;0;0;1;1;0;0;0;0;363750,144000000320375;5621012,956000000238419;7,069597312000042;50,724921616000074;1
184828;5230822600110086322;5;3;14;0;2023;8;13;3;3;5;3;0;0;1;1;0;0;0;0;365597,385900000110269;5623018,101800000295043;7,095022574000041;50,743373996000059;1
184830;5230822518120089298;5;1;70;44;2023;8;17;3;3;1;3;0;0;1;1;0;0;0;0;340704,310899999924004;5716716,553500000387430;6,700979046000043;51,578972957000076;1
184832;5230822516100286820;5;1;58;36;2023;8;15;3;3;0;1;0;0;1;0;0;0;0;0;363073,772400000132620;5683527,260399999096990;7,036434632000066;51,286595505000037;1
184833;5230822515111796098;5;1;54;8;2023;8;15;3;3;5;3;0;0;1;1;0;0;0;0;309999,872999999672174;5746274,245999999344349;6,242238543000042;51,834921117000079;1
184834;5230822514120590210;5;1;66;16;2023;8;12;3;3;0;1;0;0;1;0;0;0;0;0;310565,276300000026822;5690755,710599999874830;6,280390898000064;51,336481920000040;1
184835;5230822514113985325;5;1;66;32;2023;8;14;3;3;5;7;0;0;1;1;0;0;0;0;316981,054899999871850;5682656,491499999538064;6,376546418000032;51,265831287000026;1
184836;5230822514110085837;5;1;66;32;2023;8;15;3;3;8;1;0;0;1;0;0;0;0;0;316600,367899999953806;5681177,293299999088049;6,371853963000035;51,252421848000040;1
184837;5230822506100985342;5;1;16;0;2023;8;9;3;3;0;5;0;0;1;1;0;0;0;0;320941,620900000445545;5674811,573899999260902;6,437176948000058;51,196617272000026;1
184839;5230822505200095978;5;1;14;0;2023;8;14;3;3;8;1;0;0;1;0;0;0;0;0;336318,525999999605119;5692278,517999999225140;6,649055323000027;51,358161197000072;1
184841;5230822505100048647;5;1;14;0;2023;8;21;3;3;7;5;2;0;1;1;0;0;0;0;329410,859400000423193;5690845,445199999958277;6,550623386000041;51,343254873000035;1
184844;5230822503200489982;5;1;24;0;2023;8;14;3;3;5;3;0;0;1;1;0;0;0;0;373716,991899999789894;5681129,599999999627471;7,189823875000059;51,267505762000042;1
184850;5230822501215479002;5;1;12;0;2023;8;21;3;3;0;1;2;0;1;0;0;0;0;0;337119,394600000232458;5696903,753200000151992;6,658427351000057;51,399946349000061;1
184851;5230831300600984958;5;9;16;0;2023;8;8;5;2;1;5;0;0;1;1;0;0;0;0;377243,441800000146031;5710145,301500000059605;7,230309254000076;51,529058208000038;1
184854;5230822500300186800;5;1;11;0;2023;8;9;3;3;5;2;0;0;1;1;0;0;0;0;345247,872800000011921;5674203,775399999693036;6,785028364000027;51,198256358000037;1
184856;5230822500200501792;5;1;11;0;2023;8;18;3;3;3;2;0;0;1;0;0;0;0;1;347427,986999999731779;5677197,846000000834465;6,814934384000026;51,225746289000028;1
184858;5230822500100472300;5;1;11;0;2023;8;18;3;3;1;1;0;0;1;1;0;0;0;0;345897,968500000424683;5677602,731599999591708;6,792865420000055;51,228973371000052;1
184859;5230822500100057530;5;1;11;0;2023;8;13;3;3;5;3;0;0;1;1;0;0;0;0;346859,002299999818206;5675745,342499999329448;6,807412413000065;51,212542351000081;1
184860;5230822411132574505;5;7;74;32;2023;8;16;3;3;5;3;0;0;1;0;0;0;0;0;483772,373999999836087;5731717,685000000521541;8,764998845000036;51,736139472000048;1
184862;5230822410110985320;5;7;70;24;2023;8;14;3;3;5;2;0;0;1;1;0;0;0;0;492475,735199999995530;5793867,688799999654293;8,889670609000063;52,295109498000045;1
184863;5230822406220890740;5;7;58;24;2023;8;13;3;3;1;7;0;0;1;1;0;0;0;0;479708,846599999815226;5783553,882600000128150;8,703089380000051;52,202060453000058;1
184864;5230822406120282100;5;7;58;16;2023;8;17;3;3;5;3;0;0;1;1;0;0;0;0;475174,920400000177324;5778208,413200000301003;8,637139237000042;52,153816423000080;1
184866;5230822406110987173;5;7;58;12;2023;8;9;3;3;1;5;0;0;1;0;0;0;0;1;477050,189399999566376;5773508,256400000303984;8,664866182000026;52,111640322000028;1
184868;5230822317250091703;5;9;78;32;2023;8;18;3;3;3;3;0;0;1;1;0;0;0;0;394016,846099999733269;5728488,593599999323487;7,466471684000055;51,697331651000070;1
184869;5230822317140985318;5;9;78;28;2023;8;13;3;3;5;3;0;0;1;1;0;0;0;0;399249,913499999791384;5700013,892799999564886;7,550330130000020;51,442344264000042;1
184871;5230822316300094491;5;9;74;28;2023;8;15;3;3;3;6;0;0;1;1;0;0;0;0;454580,660699999891222;5724942,721699999645352;8,343160693000073;51,673621509000043;1
184872;5230822316200985321;5;9;74;52;2023;8;14;3;3;5;3;0;0;1;1;0;0;0;0;424468,912999999709427;5712550,890000000596046;7,910433843000021;51,558978137000054;1
184882;5230822300100985307;5;9;11;0;2023;8;16;3;2;6;4;0;0;1;0;1;0;0;0;376098,131000000052154;5705070,519999999552965;7,215589678000072;51,483199219000028;1
184883;5230822300000196624;5;9;11;0;2023;8;17;3;3;0;1;0;0;1;0;0;0;0;0;372174,923100000247359;5698627,388599999248981;7,161447554000063;51,424420704000056;1
184885;5230821709700985360;5;5;66;48;2023;8;16;2;3;0;1;0;0;1;0;0;0;0;0;427850,099000000394881;5796645,853000000119209;7,941556861000038;52,315396266000050;1
184888;5230821709110985353;5;5;66;12;2023;8;18;2;3;5;3;0;0;1;1;0;0;0;0;404925,622499999590218;5773628,113600000739098;7,611812504000056;52,105021829000066;1
184889;5230821705000985351;5;5;54;8;2023;8;17;2;3;3;5;0;0;1;1;0;0;0;0;336632,784500000067055;5744821,588600000366569;6,629101923000064;51,830296358000055;1
184890;5230821705000796552;5;5;54;44;2023;8;4;2;2;0;7;2;0;1;0;0;0;0;0;364966,735600000247359;5740512,536299999803305;7,041696892000061;51,799143552000032;1
184892;5230821702100576693;5;5;15;0;2023;8;9;2;3;5;6;0;0;1;1;0;0;0;0;405797,442099999636412;5756394,432700000703335;7,629282986000021;51,950268952000044;1
184894;5230821701400214020;5;5;12;0;2023;8;17;2;3;5;3;0;0;1;1;0;0;0;0;354321,180999999865890;5711256,821000000461936;6,899616213000058;51,533597935000046;1
184896;5230824600110293560;5;3;14;0;2023;8;22;5;2;0;7;2;0;1;0;0;0;0;0;365810,464999999850988;5622110,458000000566244;7,098371431000032;50,735265427000058;1
184897;5230821701110275698;5;5;62;32;2023;8;13;2;3;5;7;0;0;1;0;0;0;0;1;374919,485700000077486;5719440,869599999859929;7,193515032000050;51,612088900000060;1
184899;5230821610221989866;5;3;70;20;2023;8;17;2;3;5;6;0;0;1;1;0;0;0;0;305047,681900000199676;5659946,163100000470877;6,218005925000057;51,057900378000056;1
184900;5230823516500878476;5;1;58;16;2023;8;13;4;3;0;7;0;0;1;0;0;0;0;0;356853,519799999892712;5670142,123500000685453;6,952640058000043;51,164782113000058;1
184903;5230821608416577502;5;3;34;16;2023;8;21;2;3;8;1;2;0;1;0;0;0;0;0;295564,710300000384450;5639372,734699999913573;6,094423594000034;50,869834450000042;1
184904;5230821608408089897;5;3;34;8;2023;8;15;2;3;0;1;0;0;1;0;0;0;0;0;302700,154900000430644;5643976,228299999609590;6,193219340000041;50,913661679000029;1
184908;5230821607400081285;5;3;82;68;2023;8;19;2;3;8;1;0;0;1;0;0;0;0;0;367315,123599999584258;5630232,161000000312924;7,116752091000023;50,808608975000027;1
184910;5230821606100081877;5;3;78;4;2023;8;16;2;3;5;3;0;0;1;1;0;0;0;0;368381,405000000260770;5650625,677200000733137;7,124526274000061;50,992146108000043;1
184912;5230821603228985354;5;3;66;28;2023;8;16;2;3;4;1;0;0;1;1;0;0;0;0;329877,816100000403821;5606769,793600000441074;6,596640771000068;50,588016628000048;1
184913;5230821603208481266;5;3;66;8;2023;8;12;2;2;0;7;0;1;1;0;0;0;0;1;334472,138000000268221;5591233,565999999642372;6,668379366000067;50,449732250000068;1
184915;5230822411236985308;5;7;74;36;2023;8;14;3;3;0;1;0;0;1;0;0;0;0;0;473230,110899999737740;5724830,059800000861287;8,612862500000062;51,673807000000068;1
184916;5230821603116481186;5;3;66;16;2023;8;18;2;3;2;6;0;0;1;1;0;0;0;0;343620,025999999605119;5613770,862999999895692;6,787668550000035;50,654773511000030;1
184917;5230821602800090924;5;3;62;12;2023;8;7;2;3;1;5;0;0;1;1;0;0;0;0;352444,311999999918044;5631871,848999999463558;6,905168560000050;50,819747781000046;1
184921;5230821601500966016;5;3;15;0;2023;8;12;2;3;0;1;0;0;1;0;0;0;0;0;362448,346900000236928;5649162,147900000214577;7,040590063000025;50,977605623000045;1
184922;5230821601400985373;5;3;15;0;2023;8;13;2;3;5;3;0;0;1;1;0;0;0;0;354098,389700000174344;5649541,566299999132752;6,921574767000038;50,978960292000068;1
184923;5230821601400481728;5;3;15;0;2023;8;14;2;3;0;3;0;0;1;1;0;0;0;0;353491,276999999769032;5650110,620600000023842;6,912702952000075;50,983919981000042;1
184925;5230821601400286510;5;3;15;0;2023;8;15;2;3;0;3;0;0;1;0;0;0;0;1;353347,724399999715388;5650079,175599999725819;6,910671914000034;50,983600851000062;1
184926;5230831411133984962;5;7;74;32;2023;8;6;5;3;0;6;1;1;1;0;0;0;0;1;478539,275600000284612;5726740,804300000891089;8,689523082000051;51,691215051000029;1
184927;5230821601400278575;5;3;15;0;2023;8;18;2;3;5;3;0;0;1;0;0;0;0;0;356849,873800000175834;5648938,008099999278784;6,960981573000026;50,974226822000048;1
184929;5230821601300977170;5;3;15;0;2023;8;10;2;3;0;1;0;0;1;0;0;0;0;0;348062,149600000120699;5647743,064200000837445;6,836401804000047;50,961237676000053;1
184930;5230821601200985363;5;3;15;0;2023;8;15;2;3;1;5;0;0;1;0;0;0;0;1;353712,665300000458956;5643896,104100000113249;6,918352463000076;50,928128776000051;1
184932;5230821601100981727;5;3;15;0;2023;8;7;2;3;8;6;0;0;1;1;0;0;0;0;356233,894899999722838;5643543,612800000235438;6,954343528000038;50,925594844000045;1
184938;5230821518200985400;5;1;70;24;2023;8;9;2;3;0;1;0;0;1;0;0;0;0;0;338021,394600000232458;5703109,406099999323487;6,668545728000026;51,455958659000032;1
184940;5230821518200977167;5;1;70;24;2023;8;16;2;2;5;3;0;0;1;1;0;0;0;0;336447,934000000357628;5704416,978000000119209;6,645313638000061;51,467253792000065;1
184941;5230821518100977166;5;1;70;48;2023;8;17;2;3;5;3;0;0;1;1;0;0;0;0;336846,231999999843538;5725449,760999999940395;6,641281789000061;51,656328082000073;1
184942;5230821516800695558;5;1;58;20;2023;8;17;2;2;0;5;0;0;1;1;0;0;0;0;356376,091300000436604;5663614,049499999731779;6,948418759000049;51,105997816000070;1
184943;5230821516500586694;5;1;58;16;2023;8;7;2;3;2;6;0;0;1;1;0;0;0;0;355547,181599999777973;5670347,189300000667572;6,933886685000061;51,166296526000053;1
184947;5230821515111096098;5;1;54;8;2023;8;15;2;3;5;3;0;0;1;1;0;0;0;0;309490,827399999834597;5747146,814799999818206;6,234378825000022;51,842584048000049;1
184950;5230821508000194946;5;1;19;0;2023;8;6;2;3;5;3;0;0;1;1;0;0;0;0;350713,099899999797344;5709312,301899999380112;6,848458193000056;51,515183269000033;1
184953;5230821505100985380;5;1;14;0;2023;8;11;2;3;5;3;0;0;1;1;0;0;0;0;331336,234899999573827;5689621,221999999135733;6,578821718000029;51,332831060000046;1
184955;5230821505100985360;5;1;14;0;2023;8;18;2;3;5;3;0;0;1;1;0;0;0;0;330487,114299999549985;5689146,785900000482798;6,566870042000062;51,328316308000069;1
184957;5230821503200581074;5;1;24;0;2023;8;15;2;3;1;7;0;0;1;1;0;0;0;0;371695,342600000090897;5682080,813799999654293;7,160519455000042;51,275603211000032;1
184959;5230821503100486942;5;1;24;0;2023;8;15;2;2;0;1;0;0;1;0;0;0;0;0;369743,869199999608099;5680613,428999999538064;7,133091980000074;51,261972591000074;1
184960;5230821502403781511;5;1;17;0;2023;8;13;2;3;5;3;0;0;1;1;0;0;0;0;351278,841000000014901;5702003,834000000730157;6,859683277000045;51,449662486000079;1
184961;5230821502402594970;5;1;17;0;2023;8;20;2;3;0;7;1;0;1;0;0;0;0;0;353532,754999999888241;5700329,326999999582767;6,892789529000027;51,435203288000082;1
184962;5230821502401089588;5;1;17;0;2023;8;17;2;2;0;1;0;0;1;0;0;0;0;0;352736,040099999867380;5699331,415200000628829;6,881750541000031;51,426029845000073;1
184963;5230821502324985270;5;1;13;0;2023;8;14;2;3;0;7;0;0;1;0;0;0;0;1;361328,618400000035763;5707856,663399999961257;7,001918964000026;51,504808065000077;1
184964;5230821501213985368;5;1;12;0;2023;8;15;2;3;6;7;0;0;1;0;1;0;0;0;340203,646200000308454;5697544,529500000178814;6,702439297000069;51,406580661000078;1
184965;5230821500300074105;5;1;11;0;2023;8;20;2;3;1;5;0;0;1;1;0;0;0;0;344916,350700000301003;5673866,702099999412894;6,780432696000048;51,195137718000069;1
184966;5230821500300041000;5;1;11;0;2023;8;10;2;2;0;1;0;0;1;0;0;0;0;0;349354,578999999910593;5674249,609999999403954;6,843743296000071;51,199765763000073;1
184971;5230821410230287093;5;7;70;4;2023;8;20;2;3;8;1;1;0;1;0;0;0;0;0;486921,308600000105798;5787347,517000000923872;8,808478375000050;52,236385729000062;1
184972;5230821410110995827;5;7;70;24;2023;8;16;2;3;3;2;0;0;1;1;0;0;0;0;494499,888000000268221;5793524,886499999091029;8,919356616000073;52,292051529000048;1
184974;5230914601600984294;5;3;15;0;2023;9;0;5;3;5;3;2;0;1;1;0;0;0;0;359728,941700000315905;5645556,896400000900030;7,003267122000068;50,944548897000061;1
184975;5230914601600576798;5;3;15;0;2023;9;13;5;2;0;1;0;0;1;0;0;0;0;0;362227,832999999634922;5643884,594000000506639;7,039448230000062;50,930121963000033;1
184977;5230914601500390276;5;3;15;0;2023;9;15;5;3;0;7;0;0;1;0;1;0;0;0;358064,999300000257790;5644933,162799999117851;6,979839882000022;50,938536158000034;1
184979;5230914601300725108;5;3;15;0;2023;9;6;5;3;0;1;2;0;1;0;0;0;0;0;348633,248999999836087;5646192,856300000101328;6,845172707000074;50,947457505000045;1
184980;5230914601200281913;5;3;15;0;2023;9;8;5;3;5;3;0;0;1;1;0;0;0;0;352693,018400000408292;5642962,371999999508262;6,904230569000049;50,919478229000049;1
184981;5230914601200190375;5;3;15;0;2023;9;16;5;3;9;1;0;0;1;0;0;0;0;0;354076,019600000232458;5641378,789100000634789;6,924526265000054;50,905598399000041;1
184982;5230914601100886415;5;3;15;0;2023;9;16;5;3;1;5;0;0;1;1;0;0;0;0;358989,927500000223517;5644290,451899999752641;6,993244423000021;50,932986987000049;1
184983;5230914600380984262;5;3;14;0;2023;9;13;5;3;5;3;0;0;1;1;0;0;0;0;367712,551900000311434;5619177,136499999091029;7,126362844000028;50,709336753000059;1
184984;5230914600380095284;5;3;14;0;2023;9;11;5;3;0;7;0;0;1;0;0;0;0;0;369692,899799999780953;5616340,863299999386072;7,155396179000036;50,684290753000028;1
184987;5230914518200579400;5;1;70;24;2023;9;15;5;3;5;3;0;0;1;1;0;0;0;0;336247,198099999688566;5704205,017699999734759;6,642524424000044;51,465291461000049;1
184988;5230914518200195944;5;1;70;24;2023;9;19;5;3;8;1;1;0;1;0;0;0;0;0;338649,300900000147521;5702836,113900000229478;6,677700217000051;51,453682585000081;1
184989;5230914516800486684;5;1;58;20;2023;9;7;5;3;0;7;0;0;1;0;0;0;0;0;357185,961199999786913;5663692,985600000247359;6,959948148000024;51,106909529000063;1
184991;5230914515110984065;5;1;54;36;2023;9;16;5;3;5;3;0;0;1;1;0;0;0;0;303722,174300000071526;5741543,874700000509620;6,153919489000032;51,790271376000078;1
184993;5230914514119096168;5;1;66;16;2023;9;13;5;3;2;2;0;0;1;1;0;0;0;0;306502,167999999597669;5686237,385999999940395;6,224583467000059;51,294532757000070;1
184994;5230914513210984228;5;1;62;24;2023;9;16;5;3;5;2;0;0;1;0;0;0;0;0;337824,707000000402331;5676292,767000000923872;6,677927611000030;51,214966874000027;1
184995;5230914513120491200;5;1;62;20;2023;9;16;5;3;5;3;0;0;1;1;0;0;0;0;333023,963000000454485;5671182,879200000315905;6,611628099000029;51,167674169000065;1
184996;5230914513110082131;5;1;62;16;2023;9;7;5;2;5;3;0;0;1;0;0;0;0;0;333054,066399999894202;5677688,234400000423193;6,609033295000074;51,226129468000067;1
185010;5230914501325390647;5;1;12;0;2023;9;10;5;3;0;7;0;0;1;0;0;0;0;0;345202,256900000385940;5692806,086699999868870;6,776315883000052;51,365391549000037;1
185016;5230914500100887006;5;1;11;0;2023;9;11;5;3;0;1;0;0;1;0;0;0;0;0;343576,561200000345707;5677889,895400000736117;6,759518645000071;51,230922120000059;1
185019;5230914411220984234;5;7;74;20;2023;9;17;5;2;0;7;0;0;1;0;0;0;0;0;471127,908599999733269;5734954,523000000044703;8,581622717000073;51,764733449000062;1
185020;5230914411132984264;5;7;74;32;2023;9;12;5;3;0;4;0;0;1;0;1;0;0;0;483904,506900000385940;5733511,471799999475479;8,766829304000055;51,752271717000042;1
185021;5230914411132795765;5;7;74;32;2023;9;15;5;3;0;1;0;0;1;0;0;0;0;0;482566,400600000284612;5731237,482699999585748;8,747558715000025;51,731785621000029;1
185028;5230914316500970400;5;9;74;20;2023;9;16;5;2;0;1;0;0;1;0;0;0;0;0;466135,849999999627471;5720709,142999999225140;8,510670373000039;51,636372260000030;1
185029;5230914316400089254;5;9;74;44;2023;9;11;5;2;2;6;0;0;1;0;0;0;0;0;456669,574199999682605;5700909,581399999558926;8,376331273000062;51,457702394000080;1
185030;5230914316300582016;5;9;74;28;2023;9;16;5;3;8;1;0;0;1;0;0;0;0;0;453968,234199999831617;5724314,840199999511242;8,334387373000027;51,667926460000047;1
185031;5230914316100984274;5;9;74;40;2023;9;7;5;3;5;3;0;0;1;1;0;0;0;0;435913,621000000275671;5713416,133999999612570;8,075345363000054;51,568173671000068;1
185032;5230914316000984257;5;9;74;40;2023;9;15;5;3;5;3;0;0;1;1;0;0;0;0;437277,369500000029802;5712527,716900000348687;8,095177759000023;51,560339715000055;1
185033;5230914313121213602;5;9;58;32;2023;9;13;5;3;3;6;0;0;1;1;0;0;0;0;450223,402200000360608;5688526,707299999892712;8,285294219000036;51,345835602000079;1
185036;5230914300300984232;5;9;11;0;2023;9;17;5;3;4;3;0;0;1;1;0;0;0;0;382703,084900000132620;5706216,319399999454618;7,310286463000068;51,494905916000050;1
185037;5230913711200096160;5;5;70;4;2023;9;11;4;3;0;7;0;0;1;0;0;0;0;0;424509,345099999569356;5734300,987400000914931;7,906320081000047;51,754513744000064;1
185038;5230913709300774742;5;5;66;84;2023;9;7;4;3;6;7;0;0;1;0;1;0;0;0;386044,658200000412762;5778697,028899999335408;7,334547906000068;52,147008731000028;1
185039;5230913705000238825;5;5;54;12;2023;9;11;4;3;0;1;0;1;1;0;0;0;0;0;352476,696999999694526;5745038,800000000745058;6,858764554000061;51,836656856000047;1
185040;5230913702100042495;5;5;15;0;2023;9;9;4;3;0;3;0;0;1;0;0;0;0;1;405107,242999999783933;5756665,733999999240041;7,619168307000052;51,952590196000074;1
185042;5230913701500119497;5;5;62;24;2023;9;7;4;3;5;3;0;1;1;1;0;0;0;0;368596,819500000216067;5725558,201199999079108;7,099955331000046;51,665622553000048;1
185046;5230913608200833184;5;3;34;2;2023;9;8;4;3;4;6;0;0;1;1;0;0;0;0;296493,647099999710917;5627763,062699999660254;6,114047404000075;50,765891779000071;1
185047;5230913608200373676;5;3;34;2;2023;9;8;4;3;0;7;0;0;1;0;0;0;0;1;292087,242300000041723;5629530,921800000593066;6,050647782000055;50,780206782000050;1
185048;5230913607400586277;5;3;82;68;2023;9;16;4;3;5;3;0;0;1;1;0;0;0;0;370953,645600000396371;5630178,667600000277162;7,168385279000063;50,808950149000054;1
185050;5230913601500293512;5;3;15;0;2023;9;10;4;3;5;3;0;0;1;1;0;0;0;0;358275,251400000415742;5651904,993300000205636;6,980113615000050;51,001243439000064;1
185052;5230913601400984335;5;3;15;0;2023;9;8;4;3;0;1;0;1;1;0;0;0;0;0;356574,469200000166893;5647123,764900000765920;6,957776698000032;50,957854000000054;1
185053;5230913601400386385;5;3;15;0;2023;9;14;4;3;0;3;0;1;1;1;0;0;0;0;358189,710900000296533;5648173,899800000712276;6,980351315000064;50,967691293000030;1
185054;5230913601300225013;5;3;15;0;2023;9;8;4;3;5;3;0;1;1;1;0;0;0;0;352493,184000000357628;5644730,044999999925494;6,900674333000040;50,935312502000045;1
185055;5230913601200281913;5;3;15;0;2023;9;10;4;3;2;6;0;0;1;1;0;0;0;0;354105,373300000093877;5642725,151900000870228;6,924405177000040;50,917705220000073;1
185056;5230913601100984331;5;3;15;0;2023;9;9;4;3;3;6;0;1;1;0;0;0;0;1;355544,954499999992549;5645632,652300000190735;6,943719203000057;50,944196543000032;1
185057;5230913601100390340;5;3;15;0;2023;9;15;4;3;0;3;0;1;1;1;0;0;0;0;356403,156299999915063;5645423,209499999880791;6,956009719000065;50,942528703000050;1
185062;5230913518210096116;5;1;70;28;2023;9;17;4;2;5;2;0;0;1;1;0;0;0;0;328507,303000000305474;5701826,146999999880791;6,532358421000026;51,441628858000058;1
185064;5230913518100669432;5;1;70;48;2023;9;11;4;3;0;2;0;1;1;1;0;0;0;0;336108,165000000037253;5726551,464700000360608;6,630104796000069;51,666010854000035;1
185070;5230913514210984333;5;1;66;12;2023;9;8;4;3;5;3;0;0;1;1;0;0;0;0;319655,785000000149012;5692494,243000000715256;6,409870764000061;51,355054739000082;1
185076;5230913500100074068;5;1;11;0;2023;9;10;4;3;2;5;0;0;1;0;0;0;0;1;345897,968500000424683;5677602,731599999591708;6,792865420000055;51,228973371000052;1
185077;5230913411216896927;5;7;74;16;2023;9;17;4;3;5;3;0;0;1;1;0;0;0;0;469407,641999999992549;5711509,491000000387430;8,558747713000059;51,553842783000050;1
185078;5230914513210984253;5;1;62;24;2023;9;14;5;2;0;1;0;0;1;0;0;0;0;0;338540,147099999710917;5674427,570000000298023;6,689001829000063;51,198411083000053;1
185079;5230913410110984303;5;7;70;24;2023;9;16;4;3;5;3;0;0;1;1;0;0;0;0;494083,187199999578297;5793741,828400000929832;8,913243090000037;52,293997616000070;1
185080;5230913407220984330;5;7;62;32;2023;9;7;4;3;0;7;0;1;1;0;1;0;0;0;507037,009100000374019;5746642,512700000777841;9,102210178000064;51,870523036000066;1
185081;5230913406110072265;5;7;58;12;2023;9;7;4;3;4;6;0;1;1;0;0;0;0;0;478191,821999999694526;5773843,052699999883771;8,681515596000054;52,114696560000027;1
185084;5230913405108870325;5;7;54;8;2023;9;9;4;3;4;2;0;1;1;1;0;0;0;0;457704,448300000280142;5752885,466600000858307;8,384924001000059;51,925091682000073;1
185085;5230913400200984330;5;7;11;0;2023;9;9;4;3;5;3;0;0;1;1;0;0;0;0;467966,338399999774992;5763046,573200000450015;8,533201344000076;52,017132306000065;1
185088;5230913317210984338;5;9;78;20;2023;9;6;4;3;5;3;2;1;1;1;0;0;0;0;409407,761099999770522;5714286,280500000342727;7,692779142000063;51,572360094000032;1
185089;5230913317210575400;5;9;78;20;2023;9;12;4;3;5;3;0;1;1;0;0;0;0;1;410981,078599999658763;5714373,779300000518560;7,715453308000065;51,573397285000055;1
185090;5230913317110050995;5;9;78;36;2023;9;12;4;3;9;1;0;0;1;0;0;0;0;0;407791,768000000156462;5710769,464400000870228;7,670389757000066;51,540484676000062;1
185092;5230913316300889752;5;9;74;28;2023;9;11;4;3;0;3;0;1;1;0;0;0;0;0;454702,512000000104308;5724994,940999999642372;8,344915968000066;51,674100846000044;1
185095;5230913303100073476;5;9;15;0;2023;9;8;4;3;5;3;0;1;1;1;0;0;0;0;420415,764800000004470;5722771,520800000056624;7,849658115000068;51,650301769000066;1
185099;5230913301202073341;5;9;13;0;2023;9;16;4;3;6;4;0;0;1;0;1;0;0;0;393838,631900000385940;5709152,323999999091029;7,469750152000074;51,523497091000081;1
185101;5230913300600179441;5;9;16;0;2023;9;15;4;3;0;3;0;0;1;1;0;0;0;0;377052,236700000241399;5710684,911499999463558;7,227365811000027;51,533866283000066;1
185103;5230912709500802282;5;5;66;76;2023;9;7;3;3;4;3;0;0;1;1;0;0;0;0;394532,894100000150502;5793614,790999999269843;7,453903416000060;52,282766191000064;1
185104;5230912709500069126;5;5;66;76;2023;9;5;3;3;5;3;2;1;1;1;0;0;0;0;393592,553000000305474;5795712,033999999985099;7,439461612000059;52,301433237000026;1
185105;5230912709110853167;5;5;66;12;2023;9;13;3;3;1;1;0;0;1;1;0;0;0;0;405239,829300000332296;5772371,191999999806285;7,616748383000072;52,093778306000047;1
185108;5230912706000074647;5;5;58;16;2023;9;6;3;3;0;3;1;1;1;1;0;0;0;0;379940,661000000312924;5744614,524000000208616;7,257317289000071;51,839423715000066;1
185110;5230914405112984288;5;7;54;12;2023;9;7;5;3;5;3;0;0;1;1;0;0;0;0;455807,931099999696016;5767091,254799999296665;8,355515244000060;52,052660187000072;1
185111;5230912705000795950;5;5;54;48;2023;9;5;3;3;0;1;1;1;1;0;0;0;0;0;341270,905000000260770;5745839,301999999210238;6,695887108000022;51,840776502000040;1
185113;5230912701910699274;5;5;62;8;2023;9;18;3;3;5;3;1;0;1;0;0;1;0;0;384464,406000000424683;5722243,895999999716878;7,330377989000056;51,639321514000073;1
185119;5230912608100085694;5;3;34;2;2023;9;19;3;3;6;4;1;0;1;0;1;0;0;0;294920,486600000411272;5628857,689600000157952;6,091158597000060;50,775169067000036;1