OID_;UIDENTSTLAE;ULAND;UREGBEZ;UKREIS;UGEMEINDE;UJAHR;UMONAT;USTUNDE;UWOCHENTAG;UKATEGORIE;UART;UTYP1;ULICHTVERH;IstStrassenzustand;IstRad;IstPKW;IstFuss;IstKrad;IstGkfz;IstSonstige;LINREFX;LINREFY;XGCSWGS84;YGCSWGS84;PLST
185122;5230912605104999062;5;3;74;4;2023;9;17;3;2;0;7;0;0;1;0;0;0;0;0;405924,342100000008941;5653869,843599999323487;7,658457792000036;51,028673608000076;1
185123;5230912602800582254;5;3;62;12;2023;9;14;3;3;0;1;0;0;1;0;0;0;0;0;350166,631699999794364;5633694,091399999335408;6,872111577000055;50,835538628000052;1
185125;5230912601700984387;5;3;16;0;2023;9;10;3;3;5;3;0;0;1;0;0;0;0;1;363016,207499999552965;5656318,227700000628829;7,045972648000031;51,042054522000058;1
185128;5230912601300286320;5;3;15;0;2023;9;20;3;3;3;7;1;1;1;0;0;0;0;0;353587,567400000058115;5647413,382200000807643;6,915159757000026;50,959705523000082;1
185129;5230912601200984343;5;3;15;0;2023;9;21;3;2;0;1;2;1;1;0;0;0;0;0;359678,745000000111759;5636304,112999999895692;7,006109386000048;50,861380155000063;1
185132;5230912600380984391;5;3;14;0;2023;9;9;3;3;5;2;0;0;1;1;0;0;0;0;368107,243800000287592;5618315,610200000926852;7,132257609000021;50,701682888000050;1
185135;5230912518400187466;5;1;70;8;2023;9;17;3;3;0;1;0;0;1;0;0;0;0;0;343631,656399999745190;5714499,106899999082088;6,744178845000022;51,559869654000067;1
185137;5230912516800489336;5;1;58;20;2023;9;13;3;2;0;6;0;0;1;0;0;0;0;0;356786,996000000275671;5663863,430500000715256;6,954185300000063;51,108341709000058;1
185138;5230912513330099157;5;1;62;12;2023;9;21;3;3;0;1;2;1;1;1;0;0;0;0;330236,122000000439584;5668794,888299999758601;6,572916293000048;51,145399449000081;1
185140;5230912505200984354;5;1;14;0;2023;9;16;3;2;3;6;0;0;1;1;0;0;0;0;329299,566499999724329;5691081,056600000709295;6,548914001000071;51,345338134000031;1
185141;5230912505200984352;5;1;14;0;2023;9;17;3;3;2;2;0;0;1;1;0;0;0;0;329883,389999999664724;5689303,815999999642372;6,558137853000062;51,329546784000058;1
185142;5230913601300877184;5;3;15;0;2023;9;18;4;3;0;7;1;0;1;0;1;0;0;0;354437,944799999706447;5646390,195900000631809;6,927669378000076;50,950725924000039;1
185147;5230912500200500825;5;1;11;0;2023;9;16;3;3;1;5;0;0;1;1;0;0;0;0;346450,325199999846518;5678044,573300000280142;6,800580969000066;51,233092415000044;1
185148;5230912500200076037;5;1;11;0;2023;9;20;3;3;6;4;2;1;1;0;1;0;0;0;346404,263100000098348;5679236,055400000885129;6,799410738000063;51,243786075000060;1
185149;5230912500200070420;5;1;11;0;2023;9;10;3;3;0;7;0;1;1;0;0;0;0;0;349788,512000000104308;5676544,323000000789762;6,848988826000038;51,220499928000038;1
185152;5230912410110984377;5;7;70;24;2023;9;14;3;3;5;2;0;0;1;1;0;0;0;0;490478,991600000299513;5791156,043600000441074;8,860468748000073;52,270699479000029;1
185155;5230912405152782006;5;7;54;52;2023;9;19;3;2;0;7;1;0;1;0;0;0;0;0;461052,024000000208616;5769479,776799999177456;8,431716801000050;52,074527401000068;1
185156;5230912608436075502;5;3;34;36;2023;9;18;3;3;0;2;1;1;1;1;0;0;0;0;296381,441999999806285;5636354,049000000581145;6,107694570000035;50,843011109000031;1
185157;5230912405140984367;5;7;54;40;2023;9;16;3;3;5;3;0;0;1;1;0;0;0;0;460198,601999999955297;5761284,310599999502301;8,420219333000034;52,000785871000062;1
185158;5230912404103638008;5;7;66;32;2023;9;8;3;3;0;3;0;0;1;1;0;0;0;0;498497,807699999772012;5748839,628900000825524;8,978171582000073;51,890319988000044;1
185161;5230912317140651342;5;9;78;28;2023;9;17;3;3;1;1;0;0;1;1;0;0;0;0;398335,744500000029802;5698190,508999999612570;7,537704431000066;51,425790699000061;1
185165;5230912310110086073;5;9;54;16;2023;9;15;3;3;2;7;0;0;1;0;0;0;0;1;373845,718000000342727;5695619,980000000447035;7,186536085000057;51,397766424000054;1
185168;5230912301101980688;5;9;13;0;2023;9;7;3;3;0;7;0;1;1;0;0;0;0;0;394725,502399999648333;5707645,566600000485778;7,482979077000039;51,510119553000038;1
185169;5230912300500071505;5;9;11;0;2023;9;14;3;3;1;1;0;0;1;1;0;0;0;0;376937,705000000074506;5703654,117699999362230;7,228168246000052;51,470652667000081;1
185171;5230911709800096660;5;5;66;40;2023;9;16;2;3;0;6;0;0;1;1;0;0;0;0;421347,394999999552965;5782385,096400000154972;7,849503189000075;52,186316676000047;1
185172;5230911709500396953;5;5;66;76;2023;9;14;2;3;0;3;0;0;1;1;0;0;0;0;392815,580900000408292;5792891,710899999365211;7,428968487000077;52,275935554000057;1
185173;5230911709500376615;5;5;66;76;2023;9;12;2;3;0;1;0;0;1;0;0;0;0;0;392151,890399999916553;5792409,829800000414252;7,419398683000054;52,271475038000062;1
185175;5230911705000547428;5;5;54;68;2023;9;5;2;3;5;3;2;0;1;1;0;0;0;0;350577,072999999858439;5766905,803999999538064;6,821716354000046;52,032617822000077;1
185176;5230911705000447520;5;5;54;20;2023;9;7;2;3;0;1;0;0;1;0;0;0;0;0;366969,814899999648333;5787202,584599999710917;7,052594739000028;52,219170814000051;1
185177;5230911705000320881;5;5;54;20;2023;9;16;2;3;7;1;0;0;1;0;0;0;0;0;364163,711000000126660;5787573,966000000014901;7,011394116000076;52,221823022000081;1
185178;5230911702100984413;5;5;15;0;2023;9;18;2;3;5;3;0;0;1;0;0;0;0;0;407457,044700000435114;5757913,125099999830127;7,653015063000055;51,964198385000032;1
185179;5230911702100278182;5;5;15;0;2023;9;7;2;3;1;5;0;0;1;1;0;0;0;0;407050,339999999850988;5756673,929999999701977;7,647432457000036;51,952992011000049;1
185180;5230911701500355785;5;5;62;24;2023;9;18;2;3;5;3;0;0;1;1;0;0;0;0;367978,129900000058115;5724940,364399999380112;7,091248020000023;51,659925354000052;1
185181;5230911609108977540;5;3;58;8;2023;9;10;2;3;0;2;0;0;1;1;0;0;0;0;323698,867700000293553;5631503,601299999281764;6,497631419000072;50,808402728000033;1
185182;5230911608332799658;5;3;34;32;2023;9;20;2;3;5;2;1;0;1;1;0;0;0;0;305673,080299999564886;5628077,418600000441074;6,243891710000071;50,771862347000081;1
185183;5230911608200189862;5;3;34;2;2023;9;19;2;3;0;1;0;1;1;0;0;0;0;0;298263,258999999612570;5628106,309000000357628;6,138920805000055;50,769592614000032;1
185184;5230911607400581180;5;3;82;44;2023;9;15;2;3;7;5;0;0;1;1;0;0;0;0;363337,344899999909103;5626932,478900000452995;7,061555441000053;50,778027796000060;1
185188;5230911602500914787;5;3;62;24;2023;9;8;2;2;0;5;0;0;1;1;0;0;0;0;346070,917200000025332;5642564,096599999815226;6,810256478000042;50,914170877000060;1
185190;5230911601600984411;5;3;15;0;2023;9;18;2;3;5;3;0;0;1;1;0;0;0;0;359024,849999999627471;5644980,380000000819564;6,993474174000028;50,939195963000031;1
185193;5230911601500186367;5;3;15;0;2023;9;21;2;3;0;1;2;0;1;1;0;0;0;0;362037,908599999733269;5647729,874800000339746;7,035290436000025;50,964635236000049;1
185195;5230911601300981694;5;3;15;0;2023;9;11;2;3;0;7;0;0;1;0;0;0;0;0;355328,347000000067055;5646850,559399999678135;6,940154078000035;50,955087272000071;1
185201;5230911600360095340;5;3;82;12;2023;9;15;2;3;1;2;0;0;1;1;0;0;0;0;358339,456500000320375;5625311,208499999716878;6,991334640000048;50,762257624000028;1
185203;5230911600140569541;5;3;14;0;2023;9;17;2;3;0;1;0;0;1;0;0;0;0;0;369820,195000000298023;5620149,790500000119209;7,155854446000035;50,718555041000059;1
185204;5230911608200489794;5;3;34;2;2023;9;16;2;3;3;6;0;0;1;1;0;0;0;0;296333,805100000463426;5628882,493899999186397;6,111164038000027;50,775889779000067;1
185206;5230911600110799956;5;3;14;0;2023;9;7;2;3;5;3;0;0;1;1;0;0;0;0;363663,229100000113249;5622166,703500000759959;7,067940000000021;50,735270882000066;1
185207;5230911518200144681;5;1;70;24;2023;9;16;2;3;5;3;0;0;1;1;0;0;0;0;333828,629499999806285;5702704,480399999767542;6,608442779000029;51,451105804000065;1
185208;5230911516900984422;5;1;58;26;2023;9;13;2;2;5;2;0;0;1;1;0;0;0;0;353036,332399999722838;5664165,949599999934435;6,900521443000059;51,110110855000073;1
185209;5230911516800090328;5;1;58;20;2023;9;11;2;2;5;2;0;0;1;1;0;0;0;0;356717,626000000163913;5663382,049000000581145;6,953386148000050;51,103998393000040;1
185210;5230911516300099770;5;1;58;28;2023;9;12;2;3;5;2;0;0;1;1;0;0;0;0;350890,060999999754131;5685109,352900000289083;6,861180938000075;51,297752671000069;1
185217;5230911513210582321;5;1;62;24;2023;9;12;2;3;0;5;0;0;1;1;0;0;0;0;336848,028900000266731;5676194,818299999460578;6,664000236000049;51,213808627000049;1
185218;5230911513130591302;5;1;62;22;2023;9;16;2;2;0;6;0;0;1;1;0;0;0;0;338589,083100000396371;5679186,625499999150634;6,687559211000064;51,241184247000035;1
185219;5230911508000589616;5;1;19;0;2023;9;9;2;2;5;3;0;0;1;1;0;0;0;0;349829,692099999636412;5709166,284800000488758;6,835798352000040;51,513637140000071;1
185220;5230911506100984428;5;1;16;0;2023;9;13;2;3;1;5;0;0;1;1;0;0;0;0;314285,032999999821186;5676369,571000000461936;6,341204530000027;51,208487506000040;1
185221;5230911506100984421;5;1;16;0;2023;9;13;2;2;1;5;0;0;1;1;0;0;0;0;323791,896999999880791;5675231,443499999120831;6,477723510000033;51,201275187000078;1
185230;5230911501316545461;5;1;12;0;2023;9;12;2;1;5;3;0;0;1;1;0;0;0;0;345673,230000000447035;5697144,725999999791384;6,781190719000051;51,404503091000038;1
185232;5230911501212984415;5;1;12;0;2023;9;15;2;2;4;2;0;0;1;1;0;0;0;0;341613,644999999552965;5697081,349999999627471;6,722901850000028;51,402814614000079;1
185234;5230911500300876015;5;1;11;0;2023;9;17;2;3;5;3;0;0;1;1;0;0;0;0;352108,342299999669194;5668167,224899999797344;6,885632273000056;51,145828330000029;1
185235;5230911500300079148;5;1;11;0;2023;9;11;2;3;3;2;0;0;1;0;0;0;0;0;353740,195000000298023;5667063,085000000894070;6,909394095000039;51,136325493000072;1
185239;5230911500100984433;5;1;11;0;2023;9;10;2;3;1;7;0;0;1;1;0;0;0;0;342838,817200000397861;5678063,241800000891089;6,748884495000027;51,232276991000049;1
185243;5230911410230496562;5;7;70;4;2023;9;16;2;3;8;1;0;0;1;0;0;0;0;0;489825,593799999915063;5787472,539400000125170;8,851004179000029;52,237571090000074;1
185244;5230911410110474623;5;7;70;24;2023;9;9;2;3;6;1;0;0;1;0;1;0;0;0;492738,612499999813735;5794932,799699999392033;8,893502241000022;52,304688897000062;1
185247;5230911400200596957;5;7;11;0;2023;9;15;2;3;7;1;0;0;1;0;0;0;0;0;468761,482699999585748;5762509,358999999240041;8,544836904000022;52,012347738000074;1
185249;5230911316300785038;5;9;74;28;2023;9;12;2;3;5;3;0;0;1;1;0;0;0;0;454249,713999999687076;5728836,026000000536442;8,337864441000022;51,708598699000049;1
185251;5230911316100984406;5;9;74;48;2023;9;17;2;3;6;3;0;0;1;0;1;0;0;0;427781,716000000014901;5719008,657600000500679;7,956884820000028;51,617468049000081;1
185252;5230911307000599392;5;9;62;4;2023;9;23;2;3;9;1;2;0;1;0;0;0;0;0;407150,246299999766052;5684438,794600000604987;7,668041315000039;51,303682487000060;1
185253;5230911303100075280;5;9;15;0;2023;9;15;2;3;5;3;0;0;1;1;0;0;0;0;417785,325000000186265;5725680,460999999195337;7,810961001000067;51,676073274000032;1
185254;5230911301101085068;5;9;13;0;2023;9;17;2;3;8;7;0;0;1;1;0;0;0;0;392794,189199999906123;5707561,642699999734759;7,455184873000064;51,509002062000036;1
185259;5230910705000687245;5;5;54;44;2023;9;20;1;2;0;7;2;0;1;0;1;0;0;0;368779,748499999754131;5745286,426899999380112;7,095152284000051;51,842950676000044;1
185260;5230910705000676721;5;5;54;48;2023;9;3;1;3;8;5;2;0;1;1;0;0;0;0;340655,564199999906123;5745472,136800000444055;6,687131765000061;51,837302700000066;1
185263;5230910601500099042;5;3;15;0;2023;9;13;1;3;8;1;0;0;1;0;0;0;0;0;362445,485000000335276;5649803,676000000908971;7,040306536000060;50,983370523000076;1
185264;5230910601200581981;5;3;15;0;2023;9;11;1;3;5;3;0;0;1;1;0;0;0;0;356131,102900000289083;5636634,268200000748038;6,955603330000031;50,863475451000056;1
185265;5230910601100381672;5;3;15;0;2023;9;0;1;3;0;1;2;0;1;0;0;0;0;0;355435,112999999895692;5644316,563599999994040;6,942678901000022;50,932341596000072;1
185266;5230910600380669550;5;3;14;0;2023;9;16;1;3;0;1;0;0;1;0;0;0;0;0;370250,490600000135601;5618322,986999999731779;7,162588900000060;50,702231381000047;1
185270;5230910515110984478;5;1;54;36;2023;9;15;1;2;3;1;0;0;1;0;0;0;0;0;303538,420900000259280;5745521,542600000277162;6,149004074000061;51,825926831000061;1
185275;5230910503100984470;5;1;24;0;2023;9;16;1;3;3;6;0;0;1;1;0;0;0;0;369597,823300000280142;5679430,619400000199676;7,131431083000052;51,251308917000074;1
185276;5230910502405095108;5;1;17;0;2023;9;6;1;3;0;7;2;0;1;0;0;0;0;0;355346,120000000111759;5701773,987999999895692;6,918269265000049;51,448650724000061;1
185277;5230910502339187092;5;1;13;0;2023;9;17;1;3;3;6;0;0;1;0;0;0;0;1;363880,746000000275671;5707361,722999999299645;7,038859535000029;51,500980766000055;1
185278;5230912505200984393;5;1;14;0;2023;9;8;3;3;0;1;0;1;1;0;0;0;0;0;331230,485500000417233;5688902,332599999383092;6,577645653000047;51,326341221000064;1
185281;5230910501222984465;5;1;12;0;2023;9;15;1;3;3;1;0;0;1;0;0;0;0;0;339565,140499999746680;5703093,609500000253320;6,690753450000045;51,456256292000035;1
185282;5230910500200502277;5;1;11;0;2023;9;12;1;3;0;7;0;0;1;0;0;0;0;0;341416,526399999856949;5689420,226999999955297;6,723487846000069;51,333925757000031;1
185283;5230910411224984458;5;7;74;24;2023;9;16;1;2;3;6;0;0;1;0;0;0;0;0;478505,529000000096858;5739163,048299999907613;8,688267032000056;51,802904820000037;1
185284;5230910411132076916;5;7;74;32;2023;9;11;1;2;0;7;0;0;1;0;0;0;0;0;484047,214999999850988;5727618,718000000342727;8,769166655000049;51,699292241000080;1
185285;5230910410260194285;5;7;70;36;2023;9;11;1;2;0;1;0;0;1;0;0;0;0;0;465366,123499999754131;5792344,993100000545382;8,492325230000063;52,280379996000079;1
185286;5230910406220984466;5;7;58;24;2023;9;17;1;3;0;1;0;0;1;0;0;0;0;0;480708,014600000344217;5783386,153999999165535;8,717719079000062;52,200588361000030;1
185287;5230910406110334934;5;7;58;12;2023;9;20;1;3;0;6;1;0;1;1;0;0;0;0;477890,314100000075996;5773615,001299999654293;8,677127293000069;52,112634258000071;1
185288;5230911500100984430;5;1;11;0;2023;9;7;2;3;1;1;0;0;1;0;0;0;1;0;343104,401200000196695;5677954,759800000116229;6,752732979000029;51,231375334000063;1
185289;5230910404101082070;5;7;66;4;2023;9;19;1;3;1;5;1;0;1;0;0;0;0;1;482325,168399999849498;5750821,632600000128150;8,743066048000060;51,907862003000048;1
185290;5230910400200874620;5;7;11;0;2023;9;17;1;3;0;1;0;0;1;0;0;0;0;0;470219,176500000059605;5763653,262000000104308;8,565976148000061;52,022712339000066;1
185291;5230910400200490750;5;7;11;0;2023;9;18;1;3;0;6;0;0;1;0;0;1;0;0;467697,725999999791384;5763655,320000000298023;8,529229782000073;52,022589746000051;1
185304;5230913610211199667;5;3;70;4;2023;9;12;4;3;0;7;0;1;1;0;0;0;0;0;311421,910000000149012;5661683,038100000470877;6,307952213000021;51,075630361000037;1
185306;5230910300400890148;5;9;11;0;2023;9;9;1;2;0;1;0;0;1;0;0;0;0;0;376996,772499999962747;5697621,946299999952316;7,231114623000053;51,416451246000065;1
185307;5230910300000594237;5;9;11;0;2023;9;17;1;3;0;1;0;0;1;0;0;0;0;0;380586,610000000335276;5700579,791899999603629;7,281716879000044;51,443803272000082;1
185309;5230909709300081770;5;5;66;36;2023;9;9;7;3;3;6;0;0;1;0;0;0;0;0;386152,114599999971688;5768361,895400000736117;7,339571182000043;52,054148865000059;1
185310;5230909709110453167;5;5;66;8;2023;9;15;7;3;7;1;0;0;1;0;0;0;0;0;399557,654000000096858;5781478,204800000414252;7,531141922000074;52,174628126000073;1
185311;5230909706300984533;5;5;58;24;2023;9;12;7;3;5;3;0;0;1;0;0;0;0;0;392696,140999999828637;5736940,020999999716878;7,444763359000035;51,773042608000026;1
185313;5230909702100984532;5;5;15;0;2023;9;12;7;3;1;5;0;0;1;1;0;0;0;0;405637,197999999858439;5757166,697000000625849;7,626739964000024;51,957183244000078;1
185315;5230909701400399914;5;5;12;0;2023;9;8;7;3;5;2;0;0;1;1;0;0;0;0;360014,154099999926984;5709349,713899999856949;6,982398937000028;51,517900760000032;1
185317;5230909609132599745;5;3;58;32;2023;9;13;7;3;1;5;0;0;1;1;0;0;0;0;315306,166000000201166;5632623,461999999359250;6,378074371000025;50,815848279000079;1
185319;5230909609112394777;5;3;58;12;2023;9;3;7;3;0;1;2;0;1;0;0;0;0;0;322731,587000000290573;5614296,937000000849366;6,492188741000064;50,653518312000074;1
185320;5230909608436980816;5;3;34;36;2023;9;8;7;3;0;1;0;0;1;0;0;0;0;0;295943,256900000385940;5636771,945000000298023;6,101246096000068;50,846609982000075;1
185321;5230909608332089793;5;3;34;32;2023;9;19;7;3;2;6;0;0;1;0;0;0;0;0;311673,382500000298023;5626851,692700000479817;6,329520158000037;50,762830508000036;1
185325;5230909606100793803;5;3;78;4;2023;9;11;7;3;0;5;0;0;1;1;0;0;0;0;367644,969399999827147;5646817,609899999573827;7,115424893000068;50,957751583000061;1
185326;5230911516500499421;5;1;58;16;2023;9;9;2;3;1;5;0;0;1;1;0;0;0;0;356317,645800000056624;5671256,822699999436736;6,944535530000053;51,174664950000079;1
185327;5230909606100696621;5;3;78;4;2023;9;15;7;2;5;3;0;0;1;1;0;0;0;0;373233,552699999883771;5647363,469699999317527;7,194766203000029;50,963914391000060;1
185328;5230909606100681800;5;3;78;4;2023;9;12;7;3;5;3;0;0;1;1;0;0;0;0;369592,490000000223517;5647821,679099999368191;7,142779649000033;50,967220023000039;1
185331;5230909602700899122;5;3;62;28;2023;9;21;7;2;0;1;2;0;1;0;0;0;0;0;352773,082999999634922;5639864,723999999463558;6,906618203000050;50,891661230000068;1
185332;5230911709110279618;5;5;66;8;2023;9;7;2;3;6;6;0;0;1;0;1;0;0;1;398340,741600000299513;5781584,448300000280142;7,513320536000037;52,175360139000077;1
185333;5230909602600984496;5;3;62;20;2023;9;23;7;3;8;1;2;0;1;0;0;0;0;0;343654,116700000129640;5630666,420099999755621;6,780985864000058;50,806609323000032;1
185335;5230913404101570346;5;7;66;20;2023;9;15;4;3;5;3;0;0;1;1;0;0;0;0;491116,267500000074506;5755308,037499999627471;8,870743382000057;51,948409060000074;1
185340;5230909601700390400;5;3;16;0;2023;9;10;7;3;4;3;0;0;1;1;0;0;0;0;356220,359199999831617;5657403,040999999269843;6,948666372000048;51,050142904000040;1
185342;5230909601400984546;5;3;15;0;2023;9;6;7;2;5;3;0;0;1;1;0;0;0;0;356099,733199999667704;5650129,522399999201298;6,949832235000031;50,984747744000060;1
185343;5230909601400680546;5;3;15;0;2023;9;10;7;3;0;2;0;0;1;0;0;0;0;1;352075,049700000323355;5654727,072000000625849;6,890659302000074;51,025043119000031;1
185348;5230909600140986295;5;3;14;0;2023;9;18;7;3;0;1;0;0;1;0;0;0;0;0;370708,764000000432134;5623784,631100000813603;7,167160124000077;50,751424478000047;1
185350;5230909600110099954;5;3;14;0;2023;9;10;7;3;5;2;0;0;1;1;0;0;0;0;365758,321200000122190;5621446,947799999266863;7,097874541000067;50,729289779000055;1
185352;5230909518200095911;5;1;70;24;2023;9;23;7;2;0;7;2;0;1;0;0;0;0;0;332981,111700000241399;5705043,590900000184774;6,595151890000068;51,471870720000027;1
185355;5230909515000984517;5;1;54;16;2023;9;18;7;3;5;3;0;0;1;1;0;0;0;0;304452,979000000283122;5730879,411000000312924;6,170495932000051;51,694756558000051;1
185356;5230909515000572140;5;1;54;36;2023;9;19;7;3;0;5;0;0;1;1;0;0;0;0;301842,144100000150502;5740561,230599999427795;6,127256367000030;51,780784601000050;1
185357;5230909514220984543;5;1;66;36;2023;9;8;7;3;5;3;0;0;1;1;0;0;0;0;322206,498300000093877;5682408,685200000181794;6,451492169000062;51,265258991000053;1
185358;5230909514111496033;5;1;66;32;2023;9;9;7;3;7;5;0;0;1;1;0;0;0;0;314055,216000000014901;5681319,215900000184774;6,335349815000029;51,252872531000037;1
185368;5230909500300376300;5;1;11;0;2023;9;3;7;3;5;3;2;0;1;1;0;0;0;0;344731,436999999918044;5676154,914000000804663;6,776798228000075;51,215648026000054;1
185369;5230909500300079148;5;1;11;0;2023;9;9;7;3;4;2;0;0;1;1;0;0;0;0;347382,577300000004470;5673299,656099999323487;6,815942775000053;51,190706441000032;1
185371;5230909411128268120;5;7;74;28;2023;9;15;7;3;6;6;0;0;1;0;1;0;0;0;486360,988400000147521;5716621,073899999260902;8,803075152000076;51,600468551000063;1
185372;5230909405116174467;5;7;54;16;2023;9;9;7;3;5;3;0;0;1;1;0;0;0;0;447331,000799999572337;5757333,682800000533462;8,233401538000066;51,964197403000071;1
185379;5230909310140984505;5;9;54;12;2023;9;19;7;3;0;1;0;0;1;0;0;0;0;0;377349,099000000394881;5692919,217000000178814;7,237803931000030;51,374261198000056;1
185381;5230909301202194240;5;9;13;0;2023;9;9;7;3;5;3;0;0;1;1;0;0;0;0;394066,894000000320375;5709506,062000000849366;7,472932773000025;51,526719526000079;1
185385;5230908711400294414;5;5;70;20;2023;9;7;6;3;5;3;0;0;1;1;0;0;0;0;433799,953700000420213;5744213,470599999651313;8,039004308000074;51,844802187000028;1
185388;5230908709500496635;5;5;66;60;2023;9;10;6;3;0;7;0;0;1;1;0;0;0;0;390145,722000000067055;5786609,769999999552965;7,391895109000075;52,218952558000069;1
185393;5230908705000108065;5;5;54;12;2023;9;10;6;3;5;3;0;0;1;1;0;0;0;0;352495,738599999807775;5753135,680700000375509;6,855581634000032;51,909411232000082;1
185395;5230908702100668135;5;5;15;0;2023;9;18;6;2;0;7;0;0;1;0;0;0;0;1;407071,213700000196695;5759855,351900000125170;7,646875046000048;51,981591712000068;1
185397;5230908701910994975;5;5;62;8;2023;9;15;6;3;0;1;0;0;1;0;0;0;0;0;385271,851200000382960;5723603,343499999493361;7,341595378000022;51,651705156000048;1
185399;5230913709000081050;5;5;66;68;2023;9;21;4;2;0;3;2;0;1;0;0;0;0;1;376526,023699999786913;5784890,959799999371171;7,193251172000032;52,200622963000058;1
185402;5230912513110984370;5;1;62;16;2023;9;7;3;3;5;3;1;1;1;1;0;0;0;0;332731,690000000409782;5678266,880000000819564;6,604150527000058;51,231233807000081;1
185405;5230908608100189800;5;3;34;2;2023;9;18;6;3;5;3;0;0;1;1;0;0;0;0;293655,539800000376999;5629814,644500000402331;6,072704575000046;50,783315002000052;1
185406;5230908607500381188;5;3;82;56;2023;9;17;6;3;5;2;0;0;1;1;0;0;0;0;372934,080699999816716;5625553,262800000607967;7,198078971000029;50,767813092000040;1
185407;5230908607400090943;5;3;82;68;2023;9;14;6;3;0;1;0;0;1;0;0;0;0;0;367912,745500000193715;5629290,693900000303984;7,125568234000070;50,800283659000058;1
185408;5230908607200399072;5;3;82;20;2023;9;7;6;3;7;1;0;0;1;0;0;0;0;0;380076,528900000266731;5625897,451999999582767;7,299204727000074;50,772427491000030;1
185413;5230908601600399110;5;3;15;0;2023;9;7;6;3;5;3;0;0;1;1;0;0;0;0;362500,378999999724329;5645157,313999999314547;7,042844004000074;50,941625376000047;1
185414;5230908601400984591;5;3;15;0;2023;9;15;6;3;0;7;0;0;1;0;0;0;0;0;356064,919499999843538;5649067,751599999144673;6,949757025000054;50,975197154000057;1
185416;5230908601400090361;5;3;15;0;2023;9;17;6;3;5;3;0;0;1;1;0;0;0;0;352580,082499999552965;5654039,420900000259280;6,898135199000023;51,018993335000062;1
185418;5230908601300984566;5;3;15;0;2023;9;18;6;3;4;2;0;0;1;1;0;0;0;0;353334,585699999704957;5648155,643600000068545;6,911260773000038;50,966311576000066;1
185419;5230908601300499808;5;3;15;0;2023;9;23;6;2;0;1;2;0;1;0;0;0;0;0;352782,031899999827147;5647215,522299999371171;6,903777559000048;50,957722204000049;1
185420;5230908601300090364;5;3;15;0;2023;9;10;6;3;5;3;0;0;1;1;0;0;0;0;353335,432799999602139;5648155,531300000846386;6,911272874000076;50,966310783000040;1
185421;5230908601200984592;5;3;15;0;2023;9;14;6;2;2;6;0;0;1;0;0;0;1;0;354106,400000000372529;5642726,316600000485778;6,924419307000051;50,917715947000033;1
185422;5230908601200181730;5;3;15;0;2023;9;15;6;3;0;1;0;0;1;0;0;0;0;0;355290,434000000357628;5641893,668999999761581;6,941582750000066;50,910531221000042;1
185423;5230908601100986607;5;3;15;0;2023;9;13;6;3;0;3;0;0;1;0;0;0;0;0;356501,551400000229478;5645337,623199999332428;6,957443061000049;50,941784048000045;1
185425;5230908600360793474;5;3;82;12;2023;9;8;6;3;0;1;0;0;1;0;0;0;0;0;354257,432900000363588;5627418,469399999827147;6,932658599000035;50,780184670000040;1
185426;5230908600360386558;5;3;82;12;2023;9;7;6;3;5;3;0;0;1;1;0;0;0;0;353554,400000000372529;5626909,432000000029802;6,922895873000073;50,775432870000031;1
185427;5230909502401078844;5;1;17;0;2023;9;12;7;2;0;7;0;0;1;0;0;0;0;0;352581,164300000295043;5699566,534499999135733;6,879426609000063;51,428102287000058;1
185429;5230908600140983370;5;3;14;0;2023;9;10;6;3;0;6;0;0;1;0;1;0;0;0;367084,067999999970198;5622921,672000000253320;7,116116873000067;50,742849514000056;1
185431;5230908518310582350;5;1;70;32;2023;9;13;6;3;5;5;0;0;1;1;0;0;0;0;333397,067200000397861;5712981,904300000518560;6,597385295000038;51,543309688000079;1
185432;5230908518200596107;5;1;70;24;2023;9;10;6;3;1;5;0;0;1;1;0;0;0;0;334717,522800000384450;5701779,089400000870228;6,621656140000027;51,443052187000035;1
185433;5230908518100984598;5;1;70;48;2023;9;13;6;3;0;7;0;0;1;0;0;0;0;0;332881,208999999798834;5722325,705000000074506;6,585505456000021;51,627098345000036;1
185434;5230908518100578913;5;1;70;48;2023;9;10;6;3;5;7;0;0;1;1;0;0;0;0;334751,075299999676645;5727941,187599999830127;6,609842040000046;51,678098192000050;1
185435;5230908516900191532;5;1;58;26;2023;9;21;6;2;9;7;2;0;1;0;0;0;0;0;352813,588700000196695;5662307,256200000643730;6,898099578000028;51,093350950000058;1
185436;5230908516800984560;5;1;58;20;2023;9;17;6;3;5;3;0;0;1;1;0;0;0;0;355678,333200000226498;5665093,989499999210238;6,937866522000036;51,119122046000030;1
185438;5230908515000984584;5;1;54;36;2023;9;17;6;3;1;1;0;0;1;0;0;0;0;1;301100,968600000254810;5740291,592900000512600;6,116680476000056;51,778100391000066;1
185439;5230908514218278947;5;1;66;36;2023;9;16;6;3;5;7;0;0;1;1;0;0;0;0;322984,817699999548495;5683981,155600000172853;6,461858254000049;51,279627109000046;1