OID_;UIDENTSTLAE;ULAND;UREGBEZ;UKREIS;UGEMEINDE;UJAHR;UMONAT;USTUNDE;UWOCHENTAG;UKATEGORIE;UART;UTYP1;ULICHTVERH;IstStrassenzustand;IstRad;IstPKW;IstFuss;IstKrad;IstGkfz;IstSonstige;LINREFX;LINREFY;XGCSWGS84;YGCSWGS84;PLST
185725;5230905702100954104;5;5;15;0;2023;9;13;3;3;0;6;0;0;1;0;0;0;0;0;407267,502700000070035;5756489,462999999523163;7,650641354000072;51,951370175000079;1
185728;5230905701120984770;5;5;62;32;2023;9;13;3;3;1;5;0;0;1;1;0;0;0;0;377420,407700000330806;5715825,898099999874830;7,230879109000057;51,580150210000056;1
185729;5230905700000598873;5;5;13;0;2023;9;19;3;3;5;3;0;0;1;1;0;0;0;0;364068,112999999895692;5714515,209000000730157;7,038795812000046;51,565310027000066;1
185734;5230905607200984800;5;3;82;20;2023;9;7;3;3;5;3;0;0;1;1;0;0;0;0;379895,673000000417233;5625697,347400000318885;7,296706318000076;50,770591353000043;1
185735;5230905607200595298;5;3;82;20;2023;9;9;3;3;2;6;0;0;1;1;0;0;0;0;378884,771300000138581;5625999,484500000253320;7,282277285000021;50,773097012000051;1
185736;5230905606700099074;5;3;78;32;2023;9;18;3;3;0;3;0;0;1;1;0;0;0;0;374251,101499999873340;5666293,043400000780821;7,202674153000032;51,134276624000051;1
185737;5230905606100193450;5;3;78;4;2023;9;15;3;3;1;5;0;0;1;1;0;0;0;0;368904,910400000400841;5646451,546599999070168;7,133486544000050;50,954749501000038;1
185738;5230905606100079335;5;3;78;4;2023;9;7;3;3;5;3;0;0;1;1;0;0;0;0;369147,458999999798834;5650030,833000000566244;7,135650075000058;50,986974476000057;1
185742;5230905603116381235;5;3;66;16;2023;9;7;3;3;4;6;0;0;1;0;0;0;0;0;344673,680999999865890;5614261,484999999403954;6,802357211000071;50,659464366000066;1
185748;5230914506100984246;5;1;16;0;2023;9;13;5;2;5;3;0;0;1;1;0;0;0;0;321313,013299999758601;5672067,135600000619888;6,443851813000038;51,172079540000027;1
185753;5230905601600984772;5;3;15;0;2023;9;12;3;3;1;5;0;0;1;1;0;0;0;0;359542,600499999709427;5644935,785700000822544;7,000855801000057;50,938921538000045;1
185756;5230905601600286358;5;3;15;0;2023;9;7;3;3;5;3;0;0;1;0;0;0;1;0;364532,674100000411272;5640265,089900000020862;7,073570939000035;50,898137439000038;1
185757;5230909705000768276;5;5;54;8;2023;9;10;7;3;8;7;0;0;1;1;0;0;0;0;335411,354700000025332;5745244,849300000816584;6,611190977000035;51,833740172000034;1
185760;5230914513210984242;5;1;62;24;2023;9;13;5;3;4;6;0;0;1;0;0;0;0;0;339387,440399999730289;5672885,291400000452995;6,701808526000036;51,184792571000060;1
185761;5230905601300525013;5;3;15;0;2023;9;16;3;2;4;6;0;0;1;0;0;0;0;0;353310,099299999885261;5647932,444000000134110;6,911002297000039;50,964299543000038;1
185764;5230905600140984226;5;3;14;0;2023;9;12;3;3;2;2;0;0;1;1;0;0;0;0;367457,066899999976158;5622268,551100000739098;7,121635462000029;50,737064485000076;1
185765;5230905600120075864;5;3;82;24;2023;9;20;3;2;0;1;1;0;1;0;0;0;0;0;377650,616399999707937;5617378,141499999910593;7,267644053000026;50,695342539000080;1
185766;5230905600110984783;5;3;14;0;2023;9;8;3;2;5;3;0;0;1;1;0;0;0;0;364808,280000000260770;5622665,082399999722838;7,083974237000064;50,740017910000063;1
185768;5230905600110275835;5;3;14;0;2023;9;9;3;3;0;6;0;0;1;0;0;0;0;1;365968,450000000186265;5621721,224999999627471;7,100750484000059;50,731803494000076;1
185769;5230905518400544467;5;1;70;8;2023;9;16;3;3;0;5;0;0;1;1;0;0;0;0;343252,634700000286102;5715015,778899999335408;6,738485161000028;51,564406560000066;1
185770;5230905518400044171;5;1;70;8;2023;9;13;3;3;2;6;0;0;1;1;0;0;0;0;343155,679299999959767;5715013,336999999359250;6,737088574000040;51,564357665000045;1
185771;5230905518210044677;5;1;70;28;2023;9;12;3;3;4;1;0;0;1;0;0;0;0;0;329769,797899999655783;5702468,491200000047684;6,550197860000026;51,447780214000034;1
185772;5230905518100073952;5;1;70;48;2023;9;8;3;3;1;7;0;0;1;1;0;0;0;0;337665,674300000071526;5725684,631799999624491;6,653008700000044;51,658675379000044;1
185773;5230912711100751246;5;5;70;52;2023;9;19;3;3;5;7;1;0;1;1;0;0;0;0;430067,686999999918044;5756629,236999999731779;7,982314599000063;51,955961111000079;1
185774;5230905516700789305;5;1;58;8;2023;9;22;3;3;5;2;2;0;1;1;0;0;0;0;361365,591099999845028;5673158,352399999275804;7,015968484000041;51,192999786000030;1
185775;5230905516500886677;5;1;58;16;2023;9;17;3;3;1;5;0;0;1;1;0;0;0;0;354278,848899999633431;5672064,509899999946356;6,915062349000038;51,181407135000029;1
185776;5230905516300984763;5;1;58;28;2023;9;15;3;3;7;1;0;0;1;0;0;0;0;0;351535,963000000454485;5686160,259999999776483;6,870001574000071;51,307364721000056;1
185777;5230905516300984743;5;1;58;28;2023;9;18;3;3;0;1;0;0;1;0;0;0;0;0;349756,530199999921024;5684824,794600000604987;6,845053742000061;51,294897728000080;1
185778;5230905515211984740;5;1;54;56;2023;9;19;3;2;0;1;0;0;1;0;0;0;0;0;311256,769899999722838;5727172,407800000160933;6,270825663000039;51,663791759000048;1
185779;5230905515211082161;5;1;54;16;2023;9;16;3;3;5;3;0;0;1;0;0;0;0;0;298874,941100000403821;5731898,059200000017881;6,089306838000027;51,701933370000063;1
185780;5230905701700647522;5;5;62;16;2023;9;7;3;3;5;3;0;0;1;1;0;0;0;0;374837,257600000128150;5734330,907099999487400;7,186990446000038;51,745886794000057;1
185782;5230905513210984775;5;1;62;24;2023;9;8;3;3;5;3;0;0;1;1;0;0;0;0;340867,372700000181794;5669873,832399999722838;6,724299632000054;51,158148109000081;1
185783;5230905513210984773;5;1;62;24;2023;9;13;3;3;0;1;0;0;1;0;0;0;0;0;338333,971099999733269;5674540,365399999544024;6,686002583000061;51,199366235000070;1
185785;5230905505200776214;5;1;14;0;2023;9;23;3;3;0;1;2;0;1;0;0;0;0;0;334111,148000000044703;5693735,870500000193715;6,616700288000061;51,370614058000058;1
185787;5230905505100079547;5;1;14;0;2023;9;5;3;2;0;1;2;0;1;0;0;0;0;0;338256,004800000227988;5690435,370799999684095;6,677696192000042;51,342156210000041;1
185790;5230905505100072046;5;1;14;0;2023;9;18;3;3;4;3;0;0;1;1;0;0;0;0;329937,188299999572337;5689005,913100000470877;6,559051501000056;51,326886566000042;1
185792;5230905503400486856;5;1;22;0;2023;9;19;3;2;0;1;0;0;1;0;1;0;0;0;363446,477500000037253;5671863,630899999290705;7,046222074000070;51,181865193000078;1
185795;5230905503200984792;5;1;24;0;2023;9;6;3;3;0;1;0;0;1;0;0;0;0;0;375273,906600000336766;5682570,199200000613928;7,211626649000038;51,280796277000036;1
185808;5230905411132984764;5;7;74;32;2023;9;15;3;3;5;3;0;0;1;1;0;0;0;0;483305,390800000168383;5729844,710000000894070;8,758326087000057;51,719285281000055;1
185809;5230905411132582052;5;7;74;32;2023;9;13;3;3;0;2;0;0;1;1;0;0;0;0;483740,598000000230968;5729935,252000000327826;8,764621933000058;51,720112160000042;1
185810;5230905411132478086;5;7;74;32;2023;9;16;3;2;1;5;0;0;1;0;0;0;0;1;481742,449099999852479;5730448,153300000354648;8,735669297000072;51,724662306000027;1
185811;5230905410220984784;5;7;70;8;2023;9;7;3;3;2;1;0;0;1;1;0;0;0;0;473655,898400000296533;5803142,731399999931455;8,612989788000050;52,377914199000031;1
185813;5230905406110031893;5;7;58;12;2023;9;7;3;3;0;5;0;0;1;1;0;0;0;1;477988,999499999918044;5773471,573699999600649;8,678577666000024;52,111348688000078;1
185814;5230905405152090752;5;7;54;52;2023;9;18;3;3;3;2;0;0;1;0;0;0;0;0;459656,412399999797344;5769091,218900000676513;8,411400755000045;52,070934193000028;1
185816;5230905405108187127;5;7;54;8;2023;9;15;3;3;3;2;0;0;1;1;0;0;0;0;459522,893699999898672;5750310,152200000360608;8,411669572000051;51,902073213000051;1
185819;5230905400200984753;5;7;11;0;2023;9;17;3;3;5;3;0;0;1;1;0;0;0;0;467660,146800000220537;5763941,390300000086427;8,528655091000076;52,025159505000033;1
185820;5230905400200566295;5;7;11;0;2023;9;9;3;3;0;7;0;0;1;0;0;0;0;0;468478,040300000458956;5763811,270199999213219;8,540587241000026;52,024036727000066;1
185824;5230905314210569346;5;9;66;4;2023;9;17;3;3;4;6;0;0;1;1;0;0;0;0;420519,816399999894202;5662750,815400000661612;7,864593025000033;51,110722899000052;1
185825;5230905314130290015;5;9;66;28;2023;9;16;3;3;4;1;0;0;1;0;0;0;0;0;418843,249699999578297;5648523,027699999511242;7,843836945000021;50,982571706000044;1
185829;5230905307000489972;5;9;62;24;2023;9;15;3;3;0;1;0;0;1;0;0;0;0;0;407722,585500000044703;5691967,657700000330806;7,674298243000067;51,371456829000067;1
185833;5230912411132984373;5;7;74;32;2023;9;15;3;3;0;7;0;0;1;0;0;0;0;0;485554,869500000029802;5730673,510900000110269;8,790855279000027;51,726799756000048;1
185834;5230905301304294376;5;9;13;0;2023;9;14;3;3;5;3;0;0;1;1;0;0;0;0;395148,949199999682605;5708725,082100000232458;7,488757589000045;51,519901597000057;1
185835;5230905301303353892;5;9;13;0;2023;9;4;3;3;7;7;2;0;1;0;0;0;0;0;401366,248999999836087;5704488,816999999806285;7,579522942000040;51,482941972000049;1
185837;5230905301202584932;5;9;13;0;2023;9;17;3;3;0;3;0;0;1;1;0;0;0;0;391348,912899999879301;5710239,311200000345707;7,433541346000027;51,532793777000052;1
185838;5230905301101085522;5;9;13;0;2023;9;8;3;3;0;5;0;0;1;1;0;0;0;0;393185,737499999813735;5707668,919600000604987;7,460792315000049;51,510040471000082;1
185841;5230905300500572047;5;9;11;0;2023;9;15;3;2;0;3;0;0;1;1;0;0;0;0;376927,932199999690056;5701811,340199999511242;7,228669087000071;51,454088610000042;1
185843;5230905300100490003;5;9;11;0;2023;9;9;3;3;3;7;0;0;1;1;0;0;0;0;375508,747100000269711;5704143,473899999633431;7,207432684000025;51,474738101000071;1
185845;5230904711300984811;5;5;70;8;2023;9;15;2;3;1;5;0;0;1;1;0;0;0;0;432767,760200000368059;5739621,169299999251962;8,024914569000032;51,803394395000055;1
185847;5230904709500538807;5;5;66;76;2023;9;7;2;3;1;1;0;0;1;1;0;0;0;0;396029,728400000371039;5787288,588400000706315;7,477785794000056;52,226195338000082;1
185848;5230904709500376744;5;5;66;76;2023;9;15;2;3;0;7;0;0;1;0;1;0;0;0;394275,263500000350177;5794791,962400000542402;7,449758857000063;52,293296198000064;1
185850;5230904702100857493;5;5;15;0;2023;9;14;2;2;4;6;0;0;1;0;0;0;0;0;404633,584300000220537;5755421,628100000321865;7,612623187000054;51,941326655000069;1
185852;5230904702100081074;5;5;15;0;2023;9;12;2;2;0;7;0;0;1;0;1;0;0;0;405366,808799999766052;5759324,879699999466538;7,622211405000030;51,976535922000039;1
185853;5230904701610689700;5;5;62;12;2023;9;18;2;3;5;3;0;0;1;1;0;0;0;0;360422,591000000014901;5726147,729199999943376;6,981600010000022;51,668949095000073;1
185855;5230904701400065430;5;5;12;0;2023;9;19;2;3;5;2;0;0;1;1;0;0;0;0;357421,308199999853969;5711306,400599999353290;6,944262194000032;51,534834873000079;1
185856;5230904701300565430;5;5;62;14;2023;9;14;2;3;1;5;0;0;1;1;0;0;0;0;359918,282999999821186;5717864,676000000908971;6,977626165000061;51,594392821000042;1
185857;5230906502406095140;5;1;17;0;2023;9;7;4;3;5;3;0;0;1;1;0;0;0;0;353922,149899999611080;5699355,278500000014901;6,898789363000049;51,426551232000065;1
185859;5230904609108085865;5;3;58;8;2023;9;7;2;3;5;2;0;0;1;1;0;0;0;0;322341,091000000014901;5630858,396999999880791;6,478691567000055;50,802191392000054;1
185860;5230904608200787716;5;3;34;2;2023;9;16;2;3;5;3;0;0;1;1;0;0;0;0;296624,885999999940395;5629038,926300000399351;6,115200687000026;50,777396893000059;1
185862;5230904606700095812;5;3;78;32;2023;9;13;2;3;4;6;0;0;1;1;0;0;0;0;379847,602199999615550;5663170,978000000119209;7,283665851000023;51,107416318000048;1
185866;5230904606100481800;5;3;78;4;2023;9;5;2;3;0;1;2;0;1;0;0;0;0;0;367522,758899999782443;5649943,036199999973178;7,112547174000042;50,985813778000079;1
185867;5230904605104486386;5;3;74;4;2023;9;20;2;3;5;3;2;0;1;1;0;0;0;0;406334,067999999970198;5653470,055999999865890;7,664402189000043;51,025146431000053;1
185868;5230904603104726000;5;3;66;4;2023;9;13;2;2;8;1;0;0;1;0;0;0;0;0;341547,769000000320375;5602927,099600000306964;6,763002988000039;50,556768868000063;1
185872;5230904601300486376;5;3;15;0;2023;9;16;2;3;0;7;0;0;1;0;0;0;0;0;354530,867100000381470;5645745,881799999624491;6,929248750000056;50,944959124000036;1
185873;5230904601300099016;5;3;15;0;2023;9;12;2;3;5;3;0;0;1;1;0;0;0;0;351597,941999999806285;5650140,457000000402331;6,885736109000050;50,983703182000056;1
185874;5230904601300086376;5;3;15;0;2023;9;20;2;3;0;7;2;0;1;0;0;0;0;0;354112,552899999544024;5646627,879599999636412;6,922944865000034;50,952779641000063;1
185875;5230904601200984823;5;3;15;0;2023;9;11;2;3;5;2;0;0;1;1;0;0;0;0;355165,850899999961257;5641978,820199999958277;6,939778049000040;50,911265212000046;1
185876;5230904600370078271;5;3;82;4;2023;9;17;2;3;5;3;0;0;1;0;0;0;0;0;360712,442800000309944;5618088,526000000536442;7,027689384000041;50,697917693000079;1
185879;5230904600110834130;5;3;14;0;2023;9;16;2;3;5;3;0;0;1;0;0;0;0;1;364964,780000000260770;5624406,946000000461936;7,085552323000059;50,755709963000072;1
185880;5230904518300682180;5;1;70;20;2023;9;16;2;3;0;5;0;0;1;0;0;0;0;0;329444,150700000114739;5709383,701999999582767;6,542177326000058;51,509804977000044;1
185883;5230904516500186840;5;1;58;16;2023;9;15;2;3;5;3;0;0;1;1;0;0;0;0;355596,582399999722838;5671836,531899999827147;6,933994529000074;51,179692803000080;1
185884;5230904516200986838;5;1;58;12;2023;9;18;2;3;0;1;0;0;1;0;0;0;0;0;358058,554899999871850;5687948,615199999883771;6,962803658000041;51,325099573000045;1
185885;5230904516200984830;5;1;58;12;2023;9;9;2;3;0;1;0;0;1;0;0;0;0;0;358301,837100000120699;5687384,088199999183416;6,966517405000047;51,320087206000039;1
185886;5230904515111093862;5;1;54;44;2023;9;16;2;3;0;1;0;0;1;0;0;0;0;0;324885,869800000451505;5738720,909099999815226;6,461878175000038;51,771939185000065;1
185889;5230904514210595880;5;1;66;12;2023;9;14;2;2;0;7;0;0;1;0;0;0;0;0;319923,087199999950826;5692644,094100000336766;6,413629745000037;51,356485591000080;1
185890;5230904514210385930;5;1;66;12;2023;9;13;2;3;5;3;0;0;1;1;0;0;0;0;320450,942999999970198;5694512,125700000673532;6,420259622000060;51,373432822000041;1
185893;5230904513210695734;5;1;62;24;2023;9;21;2;3;1;1;2;0;1;0;0;0;1;0;337811,978099999949336;5675049,577700000256300;6,678307532000076;51,203793470000051;1
185894;5230904513130287464;5;1;62;22;2023;9;7;2;3;5;3;0;0;1;1;0;0;0;0;339366,037600000388920;5679701,137299999594688;6,698449710000034;51,246026356000073;1
185897;5230904505200091471;5;1;14;0;2023;9;17;2;3;5;3;0;0;1;1;0;0;0;0;330067,031100000254810;5690473,610899999737740;6,560213196000063;51,340110917000061;1
185898;5230904505100696076;5;1;14;0;2023;9;7;2;3;0;7;0;0;1;0;0;0;0;0;329796,160699999891222;5686992,912799999117851;6,557990224000037;51,308759927000040;1
185902;5230910711200984447;5;5;70;4;2023;9;23;1;3;0;1;2;0;1;0;0;0;0;0;423788,539900000207126;5735370,106000000610948;7,895644947000051;51,764027137000028;1
185904;5230904502400089562;5;1;17;0;2023;9;13;2;3;4;6;0;0;1;0;0;0;0;0;352879,130400000140071;5699858,819199999794364;6,883588222000071;51,430806101000030;1
185905;5230904502338891623;5;1;13;0;2023;9;15;2;3;0;6;0;0;1;0;0;0;0;1;363193,317999999970198;5704043,391000000759959;7,030247427000063;51,470994851000057;1
185907;5230904502103091768;5;1;13;0;2023;9;9;2;3;0;7;0;0;1;1;0;0;0;0;362010,927000000141561;5703233,301000000908971;7,013550483000074;51,463427973000080;1
185908;5230909501126984515;5;1;12;0;2023;9;17;7;3;0;5;0;0;1;1;0;0;0;0;345788,986999999731779;5704845,803700000047684;6,779499346000023;51,473729322000054;1
185910;5230912506100984374;5;1;16;0;2023;9;13;3;3;0;1;0;1;1;0;0;0;0;0;314496,423999999649823;5669236,726999999955297;6,347908397000026;51,144484908000038;1
185913;5230904501223277497;5;1;12;0;2023;9;14;2;3;5;2;0;0;1;1;0;0;0;0;338698,474999999627471;5703059,100099999457598;6,678305669000054;51,455699995000032;1
185917;5230905601500572531;5;3;15;0;2023;9;18;3;3;0;1;0;0;1;0;0;0;0;0;358281,758299999870360;5643017,829199999570847;6,983667604000061;50,921376304000034;1
185918;5230904500200550582;5;1;11;0;2023;9;12;2;3;0;1;0;0;1;1;0;0;0;0;345172,237999999895692;5678980,993000000715256;6,781883747000052;51,241161185000067;1
185920;5230904500200001792;5;1;11;0;2023;9;16;2;3;6;4;0;0;1;1;1;0;0;0;346453,766499999910593;5677402,073999999091029;6,800905540000031;51,227320154000040;1
185923;5230904411132984825;5;7;74;32;2023;9;11;2;3;8;7;0;0;1;0;0;0;0;0;482874,292600000277162;5731192,106699999421835;8,752019227000062;51,731387124000037;1
185925;5230904405244256392;5;7;54;44;2023;9;14;2;3;1;5;0;0;1;1;0;0;0;0;465607,932000000029802;5748228,589299999177456;8,500318616000072;51,883767209000041;1
185926;5230904405236987040;5;7;54;36;2023;9;12;2;3;5;3;0;0;1;1;0;0;0;0;472647,451999999582767;5752365,960000000894070;8,602264218000073;51,921355693000066;1
185927;5230904405228081503;5;7;54;28;2023;9;15;2;3;5;2;0;0;1;0;0;0;0;0;450540,374099999666214;5744623,691800000146031;8,281934535000062;51,850224411000056;1
185930;5230904400200506717;5;7;11;0;2023;9;19;2;3;0;5;0;0;1;1;0;0;0;0;468291,622700000181794;5762876,982000000774860;8,537956969000049;52,015626257000065;1
185931;5230904317250718568;5;9;78;32;2023;9;13;2;3;5;3;0;0;1;1;0;0;0;0;394349,898799999617040;5724992,758099999278784;7,472346944000037;51,665973011000062;1
185933;5230904317220389243;5;9;78;4;2023;9;20;2;3;5;3;1;0;1;1;0;0;0;0;405709,852900000289083;5719353,416699999943376;7,638073441000074;51,617302433000077;1
185934;5230904316200984801;5;9;74;52;2023;9;19;2;3;0;7;0;0;1;0;0;0;0;0;422383,840200000442564;5711839,520600000396371;7,880518953000035;51,552299896000079;1
185937;5230904313110182032;5;9;58;4;2023;9;18;2;3;0;1;0;0;1;0;0;0;0;0;434140,306800000369549;5696397,394899999722838;8,052939143000060;51,414962219000074;1
185939;5230904302100984803;5;9;14;0;2023;9;18;2;2;0;7;0;0;1;0;0;0;0;0;397055,023000000044703;5693294,387000000104308;7,520710505000068;51,381548875000078;1
185940;5230904301102886862;5;9;13;0;2023;9;14;2;3;0;7;0;0;1;0;0;0;0;0;395204,309100000187755;5705100,685300000011921;7,490632103000053;51,487333629000034;1
185942;5230904300700054100;5;9;16;0;2023;9;7;2;3;2;6;0;0;1;1;0;0;0;0;372704,550599999725819;5708544,001099999994040;7,165489361000027;51,513662201000045;1
185943;5230904300100984820;5;9;11;0;2023;9;12;2;3;0;7;0;0;1;0;0;0;0;0;376386,042000000365078;5704888,142400000244379;7,219797800000038;51,481623117000026;1
185946;5230903711200991770;5;5;70;4;2023;9;21;1;3;9;1;1;0;1;0;0;0;0;0;425188,110799999907613;5735257,164599999785423;7,915946034000058;51,763200583000071;1
185947;5230903709700984868;5;5;66;28;2023;9;6;1;3;0;1;1;0;1;0;0;0;0;0;411456,917600000277162;5793344,297000000253320;7,701996801000064;52,283322068000075;1
185948;5230904608416089897;5;3;34;16;2023;9;19;2;3;0;1;0;0;1;0;0;0;0;0;293127,773699999786913;5636290,466800000518560;6,061578052000073;50,841286140000079;1
185950;5230903706300794956;5;5;58;24;2023;9;18;1;2;0;1;0;0;1;0;0;0;0;0;393941,631000000052154;5736701,066999999806285;7,462881125000024;51,771132251000040;1
185953;5230903610222089914;5;3;70;36;2023;9;15;1;3;8;1;0;0;1;0;0;0;0;0;300875,280299999751151;5666269,381500000134110;6,155058516000054;51,113259521000032;1
185954;5230904601300023836;5;3;15;0;2023;9;19;2;3;1;5;0;0;1;1;0;0;0;0;353594,045500000007451;5647719,390399999916553;6,915128816000049;50,962457143000051;1
185956;5230903608200973695;5;3;34;2;2023;9;16;1;3;0;1;0;0;1;0;0;0;0;0;297214,593500000424683;5621945,175899999216199;6,127458615000023;50,713890364000065;1
185958;5230903606100984865;5;3;78;4;2023;9;10;1;2;0;1;0;0;1;0;0;0;0;0;370395,850899999961257;5651958,497500000521541;7,152738906000025;51,004582426000070;1
185959;5230903605112586070;5;3;74;12;2023;9;16;1;3;0;7;0;0;1;0;0;0;0;0;406413,649000000208616;5657558,884999999776483;7,664479939000046;51,061917923000067;1
185960;5230903602250885827;5;3;62;16;2023;9;12;1;3;0;1;0;0;1;0;0;0;0;0;327466,371000000275671;5645344,502000000327826;6,544524720000027;50,933889926000063;1
185964;5230903601400790320;5;3;15;0;2023;9;14;1;3;0;4;0;0;1;0;1;0;0;0;355131,249400000087917;5648401,384800000116229;6,936732279000069;50,968974601000070;1
185966;5230903601200981833;5;3;15;0;2023;9;12;1;3;0;6;0;0;1;1;0;0;0;0;357674,082299999892712;5637331,556800000369549;6,977243329000032;50,870123937000074;1
185967;5230903601200826637;5;3;15;0;2023;9;15;1;2;0;1;0;0;1;0;0;0;0;0;353817,455299999564886;5642287,734799999743700;6,920487214000048;50,913701420000052;1
185968;5230903600370093492;5;3;82;4;2023;9;3;1;2;0;1;2;0;1;0;0;0;0;0;359998,469200000166893;5621455,128200000151992;7,016308839000033;50,728003775000047;1
185969;5230913602900515446;5;3;62;40;2023;9;15;4;3;1;3;0;0;1;1;0;0;0;0;357227,559100000187755;5631838,539699999615550;6,973042605000046;50,820647522000058;1
185971;5230903600140776536;5;3;14;0;2023;9;16;1;3;6;4;0;0;1;0;1;0;0;0;369625,890200000256300;5621038,745200000703335;7,152789207000069;50,726501632000065;1
185973;5230903516900983372;5;1;58;26;2023;9;22;1;3;5;2;2;0;1;1;0;0;0;0;352373,047100000083447;5665411,707800000905991;6,890542923000055;51,121135057000060;1
185974;5230903515212552568;5;1;54;32;2023;9;21;1;3;0;1;2;0;1;0;0;0;0;0;308353,722599999979138;5718216,485799999907613;6,233799793000060;51,582375957000068;1
185975;5230903514119591470;5;1;66;16;2023;9;16;1;3;5;2;0;0;1;0;0;1;0;0;308519,369599999859929;5688004,496099999174476;6,252532969000072;51,311086228000079;1
185976;5230903513320290205;5;1;62;4;2023;9;12;1;3;5;3;0;0;1;1;0;0;0;0;347718,861600000411272;5663998,883600000292063;6,824685791000036;51,107221530000061;1
185977;5230903513310986930;5;1;62;8;2023;9;15;1;3;5;3;0;0;1;0;0;0;0;0;337910,560300000011921;5665979,359300000593066;6,683804563000024;51,122326618000045;1
185979;5230903513310490915;5;1;62;8;2023;9;14;1;3;0;7;0;0;1;0;0;0;0;0;331452,686499999836087;5662486,770099999383092;6,593240701000070;51,089084472000081;1
185980;5230903513130799180;5;1;62;22;2023;9;18;1;3;5;2;0;0;1;0;0;0;0;1;339214,745099999941885;5679846,433800000697374;6,696218625000029;51,247289196000054;1
185987;5230928505200396118;5;1;14;0;2023;9;8;5;3;5;2;0;0;1;1;0;0;0;0;329084,425099999643862;5689296,314799999818206;6,546684331000051;51,329239854000036;1
185995;5230928501320983510;5;1;12;0;2023;9;15;5;3;2;2;0;0;1;0;0;0;0;0;338803,042999999597669;5691629,035000000149012;6,685003011000049;51,353036211000074;1
185996;5230928501125983508;5;1;12;0;2023;9;15;5;2;0;7;0;0;1;0;0;0;0;0;344099,570600000210106;5703159,748700000345707;6,755936791000067;51,458117355000070;1
186000;5230928411132482114;5;7;74;32;2023;9;10;5;2;0;1;0;0;1;0;0;0;0;0;478277,630900000222027;5726308,139200000092387;8,685764810000023;51,687314765000053;1
186001;5230928404302983500;5;7;66;48;2023;9;17;5;3;5;3;0;0;1;1;0;0;0;0;477236,157999999821186;5758536,257400000467896;8,668578980000063;51,977038667000045;1
186002;5230928400200983525;5;7;11;0;2023;9;14;5;3;5;3;0;0;1;1;0;0;0;0;468427,116899999789894;5764754,713700000196695;8,539758022000058;52,032515977000060;1
186003;5230928400100983500;5;7;11;0;2023;9;18;5;3;4;6;0;0;1;0;0;0;0;0;468338,827999999746680;5764770,471000000834465;8,538469610000050;52,032652611000060;1
186004;5230928316500870400;5;9;74;20;2023;9;7;5;3;0;1;0;0;1;0;0;0;0;0;465742,393199999816716;5720553,929700000211596;8,505000427000027;51,634952882000050;1
186005;5230928316300177856;5;9;74;28;2023;9;7;5;3;3;6;0;0;1;1;0;0;0;0;453918,315499999560416;5724046,943800000473857;8,333700944000043;51,665513748000080;1
186007;5230928313212178062;5;9;58;36;2023;9;16;5;3;0;1;0;0;1;0;0;0;0;0;464669,457000000402331;5688855,503000000491738;8,492671398000027;51,349873764000051;1
186010;5230928300800293723;5;9;54;36;2023;9;9;5;3;5;3;0;0;1;1;0;0;0;0;384423,981100000441074;5700366,046299999579787;7,336978601000055;51,442678220000062;1
186012;5230928300600696688;5;9;16;0;2023;9;16;5;3;1;5;0;0;1;1;0;0;0;0;376869,754200000315905;5711548,213199999183416;7,224434207000058;51,541585306000059;1
186016;5230927709500079231;5;5;66;76;2023;9;15;4;3;4;5;0;0;1;1;0;0;0;0;394500,065899999812245;5791175,212600000202656;7,454185383000038;52,260834753000040;1
186017;5230927706200070571;5;5;58;8;2023;9;20;4;3;2;6;1;0;1;0;0;1;0;0;381847,664200000464916;5760370,106599999591708;7,279580558000021;51,981426690000035;1
186019;5230927705000582336;5;5;54;8;2023;9;13;4;3;5;2;0;0;1;1;0;0;0;0;335677,620699999853969;5745369,385700000450015;6,614992761000053;51,834937324000066;1
186020;5230927705000420881;5;5;54;20;2023;9;7;4;3;5;3;0;0;1;1;0;0;0;0;365052,863699999637902;5785648,334699999541044;7,025170367000044;52,204739214000028;1
186021;5230927702100983568;5;5;15;0;2023;9;13;4;3;0;1;0;0;1;0;0;0;0;0;405424,930700000375509;5757588,560100000351667;7,623535659000026;51,960939067000027;1
186025;5230927610222585855;5;3;70;36;2023;9;15;4;3;5;3;0;0;1;1;0;0;0;0;300818,492700000293553;5664480,655099999159575;6,155235318000052;51,097174808000034;1
186028;5230927609220983560;5;3;58;20;2023;9;16;4;3;0;1;0;0;1;0;0;0;0;0;314385,051300000399351;5636621,940899999812245;6,362988275000021;50,851473101000067;1
186029;5230927608200886645;5;3;34;2;2023;9;18;4;3;3;5;0;0;1;1;0;0;0;0;298417,221499999985099;5628899,494699999690056;6,140666774000067;50,776770240000076;1
186030;5230927608200189887;5;3;34;2;2023;9;18;4;3;0;7;0;0;1;0;0;0;0;0;302652,559600000269711;5621361,752900000661612;6,204702497000028;50,710521441000026;1
186031;5230927608100599600;5;3;34;2;2023;9;15;4;3;1;3;0;0;1;1;0;0;0;0;295901,460099999792874;5626673,663799999281764;6,106264938000038;50,755899480000039;1
186032;5230927607400050903;5;3;82;44;2023;9;13;4;3;5;2;0;0;1;1;0;0;0;0;359265,091000000014901;5632550,775000000372529;7,001677440000037;50,827547389000074;1