OID_;UIDENTSTLAE;ULAND;UREGBEZ;UKREIS;UGEMEINDE;UJAHR;UMONAT;USTUNDE;UWOCHENTAG;UKATEGORIE;UART;UTYP1;ULICHTVERH;IstStrassenzustand;IstRad;IstPKW;IstFuss;IstKrad;IstGkfz;IstSonstige;LINREFX;LINREFY;XGCSWGS84;YGCSWGS84;PLST
186033;5230927606100983548;5;3;78;4;2023;9;17;4;3;0;3;0;0;1;1;0;0;0;0;372772,819299999624491;5649863,453600000590086;7,187333743000067;50,986282773000028;1
186035;5230927602600983584;5;3;62;20;2023;9;7;4;3;5;3;0;0;1;1;0;0;0;0;341080,780000000260770;5634418,152000000700355;6,742866927000023;50,839621477000037;1
186036;5230927601400983388;5;3;15;0;2023;9;11;4;3;0;5;0;0;1;1;0;0;0;0;355499,205000000074506;5647205,913399999961257;6,942444009000042;50,958323620000044;1
186037;5230927601400253987;5;3;15;0;2023;9;12;4;2;0;5;0;0;1;1;0;0;0;0;355700,144299999810755;5649907,656199999153614;6,944231247000062;50,982653874000050;1
186040;5230927601300381753;5;3;15;0;2023;9;18;4;3;5;2;0;0;1;1;0;0;0;0;354772,473000000230968;5646908,615000000223517;6,932221841000057;50,955469191000077;1
186042;5230927600380586272;5;3;14;0;2023;9;14;4;3;5;7;0;0;1;1;0;0;0;0;370835,721300000324845;5617042,123800000175834;7,171319845000028;50,690848784000082;1
186045;5230927600330786241;5;3;82;48;2023;9;7;4;3;0;1;0;0;1;0;0;0;0;0;354604,825400000438094;5610365,148099999874830;6,944297742000060;50,627011176000053;1
186046;5230927600140075603;5;3;14;0;2023;9;11;4;2;5;3;0;0;1;0;0;0;1;0;368553,771999999880791;5622602,889000000432134;7,137049627000067;50,740318824000042;1
186050;5230927514217186194;5;1;66;36;2023;9;18;4;3;7;1;0;0;1;0;0;0;0;0;328236,821200000122190;5682484,227800000458956;6,537807935000046;51,267786639000064;1
186051;5230927514119385821;5;1;66;16;2023;9;10;4;3;0;3;0;0;1;1;0;0;0;0;307972,502000000327826;5686345,395999999716878;6,245588708000071;51,296000559000049;1
186053;5230927513310685980;5;1;62;8;2023;9;16;4;3;5;3;0;0;1;0;0;0;0;1;329852,020200000144541;5661875,456599999219179;6,570693879000032;51,083119701000044;1
186057;5230927503400848451;5;1;22;0;2023;9;13;4;3;1;3;0;0;1;1;0;0;0;0;363411,587700000032783;5671846,250099999830127;7,045729797000035;51,181700657000079;1
186066;5230927500200545454;5;1;11;0;2023;9;12;4;3;3;2;0;0;1;1;0;0;0;0;348029,234100000001490;5682427,055800000205636;6,821318260000055;51,272894343000075;1
186068;5230927500200050580;5;1;11;0;2023;9;8;4;3;5;3;0;0;1;1;0;0;0;0;347328,370099999941885;5676811,126900000497699;6,813673541000071;51,222244750000073;1
186069;5230927500100074068;5;1;11;0;2023;9;10;4;3;5;5;0;0;1;1;0;0;0;0;345885,676099999807775;5675746,230000000447035;6,793487535000054;51,212288489000059;1
186071;5230927411132983587;5;7;74;32;2023;9;8;4;3;5;2;0;0;1;1;0;0;0;0;483440,529000000096858;5730470,647600000724196;8,760252587000025;51,724917285000060;1
186072;5230927410110589300;5;7;70;24;2023;9;9;4;3;0;7;0;0;1;1;0;0;0;0;493379,641300000250340;5793074,071000000461936;8,902940290000060;52,287986115000081;1
186073;5230927405112983564;5;7;54;12;2023;9;16;4;3;5;3;0;0;1;0;0;0;0;1;456647,124699999578297;5767297,457000000402331;8,367726825000034;52,054580302000033;1
186075;5230927400200983583;5;7;11;0;2023;9;8;4;3;0;2;0;0;1;0;0;0;0;0;468466,760200000368059;5763708,569599999114871;8,540432310000028;52,023112742000080;1
186076;5230927400200983551;5;7;11;0;2023;9;15;4;3;5;3;0;0;1;0;0;0;0;1;476320,686499999836087;5766437,612999999895692;8,654704401000060;52,048039726000070;1
186079;5230927317240685065;5;9;78;40;2023;9;20;4;3;5;3;2;0;1;1;0;0;0;0;404076,976099999621511;5724250,235700000077486;7,613153287000046;51,661043439000082;1
186080;5230927316300690687;5;9;74;16;2023;9;12;4;3;5;3;0;0;1;1;0;0;0;0;455302,651999999769032;5718642,746300000697374;8,354406179000023;51,617036778000056;1
186081;5230927315110380410;5;9;70;40;2023;9;23;4;3;7;1;2;0;1;1;0;0;0;0;428560,085799999535084;5631997,110899999737740;7,985473936000062;50,835271347000059;1
186084;5230927303100573330;5;9;15;0;2023;9;13;4;3;4;2;0;0;1;1;0;0;0;0;420163,127899999730289;5723177,793600000441074;7,845914440000058;51,653918205000082;1
186088;5230926711300190830;5;5;70;8;2023;9;9;3;3;5;3;0;0;1;1;0;0;0;0;432743,065700000151992;5735078,444599999114871;8,025436885000033;51,762552380000045;1
186091;5230926709500079231;5;5;66;76;2023;9;5;3;3;4;6;2;0;1;0;0;0;0;0;393414,781999999657273;5793119,160000000149012;7,437675700000057;52,278096177000066;1
186092;5230926709300681015;5;5;66;84;2023;9;11;3;3;5;3;0;0;1;1;0;0;0;0;386344,373200000263751;5778058,216900000348687;7,339139874000068;52,141329512000027;1
186093;5230926709110176670;5;5;66;12;2023;9;11;3;3;0;1;0;0;1;1;0;0;0;0;405635,303299999795854;5772282,248099999502301;7,622544089000030;52,093046442000059;1
186094;5230926706200983623;5;5;58;40;2023;9;13;3;3;1;1;0;0;1;0;0;0;0;1;377179,099299999885261;5764319,477900000289083;7,210221358000069;52,015905623000037;1
186096;5230926702100472447;5;5;15;0;2023;9;15;3;3;5;3;0;0;1;1;0;0;0;0;405433,079900000244379;5751955,453800000250340;7,625202869000020;51,910307481000075;1
186099;5230926609108977064;5;3;58;8;2023;9;16;3;3;4;1;0;0;1;1;0;0;0;0;319217,376000000163913;5630553,175000000745058;6,434557554000037;50,798483277000059;1
186100;5230926608200071695;5;3;34;2;2023;9;17;3;3;0;3;0;0;1;1;0;0;0;0;298544,243300000205636;5626471,195599999278784;6,143795418000025;50,755004178000036;1
186101;5230926608100585867;5;3;34;2;2023;9;15;3;3;0;1;0;0;1;0;0;0;0;0;292814,038099999539554;5629170,423299999907613;6,061146365000070;50,777229228000067;1
186102;5230926608100564213;5;3;34;2;2023;9;15;3;2;6;4;0;0;1;0;1;0;0;0;293785,390499999746680;5627033,853599999099970;6,076102775000038;50,758386548000033;1
186104;5230926607500181188;5;3;82;56;2023;9;9;3;3;5;3;0;0;1;1;0;0;0;0;370525,830099999904633;5628083,199999999254942;7,163055213000064;50,790020241000036;1
186109;5230926605144983605;5;3;74;44;2023;9;16;3;3;2;6;0;0;1;1;0;0;0;0;405370,669300000183284;5638036,050699999555945;7,654681859000050;50,886235695000039;1
186110;5230926605132999883;5;3;74;32;2023;9;17;3;3;0;1;0;0;1;0;0;0;0;0;397364,947900000028312;5636470,518600000068545;7,541344225000046;50,870795026000053;1
186113;5230926601600067830;5;3;15;0;2023;9;20;3;3;0;1;2;0;1;0;0;0;0;0;364687,376899999566376;5639721,794299999251962;7,075970865000045;50,893290795000041;1
186115;5230926601500614042;5;3;15;0;2023;9;9;3;3;0;1;0;0;1;0;0;0;0;0;360562,493999999947846;5648514,661900000646710;7,013991726000029;50,971333019000042;1
186116;5230926601400590560;5;3;15;0;2023;9;8;3;3;5;3;0;0;1;1;0;0;0;0;352469,651200000196695;5654807,191500000655651;6,896249468000065;51,025864505000072;1
186117;5230926601300983620;5;3;15;0;2023;9;15;3;3;4;2;0;0;1;1;0;0;0;0;352975,980000000447035;5646967,266000000759959;6,906637475000025;50,955540750000068;1
186120;5230926518200244730;5;1;70;24;2023;9;12;3;3;5;3;0;0;1;1;0;0;0;0;336597,273000000044703;5702203,403999999165535;6,648484416000031;51,447409715000049;1
186121;5230926516800086395;5;1;58;20;2023;9;10;3;3;5;3;0;0;1;1;0;0;0;0;356415,853799999691546;5663766,275499999523163;6,948925783000050;51,107375767000065;1
186123;5230926514110589760;5;1;66;32;2023;9;21;3;3;1;5;2;0;1;1;0;0;0;0;317581,808299999684095;5681870,563799999654293;6,385548991000064;51,258964079000066;1
186131;5230926503100973797;5;1;24;0;2023;9;14;3;3;0;7;2;0;1;0;0;0;0;0;371254,729000000283122;5681245,173000000417233;7,154506946000026;51,267993574000059;1
186133;5230926502146695094;5;1;13;0;2023;9;14;3;3;1;7;0;0;1;1;0;0;0;0;367860,777700000442564;5699807,909099999815226;7,098991438000041;51,434040514000060;1
186134;5230926502101091451;5;1;13;0;2023;9;14;3;3;0;7;0;0;1;0;0;0;1;0;361652,766999999992549;5702257,997999999672174;7,008779419000064;51,454576120000070;1
186135;5230926501313983625;5;1;12;0;2023;9;13;3;3;4;2;0;0;1;1;0;0;0;0;342817,530100000090897;5700969,226700000464916;6,738471220000065;51,438081462000071;1
186136;5230926501126782374;5;1;12;0;2023;9;6;3;3;8;7;2;0;1;0;0;0;0;0;345536,860999999567866;5703379,330000000074506;6,776512713000045;51,460484283000028;1
186139;5230926500300000910;5;1;11;0;2023;9;15;3;3;0;1;0;0;1;0;0;0;0;0;348182,851999999955297;5671982,970000000670552;6,827942808000046;51,179088179000075;1
186141;5230926411112983627;5;7;74;32;2023;9;12;3;3;5;2;0;0;1;1;0;0;0;0;483302,885999999940395;5730227,672000000253320;8,758271467000043;51,722728535000044;1
186142;5230926407320039498;5;7;62;12;2023;9;13;3;3;5;2;0;0;1;1;0;0;0;0;516661,759499999694526;5713414,534499999135733;9,240415756000061;51,571555579000062;1
186143;5230926406210982025;5;7;58;4;2023;9;16;3;2;0;1;0;0;1;0;0;0;0;0;472292,360999999567866;5781436,904999999329448;8,594743191000020;52,182704969000042;1
186144;5230926405228587023;5;7;54;28;2023;9;14;3;2;5;3;0;0;1;1;0;0;0;0;450705,323599999770522;5744936,430500000715256;8,284284504000027;51,853050676000066;1
186145;5230926404103983606;5;7;66;32;2023;9;15;3;2;5;3;0;0;1;1;0;0;0;0;496148,179899999871850;5747100,159199999645352;8,944048476000034;51,874668896000060;1
186152;5230925711200591770;5;5;70;4;2023;9;16;2;3;5;3;0;0;1;0;0;0;0;1;423269,207000000402331;5734689,825999999418855;7,888271209000038;51,757840740000063;1
186153;5230925709700191642;5;5;66;28;2023;9;18;2;3;1;5;1;0;1;1;0;0;0;1;410881,574900000356138;5793113,835000000894070;7,693625824000037;52,281157643000029;1
186154;5230925706100136380;5;5;58;16;2023;9;9;2;3;5;2;0;0;1;1;0;0;0;0;379945,216000000014901;5744618,782600000500679;7,257381894000048;51,839462966000042;1
186155;5230925705000391695;5;5;54;56;2023;9;15;2;3;5;3;0;0;1;1;0;0;0;0;355748,615000000223517;5761519,004599999636412;6,899319596000055;51,985587233000047;1
186156;5230925701800089642;5;5;62;4;2023;9;8;2;3;5;3;0;0;1;1;0;0;0;0;383373,737300000153482;5717230,841199999675155;7,316292345000022;51,594040785000061;1
186157;5230925701300215860;5;5;62;14;2023;9;11;2;3;1;5;0;0;1;1;0;0;0;0;360461,688900000415742;5714914,596999999135733;6,986638438000057;51,568018144000064;1
186158;5230925701120469388;5;5;62;32;2023;9;16;2;3;6;7;0;0;1;0;1;0;0;0;374183,360899999737740;5715085,058399999514222;7,184450975000061;51,572778921000065;1
186159;5230925700000081500;5;5;13;0;2023;9;19;2;3;5;3;1;0;1;1;0;0;0;0;364833,156999999657273;5716174,430999999865890;7,049188464000054;51,580404350000038;1
186160;5230925609108780727;5;3;58;8;2023;9;17;2;3;0;1;0;0;1;0;0;0;0;0;323630,574000000022352;5630980,365000000223517;6,496914421000042;50,803681076000032;1
186161;5230925609108585865;5;3;58;8;2023;9;11;2;2;5;3;0;0;1;1;0;0;0;0;321807,103000000119209;5632273,707000000402331;6,470434144000023;50,814742620000061;1
186165;5230927410240887106;5;7;70;40;2023;9;15;4;3;0;1;0;0;1;0;0;0;0;0;470757,689899999648333;5808668,341499999165535;8,569931896000071;52,427442856000027;1
186166;5230925608100756456;5;3;34;2;2023;9;19;2;2;0;1;0;0;1;0;0;0;0;0;292373,843000000342727;5628126,635999999940395;6,055500259000041;50,767697613000053;1
186167;5230925608100089880;5;3;34;2;2023;9;14;2;3;5;3;0;0;1;1;0;0;0;0;291739,786999999545515;5629699,892000000923872;6,045630231000075;50,781599625000069;1
186168;5230925607400895265;5;3;82;68;2023;9;17;2;3;5;7;0;0;1;0;0;0;0;0;365811,751500000245869;5626551,622500000521541;7,096770936000041;50,775182544000074;1
186177;5230925601700493567;5;3;16;0;2023;9;16;2;3;5;3;0;0;1;0;0;0;0;1;358833,043200000189245;5655653,824100000783801;6,986598983000022;51,035071004000031;1
186179;5230925601500699071;5;3;15;0;2023;9;7;2;3;0;1;0;0;1;0;0;0;0;0;360218,818199999630451;5646396,399900000542402;7,009913661000041;50,952212625000072;1
186181;5230928316100782004;5;9;74;8;2023;9;19;5;3;5;3;1;0;1;1;0;0;0;0;441727,669999999925494;5715750,456599999219179;8,158834355000067;51,589791608000041;1
186183;5230925601300983655;5;3;15;0;2023;9;15;2;2;5;2;0;0;1;1;0;0;0;0;351929,486200000159442;5646003,176999999210238;6,892140079000058;50,946609053000032;1
186184;5230925601300086376;5;3;15;0;2023;9;8;2;3;5;3;0;0;1;1;0;0;0;0;355037,572999999858439;5645969,187000000849366;6,936367807000067;50,947093543000051;1
186186;5230925600110983653;5;3;14;0;2023;9;17;2;2;1;5;0;0;1;1;0;0;0;0;364581,743700000457466;5621236,998600000515580;7,081290166000031;50,727129703000060;1
186188;5230925600110095272;5;3;14;0;2023;9;20;2;3;0;7;2;0;1;0;0;0;0;0;366181,075000000186265;5620523,169999999925494;7,104196408000064;50,721084404000067;1
186190;5230925600110095270;5;3;14;0;2023;9;16;2;3;0;7;0;0;1;0;0;0;0;0;366651,842299999669194;5621512,387199999764562;7,110504171000059;50,730083742000033;1
186193;5230925516500983681;5;1;58;16;2023;9;7;2;3;5;5;0;0;1;1;0;0;0;0;356445,316599999554455;5671091,840299999341369;6,946426566000071;51,173214409000082;1
186194;5230925516500791987;5;1;58;16;2023;9;17;2;3;0;3;0;0;1;1;0;0;0;0;355513,400000000372529;5671078,167999999597669;6,933110108000051;51,172856848000038;1
186195;5230925513110091168;5;1;62;16;2023;9;17;2;2;0;6;0;0;1;0;0;0;0;0;332795,178000000305474;5674496,468000000342727;6,606816752000043;51,197377853000035;1
186200;5230925502100889944;5;1;13;0;2023;9;15;2;2;5;2;0;0;1;1;0;0;0;0;362978,701000000350177;5701487,278999999165535;7,028149769000038;51,447972528000037;1
186201;5230926600140899400;5;3;14;0;2023;9;16;3;3;5;3;0;0;1;1;0;0;0;0;371574,001000000163913;5621711,621999999508262;7,180141745000071;50,732983610000076;1
186202;5230925501134273964;5;1;12;0;2023;9;15;2;3;3;6;0;0;1;1;0;0;0;0;344164,475999999791384;5711245,739000000059605;6,753299866000020;51,530786461000048;1
186205;5230925500100071803;5;1;11;0;2023;9;21;2;2;0;1;2;0;1;0;0;0;0;0;345903,555999999865890;5677582,352099999785423;6,792954147000046;51,228791760000036;1
186208;5230925411132576328;5;7;74;32;2023;9;15;2;3;5;2;0;0;1;1;0;0;0;0;483528,273000000044703;5728774,244999999180436;8,761603146000027;51,709666979000076;1
186209;5230925410270983664;5;7;70;16;2023;9;12;2;3;9;1;0;0;1;0;0;0;0;0;475084,508000000379980;5792249,246999999508262;8,634783837000043;52,280045674000064;1
186211;5230925410110689300;5;7;70;24;2023;9;13;2;3;0;3;0;0;1;1;0;0;0;0;493949,652900000102818;5794298,914899999275804;8,911275101000058;52,299004643000046;1
186213;5230925406110096808;5;7;58;12;2023;9;18;2;3;2;2;0;0;1;1;0;0;0;0;478201,117700000293553;5772038,313599999994040;8,681766869000057;52,098471138000036;1
186214;5230925405244478113;5;7;54;44;2023;9;16;2;3;4;6;0;0;1;0;0;0;0;0;464796,464499999769032;5748162,133600000292063;8,488536111000030;51,883119070000077;1
186215;5230925405236390716;5;7;54;36;2023;9;12;2;3;5;3;0;0;1;1;0;0;0;0;473182,503499999642372;5751574,981899999082088;8,610105858000054;51,914270137000074;1
186216;5230925405232179365;5;7;54;32;2023;9;8;2;3;5;3;0;0;1;1;0;0;0;0;460401,849000000394881;5739603,384999999776483;8,425671165000040;51,805874729000038;1
186218;5230925405148070247;5;7;54;48;2023;9;16;2;3;8;1;0;0;1;0;0;0;0;0;441517,799899999983609;5765752,845899999141693;8,147362916000077;52,039304190000053;1
186219;5230925405108387054;5;7;54;8;2023;9;13;2;3;7;1;0;0;1;0;0;0;0;0;458114,669900000095367;5750650,805099999532104;8,391161011000065;51,905031795000070;1
186221;5230925400100983678;5;7;11;0;2023;9;7;2;3;5;3;0;0;1;1;0;0;0;0;466405,339999999850988;5767012,864600000903010;8,510065519000023;52,052699231000076;1
186222;5230925317220289340;5;9;78;4;2023;9;8;2;3;5;3;0;0;1;1;0;0;0;0;405127,794800000265241;5719165,639900000765920;7,629719618000024;51,615516704000072;1
186223;5230925317210466240;5;9;78;20;2023;9;19;2;3;4;6;1;0;1;0;0;1;0;0;404581,302500000223517;5714419,804999999701977;7,623119516000031;51,572764107000069;1
186224;5230925316300287450;5;9;74;28;2023;9;9;2;3;5;3;0;0;1;1;0;0;0;0;455220,101999999955297;5726411,586500000208616;8,352219020000064;51,686879232000081;1
186225;5230925316100983687;5;9;74;40;2023;9;7;2;3;5;3;0;0;1;1;0;0;0;0;435913,195899999700487;5713418,358799999579787;8,075338824000028;51,568193624000060;1
186228;5230925302100599528;5;9;14;0;2023;9;7;2;3;3;7;0;0;1;1;0;0;0;0;392074,060399999842048;5689864,442500000819564;7,450204257000053;51,349793107000039;1
186229;5230925301306983650;5;9;13;0;2023;9;20;2;3;0;3;1;0;1;1;0;0;0;0;399308,737099999561906;5712274,848500000312924;7,547677101000033;51,552566584000033;1
186232;5230925300800983645;5;9;54;36;2023;9;19;2;2;5;3;0;0;1;1;0;0;0;0;388152,068900000303984;5701830,650299999862909;7,390135849000046;51,456590952000056;1
186235;5230924709110291754;5;5;66;8;2023;9;17;1;3;0;2;0;0;1;0;0;0;0;0;400545,127000000327826;5780869,083000000566244;7,545756111000060;52,169332340000039;1
186236;5230924705000983697;5;5;54;8;2023;9;11;1;3;5;3;0;0;1;0;0;0;0;0;335461,463000000454485;5746853,865900000557303;6,611152241000070;51,848209348000069;1
186241;5230924610211677588;5;3;70;4;2023;9;18;1;3;0;1;0;0;1;0;0;0;0;0;311184,571399999782443;5661008,549900000914931;6,304920279000044;51,069493784000031;1
186244;5230924609112875496;5;3;58;12;2023;9;12;1;3;0;7;0;0;1;0;0;0;0;0;326296,351499999873340;5613448,839999999850988;6,542967146000024;50,646972240000082;1
186246;5230924608100180781;5;3;34;2;2023;9;11;1;3;2;6;0;0;1;0;0;0;0;0;293574,320500000379980;5629645,754100000485778;6,071648791000030;50,781769279000059;1
186247;5230924607400295324;5;3;82;68;2023;9;17;1;3;0;1;0;0;1;0;0;0;0;0;364859,611499999649823;5626346,254899999126792;7,083349972000065;50,773115663000056;1
186248;5230924607400086243;5;3;82;68;2023;9;6;1;3;0;1;2;0;1;0;0;0;0;0;366193,762400000356138;5626894,030600000172853;7,102061326000069;50,778348336000079;1
186249;5230924607100795335;5;3;82;60;2023;9;15;1;3;0;1;0;0;1;0;0;0;0;0;374930,546000000089407;5628319,209000000730157;7,225435237000056;50,793108730000029;1
186254;5230924601700983735;5;3;16;0;2023;9;11;1;3;0;7;0;0;1;1;0;0;0;0;361475,489000000059605;5654910,657400000840425;7,024546865000048;51,029035138000040;1
186261;5230924600310480655;5;3;14;0;2023;9;15;1;2;0;1;0;0;1;0;0;0;0;0;363045,997200000099838;5617983,175400000065565;7,060751198000048;50,697525037000048;1
186262;5230924600110983720;5;3;14;0;2023;9;15;1;3;0;5;0;0;1;1;0;0;0;1;364564,278599999845028;5624302,070000000298023;7,079916234000052;50,754674034000061;1
186266;5230924515111022053;5;1;54;44;2023;9;11;1;2;0;1;0;0;1;0;0;0;0;0;318960,583100000396371;5737494,514200000092387;6,376730976000033;51,759039223000059;1
186267;5230924515110983751;5;1;54;36;2023;9;1;1;2;0;1;2;0;1;0;0;0;0;0;303352,935499999672174;5741995,627599999308586;6,148316521000027;51,794198528000038;1
186269;5230924514210983400;5;1;66;12;2023;9;12;1;3;1;5;0;0;1;1;0;0;0;0;319723,961699999868870;5693492,124399999156594;6,410343106000028;51,364040096000053;1
186271;5230924513120974167;5;1;62;20;2023;9;16;1;2;1;5;0;0;1;1;0;0;0;0;326901,199199999682605;5673255,889299999922514;6,523137913000028;51,184477728000047;1
186274;5230924503100599346;5;1;24;0;2023;9;14;1;3;5;3;0;0;1;1;0;0;0;0;370645,106399999931455;5680242,407700000330806;7,146135943000047;51,258843301000070;1
186275;5230924502403095043;5;1;17;0;2023;9;12;1;3;0;7;0;0;1;1;0;0;0;0;350552,999599999748170;5702008,267899999395013;6,849243369000021;51,449511236000035;1
186277;5230924500300983730;5;1;11;0;2023;9;13;1;3;5;3;0;0;1;1;0;0;0;0;347109,697200000286102;5674149,148700000718236;6,811679009000045;51,198266738000029;1
186278;5230924500300080987;5;1;11;0;2023;9;11;1;2;4;2;0;0;1;1;0;0;0;0;350458,053000000305474;5671083,750299999490380;6,860843842000065;51,171607443000028;1
186279;5230924500100891531;5;1;11;0;2023;9;13;1;3;4;6;0;0;1;0;0;0;0;0;341109,898000000044703;5677812,831000000238419;6,724252009000054;51,229548297000065;1
186280;5230924400200776200;5;7;11;0;2023;9;18;1;3;0;7;0;0;1;0;0;0;0;0;473283,248800000175834;5764221,428899999707937;8,610586203000025;52,027976599000056;1
186281;5230926406110096808;5;7;58;12;2023;9;14;3;3;7;5;0;0;1;1;0;0;0;0;476194,655500000342727;5775147,901000000536442;8,652258452000069;52,126345559000072;1
186283;5230924317210794405;5;9;78;20;2023;9;14;1;3;2;2;0;0;1;1;0;0;0;0;404639,774000000208616;5714410,526499999687076;7,623965509000072;51,572690596000029;1
186284;5230924315220499547;5;9;70;4;2023;9;11;1;2;0;1;0;0;1;0;0;0;0;0;453964,580400000326335;5655074,732000000774860;8,343297100000029;51,045364121000034;1
186288;5230924300700790494;5;9;16;0;2023;9;17;1;2;4;6;0;0;1;1;0;0;0;0;373699,032999999821186;5711418,457000000402331;7,178782802000057;51,539718544000038;1
186289;5230924300400983714;5;9;11;0;2023;9;16;1;3;0;1;0;0;1;0;0;0;0;0;377405,946299999952316;5698925,627000000327826;7,236544860000038;51,428256819000069;1
186290;5230923709300478430;5;5;66;96;2023;9;23;7;3;3;1;2;0;1;1;0;0;0;0;384872,437800000421703;5785689,319299999624491;7,315050439000061;52,209603947000062;1
186291;5230923702100081074;5;5;15;0;2023;9;12;7;2;0;7;0;0;1;0;0;0;0;0;405396,708700000308454;5758042,653100000694394;7,622999953000033;51,965015843000060;1
186292;5230923701400198910;5;5;12;0;2023;9;13;7;3;0;4;0;0;1;0;1;0;0;0;356333,927899999544024;5709486,325500000268221;6,929337327000042;51,518204365000031;1
186293;5230923701120889940;5;5;62;32;2023;9;17;7;3;3;6;0;0;1;1;0;0;0;0;376553,569299999624491;5715655,318099999800324;7,218434978000062;51,578427973000032;1
186296;5230923609108485747;5;3;58;8;2023;9;12;7;3;0;1;0;0;1;0;0;0;0;0;319351,587799999862909;5629409,028000000864267;6,437022642000045;50,788246323000067;1
186300;5230923606100093381;5;3;78;20;2023;9;13;7;3;4;2;0;0;1;1;0;0;0;0;366915,041000000201166;5654854,333000000566244;7,102092755000058;51,029814153000075;1
186301;5230923606000983777;5;3;78;4;2023;9;13;7;2;0;7;0;0;1;0;0;0;0;0;369328,133000000379980;5649816,983999999240041;7,138299719000031;50,985093492000033;1
186302;5230923603228934013;5;3;66;28;2023;9;11;7;2;8;1;0;0;1;0;0;0;0;0;334290,821000000461936;5609778,791999999433756;6,657585674000075;50,616323425000076;1
186303;5230923603140186340;5;3;66;40;2023;9;11;7;3;1;5;0;0;1;1;0;0;0;0;347981,613199999555945;5625157,939600000157952;6,844636787000070;50,758259258000066;1
186304;5230923602800067527;5;3;62;12;2023;9;15;7;2;5;3;0;0;1;1;0;0;0;0;353630,796799999661744;5633348,578199999406934;6,921411600000056;50,833320035000042;1
186307;5230923601700040461;5;3;16;0;2023;9;18;7;2;5;3;0;0;1;1;0;0;0;0;360243,110999999567866;5659700,576999999582767;7,005134544000043;51,071783688000039;1
186310;5230923601200063734;5;3;15;0;2023;9;14;7;3;1;5;0;0;1;0;0;0;0;1;354328,633700000122190;5641814,891000000759959;6,927942625000071;50,909581337000077;1
186314;5230923600140590874;5;3;14;0;2023;9;12;7;3;5;2;0;0;1;1;0;0;0;0;367006,167999999597669;5622653,979000000283122;7,115110021000021;50,740425644000027;1
186315;5230923600140560781;5;3;14;0;2023;9;12;7;3;3;1;0;0;1;1;0;0;0;0;370667,302600000053644;5622907,047499999403954;7,166880841000022;50,743527271000062;1
186316;5230923600110983755;5;3;14;0;2023;9;21;7;3;0;7;2;1;1;0;0;0;0;0;364156,418600000441074;5623750,528799999505281;7,074340917000029;50,749621575000049;1
186318;5230923516800194000;5;1;58;20;2023;9;15;7;3;0;1;0;0;1;0;0;0;0;0;357079,732400000095367;5664673,500299999490380;6,958043298000064;51,115694559000076;1
186319;5230923516100881611;5;1;58;32;2023;9;16;7;3;5;2;0;0;1;1;0;0;0;0;362031,666199999861419;5689693,958200000226498;7,019114079000076;51,341761929000029;1
186320;5230923515212983784;5;1;54;32;2023;9;9;7;3;8;1;0;0;1;0;0;0;0;0;309312,637699999846518;5717151,358100000768900;6,248201646000041;51,573135015000048;1
186323;5230923506100983652;5;1;16;0;2023;9;15;7;3;3;6;0;0;1;1;0;0;0;0;317588,076799999922514;5672667,698000000789762;6,390319866000027;51,176298476000056;1
186324;5230923506100977065;5;1;16;0;2023;9;23;7;2;0;7;2;0;1;0;0;0;0;0;320963,223899999633431;5674526,794199999421835;6,437627811000027;51,194065809000051;1
186325;5230923506100011605;5;1;16;0;2023;9;13;7;3;0;1;0;0;1;0;0;0;0;0;318646,229299999773502;5672947,177799999713898;6,405300648000036;51,179145595000080;1
186329;5230923501215195963;5;1;12;0;2023;9;18;7;3;2;2;0;0;1;1;0;0;0;0;337505,374099999666214;5697225,162599999457598;6,663824042000044;51,402944709000053;1
186330;5230923500300287366;5;1;11;0;2023;9;9;7;3;0;7;0;0;1;0;0;0;0;0;344856,855299999937415;5675920,881699999794364;6,778693810000050;51,213579241000048;1
186331;5230923500100983770;5;1;11;0;2023;9;16;7;3;5;2;0;0;1;1;0;0;0;0;345978,068799999542534;5677026,093499999493361;6,794259555000053;51,223813622000080;1
186332;5230923406110587126;5;7;58;12;2023;9;12;7;3;4;6;0;0;1;0;0;0;0;0;478227,595300000160933;5772246,438999999314547;8,682140098000048;52,100343367000050;1
186333;5230923405108080645;5;7;54;8;2023;9;13;7;3;1;4;0;0;1;0;1;0;0;0;455938,210900000296533;5749461,168700000271201;8,359678480000071;51,894168412000056;1
186335;5230923317110413822;5;9;78;36;2023;9;12;7;3;0;1;0;0;1;0;0;0;0;0;408996,921900000423193;5709920,588500000536442;7,687982166000040;51,533049475000041;1
186336;5230923313240785082;5;9;58;40;2023;9;15;7;3;0;1;0;0;1;0;0;0;0;0;450660,275700000114739;5667589,333000000566244;8,294453503000057;51,157616854000082;1
186342;5230922711200389448;5;5;70;4;2023;9;5;6;2;5;3;2;0;1;0;0;0;0;0;424051,534900000318885;5735235,813599999994040;7,899484518000065;51,762855630000047;1
186345;5230922706000165764;5;5;58;12;2023;9;5;6;3;0;6;2;0;1;0;0;0;0;0;374056,552899999544024;5756646,752100000157952;7,167560179000077;51,946255720000067;1
186346;5230922705000972212;5;5;54;12;2023;9;15;6;3;5;3;0;0;1;1;0;0;0;0;353569,095900000073016;5746029,866900000721216;6,874188876000062;51,845849072000078;1