OID_;UIDENTSTLAE;ULAND;UREGBEZ;UKREIS;UGEMEINDE;UJAHR;UMONAT;USTUNDE;UWOCHENTAG;UKATEGORIE;UART;UTYP1;ULICHTVERH;IstStrassenzustand;IstRad;IstPKW;IstFuss;IstKrad;IstGkfz;IstSonstige;LINREFX;LINREFY;XGCSWGS84;YGCSWGS84;PLST
186347;5230922705000580994;5;5;54;28;2023;9;16;6;3;3;6;0;0;1;0;0;0;0;0;357514,150000000372529;5743873,781400000676513;6,932308292000073;51,827496625000038;1
186348;5230922705000391777;5;5;54;8;2023;9;14;6;3;4;2;0;0;1;1;0;0;0;0;337865,551400000229478;5745524,975600000470877;6,646646807000025;51,836974453000039;1
186349;5230922702100064161;5;5;15;0;2023;9;18;6;3;5;3;0;0;1;1;0;0;0;0;403606,395999999716878;5754834,383999999612570;7,597849201000031;51,935871282000051;1
186350;5230922701800979388;5;5;62;4;2023;9;13;6;3;0;7;0;0;1;0;0;0;0;0;383683,321100000292063;5717969,264599999412894;7,320514828000057;51,600741529000061;1
186353;5230922701200983806;5;5;62;20;2023;9;17;6;2;0;1;0;0;1;0;0;0;0;0;371786,365000000223517;5715235,762000000104308;7,149826268000027;51,573593259000063;1
186354;5230922700000595170;5;5;13;0;2023;9;15;6;3;5;2;0;0;1;1;0;0;0;0;368073,501500000245869;5708549,771500000730157;7,098785951000025;51,512651652000045;1
186359;5230922602800286145;5;3;62;12;2023;9;14;6;3;3;6;0;0;1;1;0;0;0;0;352331,992300000041723;5633088,363900000229478;6,903085242000031;50,830651658000079;1
186360;5230922602500299721;5;3;62;24;2023;9;17;6;3;1;5;0;1;1;1;0;0;0;0;346168,531499999575317;5642618,178400000557303;6,811621221000053;50,914682885000047;1
186362;5230922601700590450;5;3;16;0;2023;9;16;6;3;6;7;0;0;1;0;1;0;0;0;356260,091400000266731;5657493,764100000262260;6,949196830000062;51,050968146000059;1
186364;5230922601200799810;5;3;15;0;2023;9;11;6;3;5;3;0;0;1;1;0;0;0;0;361386,374099999666214;5637865,805900000035763;7,029766692000067;50,875827575000073;1
186365;5230922601200699150;5;3;15;0;2023;9;19;6;3;0;1;1;1;1;0;0;0;0;0;352677,333300000056624;5643482,038899999111891;6,903797650000058;50,924144262000027;1
186366;5230922601200490380;5;3;15;0;2023;9;13;6;3;0;5;0;0;1;1;0;0;0;0;353405,020999999716878;5644379,467299999669194;6,913783440000032;50,932394490000036;1
186367;5230922601200390340;5;3;15;0;2023;9;12;6;3;1;5;0;0;1;0;0;0;1;0;354461,829599999822676;5643154,729299999773502;6,929301410000051;50,921655732000033;1
186368;5230922601100387225;5;3;15;0;2023;9;14;6;3;5;3;0;0;1;0;0;1;0;0;356470,150000000372529;5642764,724400000646710;6,958009477000076;50,918653876000064;1
186369;5230922601100169773;5;3;15;0;2023;9;18;6;3;0;1;0;1;1;0;0;0;0;0;355317,491100000217557;5644205,152200000360608;6,941050389000054;50,931310871000051;1
186372;5230922600330315372;5;3;82;48;2023;9;19;6;3;5;3;0;0;1;1;0;0;0;0;355445,673399999737740;5609598,033600000664592;6,956477125000049;50,620325924000042;1
186374;5230922518200191498;5;1;70;24;2023;9;9;6;3;0;5;0;0;1;1;0;0;0;0;336745,840900000184774;5701831,442600000649691;6,650792087000070;51,444110768000030;1
186375;5230922518100078966;5;1;70;48;2023;9;18;6;3;5;3;0;1;1;1;0;0;0;0;335522,677299999631941;5726401,034299999475479;6,621717219000061;51,664488370000072;1
186377;5230922516900000451;5;1;58;26;2023;9;13;6;3;0;7;0;0;1;0;0;0;0;0;352189,382799999788404;5661792,751900000497699;6,889402600000039;51,088566944000036;1
186381;5230922515111983847;5;1;54;8;2023;9;22;6;2;0;1;2;1;1;0;0;0;0;0;310162,965699999593198;5746481,627800000831485;6,244489037000051;51,836839020000070;1
186382;5230922515111983836;5;1;54;8;2023;9;7;6;3;0;7;0;0;1;0;0;0;0;0;311203,731200000271201;5746684,409099999815226;6,259466547000045;51,839012924000031;1
186383;5230922515110983838;5;1;54;36;2023;9;7;6;3;3;3;0;0;1;1;0;0;0;0;302292,361100000329316;5740875,996200000867248;6,133595187000026;51,783770418000074;1
186387;5230922505200983810;5;1;14;0;2023;9;17;6;2;0;1;0;1;1;0;0;0;0;0;328698,621299999766052;5690951,380599999800324;6,540355956000042;51,343992381000078;1
186389;5230922505100779008;5;1;14;0;2023;9;8;6;3;4;6;0;0;1;0;0;0;0;0;329360,856999999843538;5688198,493000000715256;6,551173935000065;51,319460273000061;1
186391;5230922503400195764;5;1;22;0;2023;9;9;6;2;5;3;0;0;1;1;0;0;0;0;359528,330000000074506;5669463,411000000312924;6,991136267000059;51,159345820000055;1
186395;5230925601300572521;5;3;15;0;2023;9;17;2;3;0;1;0;0;1;0;0;0;0;0;353809,070899999700487;5645910,047399999573827;6,918915323000022;50,946251844000074;1
186398;5230922500100300504;5;1;11;0;2023;9;23;6;3;2;6;2;1;1;1;0;0;0;0;345687,035500000230968;5676760,711500000208616;6,790209240000024;51,221350445000041;1
186400;5230922405220983812;5;7;54;20;2023;9;16;6;3;5;3;0;0;1;1;0;0;0;0;447815,831000000238419;5748291,160000000149012;8,241828495000050;51,882948256000077;1
186401;5230922404101983813;5;7;66;20;2023;9;15;6;2;0;7;0;0;1;1;0;0;0;0;490708,601300000213087;5754854,688799999654293;8,864824188000057;51,944326334000039;1
186402;5230922317140393765;5;9;78;28;2023;9;3;6;3;0;1;2;0;1;0;0;0;0;0;400217,628999999724329;5700338,813100000843406;7,564158035000048;51,445436287000064;1
186403;5230922317110750995;5;9;78;36;2023;9;11;6;3;4;7;0;0;1;0;0;0;0;0;409386,898500000126660;5711559,485500000417233;7,693181037000045;51,547844782000027;1
186404;5230922316100580476;5;9;74;40;2023;9;7;6;3;5;3;0;0;1;1;0;0;0;0;435913,093799999915063;5713418,892699999734759;8,075337254000033;51,568198413000061;1
186405;5230922316100282004;5;9;74;24;2023;9;20;6;3;0;3;2;1;1;1;0;0;0;0;428524,509399999864399;5727709,201500000432134;7,965832858000056;51,695780957000068;1
186407;5230922313212689356;5;9;58;36;2023;9;17;6;3;0;1;0;0;1;0;0;0;0;0;464318,476499999873340;5689738,888100000098348;8,487543103000064;51,357794871000067;1
186409;5230922600110481260;5;3;14;0;2023;9;11;6;3;0;1;0;0;1;0;0;0;0;0;365787,856599999591708;5621760,435599999502301;7,098178673000064;50,732114218000049;1
186411;5230922301304983816;5;9;13;0;2023;9;16;6;3;5;3;0;0;1;1;0;0;0;0;400055,961000000126660;5708539,547000000253320;7,559511468000039;51,519123481000065;1
186415;5230922301103080660;5;9;13;0;2023;9;15;6;3;0;7;0;0;1;0;0;0;0;0;390366,703499999828637;5705385,486899999901652;7,420895657000074;51,488976315000059;1
186416;5230922300300099246;5;9;11;0;2023;9;7;6;3;5;2;0;0;1;1;0;0;0;0;383722,135900000110269;5702648,763100000098348;7,326134027000023;51,463051537000069;1
186417;5230921711400054395;5;5;70;28;2023;9;16;5;3;5;3;0;0;1;0;0;0;0;0;441011,582399999722838;5741800,820499999448657;8,144090158000040;51,823920543000042;1
186419;5230921709500979128;5;5;66;76;2023;9;5;5;3;7;5;2;0;1;1;0;0;0;0;395725,606300000101328;5793766,684000000357628;7,471334223000042;52,284358875000066;1
186420;5230921709500906920;5;5;66;76;2023;9;7;5;3;5;7;1;0;1;0;0;0;0;0;393672,400500000454485;5793428,422199999913573;7,441352820000077;52,280925468000078;1
186421;5230927516900389336;5;1;58;26;2023;9;17;4;3;6;6;1;0;1;0;1;0;0;0;351816,472000000067055;5662869,785000000149012;6,883639739000046;51,098149179000075;1
186422;5230921709110174686;5;5;66;12;2023;9;8;5;2;5;3;0;0;1;1;0;0;0;0;405693,439000000245869;5772290,338999999687076;7,623390201000063;52,093129075000036;1
186423;5230921705000983897;5;5;54;20;2023;9;8;5;2;0;6;0;0;1;1;0;0;0;0;366557,240799999795854;5786711,502800000831485;7,046752580000032;52,214658470000074;1
186424;5230921705000983891;5;5;54;4;2023;9;10;5;2;0;7;0;0;1;0;0;0;0;0;364654,625799999572337;5771311,025399999693036;7,025054734000037;52,075815367000075;1
186425;5230921705000983880;5;5;54;8;2023;9;14;5;3;5;3;0;0;1;0;0;0;0;0;336846,570000000298023;5745660,589199999347329;6,631806116000064;51,837896018000038;1
186426;5230921705000889750;5;5;54;4;2023;9;15;5;3;5;3;0;1;1;1;0;0;0;0;363758,501000000163913;5771519,796000000089407;7,011903703000030;52,077471510000066;1
186427;5230921705000191592;5;5;54;8;2023;9;9;5;3;5;2;0;0;1;1;0;0;0;0;336646,281299999915063;5746794,602700000628829;6,628366022000023;51,848024876000068;1
186428;5230921702100670628;5;5;15;0;2023;9;8;5;2;0;6;0;0;1;0;0;0;0;1;405463,122999999672174;5757722,508999999612570;7,624054475000037;51,962149552000028;1
186429;5230921702100591750;5;5;15;0;2023;9;15;5;3;5;3;0;0;1;1;0;0;0;0;405610,062599999830127;5751638,837500000372529;7,627861760000030;51,907491590000063;1
186430;5230921702100238624;5;5;15;0;2023;9;16;5;3;2;6;0;0;1;0;0;0;0;0;407826,803799999877810;5758232,645199999213219;7,658309629000030;51,967131835000032;1
186432;5230921701110086117;5;5;62;32;2023;9;11;5;3;0;7;0;0;1;0;0;0;0;0;373174,899000000208616;5718960,866100000217557;7,168506127000057;51,607384826000043;1
186433;5230921610222933036;5;3;70;36;2023;9;15;5;3;5;1;0;1;1;0;0;0;0;1;301399,956000000238419;5665313,521999999880791;6,163070871000059;51,104856701000074;1
186434;5230921610211099588;5;3;70;4;2023;9;7;5;3;0;3;0;0;1;1;0;0;0;0;312937,694000000134110;5661760,274800000712276;6,329525567000076;51,076820209000061;1
186438;5230921608100983884;5;3;34;2;2023;9;13;5;3;5;2;0;0;1;0;0;0;0;1;294837,530799999833107;5629015,110099999234080;6,089895764000062;50,776553565000029;1
186439;5230922502402399242;5;1;17;0;2023;9;15;6;3;1;5;0;0;1;0;0;0;0;1;354380,827700000256300;5701587,702400000765920;6,904464245000042;51,446729406000031;1
186440;5230921608100699607;5;3;34;2;2023;9;18;5;3;5;2;1;1;1;1;0;0;0;0;294153,808100000023842;5628582,040300000458956;6,080453346000070;50,772421867000048;1
186441;5230921608100096263;5;3;34;2;2023;9;17;5;2;8;1;0;1;1;1;0;0;0;0;292898,423100000247359;5629253,955700000748038;6,062294614000052;50,778009568000073;1
186442;5230921608100094901;5;3;34;2;2023;9;2;5;3;8;1;2;0;1;0;0;0;0;0;294768,930499999783933;5626388,723600000143051;6,090388622000035;50,752941056000054;1
186443;5230921608100071801;5;3;34;2;2023;9;17;5;3;0;1;0;1;1;1;0;0;0;0;294522,866100000217557;5628968,725999999791384;6,085464510000065;50,776025602000061;1
186444;5230924702100079162;5;5;15;0;2023;9;17;1;2;0;5;0;0;1;0;0;0;0;1;404816,180900000035763;5757255,094699999317527;7,614770984000074;51,957837867000080;1
186450;5230927505200096044;5;1;14;0;2023;9;17;4;3;1;5;0;0;1;1;0;0;0;0;332901,729500000365078;5691603,992499999701977;6,600342683000065;51,351106599000047;1
186451;5230921601600099147;5;3;15;0;2023;9;19;5;3;4;6;2;1;1;0;0;0;0;1;367238,864199999719858;5638132,989700000733137;7,112806809000062;50,879603095000050;1
186452;5230921601500983870;5;3;15;0;2023;9;17;5;3;5;3;0;0;1;1;0;0;0;0;359969,557699999772012;5645919,066099999472499;7,006550773000072;50,947862258000043;1
186454;5230921601500099198;5;3;15;0;2023;9;19;5;3;0;1;2;1;1;0;0;0;0;0;360794,819500000216067;5647734,428899999707937;7,017597222000063;50,964377137000042;1
186455;5230921601400983850;5;3;15;0;2023;9;19;5;3;0;7;2;1;1;1;0;0;0;0;355825,759399999864399;5648596,699799999594688;6,946539479000023;50,970904101000031;1
186456;5230921601400973803;5;3;15;0;2023;9;9;5;3;1;5;0;0;1;1;0;0;0;0;355774,475700000301003;5649401,398299999535084;6,945490361000054;50,978122889000076;1
186457;5230921601400554700;5;3;15;0;2023;9;8;5;3;0;3;0;0;1;1;0;0;0;0;354560,244099999777973;5648312,368599999696016;6,928641104000064;50,968030753000050;1
186458;5230925608200789887;5;3;34;2;2023;9;14;2;3;5;3;0;0;1;1;0;0;0;0;295664,061800000257790;5630046,394600000232458;6,101030437000077;50,786107610000045;1
186459;5230921601200983883;5;3;15;0;2023;9;11;5;2;5;3;0;0;1;0;0;0;0;0;354066,621000000275671;5641090,929999999701977;6,924507754000047;50,903009108000049;1
186461;5230921601100542597;5;3;15;0;2023;9;0;5;3;0;1;2;0;1;0;0;0;0;0;356720,269000000320375;5643687,012000000104308;6,961203129000069;50,927004561000047;1
186463;5230921600110983853;5;3;14;0;2023;9;17;5;3;6;4;0;1;1;0;1;0;0;0;366335,885200000368059;5620964,470799999311566;7,106228390000069;50,725086452000028;1
186471;5230921514114983888;5;1;66;24;2023;9;12;5;3;5;3;0;0;1;1;0;0;0;0;309641,839300000108778;5677137,279400000348687;6,274402374000033;51,213854624000078;1
186474;5230921506100491536;5;1;16;0;2023;9;18;5;3;0;1;0;1;1;0;0;0;0;0;323475,909300000406802;5670071,917899999767542;6,475739126000065;51,154827143000034;1
186476;5230926601300593515;5;3;15;0;2023;9;11;3;3;5;3;0;0;1;1;0;0;0;0;351919,391400000080466;5648504,028599999845028;6,890978953000058;50,969080290000079;1
186482;5230921500300983870;5;1;11;0;2023;9;17;5;3;0;2;0;1;1;0;0;0;0;0;344197,447999999858439;5674090,116000000387430;6,770055098000057;51,196949620000055;1
186484;5230921500300701001;5;1;11;0;2023;9;16;5;3;5;3;0;0;1;1;0;0;0;0;345378,031999999657273;5675933,062999999150634;6,786144671000045;51,213830049000080;1
186486;5230921407209096797;5;7;62;4;2023;9;16;5;3;3;6;0;0;1;1;0;0;0;0;499901,743200000375509;5725050,390300000086427;8,998578962000067;51,676426026000058;1
186487;5230921406220733614;5;7;58;24;2023;9;16;5;3;0;3;0;0;1;1;0;0;0;0;479624,591500000096858;5783729,910399999469519;8,701845943000023;52,203639928000030;1
186488;5230921404101996847;5;7;66;20;2023;9;7;5;3;0;2;0;0;1;1;0;0;0;0;493852,309100000187755;5753695,470000000670552;8,910581034000074;51,933947376000049;1
186490;5230921400300983864;5;7;11;0;2023;9;16;5;3;5;1;0;0;1;0;0;0;0;1;467156,061999999918044;5762567,323000000789762;8,521440305000056;52,012776175000056;1
186492;5230921316200984000;5;9;74;52;2023;9;7;5;2;5;2;0;0;1;1;0;0;0;0;423742,193799999542534;5711614,676500000059605;7,900155724000058;51,550463802000081;1
186496;5230921303100091761;5;9;15;0;2023;9;9;5;2;5;3;0;0;1;1;0;0;0;0;419052,478699999861419;5729607,994500000029802;7,828371802000049;51,711564083000042;1
186497;5230921300600983876;5;9;16;0;2023;9;15;5;2;1;5;0;0;1;1;0;0;0;0;381094,627700000070035;5712217,221300000324845;7,285101871000052;51,548504015000049;1
186499;5230920709110876670;5;5;66;64;2023;9;21;4;2;0;7;2;0;1;0;0;0;0;0;395779,793300000019372;5771416,497999999672174;7,478998619000038;52,083497050000062;1
186500;5230920709110574686;5;5;66;12;2023;9;13;4;3;4;6;0;0;1;0;0;0;0;0;403972,853400000371039;5771942,466000000014901;7,598380563000035;52,089706448000072;1
186501;5230920706000691075;5;5;58;12;2023;9;20;4;3;7;3;2;0;1;0;0;0;0;0;374674,451000000350177;5755109,908299999311566;7,177105506000032;51,932584423000037;1
186502;5230920706000486168;5;5;58;16;2023;9;19;4;3;2;6;1;0;1;1;0;0;0;0;381157,885499999858439;5744102,898700000718236;7,275152579000064;51,835086042000057;1
186505;5230920705000983911;5;5;54;68;2023;9;16;4;3;0;6;0;0;1;1;0;0;0;0;350605,029799999669194;5766857,991399999707937;6,822144470000069;52,032195785000056;1
186507;5230920701610983591;5;5;62;12;2023;9;19;4;3;5;3;0;0;1;0;0;0;0;0;358923,945199999958277;5725304,561499999836087;6,960283513000036;51,660998295000070;1
186508;5230920701500072384;5;5;62;24;2023;9;16;4;3;5;3;0;0;1;1;0;0;0;0;372353,537399999797344;5726057,558599999174476;7,154062913000075;51,670976135000046;1
186510;5230920609108594807;5;3;58;32;2023;9;10;4;3;5;3;0;0;1;1;0;0;0;0;316823,860999999567866;5630865,169999999925494;6,400473237000028;50,800534570000082;1
186511;5230920608200180725;5;3;34;2;2023;9;16;4;3;2;6;0;0;1;1;0;0;0;0;295470,245299999602139;5627923,561799999326468;6,099464990000058;50,766973464000046;1
186513;5230920607500137033;5;3;82;56;2023;9;6;4;3;5;3;1;0;1;1;0;0;0;0;372722,018000000156462;5626790,114000000059605;7,194645264000030;50,778883897000071;1
186514;5230920607400099964;5;3;82;68;2023;9;7;4;3;3;6;1;0;1;0;0;0;0;1;368946,838899999856949;5630788,966000000014901;7,139699706000044;50,813985011000057;1
186515;5230920607400093613;5;3;82;68;2023;9;18;4;3;1;5;0;0;1;1;0;0;0;0;370781,141099999658763;5630847,317399999126792;7,165702736000071;50,814921638000044;1
186517;5230920601700493567;5;3;16;0;2023;9;17;4;3;5;3;0;0;1;0;0;0;0;1;360024,310999999754131;5659836,827999999746680;7,001960716000042;51,072954842000058;1
186519;5230920601500983915;5;3;15;0;2023;9;13;4;2;5;3;0;0;1;1;0;0;0;0;357891,924999999813735;5642710,156199999153614;6,978244715000073;50,918515360000072;1
186522;5230920601300443830;5;3;15;0;2023;9;15;4;3;1;5;0;0;1;1;0;0;0;0;347891,397599999792874;5646286,345300000160933;6,834580852000045;50,948102344000063;1
186525;5230920601100082958;5;3;15;0;2023;9;21;4;3;5;3;2;0;1;1;0;0;0;0;355775,634899999946356;5644455,951899999752641;6,947466425000073;50,933679504000054;1
186526;5230920600140099948;5;3;14;0;2023;9;8;4;2;1;5;0;0;1;1;0;0;0;0;368352,550499999895692;5621007,680299999192357;7,134769082000048;50,725935277000076;1
186527;5230920600130378226;5;3;82;8;2023;9;23;4;3;0;7;2;0;1;0;0;0;0;0;375229,141400000080466;5611306,941500000655651;7,235422731000028;50,640255663000062;1
186531;5230920518200089300;5;1;70;24;2023;9;8;4;3;5;2;0;0;1;1;0;0;0;0;334188,122999999672174;5706137,179099999368191;6,612001685000052;51,482050437000055;1
186535;5230920515212591270;5;1;54;32;2023;9;15;4;3;5;3;0;0;1;1;0;0;0;0;308942,913999999873340;5718614,549000000581145;6,242076901000075;51,586151045000065;1
186537;5230920514210983934;5;1;66;12;2023;9;11;4;3;0;7;0;0;1;1;0;0;0;0;319820,185499999672174;5694155,111700000241399;6,411387860000048;51,370026073000076;1
186538;5230920514210495998;5;1;66;12;2023;9;17;4;3;5;3;0;0;1;1;0;0;0;0;320068,300999999977648;5694989,349999999627471;6,414526244000058;51,377598499000044;1
186543;5230920502111475753;5;1;13;0;2023;9;11;4;2;5;3;0;0;1;1;0;0;0;0;364294,722199999727309;5702079,299300000071526;7,046849440000074;51,453609660000041;1
186547;5230920500300999183;5;1;11;0;2023;9;17;4;3;5;3;0;0;1;1;0;0;0;0;348807,996299999766052;5673641,315600000321865;6,836181956000075;51,194155385000045;1
186548;5230920500300041000;5;1;11;0;2023;9;11;4;3;0;7;0;0;1;0;0;0;0;0;351206,099399999715388;5668567,774000000208616;6,872577103000026;51,149193879000052;1
186554;5230920411132983913;5;7;74;32;2023;9;17;4;3;0;5;0;0;1;0;0;0;1;0;481362,986899999901652;5728403,720699999481440;8,730284922000067;51,706267722000064;1
186555;5230920411132078147;5;7;74;32;2023;9;15;4;3;0;7;0;0;1;0;0;0;0;0;484741,351800000295043;5730365,416400000452995;8,779090306000057;51,724008030000050;1
186556;5230920406220983906;5;7;58;24;2023;9;18;4;3;0;1;0;0;1;0;0;0;0;0;479598,844899999909103;5783842,024499999359250;8,701462443000025;52,204646940000032;1
186557;5230920405228896992;5;7;54;28;2023;9;9;4;3;5;3;0;0;1;1;0;0;0;0;452773,279000000096858;5743295,260999999940395;8,314531195000029;51,838474479000070;1
186559;5230920405116983910;5;7;54;16;2023;9;18;4;3;4;6;0;0;1;0;0;0;0;0;447546,945899999700487;5757560,850099999457598;8,236509619000060;51,966260103000081;1
186560;5230920400300576063;5;7;11;0;2023;9;13;4;3;1;6;0;0;1;1;0;0;0;0;465344,196000000461936;5755096,900000000372529;8,495795789000056;51,945502084000054;1
186562;5230920400100554108;5;7;11;0;2023;9;17;4;3;5;3;0;0;1;1;0;0;0;0;467211,504999999888241;5764311,496999999508262;8,522081029000049;52,028460649000067;1
186564;5230920317210983924;5;9;78;20;2023;9;13;4;3;5;3;0;0;1;1;0;0;0;0;407572,059999999590218;5716385,706000000238419;7,665745472000026;51,590934194000056;1
186565;5230928301204983497;5;9;13;0;2023;9;18;5;3;0;3;0;0;1;1;0;0;0;0;384355,339100000448525;5706994,801899999380112;7,333821836000027;51,502243263000082;1
186566;5230920701300490514;5;5;62;14;2023;9;7;4;3;3;6;0;0;1;1;0;0;0;0;360590,902099999599159;5712884,941600000485778;6,989306341000031;51,549811432000070;1
186567;5230920317210075401;5;9;78;20;2023;9;9;4;3;0;1;0;0;1;0;0;0;0;0;407506,015999999828637;5716459,724899999797344;7,664772855000024;51,591588722000040;1
186569;5230920315110999780;5;9;70;40;2023;9;19;4;3;0;3;1;0;1;1;0;0;0;0;430801,767199999652803;5636567,123199999332428;8,016439221000041;50,876634547000037;1
186570;5230920313110091851;5;9;58;4;2023;9;7;4;3;5;3;0;0;1;1;0;0;0;0;429922,582200000062585;5697387,164799999445677;7,992102431000035;51,423355024000045;1
186577;5230920301204983927;5;9;13;0;2023;9;14;4;3;1;5;0;0;1;1;0;0;0;0;386756,597000000067055;5705362,574999999254942;7,368927099000075;51,488058905000059;1
186578;5230920301202066755;5;9;13;0;2023;9;8;4;2;0;5;0;0;1;1;0;0;0;1;393027,667500000447035;5708680,732599999755621;7,458208320000040;51,519105194000076;1
186579;5230920301103594400;5;9;13;0;2023;9;7;4;2;1;5;0;0;1;1;0;0;0;0;393085,166000000201166;5703501,290500000119209;7,460606073000065;51,472560756000064;1
186582;5230919711200287304;5;5;70;4;2023;9;7;3;3;0;7;0;1;1;0;0;0;0;0;423669,568500000052154;5734786,642200000584126;7,894049491000033;51,758765796000034;1
186585;5230919705000983975;5;5;54;8;2023;9;13;3;3;2;6;0;0;1;0;0;0;0;0;335705,479199999943376;5744781,993599999696016;6,615675561000046;51,829668727000069;1
186586;5230919705000582336;5;5;54;48;2023;9;15;3;3;5;3;0;0;1;0;0;0;0;0;341410,503999999724329;5745821,482999999076128;6,697919931000058;51,840656078000052;1
186588;5230919701930985436;5;5;62;36;2023;9;9;3;3;0;1;0;0;1;0;0;0;0;0;389110,041600000113249;5719959,697699999436736;7,398207290000073;51,619726273000026;1
186590;5230919701610983955;5;5;62;12;2023;9;15;3;3;6;4;0;0;1;0;1;0;0;0;357370,930300000123680;5726944,803400000557303;6,937175603000071;51,675344944000074;1
186594;5230919608436589930;5;3;34;36;2023;9;16;3;3;0;1;0;0;1;0;0;0;0;0;297566,728000000119209;5634467,442999999970198;6,125550151000027;50,826482539000040;1
186595;5230927407300983563;5;7;62;36;2023;9;15;4;3;0;1;0;0;1;0;0;0;0;0;509196,154000000096858;5703876,432499999180436;9,132444447000069;51,485963438000056;1
186597;5230919608200889862;5;3;34;2;2023;9;11;3;3;0;1;0;0;1;0;0;0;0;0;295793,657100000418723;5626357,437899999320507;6,104913932000045;50,753021419000049;1
186598;5230919607100490286;5;3;82;60;2023;9;12;3;3;0;6;0;0;1;1;0;0;0;0;373101,653699999675155;5628496,867399999871850;7,199437963000037;50,794308058000070;1
186600;5230919605120574380;5;3;74;20;2023;9;16;3;3;4;1;0;0;1;1;0;0;0;0;385952,908900000154972;5653615,588500000536442;7,373852213000021;51,022772509000049;1
186604;5230919602700471667;5;3;62;28;2023;9;10;3;3;1;5;0;0;1;1;0;0;0;0;352299,765999999828637;5640942,054199999198318;6,899457374000065;50,901221942000063;1
186609;5230919601300081468;5;3;15;0;2023;9;16;3;3;5;3;0;0;1;0;0;0;0;0;354481,608900000341237;5648425,209899999201298;6,927476816000024;50,969024960000070;1
186610;5230919600310878305;5;3;14;0;2023;9;23;3;3;0;1;2;0;1;0;0;0;0;0;363583,347199999727309;5619690,708599999547005;7,067724474000045;50,712998363000054;1
186611;5230919600110983981;5;3;14;0;2023;9;11;3;3;0;3;0;0;1;1;0;0;0;0;366607,833499999716878;5620049,285299999639392;7,110410097000056;50,716923231000067;1
186615;5230919515211096080;5;1;54;16;2023;9;12;3;3;4;1;0;0;1;0;0;0;0;0;303654,707999999634922;5729666,683499999344349;6,159642705000067;51,683587204000048;1
186616;5230919516500983953;5;1;58;16;2023;9;13;3;3;5;3;0;0;1;0;0;0;0;0;356664,665000000037253;5670618,002000000327826;6,949751132000074;51,169011295000075;1
186620;5230919508000091326;5;1;19;0;2023;9;13;3;3;6;7;0;0;1;0;1;0;0;0;351783,725399999879301;5704019,214400000870228;6,866099213000041;51,467904164000061;1
186622;5230925701920610050;5;5;62;28;2023;9;7;2;3;1;5;0;0;1;1;0;0;0;0;379648,314000000245869;5721745,732999999076128;7,260985064000067;51,633834403000037;1
186627;5230919502249416371;5;1;13;0;2023;9;15;3;3;5;3;0;0;1;1;0;0;0;0;356949,549999999813735;5692111,789999999105930;6,945224825000025;51,362232803000040;1
186630;5230926513130983610;5;1;62;22;2023;9;16;3;2;8;1;0;0;1;0;0;0;0;0;339223,353099999949336;5679136,605000000447035;6,696660596000072;51,240913918000047;1
186636;5230919500300478863;5;1;11;0;2023;9;6;3;3;2;2;2;1;1;1;0;0;0;0;344909,917000000365078;5675053,507600000128150;6,779827897000075;51,205799936000062;1
186637;5230919500200599192;5;1;11;0;2023;9;7;3;3;4;6;0;0;1;1;0;0;0;0;345722,434000000357628;5682027,997500000521541;6,788445988000035;51,268688807000046;1
186638;5230919500100471914;5;1;11;0;2023;9;15;3;3;0;7;0;0;1;0;0;0;0;0;344780,549399999901652;5677187,791200000792742;6,777053708000039;51,224942180000028;1
186639;5230919411132983974;5;7;74;32;2023;9;13;3;3;7;5;0;0;1;1;0;0;0;0;484680,256000000052154;5729070,977600000798702;8,778262719000054;51,712367645000029;1
186646;5230919405148806681;5;7;54;48;2023;9;16;3;3;2;2;0;0;1;1;0;0;0;0;441804,320199999958277;5765780,428300000727177;8,151535027000023;52,039582303000032;1
186650;5230919400100087024;5;7;11;0;2023;9;14;3;3;6;6;0;0;1;0;1;0;0;0;467553,835500000044703;5765234,077299999073148;8,526983069000039;52,036775334000026;1
186651;5230919316300587174;5;9;74;28;2023;9;8;3;3;5;3;0;0;1;1;0;0;0;0;453640,422000000253320;5722867,732999999076128;8,329839570000047;51,654888762000041;1
186654;5230919307000983952;5;9;62;40;2023;9;16;3;3;5;3;0;0;1;1;0;0;0;0;417313,858000000007451;5698165,592000000178814;7,810612922000075;51,428653717000032;1
186657;5230922701910975477;5;5;62;8;2023;9;6;6;3;5;3;1;0;1;1;0;0;0;0;385595,733000000007451;5724538,148199999704957;7,345969117000038;51,660172939000063;1
186659;5230919301205210120;5;9;13;0;2023;9;17;3;3;5;3;0;0;1;1;0;0;0;0;387049,673299999907613;5713643,647299999371171;7,370491257000026;51,562548254000035;1
186660;5230919301202577643;5;9;13;0;2023;9;5;3;3;5;2;2;0;1;1;0;0;0;0;396059,070799999870360;5709799,209400000050664;7,501553600000022;51,529724732000034;1
186662;5230919301201785061;5;9;13;0;2023;9;8;3;3;4;3;0;0;1;1;0;0;0;0;390901,291100000031292;5707429,485799999907613;7,427960413000051;51,507451880000076;1
186663;5230919301101983965;5;9;13;0;2023;9;16;3;2;0;7;0;0;1;1;0;0;0;0;392805,969100000336766;5707899,234699999913573;7,455251909000026;51,512038722000057;1