OID_;UIDENTSTLAE;ULAND;UREGBEZ;UKREIS;UGEMEINDE;UJAHR;UMONAT;USTUNDE;UWOCHENTAG;UKATEGORIE;UART;UTYP1;ULICHTVERH;IstStrassenzustand;IstRad;IstPKW;IstFuss;IstKrad;IstGkfz;IstSonstige;LINREFX;LINREFY;XGCSWGS84;YGCSWGS84;PLST
186664;5230919300700039114;5;9;16;0;2023;9;8;3;3;5;7;0;0;1;1;0;0;0;0;373230,937500000000000;5709172,184399999678135;7,172845253000048;51,519426122000027;1
186668;5230918709300591781;5;5;66;84;2023;9;7;2;3;0;1;1;1;1;0;0;0;0;0;390327,152999999932945;5776213,714999999850988;7,397910400000058;52,125557604000051;1
186669;5230918709110881140;5;5;66;12;2023;9;7;2;2;1;7;1;1;1;1;0;0;0;0;405004,720999999903142;5773604,605000000447035;7,612973617000023;52,104824120000046;1
186670;5230918709110180992;5;5;66;64;2023;9;7;2;3;0;1;0;1;1;1;0;0;0;0;395890,389399999752641;5771486,296199999749660;7,480590748000054;52,084145184000079;1
186671;5230918706300596685;5;5;58;24;2023;9;15;2;3;0;7;0;0;1;0;0;0;0;0;392470,025000000372529;5736125,342000000178814;7,441739614000028;51,765676894000080;1
186672;5230918706200379104;5;5;58;12;2023;9;6;2;3;0;3;2;1;1;0;0;1;0;0;374815,176900000311434;5753864,914999999105930;7,179604122000057;51,921427926000035;1
186673;5230918705000984027;5;5;54;16;2023;9;14;2;3;1;2;0;0;1;1;0;0;0;0;362555,029600000008941;5758256,181299999356270;6,999678359000029;51,957994773000053;1
186675;5230918705000876765;5;5;54;8;2023;9;10;2;3;5;2;0;0;1;0;0;0;0;0;335699,882000000216067;5745515,521999999880791;6,615246178000064;51,836256676000062;1
186677;5230918705000374717;5;5;54;8;2023;9;16;2;3;5;3;0;0;1;1;0;0;0;0;335219,676199999637902;5744583,833499999716878;6,608726286000035;51,827745506000042;1
186678;5230918700000299266;5;5;13;0;2023;9;17;2;2;5;2;0;0;1;1;0;0;0;0;369102,495199999772012;5708664,887700000777841;7,113563521000060;51,513925519000054;1
186679;5230918610212094780;5;3;70;40;2023;9;8;2;3;1;7;0;1;1;1;0;0;0;0;309740,781000000424683;5668372,198999999091029;6,280455991000053;51,135158984000043;1
186681;5230918608200089778;5;3;34;2;2023;9;8;2;3;0;1;0;0;1;0;0;0;0;0;300283,822100000455976;5627207,791600000113249;6,168026993000069;50,762221299000032;1
186685;5230918601600078386;5;3;15;0;2023;9;13;2;2;0;1;0;0;1;0;0;0;0;0;365761,177299999631941;5636313,855200000107288;7,092481618000022;50,862911848000067;1
186687;5230918601300984008;5;3;15;0;2023;9;17;2;3;1;5;0;0;1;1;0;0;0;0;350419,375099999830127;5644821,185200000181794;6,871143984000071;50,935597382000026;1
186689;5230918601200399005;5;3;15;0;2023;9;18;2;3;0;1;0;0;1;0;0;0;0;0;358856,525799999944866;5638494,026900000870228;6,993588621000072;50,880861194000033;1
186690;5230918601200157561;5;3;15;0;2023;9;20;2;2;4;2;2;1;1;0;0;0;0;0;355249,551500000059605;5643299,553700000047684;6,940443771000048;50,923155396000027;1
186691;5230918601200091195;5;3;15;0;2023;9;20;2;3;0;1;2;0;1;0;0;0;0;0;357995,457999999634922;5640972,547299999743700;6,980392852000023;50,902924879000068;1
186692;5230918601200081856;5;3;15;0;2023;9;17;2;3;0;1;0;0;1;0;0;0;0;0;359638,187800000421703;5638953,963600000366569;7,004516412000044;50,885185155000045;1
186693;5230918601100890295;5;3;15;0;2023;9;17;2;3;0;1;0;0;1;0;0;0;0;0;354880,661899999715388;5643828,763699999079108;6,934988103000023;50,927818618000060;1
186695;5230918601100578241;5;3;15;0;2023;9;10;2;3;4;6;0;0;1;1;0;0;0;0;356043,971099999733269;5644065,831900000572205;6,951436729000022;50,930240593000065;1
186696;5230918601100186580;5;3;15;0;2023;9;9;2;3;0;1;0;0;1;0;0;0;0;0;354758,921400000341237;5645208,013800000771880;6,932707300000061;50,940182948000029;1
186698;5230918600360693586;5;3;82;12;2023;9;10;2;3;1;5;0;0;1;1;0;0;0;0;353590,402200000360608;5627114,997899999842048;6,923324306000040;50,777289366000048;1
186699;5230918600110984016;5;3;14;0;2023;9;13;2;3;2;6;0;0;1;0;0;0;0;1;365108,836699999868870;5620641,162900000810623;7,088971910000055;50,721897002000048;1
186700;5230918518400984007;5;1;70;8;2023;9;17;2;3;0;1;0;0;1;0;0;0;0;0;343403,434999999590218;5714860,004000000655651;6,740728447000038;51,563048871000035;1
186701;5230918516900984028;5;1;58;26;2023;9;13;2;3;0;7;0;0;1;0;0;0;0;0;352748,411000000312924;5665270,836300000548363;6,895960187000071;51,119965749000073;1
186704;5230918516900186641;5;1;58;26;2023;9;8;2;3;5;3;0;0;1;0;0;0;0;1;352074,247999999672174;5661659,166999999433756;6,887814479000042;51,087336835000031;1
186706;5230918515211984033;5;1;54;16;2023;9;11;2;3;5;5;0;0;1;1;0;0;0;0;302504,633600000292063;5731085,928700000047684;6,142224688000056;51,695929154000055;1
186708;5230918514217085957;5;1;66;36;2023;9;7;2;3;1;5;0;0;1;1;0;0;0;0;328516,390899999998510;5682344,943900000303984;6,541878348000068;51,266619519000074;1
186710;5230918514110577594;5;1;66;32;2023;9;15;2;3;5;3;0;0;1;1;0;0;0;0;317219,415000000037253;5681764,377299999818206;6,380415170000049;51,257894183000076;1
186713;5230919606000781774;5;3;78;4;2023;9;7;3;3;5;3;1;0;1;0;0;1;0;0;368978,808000000193715;5647904,213999999687076;7,134015010000041;50,967822573000035;1
186714;5230918513320186616;5;1;62;4;2023;9;22;2;2;0;3;2;0;1;0;0;0;0;1;345970,990000000223517;5667067,710000000894070;6,798426413000072;51,134330000000034;1
186715;5230918513310589870;5;1;62;8;2023;9;18;2;3;0;7;0;0;1;0;0;0;0;1;330696,407300000078976;5662824,604499999433756;6,582293397000058;51,091896974000065;1
186716;5230918513210345963;5;1;62;24;2023;9;8;2;3;5;3;0;0;1;1;0;0;0;0;337477,148400000296533;5675545,838500000536442;6,673293971000021;51,208157096000036;1
186717;5230918513120863582;5;1;62;20;2023;9;19;2;3;1;6;0;0;1;1;0;0;0;0;326183,475599999539554;5673415,089900000020862;6,512801371000023;51,185690175000047;1
186719;5230918505200163758;5;1;14;0;2023;9;13;2;3;5;3;0;0;1;1;0;0;0;0;333970,383600000292063;5691554,847500000149012;6,615697976000035;51,350978291000047;1
186720;5230918505100691605;5;1;14;0;2023;9;7;2;3;5;2;0;1;1;1;0;0;0;0;328798,215300000272691;5688869,356000000610948;6,542785263000042;51,325318095000057;1
186725;5230918501128795986;5;1;12;0;2023;9;15;2;3;0;6;0;0;1;1;0;0;0;0;342173,898599999956787;5702973,429899999871850;6,728324688000043;51,455909764000069;1
186726;5230918501114096120;5;1;12;0;2023;9;17;2;3;5;3;0;0;1;1;0;0;0;0;347346,419999999925494;5707599,484999999403954;6,800716612000031;51,498893829000053;1
186729;5230921608436789786;5;3;34;36;2023;9;21;5;3;0;5;2;1;1;1;0;0;0;0;297548,517900000326335;5634593,056399999186397;6,125222580000070;50,827604362000045;1
186732;5230918500200001053;5;1;11;0;2023;9;15;2;3;1;5;0;0;1;1;0;0;0;0;349555,710199999623001;5677714,071000000461936;6,845166657000050;51,230949735000081;1
186733;5230921410110586693;5;7;70;24;2023;9;7;5;3;0;7;0;0;1;0;0;0;0;1;494207,837700000032783;5792592,341700000688434;8,915090570000075;52,283664477000059;1
186735;5230918406210087150;5;7;58;4;2023;9;7;2;3;5;3;0;1;1;1;0;0;0;0;467658,226999999955297;5783102,807000000029802;8,526806874000044;52,197429766000027;1
186736;5230918405228881503;5;7;54;28;2023;9;22;2;3;0;1;2;1;1;0;0;0;0;0;451233,655399999581277;5743842,565799999982119;8,292109082000025;51,843262695000078;1
186737;5230918405148090752;5;7;54;48;2023;9;17;2;3;1;5;0;0;1;1;0;0;0;0;441934,412299999967217;5765783,913499999791384;8,153430891000028;52,039627275000043;1
186738;5230918404101864100;5;7;66;20;2023;9;7;2;3;5;3;0;0;1;0;0;0;0;0;492201,653099999763072;5754381,960599999874830;8,886556507000023;51,940098955000053;1
186739;5230918400200983997;5;7;11;0;2023;9;17;2;3;1;5;0;0;1;0;0;0;0;1;470260,693900000303984;5761829,396800000220537;8,566739621000067;52,006316780000077;1
186740;5230918400200574620;5;7;11;0;2023;9;16;2;2;5;3;0;0;1;1;0;0;0;0;467932,366200000047684;5765597,085000000894070;8,532467239000027;52,040061013000070;1
186741;5230918400100156045;5;7;11;0;2023;9;16;2;3;5;3;0;1;1;1;0;0;0;0;466005,994400000199676;5766093,820399999618530;8,504333245000055;52,044412166000029;1
186742;5230918400100096887;5;7;11;0;2023;9;5;2;3;5;3;2;0;1;1;0;0;0;0;472829,868400000035763;5766693,783399999141693;8,603781586000025;52,050182730000074;1
186743;5230918317230587420;5;9;78;8;2023;9;7;2;3;5;2;0;0;1;0;0;0;1;0;414680,868300000205636;5718069,441700000315905;7,767929353000056;51,607191582000041;1
186744;5230918317140984001;5;9;78;28;2023;9;17;2;2;0;1;0;0;1;0;0;0;0;0;401390,625099999830127;5697871,085200000554323;7,581718748000071;51,423459174000072;1
186746;5230928502402295746;5;1;17;0;2023;9;9;5;3;1;7;0;0;1;1;0;0;0;0;353567,678299999795854;5700271,705600000917912;6,893315428000051;51,434694544000081;1
186747;5230918313130091851;5;9;58;44;2023;9;17;2;3;0;1;0;0;1;0;0;0;0;0;431389,900999999605119;5685565,095000000670552;8,015485209000076;51,317247110000039;1
186749;5230918307000485232;5;9;62;24;2023;9;12;2;3;0;7;0;0;1;0;0;0;0;0;408921,381900000385940;5694580,975299999117851;7,690845670000044;51,395142965000048;1
186751;5230918301302984018;5;9;13;0;2023;9;15;2;3;0;1;0;1;1;0;0;0;0;0;396502,157999999821186;5707661,620999999344349;7,508566821000045;51,510592101000043;1
186752;5230918301301580480;5;9;78;24;2023;9;10;2;3;3;5;0;0;1;1;0;0;0;0;391685,943400000222027;5717542,120300000533462;7,436147756000025;51,598498225000071;1
186753;5230922405228982008;5;7;54;28;2023;9;15;6;2;5;3;0;0;1;1;0;0;0;0;451270,787600000388920;5744895,364900000393391;8,292499655000029;51,852731134000067;1
186754;5230917702100268135;5;5;15;0;2023;9;0;1;3;1;7;2;1;1;1;0;0;0;0;407509,176300000399351;5758577,741200000047684;7,653594592000047;51,970180979000077;1
186755;5230917610212433036;5;3;70;40;2023;9;9;1;3;0;1;0;1;1;0;0;0;0;0;304232,336000000126660;5670484,100199999287724;6,200670170000024;51,152270745000067;1
186761;5230917603144090896;5;3;66;44;2023;9;14;1;2;0;1;0;0;1;0;0;0;0;0;338723,858699999749660;5615468,639200000092387;6,717719670000065;50,668694521000077;1
186762;5230917601700986505;5;3;16;0;2023;9;15;1;3;0;6;0;0;1;1;0;0;0;0;353831,288399999961257;5659286,981499999761581;6,913844010000048;51,066469824000080;1
186764;5230917601600687295;5;3;15;0;2023;9;19;1;3;0;3;0;0;1;0;0;0;0;1;360077,205599999986589;5644925,889699999243021;7,008463765000045;50,938962574000072;1
186766;5230917601500586650;5;3;15;0;2023;9;13;1;3;6;2;0;0;1;0;1;0;0;0;358210,042999999597669;5646196,829700000584126;6,981410985000025;50,949928417000081;1
186767;5230917601400669775;5;3;15;0;2023;9;13;1;3;5;2;0;0;1;1;0;0;0;0;357368,216900000348687;5648061,878900000825524;6,968703441000059;50,966481754000029;1
186769;5230918505100984035;5;1;14;0;2023;9;11;2;3;6;6;0;0;1;0;1;0;0;0;330618,170400000177324;5688969,203600000590086;6,568833768000047;51,326759973000037;1
186771;5230917601300093515;5;3;15;0;2023;9;21;1;3;0;1;2;0;1;0;0;0;0;0;353903,813000000081956;5647677,064300000667572;6,919553893000057;50,962155405000033;1
186772;5230917601100486450;5;3;15;0;2023;9;14;1;3;4;2;0;0;1;1;0;0;0;0;355793,463000000454485;5644596,255999999120831;6,947664454000062;50,934944851000068;1
186773;5230925601100983675;5;3;15;0;2023;9;8;2;3;0;3;0;0;1;1;0;0;0;0;355504,383000000379980;5643362,278999999165535;6,944042244000059;50,923782974000062;1
186776;5230925501215582333;5;1;12;0;2023;9;13;2;3;5;3;0;0;1;1;0;0;0;0;337339,629999999888241;5696611,939799999818206;6,661724374000073;51,397387774000038;1
186777;5230917600120095316;5;3;82;24;2023;9;14;1;3;5;3;0;0;1;0;0;0;0;0;371247,048999999649823;5617222,628000000491738;7,177077288000021;50,692562420000058;1
186778;5230921505200983896;5;1;14;0;2023;9;8;5;3;3;2;0;0;1;0;0;0;0;1;330272,309700000099838;5690370,826300000771880;6,563206579000052;51,339248839000049;1
186784;5230917516500286747;5;1;58;16;2023;9;16;1;3;1;5;0;0;1;1;0;0;0;0;355990,790400000289083;5671724,958599999547005;6,939675330000057;51,178789590000065;1
186785;5230917515212984060;5;1;54;64;2023;9;17;1;2;1;5;0;0;1;1;0;0;0;0;306158,383299999870360;5723039,537799999117851;6,199487521000037;51,624940302000027;1
186787;5230917515110096017;5;1;54;36;2023;9;21;1;3;5;3;2;0;1;1;0;0;0;0;302709,817099999636412;5741386,976099999621511;6,139348934000054;51,788506373000075;1
186789;5230917514217984076;5;1;66;36;2023;9;14;1;3;0;7;0;0;1;0;0;0;0;0;328247,055599999614060;5682479,779799999669194;6,537956634000068;51,267749763000040;1
186790;5230917514118984085;5;1;66;16;2023;9;9;1;3;0;2;0;0;1;0;0;0;0;0;310111,019000000320375;5687226,678999999538064;6,275756974000046;51,304633261000049;1
186791;5230917514114496031;5;1;66;24;2023;9;16;1;3;1;7;0;0;1;1;0;0;0;0;310041,514999999664724;5677146,674699999392033;6,280113138000047;51,214072090000059;1
186792;5230917513320984100;5;1;62;4;2023;9;2;1;2;6;6;2;1;1;0;1;0;0;0;340248,509899999946356;5664133,167500000447035;6,718001984000068;51,106394933000047;1
186794;5230917505200984094;5;1;14;0;2023;9;10;1;2;0;1;0;1;1;0;0;0;0;0;327147,462700000032783;5693412,427300000563264;6,516910231000054;51,365631651000058;1
186798;5230917406210079416;5;7;58;4;2023;9;16;1;3;5;3;0;0;1;1;0;0;0;0;473142,033800000324845;5782441,082699999213219;8,607090764000077;52,191775017000055;1
186799;5230917405228081503;5;7;54;28;2023;9;18;1;2;5;3;0;0;1;1;0;0;0;0;450559,868999999947846;5743967,531999999657273;8,282311373000027;51,844326942000066;1
186800;5230917405224984093;5;7;54;24;2023;9;11;1;3;0;1;0;0;1;0;0;0;0;0;452786,708100000396371;5735958,852600000798702;8,315725530000066;51,772516794000069;1
186802;5230917317210320460;5;9;78;20;2023;9;14;1;3;5;3;0;0;1;0;0;0;0;0;408040,523000000044703;5716234,243000000715256;7,672545756000034;51,589649329000054;1
186805;5230917313231477792;5;9;58;48;2023;9;11;1;3;7;7;0;0;1;0;1;0;0;0;465443,071299999952316;5670457,287799999117851;8,505558080000071;51,184489176000056;1
186806;5230917310220984066;5;9;54;8;2023;9;13;1;3;5;3;0;0;1;1;0;0;0;0;385331,717000000178814;5684140,694199999794364;7,355268753000075;51,297025882000071;1
186810;5230917301101984086;5;9;13;0;2023;9;11;1;3;0;7;0;0;1;0;0;0;0;0;395205,785799999721348;5707277,440400000661612;7,490006848000064;51,506899901000054;1
186811;5230917300400836622;5;9;11;0;2023;9;17;1;3;0;6;0;0;1;1;0;0;0;0;376040,738300000317395;5698058,390300000086427;7,217220572000031;51,420165551000082;1
186813;5230916709110881140;5;5;66;12;2023;9;14;7;3;0;1;0;0;1;0;0;0;0;0;402654,028300000354648;5772661,197699999436736;7,578931989000068;52,095936044000041;1
186814;5230916706300676683;5;5;58;4;2023;9;11;7;3;0;1;0;0;1;0;0;0;0;0;407669,697499999776483;5732878,779799999669194;7,662796386000025;51,739206946000081;1
186815;5230916705000984106;5;5;54;8;2023;9;23;7;3;5;2;2;0;1;1;0;0;0;0;336526,048399999737740;5745710,963600000366569;6,627134203000026;51,838254834000054;1
186817;5230916702100796698;5;5;15;0;2023;9;14;7;3;5;7;0;0;1;0;0;0;0;1;405477,425300000235438;5751269,346300000324845;7,626035579000074;51,904147922000050;1
186822;5230916607300090856;5;3;82;52;2023;9;20;7;3;0;1;2;0;1;0;0;0;0;0;393021,440000000409782;5633629,161599999293685;7,480467246000046;50,844464890000040;1
186824;5230916606700799041;5;3;78;32;2023;9;14;7;3;1;1;0;0;1;1;0;0;0;0;375445,184100000187755;5665999,385700000450015;7,219833793000021;51,131898218000060;1
186826;5230916603116523664;5;3;66;16;2023;9;11;7;3;0;5;0;0;1;1;0;0;0;0;343525,459499999880791;5614461,982499999925494;6,786039668000058;50,660958730000061;1
186827;5230916602800485398;5;3;62;12;2023;9;17;7;3;0;1;0;1;1;0;0;0;0;0;352066,551300000399351;5629789,987800000235438;6,900648498000066;50,800942236000026;1
186828;5230916602400090558;5;3;62;32;2023;9;19;7;3;0;1;0;0;1;0;0;0;0;0;339247,884999999776483;5643060,110999999567866;6,713056654000070;50,916767823000043;1
186831;5230916601600693502;5;3;15;0;2023;9;16;7;3;0;1;0;0;1;0;0;0;0;0;365354,144700000062585;5637822,868899999186397;7,086145686000066;50,876379737000036;1
186832;5230916601300578624;5;3;15;0;2023;9;23;7;3;0;1;2;0;1;0;0;0;0;0;348906,459900000132620;5644357,279200000688434;6,849820377000071;50,931034217000047;1
186835;5230916601100999070;5;3;15;0;2023;9;15;7;3;7;1;0;0;1;0;0;0;0;0;357029,827999999746680;5643481,221999999135733;6,965685718000032;50,925231941000050;1
186836;5230916601100899015;5;3;15;0;2023;9;23;7;3;3;5;2;0;1;1;1;0;0;0;356433,249400000087917;5645992,046900000423193;6,956213552000065;50,947648259000061;1
186837;5230916600330491000;5;3;82;48;2023;9;13;7;3;0;1;0;0;1;0;0;0;0;0;354114,770600000396371;5610152,472699999809265;6,937457423000069;50,624977397000066;1
186838;5230916600110886285;5;3;14;0;2023;9;22;7;2;0;7;2;0;1;0;0;0;0;0;364632,071999999694526;5621303,808499999344349;7,081978304000074;50,727741911000066;1
186839;5230916515211622038;5;1;54;16;2023;9;19;7;3;2;6;2;0;1;1;0;0;0;0;304110,558400000445545;5728632,291400000452995;6,166808621000030;51,674457072000052;1
186840;5230916515110096017;5;1;54;24;2023;9;15;7;3;1;7;0;0;1;1;0;0;0;0;314910,619800000451505;5740799,395199999213219;6,316354232000037;51,787398214000063;1
186841;5230916514215984134;5;1;66;28;2023;9;15;7;3;1;7;0;0;1;1;0;0;0;0;324428,196399999782443;5688723,314500000327826;6,480199765000066;51,322674143000029;1
186848;5230919518400596015;5;1;70;8;2023;9;9;3;3;5;3;0;0;1;1;0;0;0;0;343364,077999999746680;5715078,255000000819564;6,740063851000059;51,564998847000027;1
186849;5230916501132063480;5;1;12;0;2023;9;18;7;3;0;3;0;0;1;1;0;0;0;0;341922,609000000171363;5712920,746999999508262;6,720253788000036;51,545212492000076;1
186850;5230916500300079148;5;1;11;0;2023;9;18;7;3;0;7;1;0;1;0;0;0;0;0;352841,906999999657273;5667951,117000000551343;6,896200578000048;51,144075394000026;1
186851;5230916500200586706;5;1;11;0;2023;9;12;7;3;5;2;0;0;1;1;0;0;0;0;345761,155799999833107;5679186,346899999305606;6,790225591000024;51,243165901000054;1
186853;5230916406210790810;5;7;58;4;2023;9;17;7;2;0;1;0;0;1;0;0;0;0;0;472687,858799999579787;5784659,850199999287724;8,600267808000069;52,211700381000071;1
186855;5230916405108070300;5;7;54;8;2023;9;14;7;3;6;4;0;0;1;0;1;0;0;0;457156,406000000424683;5750678,898000000044703;8,377229214000067;51,905211491000045;1
186856;5230927602800562752;5;3;62;12;2023;9;21;4;3;5;5;2;0;1;1;0;0;0;0;351960,224999999627471;5632874,585000000894070;6,897896187000072;50,828635532000078;1
186857;5230916404301121754;5;7;66;36;2023;9;16;7;3;5;3;0;0;1;1;0;0;0;0;496216,757699999958277;5773274,370100000873208;8,944755788000066;52,110000811000077;1
186859;5230916316300294491;5;9;74;28;2023;9;21;7;3;1;5;2;0;1;1;0;0;0;0;455314,419099999591708;5723997,167300000786781;8,353892288000054;51,665178984000079;1
186860;5230926601200082434;5;3;15;0;2023;9;20;3;3;1;5;2;0;1;1;0;0;0;0;356463,280899999663234;5641760,067500000819564;6,958307058000059;50,909623399000054;1
186861;5230916314320799553;5;9;66;16;2023;9;15;7;3;9;1;0;0;1;0;0;0;0;0;430097,206399999558926;5655402,873099999502301;8,002807476000044;51,045905773000072;1
186862;5230916313110984121;5;9;58;4;2023;9;18;7;3;0;7;1;0;1;0;0;0;0;0;429010,495500000193715;5701282,481499999761581;7,978205218000028;51,458261921000030;1
186863;5230916310110984161;5;9;54;16;2023;9;1;7;3;6;7;2;0;1;0;1;0;0;0;373685,161000000312924;5695771,911000000312924;7,184175246000052;51,399096156000041;1
186872;5230916300500984140;5;9;11;0;2023;9;13;7;3;5;3;0;0;1;1;0;0;0;0;380223,974399999715388;5702116,611400000751019;7,275981021000064;51,457539217000033;1
186876;5230915711100996535;5;5;70;52;2023;9;11;6;3;5;2;0;0;1;1;0;0;0;0;429847,816800000146031;5756024,317900000140071;7,979238998000028;51,950495435000050;1
186877;5230915709700076377;5;5;66;56;2023;9;19;6;3;5;3;0;0;1;1;0;0;0;0;417129,525000000372529;5796133,472999999299645;7,784447530000023;52,309277135000059;1
186880;5230915709110196612;5;5;66;8;2023;9;7;6;3;4;1;0;0;1;0;0;0;0;0;399690,554999999701977;5781440,127000000327826;7,533096021000063;52,174310070000047;1
186883;5230915701800981347;5;5;62;4;2023;9;22;6;3;0;1;2;0;1;0;0;0;0;0;383987,792000000365078;5716862,125499999150634;7,325275130000023;51,590853656000036;1
186886;5230915609108185752;5;3;58;8;2023;9;17;6;3;0;3;0;0;1;1;0;0;0;0;324100,600999999791384;5630771,937899999320507;6,503678251000053;50,801951385000052;1
186888;5230915608100685754;5;3;34;2;2023;9;8;6;3;0;1;0;0;1;0;0;0;0;0;293812,331399999558926;5628451,681199999526143;6,075689920000059;50,771129833000032;1
186890;5230915607500090421;5;3;82;56;2023;9;11;6;3;0;1;0;0;1;0;0;0;0;0;371775,254999999888241;5625775,876000000163913;7,181576872000051;50,769559034000054;1
186891;5230924500100881715;5;1;11;0;2023;9;12;1;3;0;2;0;0;1;1;0;0;0;0;346439,960500000044703;5675746,149499999359250;6,801417190000052;51,212437078000050;1
186892;5230915606400799201;5;3;78;28;2023;9;14;6;3;0;7;0;0;1;0;0;0;0;0;372271,405600000172853;5639184,442099999636412;7,183937500000070;50,890188085000034;1
186893;5230915606100593395;5;3;78;4;2023;9;7;6;3;5;2;0;0;1;1;0;0;0;0;368100,737200000323355;5650908,968699999153614;7,120426372000054;50,994627983000044;1
186898;5230915602200969761;5;3;62;4;2023;9;11;6;3;5;3;0;0;1;1;0;0;0;0;329690,905000000260770;5650418,117000000551343;6,573779522000052;50,980134991000057;1
186899;5230915601700686572;5;3;16;0;2023;9;9;6;2;5;3;0;0;1;1;0;0;0;0;363457,807199999690056;5655671,920399999246001;7,052511626000069;51,036351125000067;1
186901;5230915601400476600;5;3;15;0;2023;9;8;6;3;5;3;0;0;1;0;0;0;0;0;351783,225300000049174;5655901,884199999272823;6,886020630000075;51,035525203000077;1
186902;5230915601400269165;5;3;15;0;2023;9;17;6;3;0;1;0;0;1;0;0;0;0;0;356575,984899999573827;5654011,410700000822544;6,955079169000044;51,019752220000044;1
186905;5230915601300890248;5;3;15;0;2023;9;14;6;3;5;3;0;0;1;1;0;0;0;0;351239,783999999985099;5645657,622999999672174;6,882470104000049;50,943326192000029;1
186906;5230925601300799818;5;3;15;0;2023;9;11;2;3;3;7;0;0;1;1;0;0;0;0;353277,788300000131130;5646943,607799999415874;6,910941171000047;50,955405061000079;1
186908;5230915601300626691;5;3;15;0;2023;9;11;6;3;5;2;0;0;1;1;0;0;0;0;352440,675300000235438;5645088,566999999806285;6,899782377000065;50,938520946000040;1
186911;5230915601200699876;5;3;15;0;2023;9;16;6;3;5;3;0;0;1;1;0;0;0;0;356210,255300000309944;5640900,464700000360608;6,955049031000044;50,901835251000080;1
186912;5230915601100886377;5;3;15;0;2023;9;14;6;3;4;6;0;0;1;0;0;0;0;1;355485,317999999970198;5643429,244000000879169;6,943744625000022;50,924380002000078;1
186914;5230915601000690437;5;3;15;0;2023;9;21;6;3;0;5;2;0;1;1;0;0;0;0;355079,836000000126660;5644837,654999999329448;6,937419189000025;50,936935367000046;1
186915;5230915600380984268;5;3;14;0;2023;9;12;6;3;5;2;0;0;1;1;0;0;0;0;369775,984000000171363;5616536,674000000581145;7,156502669000076;50,686069365000037;1
186916;5230915600380595380;5;3;14;0;2023;9;22;6;2;0;1;2;0;1;0;0;0;0;0;368539,304999999701977;5617839,214999999850988;7,138542179000069;50,697498786000040;1
186917;5230915600330494477;5;3;82;48;2023;9;10;6;3;5;2;0;0;1;1;0;0;0;0;354454,395499999634922;5610307,766200000420213;6,942194836000056;50,626457936000065;1
186918;5230915600140995316;5;3;14;0;2023;9;7;6;3;0;1;0;0;1;0;0;0;0;0;369680,435899999924004;5620387,051000000908971;7,153791880000028;50,720656277000046;1
186920;5230915518300984214;5;1;70;20;2023;9;8;6;3;0;3;0;0;1;1;0;0;0;0;330085,171000000089407;5708292,137000000104308;6,551931598000067;51,500192006000077;1
186921;5230915518300984200;5;1;70;20;2023;9;11;6;3;0;1;0;0;1;0;0;0;0;0;330263,560499999672174;5707998,639399999752641;6,554640434000021;51,497608952000064;1
186922;5230915518100796138;5;1;70;12;2023;9;16;6;2;3;2;0;0;1;1;0;0;0;0;333695,421500000171363;5734982,471499999985099;6,591228180000030;51,741041762000066;1
186923;5230915516800495648;5;1;58;20;2023;9;11;6;3;4;6;0;0;1;0;0;0;0;0;356644,067999999970198;5664303,991000000387430;6,951969900000051;51,112265112000046;1
186924;5230915516600174126;5;1;58;4;2023;9;12;6;3;8;1;0;0;1;0;0;0;0;0;354042,822499999776483;5674236,421399999409914;6,910805031000052;51,200864208000041;1
186926;5230915516100591327;5;1;58;32;2023;9;14;6;2;0;1;0;0;1;0;0;0;0;0;365675,317900000140071;5690875,509800000116229;7,070949750000068;51,353253072000030;1
186928;5230915515212984210;5;1;54;32;2023;9;10;6;3;6;6;0;0;1;0;1;0;0;0;309263,440999999642372;5718208,532999999821186;6,246918527000048;51,582613097000035;1
186929;5230915514215984212;5;1;66;28;2023;9;10;6;3;5;3;0;0;1;1;0;0;0;0;325587,086000000126660;5688490,005999999120831;6,496929165000040;51,320934722000061;1
186932;5230915514121545550;5;1;66;4;2023;9;12;6;3;0;3;0;0;1;1;0;0;0;0;303207,496000000275671;5681168,573000000789762;6,180177614000058;51,247879916000045;1
186935;5230915513320081757;5;1;62;4;2023;9;12;6;3;5;3;0;0;1;1;0;0;0;0;347231,868800000287592;5662565,368499999865890;6,818341209000039;51,094210643000054;1
186936;5230915513130984166;5;1;62;22;2023;9;21;6;3;5;2;2;0;1;1;0;0;0;0;337839,637000000104308;5686011,704600000753999;6,673735802000067;51,302292817000080;1
186937;5230915506100984178;5;1;16;0;2023;9;14;6;3;5;3;0;0;1;1;0;0;0;0;320285,227699999697506;5672495,487099999561906;6,428950856000029;51,175605470000050;1
186938;5230915505200984217;5;1;14;0;2023;9;7;6;3;5;3;0;0;1;1;0;0;0;0;333222,155600000172853;5691123,555199999362230;6,605165058000068;51,346884429000056;1
186939;5230915505200481643;5;1;14;0;2023;9;11;6;3;0;1;0;0;1;0;0;0;0;0;336200,954699999652803;5691986,130000000819564;6,647502812000027;51,355500393000057;1