OID_;UIDENTSTLAE;ULAND;UREGBEZ;UKREIS;UGEMEINDE;UJAHR;UMONAT;USTUNDE;UWOCHENTAG;UKATEGORIE;UART;UTYP1;ULICHTVERH;IstStrassenzustand;IstRad;IstPKW;IstFuss;IstKrad;IstGkfz;IstSonstige;LINREFX;LINREFY;XGCSWGS84;YGCSWGS84;PLST
186941;5230915503400899402;5;1;22;0;2023;9;17;6;3;0;1;0;0;1;0;0;0;0;0;361532,210199999623001;5672082,485999999567866;7,018766243000073;51,183371559000079;1
186942;5230915503400575947;5;1;22;0;2023;9;19;6;3;3;7;2;0;1;0;0;0;0;1;366826,792399999685585;5671725,110700000077486;7,094609188000049;51,181417735000082;1
186947;5230915500200887373;5;1;11;0;2023;9;19;6;3;5;3;0;0;1;0;0;0;0;1;347647,604399999603629;5679626,097400000318885;6,817044366000061;51,247624256000051;1
186949;5230915500100381927;5;1;11;0;2023;9;19;6;3;0;1;1;0;1;1;0;0;0;0;339670,059000000357628;5678198,422000000253320;6,703474663000065;51,232610146000070;1
186950;5230915411108537706;5;7;74;8;2023;9;8;6;2;5;2;0;0;1;1;0;0;0;0;488143,950799999758601;5737716,244599999859929;8,828100975000041;51,790183745000036;1
186951;5230915407201394496;5;7;62;4;2023;9;13;6;3;0;7;0;0;1;0;0;0;0;0;501189,783800000324845;5730950,249299999326468;9,017227366000043;51,729472854000051;1
186954;5230915406220090765;5;7;58;24;2023;9;14;6;2;4;2;0;0;1;1;0;0;0;0;485202,316499999724329;5783206,652599999681115;8,783487098000023;52,199113515000079;1
186955;5230915406110487324;5;7;58;12;2023;9;10;6;3;0;1;0;0;1;0;0;0;0;0;478756,001000000163913;5772654,613600000739098;8,689828824000074;52,104033675000039;1
186957;5230915405112060956;5;7;54;12;2023;9;14;6;3;7;7;0;0;1;0;0;0;0;1;453801,779000000096858;5768232,026000000536442;8,326105914000038;52,062752383000031;1
186959;5230915405108376256;5;7;54;8;2023;9;13;6;3;2;6;0;0;1;1;0;0;0;0;457696,400000000372529;5753117,180999999865890;8,384778485000027;51,927174311000044;1
186961;5230915400200984187;5;7;11;0;2023;9;16;6;3;4;2;0;0;1;1;0;0;0;0;468429,559999999590218;5763875,424699999392033;8,539874777000023;52,024610759000041;1
186962;5230915316200171387;5;9;74;52;2023;9;10;6;3;0;3;0;0;1;1;0;0;0;0;424578,149199999868870;5711919,559000000357628;7,912144734000037;51,553317078000077;1
186965;5230915310140893706;5;9;54;28;2023;9;10;6;3;0;1;0;0;1;0;0;0;0;0;377971,186300000175834;5691628,129599999636412;7,247180534000051;51,362791314000049;1
186968;5230915307000293830;5;9;62;24;2023;9;14;6;3;4;2;0;0;1;1;0;0;0;0;407086,197300000116229;5692834,938300000503659;7,664931445000036;51,379149446000042;1
186969;5230915303100594280;5;9;15;0;2023;9;10;6;3;5;7;0;0;1;0;0;0;0;1;418423,680999999865890;5726304,209000000730157;7,820045438000022;51,681773563000036;1
186970;5230923505200983771;5;1;14;0;2023;9;15;7;3;6;4;0;0;1;0;1;0;0;0;325903,103000000119209;5694606,675000000745058;6,498467869000024;51,375979965000056;1
186971;5230915303100025931;5;9;15;0;2023;9;9;6;3;5;3;0;0;1;1;0;0;0;0;421749,476200000382960;5726195,335500000044703;7,868165229000056;51,681268121000073;1
186972;5230915301306582436;5;9;13;0;2023;9;13;6;3;5;2;0;0;1;1;0;0;0;0;396761,695000000298023;5711507,905999999493361;7,511178040000061;51,545212488000061;1
186973;5230915301301953670;5;9;78;24;2023;9;15;6;3;4;7;0;0;1;1;0;0;0;0;397537,625500000081956;5720773,998400000855327;7,519659003000072;51,628643064000073;1
186975;5230915301102978068;5;9;13;0;2023;9;20;6;3;5;3;2;0;1;1;0;0;0;0;396950,492300000041723;5705841,988900000229478;7,515556721000053;51,494317919000082;1
186981;5230914709300602916;5;5;66;68;2023;9;15;5;3;5;3;0;0;1;0;0;0;0;0;376234,194699999876320;5785710,596799999475479;7,188683710000021;52,207922903000053;1
186982;5230914705000596652;5;5;54;8;2023;9;7;5;3;1;5;0;0;1;1;0;0;0;0;335783,481399999931455;5745835,741499999538064;6,616306475000044;51,839157927000031;1
186987;5230914701110186117;5;5;62;32;2023;9;12;5;3;6;4;0;0;1;0;1;0;0;0;376354,041899999603629;5717608,810900000855327;7,214868802000069;51,595940723000069;1
186990;5230914608404975592;5;3;34;4;2023;9;15;5;3;3;6;0;0;1;1;0;0;0;0;300860,193599999882281;5640480,930700000375509;6,168983789000038;50,881636266000044;1
186992;5230914608200987716;5;3;34;2;2023;9;18;5;3;0;7;0;0;1;1;0;0;0;0;297749,185999999754131;5627095,152000000700355;6,132195516000024;50,760331848000078;1
186995;5230914602900984230;5;3;62;40;2023;9;16;5;3;0;1;0;0;1;0;0;0;0;0;357459,134999999776483;5631920,038100000470877;6,976296453000032;50,821437013000036;1
186996;5230914602900590296;5;3;62;40;2023;9;19;5;3;4;6;1;0;1;1;0;0;0;0;357717,285000000149012;5630926,550000000745058;6,980344361000050;50,812571837000064;1
186997;5230914602800514916;5;3;62;12;2023;9;14;5;3;1;5;0;0;1;1;0;0;0;0;351799,630800000391901;5633978,975999999791384;6,895170924000070;50,838519256000041;1
186999;5230914602700194866;5;3;62;28;2023;9;11;5;3;0;1;0;0;1;0;0;0;0;0;351587,602900000289083;5639589,638000000268221;6,889886077000028;50,888885769000069;1
187001;5230926502321195640;5;1;13;0;2023;9;15;3;3;0;1;0;0;1;0;0;0;0;0;357476,002999999560416;5705238,266100000590086;6,947502729000064;51,480320824000046;1
187002;5230914602300681755;5;3;62;36;2023;9;18;5;3;4;2;0;0;1;1;0;0;0;0;343343,475999999791384;5654931,919999999925494;6,766161079000028;51,024570872000027;1
187003;5230914602200381395;5;3;62;4;2023;9;13;5;3;8;1;0;0;1;0;0;0;0;0;329853,706500000320375;5650659,863600000739098;6,575983407000024;50,982355084000062;1
187004;5231016505100982725;5;1;14;0;2023;10;17;2;3;0;7;0;0;1;0;1;0;0;0;331136,460300000384450;5689975,914499999955297;6,575788549000038;51,335958304000030;1
187008;5231016502405398913;5;1;17;0;2023;10;6;2;3;0;1;2;0;1;0;0;0;0;0;356221,707399999722838;5699744,596999999135733;6,931685264000066;51,430637693000051;1
187010;5231016502212579621;5;1;13;0;2023;10;7;2;3;5;2;2;1;1;1;0;0;0;0;367239,487999999895692;5695513,720000000670552;7,091666669000062;51,395303983000076;1
187016;5231016500200501306;5;1;11;0;2023;10;15;2;3;5;3;0;0;1;1;0;0;0;0;344960,106300000101328;5681757,376700000837445;6,777644234000036;51,266050331000031;1
187018;5231016407301790738;5;7;62;36;2023;10;9;2;2;0;1;0;0;1;0;0;0;0;0;515677,214300000108778;5706627,967000000178814;9,225907349000067;51,510561756000072;1
187019;5231016406130487117;5;7;58;8;2023;10;18;2;3;5;3;0;1;1;1;0;0;0;0;466930,223500000312924;5777363,473999999463558;8,516715289000047;52,145787820000066;1
187021;5231016316300051157;5;9;74;28;2023;10;7;2;3;5;2;0;0;1;1;0;0;0;0;454278,712000000290573;5723708,026900000870228;8,338955919000057;51,662496032000035;1
187025;5231016301201085042;5;9;13;0;2023;10;9;2;2;0;5;0;0;1;1;0;0;0;0;387125,049999999813735;5709289,107000000774860;7,372974965000026;51,523424608000028;1
187028;5231015705000696652;5;5;54;48;2023;10;20;1;3;5;5;2;1;1;0;0;0;0;1;341346,275600000284612;5745426,060000000521541;6,697169740000049;51,837085380000076;1
187032;5231015608200982691;5;3;34;2;2023;10;18;1;3;0;7;0;0;1;0;1;0;0;0;293984,070799999870360;5631398,552999999374151;6,076470862000065;50,797657063000031;1
187044;5231015502248199281;5;1;13;0;2023;10;17;1;2;3;6;0;0;1;0;0;0;0;0;368364,025600000284612;5699256,055199999362230;7,106432211000026;51,429198195000026;1
187045;5231015502208380395;5;1;13;0;2023;10;16;1;3;5;3;0;0;1;1;0;0;0;0;359455,180499999783933;5702214,300899999216199;6,977188122000030;51,453642194000054;1
187051;5231014709800048558;5;5;66;40;2023;10;12;7;3;1;6;0;0;1;1;0;0;0;0;422027,731999999843538;5781758,028000000864267;7,859596936000059;52,180776630000082;1
187053;5231014709110596500;5;5;66;64;2023;10;13;7;3;5;2;0;0;1;1;0;0;0;0;394552,703700000420213;5770947,436699999496341;7,461242296000023;52,079048937000039;1
187055;5231014705000891695;5;5;54;36;2023;10;17;7;2;1;1;0;0;1;1;0;0;0;0;370279,250799999572337;5766789,647299999371171;7,108796184000028;52,036532640000075;1
187056;5231014705000495050;5;5;54;8;2023;10;15;7;3;5;3;0;0;1;1;0;0;0;0;337224,137400000356138;5745174,914300000295043;6,637509988000033;51,833643095000070;1
187057;5231014702100588887;5;5;15;0;2023;10;5;7;3;5;3;2;1;1;1;0;0;0;0;403418,008999999612570;5758862,380999999120831;7,593977628000061;51,972043551000070;1
187063;5231014700000681384;5;5;13;0;2023;10;15;7;3;3;6;0;0;1;1;0;0;0;0;368665,722199999727309;5714426,165200000628829;7,105122950000066;51,565599316000032;1
187065;5231014610112794620;5;3;70;8;2023;10;11;7;3;0;1;0;0;1;1;0;0;0;0;292813,769000000320375;5655403,017999999225140;6,046264889000042;51,012817856000026;1
187069;5231014608200294908;5;3;34;2;2023;10;18;7;3;0;1;0;0;1;0;0;0;0;0;294880,860999999567866;5630153,869000000879169;6,089874250000037;50,786796346000074;1
187070;5231014607200095298;5;3;82;20;2023;10;13;7;3;1;6;0;0;1;0;0;0;0;0;380208,809000000357628;5625918,307499999180436;7,301073095000049;50,772642293000047;1
187072;5231014602500886761;5;3;62;24;2023;10;2;7;3;0;1;2;1;1;0;0;0;0;0;344264,519799999892712;5645175,374900000169873;6,783464399000025;50,937150927000062;1
187076;5231014601600774343;5;3;15;0;2023;10;14;7;3;6;4;0;0;1;0;1;0;1;0;359641,645999999716878;5645082,945499999448657;7,002207915000042;50,940268198000069;1
187078;5231014601100799070;5;3;15;0;2023;10;0;7;3;0;1;2;1;1;0;0;0;0;0;356390,243999999947846;5644357,114299999549985;6,956246237000073;50,932944629000076;1
187080;5231014601100590410;5;3;15;0;2023;10;18;7;3;6;4;2;1;1;0;1;0;0;0;355870,662800000049174;5644542,395500000566244;6,948783703000061;50,934480114000053;1
187085;5231014513110199940;5;1;62;16;2023;10;14;7;3;5;3;0;0;1;0;0;0;0;1;331493,608799999579787;5677033,729000000283122;6,587013535000040;51,219790771000078;1
187087;5231014508000785888;5;1;19;0;2023;10;16;7;3;4;3;0;0;1;1;0;0;0;0;350845,747100000269711;5704473,967000000178814;6,852413190000050;51,471743883000045;1
187088;5231014508000077710;5;1;19;0;2023;10;23;7;3;0;5;2;0;1;1;0;0;0;1;352591,559000000357628;5704281,568800000473857;6,877611737000052;51,470472578000056;1
187093;5231014500300581080;5;1;11;0;2023;10;10;7;2;5;2;0;0;1;1;0;0;0;0;346084,443300000391901;5673534,106599999591708;6,797279783000022;51,192464986000061;1
187097;5231014410230840100;5;7;70;4;2023;10;15;7;2;1;1;0;0;1;1;0;0;0;0;487451,073699999600649;5782175,589600000530481;8,816427869000051;52,189899406000052;1
187098;5231014406220182025;5;7;58;24;2023;10;18;7;3;5;3;1;1;1;1;0;0;0;0;483726,117899999953806;5784556,578600000590086;8,761823351000032;52,211208509000073;1
187103;5231014300800795833;5;9;11;0;2023;10;15;7;2;0;1;0;1;1;0;0;0;0;0;381282,738400000147521;5704661,573300000280142;7,290358318000074;51,480635782000036;1
187106;5231013711200591770;5;5;70;4;2023;10;14;6;3;2;6;0;0;1;1;0;0;0;0;424569,300999999977648;5735056,567999999970198;7,907024536000051;51,761314260000063;1
187109;5231013705000896647;5;5;54;8;2023;10;22;6;3;8;1;2;1;1;0;0;0;0;0;335912,610999999567866;5744780,803600000217557;6,618679322000048;51,829718910000054;1
187110;5231013705000091695;5;5;54;4;2023;10;16;6;3;5;3;0;0;1;1;0;0;0;0;362833,762099999934435;5771669,779699999839067;6,998358084000074;52,078590865000081;1
187111;5231013701610452451;5;5;62;12;2023;10;22;6;2;0;1;2;1;1;0;0;0;0;0;358971,401999999769032;5726559,086500000208616;6,960462853000024;51,672283080000057;1
187113;5231013700000799216;5;5;13;0;2023;10;19;6;3;2;6;2;1;1;1;0;0;0;0;368067,988099999725819;5707417,742900000885129;7,099130069000068;51,502477093000039;1
187115;5231013610212149220;5;3;70;40;2023;10;15;6;3;0;7;0;0;1;0;0;0;0;1;311367,626400000415742;5668267,647199999541044;6,303736966000031;51,134758015000045;1
187117;5231013608100894761;5;3;34;2;2023;10;20;6;3;2;7;1;0;1;1;0;0;0;0;294973,746899999678135;5628917,012499999254942;6,091879933000030;50,775720688000035;1
187122;5231013601600893598;5;3;15;0;2023;10;20;6;3;5;3;2;0;1;0;0;0;0;0;359596,471300000324845;5645442,378499999642372;7,001426801000036;50,943487465000032;1
187126;5231013600380075850;5;3;14;0;2023;10;15;6;3;5;3;0;0;1;1;0;0;0;0;370068,770100000314415;5616012,319800000637770;7,160829478000039;50,681421745000080;1
187127;5231013600140233822;5;3;14;0;2023;10;16;6;3;6;6;0;0;1;0;1;0;0;0;371112,723299999721348;5618876,735300000756979;7,174599230000069;50,707400446000065;1
187128;5231013518401070154;5;1;70;36;2023;10;14;6;3;5;7;0;0;1;1;0;0;0;0;351740,717000000178814;5727621,503000000491738;6,855519597000068;51,679967476000058;1
187129;5231013518400975964;5;1;70;8;2023;10;21;6;2;3;6;2;1;1;0;0;0;0;0;344626,488800000399351;5714910,060300000011921;6,758337140000037;51,563836871000035;1
187130;5231013518300278956;5;1;70;20;2023;10;6;6;3;5;3;2;1;1;1;0;0;0;0;329714,900200000032783;5707106,151200000196695;6,547174354000049;51,489426301000037;1
187132;5231013514110982840;5;1;66;32;2023;10;15;6;3;5;3;0;0;1;1;0;0;0;1;318820,265499999746680;5681794,661199999973178;6,403317603000062;51,258677133000049;1
187133;5231013505200581650;5;1;14;0;2023;10;9;6;3;0;1;0;1;1;0;0;0;0;0;335230,584400000050664;5692286,760099999606609;6,633439749000047;51,357920774000036;1
187137;5231013503200982832;5;1;24;0;2023;10;17;6;2;5;3;0;0;1;1;0;0;0;0;376314,455199999734759;5682963,413699999451637;7,226402608000058;51,284557269000061;1
187146;5231013500300076622;5;1;11;0;2023;10;19;6;3;5;3;2;0;1;1;0;0;0;0;349563,713399999774992;5671504,695800000801682;6,847884053000030;51,175155459000052;1
187148;5231013500100574197;5;1;11;0;2023;10;14;6;3;6;4;0;0;1;0;1;0;0;0;345948,314000000245869;5676768,282999999821186;6,793944567000040;51,221489041000041;1
187151;5231013411232681974;5;7;74;32;2023;10;17;6;3;0;3;0;0;1;1;0;0;0;0;481418,598000000230968;5734323,875000000000000;8,730773637000027;51,759499272000028;1
187152;5231013410110676062;5;7;70;24;2023;10;17;6;3;0;3;0;0;1;1;0;0;0;0;493762,754399999976158;5793969,101700000464916;8,908540453000057;52,296037370000079;1
187153;5231013405112982851;5;7;54;12;2023;10;11;6;2;0;7;0;1;1;0;0;0;0;0;457645,355299999937415;5764979,406999999657273;8,382571685000073;52,033817383000041;1
187154;5231013405108982835;5;7;54;8;2023;10;18;6;3;5;3;1;0;1;1;0;0;0;0;456197,405000000260770;5748337,514000000432134;8,363587636000034;51,884086544000070;1
187155;5231013404102982862;5;7;66;40;2023;10;11;6;3;0;3;0;1;1;0;0;0;0;0;487130,065399999730289;5760010,164899999275804;8,812568896000073;51,990607734000037;1
187156;5231013400300687075;5;7;11;0;2023;10;11;6;3;8;1;0;1;1;1;0;0;0;0;462303,367899999953806;5757853,222100000828505;8,451254685000038;51,970085345000030;1
187158;5231013316300691307;5;9;74;28;2023;10;16;6;3;1;5;0;0;1;1;0;0;0;0;454036,211500000208616;5725253,870100000873208;8,335246663000021;51,676374710000061;1
187160;5231013315240793717;5;9;70;20;2023;10;13;6;3;0;1;0;1;1;0;0;0;0;0;437707,299899999983609;5649998,163000000640750;8,112282419000053;50,998185712000065;1
187164;5231013301301380615;5;9;78;24;2023;10;19;6;3;0;7;2;1;1;0;0;0;0;0;400692,792000000365078;5716864,171000000089407;7,566335878000075;51,594064417000027;1
187166;5231013301203277862;5;9;13;0;2023;10;18;6;3;8;1;1;0;1;0;0;0;0;0;394474,010999999940395;5714950,144999999552965;7,477165969000055;51,575729749000061;1
187167;5231013301102280394;5;9;13;0;2023;10;11;6;3;5;3;0;1;1;1;0;0;0;0;395493,273699999786913;5705088,512800000607967;7,494796105000034;51,487277694000056;1
187169;5231012709800287281;5;5;66;40;2023;10;19;5;3;8;1;2;1;1;0;0;0;0;0;419524,241600000299513;5784054,903000000864267;7,822444326000038;52,201063153000064;1
187170;5231012709500982892;5;5;66;76;2023;10;16;5;3;5;3;0;1;1;1;0;0;0;0;393694,929999999701977;5795387,033999999985099;7,441065032000040;52,298532232000071;1
187171;5231012709110572342;5;5;66;12;2023;10;11;5;3;4;6;0;1;1;0;0;0;0;0;404955,397900000214577;5774119,933000000193715;7,612109862000068;52,109447495000040;1
187172;5231012706300982896;5;5;58;44;2023;10;16;5;3;5;7;0;1;1;1;0;0;0;0;395186,244300000369549;5752010,991900000721216;7,476273415000037;51,908972764000055;1
187173;5231012705000982901;5;5;54;4;2023;10;13;5;3;1;1;0;1;1;1;0;0;0;0;360550,759100000374019;5770375,063400000333786;6,965594205000059;52,066387354000028;1
187174;5231012705000491747;5;5;54;60;2023;10;13;5;2;7;7;0;1;1;0;1;0;0;0;353289,349999999627471;5756009,598300000652671;6,865885820000074;51,935442491000060;1
187176;5231012701930670183;5;5;62;36;2023;10;10;5;3;5;3;0;1;1;1;0;0;0;0;389029,774799999780953;5720246,089199999347329;7,396957615000076;51,622284545000070;1
187177;5231012610221454347;5;3;70;20;2023;10;18;5;3;5;3;0;1;1;1;0;0;0;0;305574,141999999992549;5659232,182800000533462;6,225892622000060;51,051665979000063;1
187180;5231012608100983000;5;3;34;2;2023;10;18;5;3;1;5;2;1;1;1;0;0;0;0;294977,456299999728799;5629129,361099999397993;6,091814102000058;50,777629156000046;1
187182;5231012606000481774;5;3;78;4;2023;10;11;5;3;0;1;0;1;1;0;0;0;0;0;370235,588600000366569;5647773,051799999549985;7,151950685000031;50,966928197000072;1
187183;5231012603116096195;5;3;66;16;2023;10;14;5;3;5;3;0;0;1;1;0;0;0;0;344892,620199999772012;5612892,980599999427795;6,806025655000042;50,647224740000070;1
187185;5231012602300199614;5;3;62;36;2023;10;11;5;3;0;1;0;1;1;0;0;0;0;0;343876,218000000342727;5647804,759999999776483;6,776814927000032;50,960673083000074;1
187186;5231012601700545912;5;3;16;0;2023;10;20;5;3;5;2;2;1;1;1;0;0;0;0;363460,251000000163913;5655675,063999999314547;7,052545275000057;51,036379958000055;1
187187;5231012601600575850;5;3;15;0;2023;10;16;5;3;0;3;0;1;1;1;0;0;0;0;365852,697999999858439;5636341,732999999076128;7,093771127000025;50,863183648000074;1
187188;5231012601500982902;5;3;15;0;2023;10;12;5;3;5;3;0;0;1;1;0;0;0;0;360296,701000000350177;5648538,345000000670552;7,010199378000038;50,971481454000070;1
187189;5231012601400885862;5;3;15;0;2023;10;8;5;3;5;3;0;1;1;1;0;0;0;0;356802,792200000025332;5649243,597999999299645;6,960191043000066;50,976961403000075;1
187191;5231012601300693557;5;3;15;0;2023;10;16;5;3;7;1;0;0;1;0;0;0;0;0;354954,388700000010431;5647013,845899999141693;6,934768258000076;50,956460685000081;1
187193;5231012601200899153;5;3;15;0;2023;10;12;5;3;0;1;0;1;1;0;0;0;0;0;353919,213299999944866;5642896,812200000509620;6,921689855000068;50,919200786000033;1
187194;5231012601100982881;5;3;15;0;2023;10;22;5;2;0;1;2;1;1;0;0;0;0;0;355379,853900000452995;5645195,524599999189377;6,941544204000024;50,940226782000082;1
187195;5231012601100978421;5;3;15;0;2023;10;11;5;3;0;2;0;1;1;1;0;0;0;0;356653,673100000247359;5645117,853900000452995;6,959693368000046;50,939846847000069;1
187197;5231012601100971620;5;3;15;0;2023;10;18;5;3;0;1;2;1;1;0;0;0;0;0;355431,475800000131130;5645711,499700000509620;6,942073680000021;50,944876683000075;1
187198;5231012601100786926;5;3;15;0;2023;10;16;5;3;5;3;0;1;1;1;0;0;0;0;356025,410000000149012;5646177,426000000908971;6,950338306000049;50,949212512000031;1
187199;5231012601100299160;5;3;15;0;2023;10;10;5;3;0;1;0;1;1;0;0;0;0;0;354881,765800000168383;5643829,711400000378489;6,935003423000069;50,927827413000045;1
187203;5231013411128982828;5;7;74;28;2023;10;14;6;3;0;1;0;1;1;0;0;0;0;0;489004,534500000067055;5713028,814699999988079;8,841355946000022;51,568226345000028;1
187208;5231012515000982891;5;1;54;32;2023;10;17;5;3;5;3;0;1;1;1;0;0;0;0;308597,849999999627471;5717584,253399999812245;6,237663622000071;51,576780735000057;1
187209;5231012513120776241;5;1;62;20;2023;10;10;5;3;1;7;0;0;1;0;0;0;0;1;326207,163099999539554;5673932,550899999216199;6,512889626000060;51,190346107000039;1
187211;5231012505100276202;5;1;14;0;2023;10;10;5;2;0;7;0;1;1;0;0;0;0;1;331272,558699999935925;5686397,108100000768900;6,579434320000075;51,303846822000025;1
187215;5231012502200396604;5;1;13;0;2023;10;18;5;3;1;3;1;1;1;1;0;0;0;0;362183,471599999815226;5700563,921399999409914;7,017072638000059;51,439481874000080;1
187218;5231012500300885707;5;1;11;0;2023;10;19;5;3;3;2;2;1;1;1;0;0;0;0;342801,178199999965727;5675118,816700000315905;6,749636706000047;51,205810330000077;1
187219;5231012500300799163;5;1;11;0;2023;10;15;5;3;0;7;0;1;1;0;0;0;0;0;350494,880800000391901;5672936,059699999168515;6,860599634000039;51,188261830000044;1
187222;5231012411132691113;5;7;74;32;2023;10;7;5;3;5;2;1;1;1;1;0;0;0;0;480902,151800000108778;5728327,531999999657273;8,723619968000037;51,705567188000032;1
187224;5231012405108976400;5;7;54;8;2023;10;18;5;3;5;2;2;1;1;1;0;0;0;0;458795,832999999634922;5749344,741000000387430;8,401217835000068;51,893340266000052;1
187225;5231012405108964130;5;7;54;8;2023;10;21;5;3;5;2;2;1;1;0;0;0;1;0;462452,547600000165403;5748059,705700000748038;8,454494655000076;51,882045234000032;1
187227;5231012400100003903;5;7;11;0;2023;10;11;5;2;0;6;0;1;1;1;0;0;0;0;466016,794599999673665;5766060,261800000444055;8,504494053000030;52,044111118000046;1
187229;5231012316300791307;5;9;74;28;2023;10;12;5;3;5;3;0;1;1;1;0;0;0;0;454249,315999999642372;5728838,687999999150634;8,337858332000053;51,708622600000069;1
187232;5231012300500982880;5;9;11;0;2023;10;23;5;3;0;1;2;1;1;0;0;0;0;0;377434,667399999685585;5704550,463600000366569;7,235008818000040;51,478816441000049;1
187234;5231012300000278261;5;9;11;0;2023;10;17;5;3;5;3;0;1;1;1;0;0;0;0;376551,248300000093877;5706008,351099999621511;7,221784064000076;51,491726979000077;1
187235;5231011709700570494;5;5;66;28;2023;10;18;4;2;0;7;0;0;1;0;0;0;0;0;416952,872800000011921;5791781,375399999320507;7,782929676000037;52,270131693000053;1
187238;5231011702100588887;5;5;15;0;2023;10;9;4;2;4;1;0;0;1;0;0;0;0;0;405463,122999999672174;5757722,508999999612570;7,624054475000037;51,962149552000028;1
187239;5231011701910789511;5;5;62;8;2023;10;9;4;3;1;5;0;0;1;1;0;0;0;0;385190,218100000172853;5723912,251900000497699;7,340314473000035;51,654464871000073;1
187240;5231011701120095010;5;5;62;32;2023;10;14;4;3;0;6;0;0;1;0;1;0;0;0;377656,583800000138581;5715177,984099999070168;7,234511655000063;51,574378505000027;1
187242;5231011609108799698;5;3;58;8;2023;10;19;4;3;8;1;2;0;1;0;0;0;0;0;321635,524600000120699;5633661,798299999907613;6,467326081000067;50,827160404000040;1
187245;5231011607100790880;5;3;82;28;2023;10;16;4;3;2;6;0;0;1;0;0;0;0;0;374407,572499999776483;5634443,973899999633431;7,215921609000077;50,848047599000040;1
187246;5231011607100293620;5;3;82;40;2023;10;15;4;2;9;1;0;0;1;0;0;0;0;0;383400,338000000454485;5637531,139000000432134;7,342623517000050;50,877680566000038;1
187247;5231011607100172844;5;3;82;60;2023;10;17;4;3;2;6;0;0;1;1;0;0;0;0;374090,639700000174344;5629949,033299999311566;7,212965449000023;50,807576447000031;1
187251;5231011602300089771;5;3;62;36;2023;10;11;4;3;5;3;0;0;1;0;0;0;1;0;345716,877999999560416;5647819,103000000119209;6,802998906000028;50,961297760000036;1
187253;5231011601700090450;5;3;16;0;2023;10;16;4;3;5;3;0;0;1;1;0;0;0;0;361298,090099999681115;5655711,533199999481440;7,021712121000064;51,036189896000053;1
187256;5231011601500854776;5;3;15;0;2023;10;23;4;3;1;1;2;0;1;1;0;0;0;0;358631,442699999548495;5644889,633999999612570;6,987913631000026;50,938284109000051;1
187259;5231011601300982967;5;3;15;0;2023;10;6;4;3;7;1;2;0;1;0;0;0;0;0;350719,762699999846518;5650125,279500000178814;6,873240236000072;50,983339760000035;1
187260;5231011601100086427;5;3;15;0;2023;10;13;4;3;0;7;0;0;1;1;0;0;0;0;356470,843999999575317;5645424,613399999216199;6,956971993000025;50,942558174000055;1
187261;5231011600350194477;5;3;82;32;2023;10;8;4;3;5;3;0;0;1;1;0;0;0;0;361859,578999999910593;5610727,094000000506639;7,046670672000062;50,632028369000068;1
187264;5231011600140081278;5;3;14;0;2023;10;12;4;3;5;2;0;0;1;1;0;0;0;0;367752,349999999627471;5622704,746999999508262;7,125661205000029;50,741052368000055;1
187265;5231011600120086340;5;3;82;24;2023;10;14;4;2;5;3;0;0;1;1;0;0;0;0;378359,867999999783933;5619215,487999999895692;7,277076262000037;50,712007015000040;1
187267;5231011518410082273;5;1;70;16;2023;10;14;4;3;0;7;0;0;1;0;0;0;0;0;348398,264000000432134;5722680,605000000447035;6,809353206000026;51,634681758000056;1
187268;5231011516800091362;5;1;58;20;2023;10;10;4;3;1;5;0;0;1;1;0;0;0;0;356254,765999999828637;5665390,892000000923872;6,945978814000057;51,121935075000067;1
187270;5231011514114538252;5;1;66;24;2023;10;17;4;3;1;5;0;0;1;1;0;0;0;0;310409,187599999830127;5677395,044999999925494;6,285239963000038;51,216425143000038;1
187271;5231011513210374096;5;1;62;24;2023;10;8;4;3;0;5;0;0;1;1;0;0;0;0;340363,070799999870360;5672691,889499999582767;6,715842743000053;51,183328127000038;1
187272;5231011506100982930;5;1;16;0;2023;10;16;4;3;0;6;0;0;1;0;0;0;0;0;323920,747399999760091;5676665,649800000712276;6,478862174000028;51,214199059000066;1
187273;5231011505200982951;5;1;14;0;2023;10;11;4;3;0;7;0;0;1;0;0;0;0;1;327087,251699999906123;5693832,898800000548363;6,515841654000042;51,369390620000047;1
187279;5231011501314476240;5;1;12;0;2023;10;12;4;3;5;2;0;0;1;1;0;0;0;0;346167,917600000277162;5700892,056099999696016;6,786670774000072;51,438307754000050;1
187283;5231011500100686825;5;1;11;0;2023;10;18;4;3;0;7;1;0;1;1;0;0;0;0;345822,353000000119209;5677324,591000000014901;6,791902934000063;51,226453727000035;1
187284;5231011500100581640;5;1;11;0;2023;10;15;4;3;6;6;0;0;1;0;1;0;0;0;344923,326000000350177;5676831,774900000542402;6,779250824000030;51,221782039000061;1
187285;5231011500100081628;5;1;11;0;2023;10;8;4;3;1;5;0;0;1;0;0;0;0;1;346149,193599999882281;5677504,150399999693036;6,796503072000064;51,228155346000051;1
187287;5231011411236500425;5;7;74;36;2023;10;18;4;3;0;3;1;0;1;0;0;0;0;0;472426,416000000201166;5723339,446000000461936;8,601357672000063;51,660365636000051;1