OID_;UIDENTSTLAE;ULAND;UREGBEZ;UKREIS;UGEMEINDE;UJAHR;UMONAT;USTUNDE;UWOCHENTAG;UKATEGORIE;UART;UTYP1;ULICHTVERH;IstStrassenzustand;IstRad;IstPKW;IstFuss;IstKrad;IstGkfz;IstSonstige;LINREFX;LINREFY;XGCSWGS84;YGCSWGS84;PLST
187288;5231011410110096904;5;7;70;24;2023;10;16;4;3;5;3;0;0;1;1;0;0;0;0;493956,951899999752641;5795743,156099999323487;8,911356209000076;52,311989145000041;1
187290;5231011317210089243;5;9;78;20;2023;10;11;4;3;5;3;0;0;1;1;0;0;0;0;407466,045400000177324;5716332,173599999397993;7,664229649000049;51,590435581000065;1
187292;5231011316200889251;5;9;74;48;2023;10;13;4;2;4;6;0;0;1;0;0;0;0;0;428250,829699999652803;5721699,942999999970198;7,963107956000044;51,641722850000065;1
187293;5231011316100082384;5;9;74;40;2023;10;17;4;3;0;5;0;0;1;1;0;0;0;0;438268,960099999792874;5713126,654699999839067;8,109375147000037;51,565833901000076;1
187294;5231011310130489345;5;9;54;20;2023;10;18;4;2;0;1;0;0;1;0;0;0;0;0;390975,577999999746680;5698984,568499999120831;7,431635706000066;51,431559945000060;1
187296;5231011301301271421;5;9;78;24;2023;10;6;4;3;0;7;2;0;1;0;0;0;0;0;394978,274899999611080;5720339,498900000005960;7,482826482000064;51,624265709000042;1
187299;5231010709110076752;5;5;66;12;2023;10;16;3;3;5;3;0;0;1;1;0;0;0;0;404844,555999999865890;5772189,569000000134110;7,611030958000072;52,092078017000063;1
187302;5231010705000496647;5;5;54;48;2023;10;15;3;3;5;2;0;0;1;1;0;0;0;0;341493,002100000157952;5745751,127299999818206;6,699148665000052;51,840047428000048;1
187303;5231010705000477676;5;5;54;8;2023;10;21;3;3;5;3;2;0;1;1;0;0;0;0;335627,355999999679625;5747544,734999999403954;6,613230025000064;51,854464552000081;1
187308;5231010701300983001;5;5;62;14;2023;10;15;3;3;0;1;0;0;1;0;0;0;0;0;359078,886699999682605;5715950,635500000789762;6,966284242000029;51,576984054000036;1
187311;5231010701110982991;5;5;62;32;2023;10;6;3;3;5;3;0;0;1;1;0;0;0;0;377330,798100000247359;5720216,237500000745058;7,228051071000039;51,619587896000041;1
187313;5231010610112095000;5;3;70;8;2023;10;14;3;3;5;2;0;0;1;1;0;0;0;0;288939,759600000455976;5653459,344599999487400;5,992245950000040;50,993955157000073;1
187317;5231010605112983007;5;3;74;12;2023;10;13;3;3;3;6;0;0;1;1;0;0;0;0;399810,929899999871850;5653165,042999999597669;7,571501919000070;51,021304547000057;1
187318;5231010602600394921;5;3;62;20;2023;10;15;3;3;0;3;0;0;1;1;0;0;0;0;346130,418999999761581;5630245,801300000399351;6,816280782000035;50,803492500000061;1
187321;5231010601200982985;5;3;15;0;2023;10;16;3;3;6;3;0;0;1;0;1;0;0;0;354712,239400000311434;5642251,117100000381470;6,933221624000055;50,913598285000035;1
187323;5231010601100490266;5;3;15;0;2023;10;13;3;3;5;2;0;0;1;1;0;0;0;0;356529,918200000189245;5643414,833699999377131;6,958603470000071;50,924511212000027;1
187325;5231010600130095400;5;3;82;8;2023;10;17;3;3;5;3;0;0;1;1;0;0;0;0;374745,615399999544024;5610060,576700000092387;7,229009061000056;50,628948654000055;1
187326;5231010518400982982;5;1;70;8;2023;10;14;3;3;5;2;0;0;1;1;0;0;0;0;346197,012400000356138;5714358,920600000768900;6,781218723000052;51,559315424000033;1
187327;5231011515212095515;5;1;54;32;2023;10;14;4;3;5;2;0;0;1;1;0;0;0;0;308848,440999999642372;5718522,243000000715256;6,240765133000025;51,585289997000075;1
187328;5231010518200589643;5;1;70;24;2023;10;11;3;3;5;3;0;0;1;1;0;0;0;0;334533,427500000223517;5706757,232300000265241;6,616679538000028;51,487722089000044;1
187329;5231010516800072001;5;1;58;20;2023;10;11;3;3;2;6;0;0;1;1;0;0;0;0;356367,844399999827147;5663997,269099999219179;6,948148498000023;51,109439577000046;1
187332;5231010514210695754;5;1;66;12;2023;10;9;3;3;0;3;0;0;1;1;0;0;0;0;319843,085099999792874;5693514,704299999400973;6,412040994000051;51,364280718000032;1
187334;5231010513210495464;5;1;62;24;2023;10;10;3;3;3;3;0;0;1;1;0;0;0;0;336621,906200000084937;5676050,543999999761581;6,660831232000021;51,212447723000082;1
187336;5231010505200091560;5;1;14;0;2023;10;17;3;3;5;3;0;0;1;1;0;0;0;0;326540,916699999943376;5694375,199699999764562;6,507736024000053;51,374095734000036;1
187338;5231010505100982997;5;1;14;0;2023;10;17;3;3;5;2;0;0;1;1;0;0;0;0;335063,603000000119209;5695886,449999999254942;6,629372995000040;51,390212744000053;1
187347;5231010500300899163;5;1;11;0;2023;10;18;3;3;6;4;0;0;1;0;1;0;0;0;348485,664099999703467;5671539,773000000044703;6,832458665000047;51,175186031000067;1
187349;5231010500300001077;5;1;11;0;2023;10;17;3;3;5;3;0;0;1;1;0;0;0;0;348323,624300000257790;5676081,214900000020862;6,828223782000066;51,215951280000070;1
187351;5231010500100478772;5;1;11;0;2023;10;17;3;2;0;1;0;0;1;0;0;0;0;0;343774,840900000184774;5678018,269300000742078;6,762300343000049;51,232129906000068;1
187353;5231010410120790692;5;7;70;32;2023;10;14;3;3;0;7;0;0;1;0;0;0;0;0;495445,382000000216067;5790497,935100000351667;8,933260457000074;52,264846298000066;1
187354;5231010405112587052;5;7;54;12;2023;10;13;3;3;5;3;0;0;1;1;0;0;0;0;455808,928000000305474;5767090,496999999508262;8,355529879000073;52,052653454000051;1
187355;5231010310140589216;5;9;54;28;2023;10;16;3;3;1;5;0;0;1;1;0;0;0;0;379915,291000000201166;5688475,116100000217557;7,276155889000052;51,334866741000042;1
187362;5231009709300770598;5;5;66;84;2023;10;14;2;3;3;1;0;1;1;0;0;0;0;0;389110,453999999910593;5775689,265000000596046;7,380315552000070;52,120601530000044;1
187363;5231009709300578430;5;5;66;68;2023;10;18;2;3;0;5;1;0;1;1;0;0;0;0;376156,357699999585748;5785492,465600000694394;7,187624962000029;52,205945260000078;1
187364;5231009709110983065;5;5;66;12;2023;10;11;2;3;5;2;0;1;1;1;0;0;0;0;405008,106999999843538;5771991,710999999195337;7,613472666000064;52,090327732000048;1
187365;5231009706000895563;5;5;58;20;2023;10;17;2;3;5;3;0;0;1;1;0;0;0;0;391423,817900000140071;5758683,934399999678135;7,419492743000035;51,968226078000043;1
187366;5231009705000591796;5;5;54;40;2023;10;13;2;3;5;3;0;0;1;1;0;0;0;0;351342,587799999862909;5738002,807499999180436;6,845333388000029;51,773138559000074;1
187367;5231009705000021120;5;5;54;20;2023;10;10;2;3;0;3;0;1;1;1;0;0;0;0;364667,815000000409782;5786516,914999999105930;7,019191992000060;52,212449232000040;1
187368;5231009702100982978;5;5;15;0;2023;10;16;2;3;3;3;0;0;1;0;0;0;0;0;406347,529400000348687;5760138,642100000753999;7,636263439000061;51,984016530000076;1
187369;5231009702100091864;5;5;15;0;2023;10;10;2;2;0;1;0;1;1;0;0;0;0;0;405816,181300000287592;5757356,898000000044703;7,629291753000075;51,958923200000072;1
187371;5231009701610990207;5;5;62;12;2023;10;13;2;3;5;2;0;0;1;1;0;0;0;0;359038,949000000022352;5725322,137000000104308;6,961938048000036;51,661185081000042;1
187373;5231009701110589665;5;5;62;32;2023;10;13;2;3;5;3;0;0;1;1;0;0;0;0;375462,089900000020862;5718482,672700000926852;7,201687836000076;51,603597754000077;1
187376;5231009609132799698;5;3;58;32;2023;10;12;2;3;3;6;0;0;1;0;0;0;1;0;315033,390800000168383;5632685,895400000736117;6,374174905000075;50,816322096000079;1
187377;5231009607500590421;5;3;82;56;2023;10;14;2;2;5;3;0;0;1;1;0;0;0;0;373483,491999999620020;5626604,416999999433756;7,205504499000028;50,777381406000075;1
187379;5231009601700181836;5;3;16;0;2023;10;7;2;2;0;2;0;0;1;1;0;0;0;0;363197,757699999958277;5654109,543600000441074;7,049394551000034;51,022247824000033;1
187385;5231009518200486053;5;1;70;24;2023;10;19;2;2;8;1;2;0;1;1;0;0;0;0;336507,115000000223517;5702763,364000000059605;6,646929402000069;51,452414497000063;1
187386;5231009518110690483;5;1;70;12;2023;10;16;2;3;4;7;0;0;1;1;0;0;0;0;333515,701999999582767;5733849,789999999105930;6,589169399000070;51,730813078000040;1
187388;5231009518100273370;5;1;70;48;2023;10;7;2;3;5;7;2;0;1;1;0;0;0;0;334721,782999999821186;5729175,393999999389052;6,608834427000033;51,689177203000042;1
187389;5231009516900091366;5;1;58;26;2023;10;9;2;3;0;7;0;0;1;0;0;0;0;0;353773,008999999612570;5662301,276799999177456;6,911793255000021;51,093542651000064;1
187390;5231009515212095515;5;1;54;32;2023;10;15;2;3;5;2;0;0;1;1;0;0;0;0;309303,873999999836087;5717121,403999999165535;6,248091592000037;51,572863026000050;1
187392;5231012608100999660;5;3;34;2;2023;10;14;5;3;6;4;0;1;1;0;1;0;0;0;294647,945700000040233;5628680,834599999710917;6,087396946000069;50,773484279000058;1
187393;5231009508000685955;5;1;19;0;2023;10;12;2;3;5;3;0;0;1;1;0;0;0;0;352658,904000000096858;5708572,091000000014901;6,876789867000070;51,509042903000079;1
187394;5231009505100983031;5;1;14;0;2023;10;17;2;2;5;3;0;0;1;1;0;0;0;0;330937,978799999691546;5688281,878799999132752;6,573745629000030;51,320680242000037;1
187396;5231009503100983072;5;1;24;0;2023;10;9;2;3;8;7;0;0;1;0;0;0;0;0;370301,004999999888241;5679716,868000000715256;7,141397717000075;51,254041904000076;1
187397;5231009503100377954;5;1;24;0;2023;10;10;2;3;0;1;0;0;1;1;0;0;0;0;370113,577700000256300;5678916,214299999177456;7,139003954000032;51,246803475000036;1
187398;5231009502408691514;5;1;17;0;2023;10;14;2;3;3;6;0;0;1;0;0;0;0;0;352339,013600000180304;5699423,708399999886751;6,876005446000022;51,426755859000082;1
187399;5231009502405087260;5;1;17;0;2023;10;8;2;3;0;7;0;0;1;1;0;0;0;0;355787,018600000068545;5700014,860600000247359;6,925326431000030;51,432955803000027;1
187400;5231009502102480945;5;1;13;0;2023;10;17;2;3;0;7;0;0;1;0;0;0;0;0;362169,333100000396371;5702812,763299999758601;7,015993311000045;51,459687454000061;1
187404;5231009500200983040;5;1;11;0;2023;10;15;2;3;0;3;0;0;1;1;0;0;0;0;343007,313000000081956;5682024,113900000229478;6,749558630000024;51,267912502000058;1
187406;5231009500100895493;5;1;11;0;2023;10;8;2;3;5;2;0;0;1;1;0;0;0;0;344932,200699999928474;5677250,270300000905991;6,779196772000034;51,225544796000065;1
187407;5231009410110983037;5;7;70;24;2023;10;17;2;3;3;3;0;1;1;0;0;0;1;0;493956,811700000427663;5795766,514100000262260;8,911353733000055;52,312199142000054;1
187414;5231011518120870154;5;1;70;44;2023;10;8;4;3;0;7;0;0;1;1;0;0;0;0;340609,820799999870360;5720588,870899999514222;6,697857369000076;51,613736387000074;1
187415;5231009405140983051;5;7;54;40;2023;10;12;2;3;5;5;0;1;1;1;0;0;0;0;460108,402800000272691;5761237,775100000202656;8,418910906000065;52,000361020000071;1
187417;5231009317210989232;5;9;78;20;2023;10;15;2;3;5;2;0;0;1;1;0;0;0;0;407400,327999999746680;5716339,032700000330806;7,663279456000055;51,590486441000053;1
187418;5231009316300789208;5;9;74;28;2023;10;23;2;2;0;7;2;0;1;0;0;0;0;0;454779,701999999582767;5725069,323699999600649;8,346022565000055;51,674775831000034;1
187419;5231009316300094301;5;9;74;28;2023;10;10;2;3;5;2;0;0;1;1;0;0;0;0;454650,943400000222027;5722848,334100000560284;8,344448845000045;51,654796789000045;1
187420;5231009316100282136;5;9;74;32;2023;10;13;2;3;0;3;0;0;1;1;0;0;0;0;439717,391999999992549;5705739,297000000253320;8,131534615000021;51,499573528000042;1
187421;5231009314220090231;5;9;66;12;2023;10;17;2;3;0;7;0;0;1;0;0;0;0;0;427359,788099999539554;5672074,517400000244379;7,960404741000048;51,195458140000028;1
187424;5231009303100277975;5;9;15;0;2023;10;11;2;3;0;1;0;1;1;0;0;0;0;0;418442,184299999848008;5725324,585200000554323;7,820541836000075;51,672969876000082;1
187426;5231009301204799403;5;9;13;0;2023;10;5;2;3;1;5;2;0;1;1;0;0;0;0;384134,468100000172853;5706763,488900000229478;7,330717012000036;51,500119006000034;1
187429;5231013317120580591;5;9;78;16;2023;10;14;6;3;0;7;0;0;1;0;0;0;0;0;404480,221199999563396;5705679,996300000697374;7,624032452000051;51,494184180000047;1
187433;5231008709500179087;5;5;66;16;2023;10;18;1;3;0;1;0;0;1;0;0;0;0;0;406388,497200000099838;5790882,095000000670552;7,628401756000073;52,260351999000079;1
187435;5231008702100076693;5;5;15;0;2023;10;20;1;3;1;5;2;0;1;1;0;0;0;0;407504,748399999924004;5753920,031799999997020;7,654783587000054;51,928314171000068;1
187438;5231008609108983102;5;3;58;8;2023;10;12;1;3;0;1;0;0;1;0;0;0;0;0;322261,257500000298023;5632295,486700000241399;6,476863935000040;50,815077828000028;1
187443;5231008606700983088;5;3;78;8;2023;10;18;1;3;4;6;2;0;1;1;0;0;0;0;368500,593000000342727;5661307,531999999657273;7,122345816000063;51,088177748000078;1
187444;5231008601700286147;5;3;16;0;2023;10;19;1;2;0;1;2;0;1;0;0;0;0;0;359194,612200000323355;5656900,123800000175834;6,991268017000039;51,046360088000029;1
187445;5231008601700199880;5;3;16;0;2023;10;1;1;3;9;1;2;0;1;1;0;0;0;0;363015,182500000111759;5656164,423399999737740;7,046016203000022;51,040672007000069;1
187449;5231008600380399987;5;3;14;0;2023;10;10;1;3;0;1;0;0;1;0;0;0;0;0;369552,376099999994040;5618374,761399999260902;7,152689924000072;50,702540548000059;1
187450;5231008505200896230;5;1;14;0;2023;10;1;1;3;0;1;2;0;1;0;0;0;0;0;332909,987999999895692;5694954,604199999943376;6,598886562000075;51,381211045000043;1
187451;5231008503400983084;5;1;22;0;2023;10;18;1;3;8;6;0;1;1;1;0;0;0;0;361932,423499999567866;5671787,313599999994040;7,024602372000061;51,180815685000027;1
187453;5231008404103984938;5;7;66;16;2023;10;13;1;3;1;5;0;0;1;1;0;0;0;0;501029,233099999837577;5757554,963700000196695;9,014981899000077;51,968681217000039;1
187454;5231008400200490662;5;7;11;0;2023;10;11;1;3;6;4;0;1;1;0;1;0;0;0;468518,443500000052154;5761878,461600000038743;8,541353798000046;52,006661822000069;1
187455;5231008317220982836;5;9;78;20;2023;10;12;1;3;5;3;0;0;1;1;0;0;0;0;408207,528400000184774;5716067,623800000175834;7,674999398000068;51,588178793000054;1
187457;5231008301101983083;5;9;13;0;2023;10;17;1;3;0;7;2;0;1;1;0;0;0;0;394571,248999999836087;5707028,024000000208616;7,480941737000023;51,504539976000046;1
187458;5231008300600548460;5;9;16;0;2023;10;16;1;3;0;1;0;0;1;0;0;0;0;0;376703,394000000320375;5711815,596000000834465;7,221942818000059;51,543952045000026;1
187460;5231007709110676670;5;5;66;8;2023;10;22;7;3;0;1;2;0;1;0;0;0;0;0;398629,902200000360608;5782244,949400000274181;7,517350309000051;52,181349709000074;1
187461;5231007706000595003;5;5;58;16;2023;10;18;7;2;3;6;1;0;1;0;0;0;0;1;379153,047000000253320;5745225,426999999210238;7,245677248000050;51,844744003000073;1
187463;5231007705000983160;5;5;54;68;2023;10;0;7;3;0;1;2;0;1;0;0;0;0;0;351064,963000000454485;5767716,118000000715256;6,828470401000061;52,040029269000058;1
187475;5231007609160599643;5;3;58;60;2023;10;13;7;3;2;6;0;0;1;0;0;0;0;0;333795,996000000275671;5626224,799000000581145;6,643200837000052;50,763956413000074;1
187476;5231007609128799678;5;3;58;28;2023;10;15;7;3;0;3;0;0;1;0;0;0;0;0;322668,029000000096858;5625367,140000000596046;6,485974675000023;50,752957141000081;1
187478;5231007608200475541;5;3;34;2;2023;10;0;7;3;1;5;2;0;1;1;0;0;0;0;295187,897499999962747;5630095,832900000736117;6,094256681000047;50,786383640000054;1
187479;5231007608200133187;5;3;34;2;2023;10;19;7;2;5;3;0;0;1;1;0;0;0;0;296607,863900000229478;5630367,045700000599027;6,114224806000038;50,789319326000054;1
187481;5231007608100480802;5;3;34;2;2023;10;13;7;3;4;6;0;0;1;1;0;0;0;0;293841,765999999828637;5628482,625000000000000;6,076089464000063;50,771418204000042;1
187482;5231007608100285695;5;3;34;2;2023;10;11;7;3;8;1;0;0;1;0;0;0;0;0;290278,210300000384450;5629139,274800000712276;6,025245810000058;50,776038210000081;1
187483;5231007607400099976;5;3;82;68;2023;10;23;7;2;1;5;2;0;1;1;0;0;0;0;365134,587299999780953;5626443,494400000199676;7,087211880000041;50,774053638000055;1
187485;5231007602700489823;5;3;62;28;2023;10;16;7;3;5;2;0;0;1;1;0;0;0;0;351209,234500000253320;5641732,780799999833107;6,883637185000055;50,908047831000033;1
187487;5231007601700286551;5;3;16;0;2023;10;16;7;3;5;3;0;0;1;1;0;0;0;0;360284,230000000447035;5655091,971000000834465;7,007499762000066;51,030376279000052;1
187489;5231007601500774363;5;3;15;0;2023;10;17;7;3;0;7;0;0;1;0;1;0;0;0;362385,416799999773502;5649206,271600000560284;7,039677487000063;50,977987138000060;1
187491;5231007601200985820;5;3;15;0;2023;10;1;7;3;0;1;2;0;1;0;0;0;0;0;355253,977099999785423;5643023,405400000512600;6,940616299000055;50,920674815000041;1
187492;5231007601000799198;5;3;15;0;2023;10;19;7;3;0;3;1;0;1;1;0;0;0;0;359982,191200000233948;5648253,008600000292063;7,005832552000072;50,968840738000040;1
187495;5231007514216091596;5;1;66;28;2023;10;17;7;3;0;7;0;0;1;0;0;0;0;0;320520,002999999560416;5686404,335000000894070;6,425336563000030;51,300623355000027;1
187501;5231007501320682320;5;1;12;0;2023;10;9;7;3;5;3;0;0;1;1;0;0;0;0;338801,167299999855459;5691632,554800000041723;6,684974503000035;51,353067303000046;1
187506;5231007406210983115;5;7;58;4;2023;10;22;7;2;8;1;2;0;1;0;0;0;0;0;471150,238499999977648;5783024,778699999675155;8,577903616000071;52,196922069000038;1
187507;5231007405220983116;5;7;54;20;2023;10;21;7;3;3;6;2;0;1;0;0;0;0;0;443310,272800000384450;5750575,998400000855327;8,175999683000043;51,903049464000048;1
187519;5231006709110596500;5;5;66;8;2023;10;14;6;3;0;1;0;0;1;1;0;0;0;0;401193,053399999625981;5779536,360999999567866;7,555614843000058;52,157470424000053;1
187521;5231006705000983173;5;5;54;8;2023;10;11;6;3;5;3;0;0;1;1;0;0;0;0;333221,102699999697506;5743958,741800000891089;6,580052044000070;51,821537190000072;1
187522;5231006705000691695;5;5;54;4;2023;10;6;6;3;4;3;2;0;1;1;0;0;0;0;365074,612999999895692;5772030,094299999997020;7,030894826000065;52,082379070000059;1
187523;5231006702100351184;5;5;15;0;2023;10;16;6;3;1;5;0;0;1;1;0;0;0;0;405432,330099999904633;5756615,546499999240041;7,623911145000022;51,952194462000080;1
187529;5231006601500983168;5;3;15;0;2023;10;16;6;3;0;1;0;0;1;0;0;0;0;0;358206,854799999855459;5646190,146999999880791;6,981368229000054;50,949867576000031;1
187530;5231006601500572580;5;3;15;0;2023;10;9;6;3;0;3;0;0;1;0;0;0;0;0;357775,894199999980628;5642968,924100000411272;6,976494155000069;50,920812324000053;1
187532;5231006601300983164;5;3;15;0;2023;10;18;6;3;0;1;0;0;1;0;0;0;0;0;352491,948699999600649;5645907,871700000017881;6,900179863000062;50,945896784000070;1
187534;5231009300200983061;5;9;11;0;2023;10;11;2;3;6;4;0;0;1;0;1;0;0;0;371510,100399999879301;5706061,945800000801682;7,149189351000075;51,491085514000076;1
187535;5231006601200587340;5;3;15;0;2023;10;5;6;3;5;3;2;0;1;1;0;0;0;0;353713,407499999739230;5643125,885199999436736;6,918672016000073;50,921207256000059;1
187536;5231006600140983175;5;3;14;0;2023;10;14;6;3;5;3;0;0;1;1;0;0;0;0;369014,025000000372529;5621742,142999999225140;7,143874918000051;50,732686282000031;1
187538;5231006513210081757;5;1;62;24;2023;10;9;6;3;5;3;0;0;1;1;0;0;0;0;341035,602199999615550;5671233,977399999275804;6,726102275000073;51,170415991000027;1
187542;5231009601200090320;5;3;15;0;2023;10;18;2;3;5;2;1;0;1;1;0;0;0;0;357150,138399999588728;5642091,925200000405312;6,967940554000052;50,912776184000052;1
187546;5231006503400076981;5;1;22;0;2023;10;13;6;3;5;3;0;0;1;1;0;0;0;0;361558,088299999944866;5668587,370799999684095;7,020481857000050;51,151967696000042;1
187551;5231006501214091543;5;1;12;0;2023;10;17;6;3;2;1;0;0;1;1;0;0;0;0;339372,389200000092387;5695115,557700000703335;6,691597050000041;51,384522554000057;1
187553;5231011705000982936;5;5;54;56;2023;10;15;4;3;3;3;0;0;1;1;0;0;0;0;356201,469200000166893;5761696,433000000193715;6,905835193000030;51,987298822000071;1
187554;5231006411132568196;5;7;74;32;2023;10;13;6;2;3;2;0;0;1;0;0;0;0;1;482154,049899999983609;5729685,726099999621511;8,741667409000058;51,717820351000057;1
187555;5231006410110983170;5;7;70;24;2023;10;16;6;2;0;1;0;0;1;0;0;0;0;0;492163,822999999858439;5793721,348400000482798;8,885100410000064;52,293789465000032;1
187558;5231006400300376198;5;7;11;0;2023;10;16;6;2;0;1;0;0;1;0;0;0;0;0;466748,859199999831617;5762120,335200000554323;8,515550697000037;52,008733228000040;1
187560;5231006316300219091;5;9;74;28;2023;10;13;6;3;5;2;0;0;1;0;0;0;0;1;454617,753499999642372;5723504,354599999263883;8,343883925000057;51,660692321000056;1
187561;5231006307000569812;5;9;62;60;2023;10;14;6;2;0;1;0;0;1;0;0;0;0;0;413953,224100000225008;5678410,191700000315905;7,767058702000043;51,250554604000058;1
187572;5231005709700180606;5;5;66;28;2023;10;18;5;3;0;1;0;0;1;0;0;0;0;0;406114,241499999538064;5797064,542400000616908;7,622662134000052;52,315872599000045;1
187573;5231005709300983220;5;5;66;84;2023;10;10;5;3;0;1;0;0;1;1;0;0;0;0;390105,570799999870360;5775574,020199999213219;7,394881525000073;52,119764504000045;1
187577;5231005608416980840;5;3;34;16;2023;10;21;5;3;4;6;2;0;1;1;0;0;0;0;294044,917100000195205;5635638,132899999618530;6,074953608000044;50,835754628000075;1
187578;5231005608100294825;5;3;34;2;2023;10;19;5;3;0;3;1;0;1;0;0;0;0;1;294005,026200000196695;5628607,129599999636412;6,078332028000034;50,772594389000062;1
187580;5231005607400493613;5;3;82;68;2023;10;7;5;3;5;3;1;0;1;0;0;0;0;0;367774,317499999888241;5630644,348699999973178;7,123117364000052;50,812418699000034;1
187582;5231005602800085762;5;3;62;12;2023;10;17;5;3;2;2;0;0;1;1;0;0;0;0;351799,485199999995530;5631862,509899999946356;6,896024377000060;50,819499186000030;1
187584;5231005601500983224;5;3;15;0;2023;10;7;5;2;0;1;2;0;1;0;0;0;0;0;359039,785099999979138;5651175,006200000643730;6,991286085000070;50,994870882000043;1
187586;5231005601100185202;5;3;15;0;2023;10;15;5;3;6;4;0;0;1;0;1;0;0;0;355314,156000000424683;5645791,308000000193715;6,940373087000069;50,945564471000068;1
187587;5231005601100100000;5;3;15;0;2023;10;0;5;3;0;7;2;0;1;0;0;0;0;0;354976,235600000247359;5643911,587300000712276;6,936314202000062;50,928586970000026;1
187589;5231005518300382180;5;1;70;20;2023;10;22;5;3;5;2;2;0;1;1;0;0;0;0;329641,020999999716878;5708116,154999999329448;6,545623728000066;51,498477400000070;1
187591;5231005518200075516;5;1;70;24;2023;10;8;5;3;5;3;0;0;1;0;0;0;0;0;336061,349899999797344;5702392,028599999845028;6,640691622000077;51,448949474000074;1
187592;5231005518100295974;5;1;70;48;2023;10;12;5;2;3;2;0;0;1;1;0;0;0;0;336107,003700000233948;5726550,649399999529123;6,630088401000023;51,666003191000073;1
187593;5231005514122591638;5;1;66;4;2023;10;12;5;3;0;7;0;0;1;1;0;0;0;0;304036,341599999926984;5680707,786299999803305;6,192290936000063;51,244026787000053;1
187595;5231005508000386020;5;1;19;0;2023;10;22;5;3;1;5;2;0;1;1;0;0;0;0;351896,401399999856949;5703824,078299999237061;6,867801985000028;51,466180259000055;1
187598;5231005505100983230;5;1;14;0;2023;10;7;5;3;1;5;0;0;1;1;0;0;0;0;330900,019999999552965;5689233,061599999666214;6,572750088000021;51,329214315000058;1
187599;5231005505100982640;5;1;14;0;2023;10;7;5;3;5;2;0;0;1;1;0;0;0;0;329209,431800000369549;5688743,037100000306964;6,548742074000074;51,324306894000074;1
187604;5231005500200986781;5;1;11;0;2023;10;18;5;3;1;5;1;0;1;1;0;0;0;0;342111,844600000418723;5682516,894899999722838;6,736515458000042;51,272092816000054;1
187608;5231010307000068943;5;9;62;24;2023;10;12;3;3;0;7;0;0;1;0;0;0;0;1;403180,364199999719858;5690818,579600000753999;7,609375616000023;51,360371086000043;1
187614;5231005316100983211;5;9;74;40;2023;10;16;5;2;0;3;0;0;1;1;0;0;0;0;438962,999499999918044;5713642,078900000080466;8,119297587000062;51,570543409000038;1
187617;5231006317110577917;5;9;78;36;2023;10;19;6;3;0;1;1;0;1;0;0;0;0;0;408134,639100000262260;5709774,651799999177456;7,675592016000053;51,531597953000073;1
187621;5231005301303180667;5;9;13;0;2023;10;15;5;2;5;3;0;0;1;0;0;0;0;0;402420,561700000427663;5707215,291999999433756;7,593947752000076;51,507633220000059;1
187625;5231005301101867530;5;9;13;0;2023;10;8;5;2;5;3;0;0;1;1;0;0;0;0;392724,955900000408292;5708407,117499999701977;7,453930335000052;51,516588414000068;1
187626;5231005301101080433;5;9;13;0;2023;10;14;5;3;1;5;0;0;1;1;0;0;0;0;394171,397400000132620;5706266,723600000143051;7,475411107000070;51,497622260000071;1
187627;5231005300300439196;5;9;11;0;2023;10;11;5;2;8;1;0;0;1;0;0;0;0;0;382873,486800000071526;5709201,529300000518560;7,311748437000062;51,521771746000070;1
187628;5231005300100395830;5;9;11;0;2023;10;8;5;3;5;2;0;0;1;1;0;0;0;0;376301,119400000199676;5705075,077299999073148;7,218509959000073;51,483284610000055;1
187629;5231008601200824758;5;3;15;0;2023;10;17;1;3;3;6;0;0;1;0;0;0;0;1;356454,794999999925494;5637666,649399999529123;6,959794813000030;50,872833914000068;1
187630;5231005300100093801;5;9;11;0;2023;10;14;5;3;5;3;0;0;1;1;0;0;0;0;376306,179999999701977;5705069,729000000283122;7,218584677000024;51,483237649000046;1
187632;5231004711200087238;5;5;70;4;2023;10;5;4;2;5;3;2;0;1;1;0;0;0;0;422998,463000000454485;5734840,632500000298023;7,884315870000023;51,759159272000034;1
187633;5231004709110679240;5;5;66;8;2023;10;16;4;2;0;2;0;0;1;0;0;0;0;0;400209,615500000305474;5780178,467599999159575;7,541054990000021;52,163064670000040;1
187635;5231004705000991868;5;5;54;24;2023;10;16;4;3;0;1;0;0;1;0;0;0;0;0;369965,672199999913573;5778009,358999999240041;7,099948631000075;52,137278272000060;1
187636;5231004705000983260;5;5;54;68;2023;10;12;4;2;0;6;0;0;1;0;0;0;0;1;349866,144999999552965;5766237,955299999564886;6,811653673000023;52,026425649000032;1
187637;5231004705000983251;5;5;54;8;2023;10;16;4;2;5;3;0;0;1;1;0;0;0;0;335451,567699999548495;5743895,673100000247359;6,612415342000077;51,821631818000071;1
187640;5231004705000661085;5;5;54;48;2023;10;10;4;3;8;1;0;0;1;0;0;0;0;0;341206,019000000320375;5745310,095000000670552;6,695188936000022;51,836003700000049;1
187641;5231004702100983240;5;5;15;0;2023;10;15;4;3;1;5;0;0;1;1;0;0;0;0;408513,196299999952316;5753275,498800000175834;7,669617103000064;51,922687351000036;1