OID_;UIDENTSTLAE;ULAND;UREGBEZ;UKREIS;UGEMEINDE;UJAHR;UMONAT;USTUNDE;UWOCHENTAG;UKATEGORIE;UART;UTYP1;ULICHTVERH;IstStrassenzustand;IstRad;IstPKW;IstFuss;IstKrad;IstGkfz;IstSonstige;LINREFX;LINREFY;XGCSWGS84;YGCSWGS84;PLST
187642;5231004702100781338;5;5;15;0;2023;10;14;4;3;1;7;0;0;1;1;0;0;0;0;403335,470300000160933;5757122,732000000774860;7,593266117000042;51,956392714000060;1
187644;5231004610111394870;5;3;70;16;2023;10;10;4;3;6;4;0;0;1;0;1;0;0;0;296432,985600000247359;5660720,787799999117851;6,094802977000029;51,061868345000050;1
187646;5231004601600590200;5;3;15;0;2023;10;17;4;3;3;6;1;0;1;1;0;0;0;0;366560,409500000067055;5636592,415899999439716;7,103730359000053;50,865600501000074;1
187647;5231004601600286462;5;3;15;0;2023;10;18;4;3;0;3;0;0;1;1;0;0;0;0;363492,348100000061095;5645051,858400000259280;7,056994398000029;50,940913313000067;1
187650;5231009516500686970;5;1;58;16;2023;10;15;2;3;1;5;0;0;1;1;0;0;0;0;355059,616299999877810;5670375,630699999630451;6,926906444000053;51,166428775000043;1
187653;5231004601300581891;5;3;15;0;2023;10;13;4;3;0;1;0;0;1;0;0;0;0;0;352998,495000000111759;5646475,529999999329448;6,907156385000064;50,951127475000078;1
187654;5231004601300076452;5;3;15;0;2023;10;16;4;3;5;3;0;0;1;1;0;0;0;0;350085,631900000385940;5649506,983799999579787;6,864467636000029;50,977618814000039;1
187655;5231004600380775875;5;3;14;0;2023;10;9;4;2;4;6;0;0;1;0;0;0;0;0;366923,765100000426173;5620156,955299999564886;7,114844059000063;50,717963404000045;1
187659;5231004516400089352;5;1;58;24;2023;10;8;4;2;0;1;0;0;1;0;0;0;0;0;359650,674999999813735;5679983,392999999225140;6,988769707000074;51,253915208000080;1
187661;5231004515211078834;5;1;54;56;2023;10;9;4;3;1;2;0;0;1;1;0;0;0;0;311606,024000000208616;5727780,879000000655651;6,275541602000033;51,669373799000027;1
187665;5231004514110074258;5;1;66;32;2023;10;9;4;3;1;5;0;0;1;1;0;0;0;0;318097,232099999673665;5681205,484699999913573;6,393266025000059;51,253154480000035;1
187666;5231012410210982911;5;7;70;20;2023;10;9;5;3;0;1;0;1;1;0;0;0;0;0;473724,916000000201166;5794745,338600000366569;8,614660475000051;52,302422995000029;1
187667;5231004513210495785;5;1;62;24;2023;10;14;4;3;5;3;0;0;1;1;0;0;0;0;338970,094800000078976;5674256,630000000819564;6,695227062000072;51,196996536000029;1
187668;5231004513210381534;5;1;62;24;2023;10;11;4;3;0;1;0;0;1;0;0;0;0;0;339372,378899999894202;5668764,938500000163913;6,703433449000045;51,147766939000064;1
187670;5231004508000499754;5;1;19;0;2023;10;16;4;3;5;3;0;0;1;0;0;0;0;0;348559,771300000138581;5712487,419199999421835;6,816083027000047;51,543139075000056;1
187672;5231004506100791534;5;1;16;0;2023;10;11;4;2;5;3;0;0;1;1;0;0;0;0;321268,514999999664724;5672325,027000000700355;6,443087730000059;51,174382344000037;1
187673;5231004505100983267;5;1;14;0;2023;10;11;4;3;5;3;0;0;1;1;0;0;0;0;332307,269299999810755;5686405,431500000879169;6,594260290000022;51,304227352000055;1
187675;5231004501127679594;5;1;12;0;2023;10;10;4;3;9;1;0;1;1;0;0;0;0;0;345483,348000000230968;5703512,470000000670552;6,775684841000043;51,461665942000081;1
187676;5231004500300983260;5;1;11;0;2023;10;12;4;2;5;2;0;0;1;1;0;0;0;0;349717,047000000253320;5673054,048000000417233;6,849427941000044;51,189118071000053;1
187680;5231004500200446013;5;1;11;0;2023;10;15;4;3;5;2;0;0;1;1;0;0;0;0;346187,730399999767542;5679223,944299999624491;6,796316104000027;51,243618907000041;1
187681;5231004500200001792;5;1;11;0;2023;10;14;4;3;1;5;0;0;1;1;0;0;0;0;346461,514899999834597;5678169,696200000122190;6,800687498000059;51,234219718000077;1
187687;5231004405228238697;5;7;54;28;2023;10;11;4;3;5;3;0;0;1;1;0;0;0;0;453143,180900000035763;5744015,731899999082088;8,319802086000038;51,844983083000045;1
187688;5231004405140572302;5;7;54;40;2023;10;16;4;2;0;1;0;0;1;0;0;0;0;0;460442,980600000359118;5761089,466000000014901;8,423801454000056;51,999051587000054;1
187694;5231004307000577863;5;9;62;40;2023;10;13;4;3;5;2;0;0;1;1;0;0;0;0;416100,659099999815226;5699014,816700000315905;7,792964776000076;51,436109773000055;1
187696;5231004303100096700;5;9;15;0;2023;10;16;4;3;5;3;0;0;1;1;0;0;0;0;422812,353000000119209;5726828,462999999523163;7,883395755000038;51,687106872000072;1
187701;5231003709300291781;5;5;66;84;2023;10;13;3;3;0;1;0;1;1;0;0;0;0;0;390562,657999999821186;5776786,559000000357628;7,401164882000046;52,130752579000045;1
187702;5231003709300096691;5;5;66;68;2023;10;12;3;3;0;3;0;0;1;1;0;0;0;0;376351,129999999888241;5786007,482000000774860;7,190285707000044;52,210617005000074;1
187706;5231012601100893407;5;3;15;0;2023;10;21;5;3;0;1;2;1;1;0;0;0;0;0;355701,644299999810755;5645451,756400000303984;6,946019773000046;50,942610106000075;1
187707;5231003702100079098;5;5;15;0;2023;10;1;3;3;0;1;2;0;1;0;0;0;0;0;405268,958899999968708;5757576,105499999597669;7,621269759000029;51,960800567000035;1
187711;5231003606700983294;5;3;78;16;2023;10;9;3;3;0;1;0;0;1;0;0;0;0;0;362837,229399999603629;5666259,349300000816584;7,039646848000075;51,131353752000052;1
187715;5231003600140071666;5;3;14;0;2023;10;0;3;3;0;1;2;0;1;0;0;0;0;0;370738,247999999672174;5623442,066999999806285;7,167698101000042;50,748351981000042;1
187716;5231003518210591498;5;1;70;28;2023;10;15;3;3;0;1;0;1;1;0;0;0;0;0;328282,890300000086427;5701227,175899999216199;6,529423017000056;51,436180046000061;1
187719;5231003515111983292;5;1;54;44;2023;10;14;3;3;0;7;0;1;1;0;0;0;0;0;324738,716400000266731;5738590,961799999698997;6,459813148000023;51,770725891000041;1
187722;5231003501112983282;5;1;12;0;2023;10;18;3;3;5;3;0;1;1;1;0;0;0;0;345828,941899999976158;5710655,463500000536442;6,777535510000064;51,525939803000028;1
187728;5231003410230983285;5;7;70;4;2023;10;16;3;3;5;3;0;1;1;1;0;0;0;0;486275,552400000393391;5783693,632999999448657;8,799170349000065;52,203519524000058;1
187733;5231003307000590028;5;9;62;16;2023;10;14;3;3;0;1;0;1;1;0;0;0;0;0;413028,851099999621511;5695419,958499999716878;7,749664886000062;51,403329773000053;1
187734;5231003301301294960;5;9;78;24;2023;10;0;3;3;9;1;2;0;1;0;0;0;0;0;398003,436099999584258;5719050,913699999451637;7,526888156000041;51,613239642000053;1
187737;5231002711100187232;5;5;70;36;2023;10;19;2;3;0;3;1;0;1;0;0;0;0;1;434126,093799999915063;5760518,572200000286102;8,040618577000032;51,991420803000040;1
187738;5231002709700381056;5;5;66;28;2023;10;11;2;3;5;3;0;0;1;1;0;0;0;0;412767,802500000223517;5790527,084599999710917;7,721937119000074;52,258209734000047;1
187739;5231002709300981015;5;5;66;68;2023;10;18;2;3;5;3;0;0;1;1;0;0;0;0;376776,177199999801815;5785952,322499999776483;7,196523394000053;52,210216539000044;1
187740;5231002706300387273;5;5;58;36;2023;10;17;2;3;0;1;0;0;1;1;0;0;0;0;388293,296000000089407;5729853,630000000819564;7,383251790000031;51,708490426000026;1
187742;5231002705000696573;5;5;54;36;2023;10;14;2;2;5;3;0;0;1;1;0;0;0;0;370114,803799999877810;5765850,872800000011921;7,106756570000073;52,028058323000039;1
187744;5231002702100464200;5;5;15;0;2023;10;15;2;3;5;2;0;0;1;1;0;0;0;0;408861,109000000171363;5756026,604000000283122;7,673946022000052;51,947473132000027;1
187745;5231002702100391864;5;5;15;0;2023;10;18;2;3;5;3;1;0;1;1;0;0;0;0;406264,196399999782443;5757501,807199999690056;7,635770414000035;51,960301419000075;1
187747;5231002701610698894;5;5;62;12;2023;10;15;2;2;5;3;0;0;1;1;0;0;0;0;360433,314299999736249;5726852,116200000047684;6,981473535000021;51,675281295000048;1
187748;5231002701400199781;5;5;12;0;2023;10;19;2;3;5;3;2;0;1;1;0;0;0;0;357769,299999999813735;5713204,604699999094009;6,948508992000029;51,551979712000048;1
187751;5231002700000380911;5;5;13;0;2023;10;13;2;3;1;6;0;0;1;1;0;0;0;0;365765,987999999895692;5710922,069800000637770;7,064648396000052;51,533426939000037;1
187752;5231007607300099084;5;3;82;76;2023;10;18;7;3;5;3;0;0;1;1;0;0;0;0;394607,908699999563396;5624394,017699999734759;7,505644383000060;50,761734557000068;1
187754;5231002609152799580;5;3;58;52;2023;10;16;2;2;6;1;0;0;1;0;1;0;0;0;336996,853000000119209;5631716,608999999240041;6,686113631000069;50,814211060000048;1
187757;5231002603220894810;5;3;66;20;2023;10;17;2;3;6;6;0;0;1;0;1;0;0;0;318188,293200000189245;5596442,793400000780821;6,436707716000058;50,491714251000076;1
187759;5231002602500865715;5;3;62;24;2023;10;7;2;3;0;1;0;0;1;0;0;0;0;0;347607,631299999542534;5642664,478499999269843;6,832058517000064;50,915480731000059;1
187762;5231002601600086478;5;3;15;0;2023;10;8;2;3;6;7;0;0;1;0;1;0;0;0;359526,551599999889731;5644683,158999999985099;7,000724921000028;50,936647243000039;1
187764;5231002601300781823;5;3;15;0;2023;10;10;2;3;5;2;0;0;1;1;0;0;0;0;352337,442999999970198;5645926,658999999985099;6,897974394000073;50,946026062000044;1
187765;5231002601000465765;5;3;15;0;2023;10;16;2;3;0;1;0;0;1;0;0;0;0;1;356771,004399999976158;5642917,790899999439716;6,962226711000028;50,920104228000071;1
187768;5231015705000895213;5;5;54;8;2023;10;17;1;3;5;3;0;1;1;1;0;0;0;0;335239,388000000268221;5745572,387000000104308;6,608541481000032;51,836631870000076;1
187769;5231002600310296148;5;3;14;0;2023;10;13;2;3;8;1;0;0;1;1;0;0;0;0;361901,082899999804795;5620344,928799999877810;7,043665897000039;50,718481049000047;1
187770;5231012316300494300;5;9;74;28;2023;10;11;5;3;0;2;0;1;1;1;0;0;0;0;455227,411999999545515;5724115,867000000551343;8,352619130000051;51,666239274000077;1
187771;5231002600110681222;5;3;14;0;2023;10;12;2;3;0;7;0;0;1;0;0;0;0;0;366708,618999999947846;5620869,870999999344349;7,111540460000072;50,724321816000042;1
187772;5231002518400983326;5;1;70;8;2023;10;12;2;3;0;7;0;0;1;0;0;0;0;0;346145,643400000408292;5714422,266699999570847;6,780450547000044;51,559870573000069;1
187773;5231002515000100000;5;1;54;36;2023;10;14;2;3;3;6;0;0;1;0;0;1;0;0;302527,488300000317395;5741660,377699999138713;6,136553187000061;51,790897216000076;1
187774;5231002514219089523;5;1;66;36;2023;10;16;2;3;3;7;0;0;1;1;0;0;0;0;328294,326000000350177;5679851,085400000214577;6,539895017000049;51,244148330000030;1
187775;5231002514114983322;5;1;66;24;2023;10;12;2;3;2;6;0;0;1;1;0;0;0;0;309554,729100000113249;5677232,615900000557303;6,273106003000066;51,214681893000034;1
187777;5231002513320579545;5;1;62;4;2023;10;13;2;3;0;7;0;0;1;0;0;1;0;0;345165,345999999903142;5666450,471300000324845;6,787185534000059;51,128566492000061;1
187784;5231002503200878753;5;1;24;0;2023;10;14;2;3;0;7;0;0;1;0;0;0;0;0;375030,741399999707937;5676376,570699999108911;7,210304914000062;51,225076430000058;1
187785;5231009609108589815;5;3;58;8;2023;10;7;2;3;0;1;0;0;1;0;0;0;0;0;322247,493599999696016;5631423,805999999865890;6,477090898000029;50,807242368000061;1
187789;5231013601500982838;5;3;15;0;2023;10;13;6;3;0;1;0;0;1;0;0;0;0;0;357583,883299999870360;5643764,830099999904633;6,973453275000054;50,927917762000050;1
187790;5231002501318891480;5;1;12;0;2023;10;18;2;3;0;1;0;0;1;0;0;0;0;0;343990,457999999634922;5699360,677999999374151;6,756041708000055;51,423952983000049;1
187792;5231002501222983314;5;1;12;0;2023;10;15;2;3;2;6;0;0;1;1;0;0;0;0;340734,286000000312924;5700930,237999999895692;6,708540804000052;51,437149343000044;1
187799;5231002410120095680;5;7;70;32;2023;10;13;2;3;5;3;0;0;1;1;0;0;0;0;493074,294099999591708;5789880,410399999469519;8,898529251000070;52,259269666000080;1
187800;5231002405228382008;5;7;54;28;2023;10;16;2;3;5;3;0;0;1;1;0;0;0;0;450248,114699999801815;5744860,768699999898672;8,277657689000023;51,852329870000062;1
187802;5231002317210277920;5;9;78;20;2023;10;15;2;3;5;3;0;0;1;0;0;0;0;1;407487,363499999977648;5716805,333900000900030;7,664412545000062;51,594692386000077;1
187805;5231002303200584978;5;9;15;0;2023;10;16;2;3;1;5;0;0;1;1;0;0;0;0;417001,936900000087917;5727026,974400000646710;7,799313673000029;51,688062502000037;1
187806;5231002301304983320;5;9;13;0;2023;10;13;2;3;3;5;0;0;1;0;0;0;0;1;399426,270499999634922;5710087,824999999254942;7,549996815000043;51,532928879000053;1
187810;5231001709800983341;5;5;66;40;2023;10;16;1;3;0;1;0;0;1;0;0;0;0;0;421519,756299999542534;5782664,183199999853969;7,851959251000039;52,188849903000062;1
187811;5231001705000796652;5;5;54;8;2023;10;19;1;3;0;1;2;0;1;0;0;0;0;0;335035,811800000257790;5744298,629000000655651;6,606196469000054;51,825129152000045;1
187812;5231001705000091738;5;5;54;12;2023;10;16;1;3;1;3;0;0;1;1;0;0;0;0;354721,036700000055134;5746113,883899999782443;6,890864604000058;51,846904898000048;1
187815;5231012500300081091;5;1;11;0;2023;10;17;5;2;5;3;0;1;1;1;0;0;0;0;345055,966599999926984;5674218,273499999195337;6,782277552000039;51,198334621000072;1
187816;5231001700000479362;5;5;13;0;2023;10;18;1;3;0;5;0;0;1;1;0;0;0;0;363119,913099999539554;5716967,994599999859929;7,024168210000028;51,587122050000062;1
187817;5231001610211399667;5;3;70;4;2023;10;15;1;3;5;3;0;0;1;1;0;0;0;0;312301,203999999910593;5662072,572899999096990;6,320287596000071;51,079417619000026;1
187821;5231001607400586630;5;3;82;68;2023;10;11;1;2;0;7;0;0;1;0;0;0;0;0;370566,582600000314415;5630786,920900000259280;7,162679995000076;50,814330874000063;1
187822;5231001607400399031;5;3;82;68;2023;10;19;1;3;0;1;0;0;1;0;0;0;0;0;370394,414400000125170;5631275,066800000146031;7,160064951000038;50,818679897000038;1
187823;5231001607100983342;5;3;82;28;2023;10;17;1;3;0;1;0;0;1;0;0;0;0;0;373792,298999999649823;5633168,456000000238419;7,207625451000069;50,836448903000075;1
187824;5231001605120376813;5;3;74;20;2023;10;20;1;3;0;1;2;0;1;0;0;0;0;0;381451,057500000111759;5648936,297700000926852;7,311219629000050;50,979801614000053;1
187829;5231001601400983347;5;3;15;0;2023;10;17;1;3;2;6;0;0;1;0;0;0;0;0;350703,190499999560416;5659051,794600000604987;6,869328798000026;51,063551369000038;1
187830;5231001601200099153;5;3;15;0;2023;10;0;1;3;1;1;2;0;1;1;0;0;0;0;353429,908599999733269;5641741,856499999761581;6,915197336000062;50,908697500000073;1
187832;5231001600380078248;5;3;14;0;2023;10;16;1;3;1;5;0;0;1;1;0;0;0;0;371977,621500000357628;5614561,524399999529123;7,188336871000047;50,668804365000028;1
187836;5231001516200885441;5;1;58;12;2023;10;18;1;3;3;2;0;0;1;0;0;0;0;1;357597,477599999867380;5688429,441700000315905;6,955998461000036;51,329305160000047;1
187837;5231008300100494940;5;9;11;0;2023;10;16;1;3;6;4;0;1;1;0;1;0;0;0;376514,642699999734759;5704745,450899999588728;7,221698749000041;51,480368779000059;1
187839;5231001506100983354;5;1;16;0;2023;10;13;1;3;0;7;0;0;1;0;0;0;0;0;321965,080699999816716;5672872,944599999114871;6,452770758000042;51,179521743000066;1
187841;5231001503300795668;5;1;20;0;2023;10;10;1;3;0;6;0;0;1;0;0;0;0;0;381126,347000000067055;5671390,185200000181794;7,299210057000039;51,181559794000066;1
187843;5231001500300871388;5;1;11;0;2023;10;20;1;3;3;2;2;0;1;1;0;0;0;0;345484,921000000089407;5676520,077999999746680;6,787420940000061;51,219133578000026;1
187844;5231001500300586770;5;1;11;0;2023;10;13;1;3;1;5;0;0;1;0;0;0;0;0;345042,560899999924004;5674342,438999999314547;6,782032231000073;51,199446668000064;1
187846;5231011600140982948;5;3;14;0;2023;10;12;4;3;0;1;0;0;1;0;0;0;0;0;367582,389000000432134;5622597,844000000506639;7,123292153000023;50,740052783000067;1
187848;5231001405232987287;5;7;54;32;2023;10;14;1;3;0;1;0;0;1;0;0;0;0;0;461905,025799999944866;5742691,640399999916553;8,447132277000037;51,833745119000071;1
187849;5231001400100983355;5;7;11;0;2023;10;13;1;3;5;3;0;0;1;1;0;0;0;0;467994,144299999810755;5764552,617300000041723;8,533465660000047;52,030674186000056;1
187852;5231001316100977976;5;9;74;24;2023;10;17;1;2;0;7;0;0;1;0;0;0;0;0;434789,710500000044703;5722626,915899999439716;8,057418126000073;51,650852893000035;1
187854;5231007405228983150;5;7;54;28;2023;10;10;7;3;0;1;0;0;1;0;0;0;0;0;451323,583999999798834;5745116,664000000804663;8,293234976000065;51,854725330000065;1
187856;5231001302100399440;5;9;14;0;2023;10;17;1;3;0;6;0;0;1;1;0;0;0;0;394776,965699999593198;5688846,343900000676513;7,489303764000056;51,341148520000047;1
187857;5231001300700493881;5;9;16;0;2023;10;19;1;3;2;2;1;0;1;0;0;1;0;0;372387,226900000125170;5709770,652699999511242;7,160474600000043;51,524614607000046;1
187860;5230930705000387252;5;5;54;12;2023;9;19;7;3;5;2;1;0;1;0;0;0;0;0;355030,942999999970198;5743213,194000000134110;6,896575651000035;51,820922331000077;1
187861;5230930705000279183;5;5;54;56;2023;9;14;7;3;1;5;0;0;1;1;0;0;0;0;356907,297100000083447;5762895,693800000473857;6,915606433000050;51,998256459000061;1
187862;5230930705000086830;5;5;54;8;2023;9;11;7;2;3;3;0;0;1;0;0;0;0;1;335705,985600000247359;5744794,719599999487400;6,615676863000033;51,829783199000076;1
187865;5230930609224280770;5;3;58;24;2023;9;15;7;2;0;1;0;0;1;0;0;1;0;0;310190,971300000324845;5646240,013800000771880;6,298476065000045;50,936508285000059;1
187866;5230930608404633166;5;3;34;4;2023;9;18;7;3;1;5;0;0;1;1;0;0;0;0;303102,622499999590218;5638625,412200000137091;6,201820697000073;50,865738466000039;1
187867;5230930608328499660;5;3;34;28;2023;9;12;7;2;0;1;0;0;1;0;0;0;0;0;313958,989400000311434;5612478,636199999600649;6,369132161000039;50,634448100000043;1
187868;5230930608100073740;5;3;34;2;2023;9;12;7;3;1;5;0;0;1;1;0;0;0;0;293499,498300000093877;5627393,851800000295043;6,071852848000049;50,761518094000053;1
187872;5230930601700475861;5;3;16;0;2023;9;15;7;3;1;5;0;0;1;1;0;0;0;0;362947,883799999952316;5656248,600400000810623;7,045024987000033;51,041412473000037;1
187874;5230930601600364470;5;3;15;0;2023;9;14;7;3;0;4;0;0;1;0;1;0;0;0;359561,492800000123680;5645001,411900000646710;7,001099225000075;50,939515929000038;1
187876;5230930601300983403;5;3;15;0;2023;9;17;7;2;0;1;0;0;1;0;0;0;0;0;347825,415099999867380;5645741,777499999850988;6,833869776000029;50,943191361000061;1
187879;5230930601100679182;5;3;15;0;2023;9;14;7;3;4;6;0;1;1;0;0;0;0;0;355502,157800000160933;5645891,321100000292063;6,943007797000064;50,946510419000049;1
187882;5230930600110375870;5;3;14;0;2023;9;14;7;2;5;2;0;0;1;1;0;0;0;0;365564,668999999761581;5624132,333200000226498;7,094152425000061;50,753381035000075;1
187883;5230930516800983405;5;1;58;20;2023;9;16;7;3;6;4;0;0;1;0;1;0;0;0;356448,166799999773502;5663901,760999999940395;6,949333152000065;51,108601410000063;1
187885;5230930514219089447;5;1;66;36;2023;9;12;7;3;1;5;0;0;1;1;0;0;0;0;328094,428100000135601;5679689,423399999737740;6,537111437000021;51,242635787000040;1
187886;5230930514218949604;5;1;66;36;2023;9;12;7;2;1;5;0;0;1;1;0;0;0;0;322196,179100000299513;5683943,057499999180436;6,450581259000046;51,279039304000037;1
187889;5230930513210681420;5;1;62;24;2023;9;17;7;3;0;5;0;0;1;1;0;0;0;0;342924,379300000146031;5672063,226199999451637;6,752735434000044;51,178388897000048;1
187891;5230930506100391622;5;1;16;0;2023;9;8;7;3;4;2;0;0;1;1;0;0;0;0;321588,184899999760091;5674977,095799999311566;6,446338950000040;51,198306430000059;1
187892;5230930503300591333;5;1;20;0;2023;9;19;7;3;1;2;0;0;1;1;0;0;0;0;376565,007500000298023;5675110,781899999827147;7,232701783000039;51,214033530000052;1
187894;5231004709500879180;5;5;66;76;2023;10;14;4;2;5;1;0;0;1;1;0;0;0;0;395682,120900000445545;5793830,846799999475479;7,470677114000068;52,284927274000040;1
187896;5230930500300987408;5;1;11;0;2023;9;12;7;3;5;2;0;0;1;1;0;0;0;0;351723,894700000062585;5669086,754599999636412;6,879761194000025;51,153991868000048;1
187897;5230930500300565143;5;1;11;0;2023;9;18;7;3;1;5;0;0;1;1;0;0;0;0;350430,964800000190735;5675684,539499999955297;6,858540378000043;51,212942692000070;1
187901;5230930411232983435;5;7;74;32;2023;9;9;7;3;0;7;0;0;1;0;0;0;0;1;476300,970999999903142;5733275,458799999207258;8,656696984000064;51,749879575000080;1
187902;5230930411132983425;5;7;74;32;2023;9;14;7;3;0;1;0;0;1;0;0;0;0;0;480216,694899999536574;5732608,983799999579787;8,713457051000034;51,744039122000061;1
187903;5230930411132983424;5;7;74;32;2023;9;14;7;3;0;1;0;0;1;0;0;0;0;0;482407,740199999883771;5729299,689899999648333;8,745359208000025;51,714357397000072;1
187905;5230930410210087450;5;7;70;20;2023;9;18;7;3;0;7;0;0;1;0;0;0;0;1;472504,183299999684095;5795480,785000000149012;8,596698110000034;52,308975095000051;1
187906;5230930406140531914;5;7;58;32;2023;9;8;7;3;0;6;0;0;1;1;0;0;0;0;461322,997000000439584;5775347,395999999716878;8,435004143000072;52,127298443000029;1
187910;5230930317230584980;5;9;78;8;2023;9;1;7;3;0;1;2;0;1;0;0;0;0;0;414485,151999999769032;5717062,456299999728799;7,765349331000039;51,598109616000045;1
187912;5230930316200089302;5;9;74;52;2023;9;13;7;3;0;3;0;0;1;1;0;0;0;0;422457,981900000013411;5713069,554300000891089;7,881316817000027;51,563368001000072;1
187914;5230930307000093940;5;9;62;36;2023;9;15;7;3;5;2;0;0;1;1;0;0;0;0;405520,752199999988079;5662860,785599999129772;7,650355075000050;51,109435080000026;1
187917;5230930301101983396;5;9;13;0;2023;9;22;7;3;5;3;2;0;1;1;0;0;0;0;392171,818500000052154;5707448,179600000381470;7,446254865000071;51,507863783000062;1
187918;5230930300700490544;5;9;16;0;2023;9;11;7;3;5;3;0;0;1;1;0;0;0;0;372122,891200000420213;5710996,074200000613928;7,156221391000031;51,535567705000062;1
187920;5230929709110983485;5;5;66;8;2023;9;7;6;3;5;3;0;0;1;1;0;0;0;0;400832,485000000335276;5779420,254000000655651;7,550379693000025;52,156362226000056;1
187921;5230929709110496523;5;5;66;8;2023;9;16;6;3;0;7;0;1;1;0;0;0;0;0;399517,027900000102818;5781491,662100000306964;7,530544035000048;52,174741679000078;1
187922;5230929705000983462;5;5;54;20;2023;9;14;6;3;2;3;0;0;1;1;0;0;0;0;366456,331699999980628;5786237,683800000697374;7,045463399000027;52,210376571000040;1
187923;5230929705000983451;5;5;54;16;2023;9;15;6;3;0;3;0;1;1;1;0;0;0;0;363169,002000000327826;5757825,667999999597669;7,008779476000029;51,954277769000043;1
187925;5230929705000820881;5;5;54;20;2023;9;19;6;3;4;1;2;0;1;1;0;0;0;0;366552,861200000159442;5786673,870899999514222;7,046703352000065;52,214319272000068;1
187927;5230929705000518560;5;5;54;20;2023;9;16;6;3;5;3;0;1;1;1;0;0;0;0;364503,509999999776483;5786414,952999999746680;7,016829492000056;52,211492703000033;1
187930;5230929702100983447;5;5;15;0;2023;9;18;6;3;3;7;0;1;1;1;0;0;0;0;401872,089800000190735;5753587,948999999091029;7,572985649000032;51,924364870000034;1
187931;5230929702100983445;5;5;15;0;2023;9;17;6;3;0;7;0;1;1;0;0;0;0;0;406201,800200000405312;5755110,049000000581145;7,635515300000066;51,938792619000026;1
187932;5231002316300081835;5;9;74;28;2023;10;16;2;3;4;6;0;0;1;0;0;0;0;0;456942,965400000102818;5724953,823200000450015;8,377319952000050;51,673907376000045;1
187933;5230929702100338624;5;5;15;0;2023;9;17;6;3;8;1;0;0;1;0;0;0;0;0;406669,883299999870360;5754923,665899999439716;7,642373023000061;51,937196018000066;1
187934;5231012607400395372;5;3;82;68;2023;10;16;5;3;3;6;0;1;1;0;0;0;0;0;369831,071800000034273;5630468,825699999928474;7,152357965000022;50,811306960000081;1
187935;5230929702100091771;5;5;15;0;2023;9;10;6;2;5;2;0;0;1;1;0;0;0;0;403678,290000000037253;5761114,690999999642372;7,597133122000059;51,992333137000060;1
187936;5231014518310982778;5;1;70;32;2023;10;12;7;3;5;3;0;1;1;1;0;0;0;0;333816,154099999926984;5712951,910900000482798;6,603437499000052;51,543163782000079;1
187938;5230929701400099916;5;5;12;0;2023;9;20;6;3;0;7;2;0;1;0;0;0;0;0;359627,286899999715388;5710968,800599999725819;6,976181655000062;51,532353996000040;1
187939;5230929701110248525;5;5;62;32;2023;9;8;6;3;5;3;0;0;1;0;0;0;0;1;376194,938000000081956;5717895,232000000774860;7,212471871000048;51,598479900000029;1
187941;5230929608200999633;5;3;34;2;2023;9;14;6;3;0;1;0;1;1;0;0;0;0;0;295881,546500000171363;5626987,922399999573827;6,105808766000052;50,758714959000031;1
187947;5231003602500394764;5;3;62;24;2023;10;23;3;2;0;1;2;0;1;0;0;0;0;0;343951,412600000388920;5645068,430700000375509;6,779057413000032;50,936105305000069;1
187952;5230929601200086380;5;3;15;0;2023;9;8;6;3;0;1;0;0;1;0;0;0;0;0;354801,824199999682605;5642403,823599999770522;6,934434347000035;50,914993169000070;1
187953;5230929600380995310;5;3;14;0;2023;9;7;6;3;4;1;0;0;1;1;0;0;0;0;368928,929700000211596;5616287,832900000736117;7,144606389000046;50,683642505000080;1
187954;5230929600380799984;5;3;14;0;2023;9;14;6;3;2;7;0;0;1;1;0;0;0;0;370344,480299999937415;5615609,137599999085069;7,164871386000073;50,677859289000025;1
187957;5230929600140690960;5;3;14;0;2023;9;17;6;3;0;5;1;1;1;1;0;0;0;0;367006,496899999678135;5622019,432800000533462;7,115343671000062;50,734722395000063;1
187960;5230929514217983471;5;1;66;36;2023;9;6;6;3;1;5;2;0;1;1;0;0;0;0;328036,096300000324845;5682278,776499999687076;6,535032238000042;51,265880391000053;1
187961;5230929514210983475;5;1;66;12;2023;9;11;6;3;5;3;0;0;1;0;0;0;0;1;320330,225300000049174;5693433,541500000283122;6,419072148000055;51,363705936000031;1
187970;5230929501312977061;5;1;12;0;2023;9;19;6;3;4;1;1;1;1;0;0;0;0;1;341520,445000000298023;5700746,876099999994040;6,719924196000022;51,435722350000049;1
187973;5230929500300976015;5;1;11;0;2023;9;13;6;3;0;1;0;0;1;0;0;0;0;0;350779,064899999648333;5670030,636199999600649;6,865869384000064;51,162228011000082;1
187977;5230929411232538034;5;7;74;32;2023;9;7;6;3;5;3;0;0;1;0;0;0;0;1;480358,915000000037253;5731234,439999999478459;8,715594546000034;51,731685258000027;1
187978;5231012404301982885;5;7;66;44;2023;10;14;5;2;5;3;0;1;1;1;0;0;0;0;494212,700400000438094;5762732,940600000321865;8,915670560000024;52,015207029000067;1