OID_;UIDENTSTLAE;ULAND;UREGBEZ;UKREIS;UGEMEINDE;UJAHR;UMONAT;USTUNDE;UWOCHENTAG;UKATEGORIE;UART;UTYP1;ULICHTVERH;IstStrassenzustand;IstRad;IstPKW;IstFuss;IstKrad;IstGkfz;IstSonstige;LINREFX;LINREFY;XGCSWGS84;YGCSWGS84;PLST
188332;5231026515212982312;5;1;54;64;2023;10;7;5;3;5;3;2;0;1;1;0;0;0;0;305684,204599999822676;5722684,808000000193715;6,192842449000068;51,621591057000046;1
188333;5231026515000054583;5;1;54;32;2023;10;14;5;3;2;1;0;0;1;1;0;0;0;0;309380,269500000402331;5718066,575799999758601;6,248679784000046;51,581377668000073;1
188334;5231026514111589857;5;1;66;32;2023;10;7;5;3;5;6;1;0;1;1;0;0;0;0;313428,896999999880791;5680676,292999999597669;6,326720021000028;51,246893046000082;1
188336;5231026508000696837;5;1;19;0;2023;10;17;5;2;8;1;1;1;1;0;0;0;0;0;350143,900700000114739;5709267,854399999603629;6,840279974000055;51,514633202000027;1
188340;5231026503400982291;5;1;22;0;2023;10;17;5;3;0;3;1;1;1;1;0;0;0;0;368704,792000000365078;5668854,795199999585748;7,122511376000034;51,156055448000075;1
188341;5231026503100396230;5;1;24;0;2023;10;16;5;3;0;1;0;1;1;0;0;0;0;1;370778,760999999940395;5681649,049000000581145;7,147542037000051;51,271515641000065;1
188343;5231026501313982314;5;1;12;0;2023;10;10;5;3;5;2;0;1;1;1;0;0;0;0;344259,188599999994040;5701310,849799999967217;6,759046275000060;51,441549082000051;1
188346;5231026411232982311;5;7;74;32;2023;10;11;5;3;5;2;0;0;1;0;0;0;0;1;481390,477599999867380;5734391,277300000190735;8,730362595000031;51,760104367000054;1
188348;5231026411132982306;5;7;74;32;2023;10;9;5;3;5;3;0;0;1;1;0;0;0;0;484267,697100000455976;5732248,762299999594688;8,772147814000050;51,740928665000069;1
188350;5231026411132078072;5;7;74;32;2023;10;15;5;3;5;2;0;1;1;1;0;0;0;0;482545,201600000262260;5729397,942900000140071;8,747343963000048;51,715245115000073;1
188351;5231026410110982316;5;7;70;24;2023;10;7;5;3;5;2;1;1;1;1;0;0;0;0;490679,148400000296533;5791117,977099999785423;8,863403107000067;52,270360671000049;1
188352;5231026406150790710;5;7;58;36;2023;10;19;5;3;0;2;2;1;1;1;0;0;0;0;490162,882100000046194;5779248,731699999421835;8,856182331000070;52,163640071000032;1
188354;5231026404302087426;5;7;66;48;2023;10;7;5;3;0;1;0;1;1;0;0;0;0;0;478540,302699999883771;5760128,233599999919534;8,687466232000077;51,991403784000056;1
188358;5231026317210018401;5;9;78;20;2023;10;7;5;3;1;5;2;1;1;1;0;0;0;0;407070,231999999843538;5716710,255699999630451;7,658417453000027;51,593769056000042;1
188359;5231026316200475324;5;9;74;52;2023;10;9;5;3;5;3;0;1;1;1;0;0;0;0;424856,452999999746680;5711865,753000000491738;7,916169601000036;51,552870500000040;1
188364;5231026301101982300;5;9;13;0;2023;10;16;5;3;5;2;0;0;1;1;0;0;0;0;392321,048999999649823;5708171,357100000604987;7,448183466000046;51,514392456000053;1
188367;5231026300100889633;5;9;11;0;2023;10;16;5;2;5;3;0;0;1;1;0;0;0;0;379298,238099999725819;5706872,812000000849366;7,261037523000027;51,500089507000041;1
188369;5231026500100569044;5;1;11;0;2023;10;7;5;3;5;2;1;1;1;1;0;0;0;0;341533,509300000034273;5678909,067399999126792;6,729829272000075;51,239515835000077;1
188371;5231025709500074705;5;5;66;76;2023;10;16;4;3;5;3;0;1;1;1;0;0;0;0;391627,850999999791384;5792369,898000000044703;7,411734482000043;52,271013134000043;1
188372;5231025709500000953;5;5;66;76;2023;10;7;4;3;5;3;2;0;1;1;0;0;0;0;392459,407300000078976;5792717,910700000822544;7,423805512000058;52,274304033000078;1
188374;5231025709300826734;5;5;66;84;2023;10;16;4;3;5;3;0;0;1;1;0;0;0;0;386026,250000000000000;5778695,839999999850988;7,334279393000031;52,146994248000055;1
188375;5231025705000982374;5;5;54;56;2023;10;7;4;3;1;5;2;0;1;1;0;0;0;0;358625,930700000375509;5761232,071399999782443;6,941309612000055;51,983748755000079;1
188376;5231025705000796647;5;5;54;8;2023;10;10;4;3;3;2;0;0;1;1;0;0;0;0;334920,671000000089407;5746480,762000000104308;6,603486275000023;51,844697999000061;1
188378;5231025701120600000;5;5;62;32;2023;10;13;4;3;0;1;0;1;1;0;0;0;0;0;374608,753700000233948;5713934,858100000768900;7,190996559000041;51,562536688000080;1
188380;5231025608200469665;5;3;34;2;2023;10;17;4;2;5;3;2;1;1;1;0;0;0;0;295363,522199999541044;5628298,201600000262260;6,097745216000021;50,770300593000059;1
188382;5231025607500478440;5;3;82;56;2023;10;15;4;2;0;7;0;1;1;0;0;0;0;0;372724,180200000293553;5625960,953099999576807;7,194962891000046;50,771431558000074;1
188384;5231025607200799072;5;3;82;20;2023;10;9;4;3;0;1;0;0;1;0;0;0;0;0;378476,331000000238419;5625947,191999999806285;7,276504631000023;50,772541533000037;1
188389;5231025602900390357;5;3;62;40;2023;10;7;4;3;5;3;1;1;1;1;0;0;0;0;358340,280000000260770;5631800,200999999418855;6,988844410000070;50,820576249000055;1
188390;5231025601700982214;5;3;16;0;2023;10;15;4;3;5;3;0;0;1;1;0;0;0;0;362313,385499999858439;5654642,902400000020862;7,036590007000029;51,026830101000030;1
188392;5231025601500399198;5;3;15;0;2023;10;14;4;2;0;5;0;1;1;1;0;0;0;0;359943,691499999724329;5646879,983599999919534;7,005813113000045;50,956491859000039;1
188393;5231025601400982347;5;3;15;0;2023;10;13;4;3;0;1;0;1;1;0;0;0;0;0;355645,143400000408292;5650400,359600000083447;6,943252490000020;50,987067876000026;1
188396;5231025601200672647;5;3;15;0;2023;10;7;4;3;1;5;1;1;1;1;0;0;0;0;354336,476800000295043;5643364,361099999397993;6,927435420000052;50,923508005000031;1
188400;5231025600140982330;5;3;14;0;2023;10;22;4;3;5;3;2;1;1;1;0;0;0;0;367540,757000000216067;5621783,106000000610948;7,122995272000026;50,732720360000030;1
188401;5231025600110373850;5;3;14;0;2023;10;15;4;3;5;3;0;1;1;1;0;0;0;0;363551,404799999669194;5621903,379200000315905;7,066453750000051;50,732877919000032;1
188402;5231025600110079307;5;3;14;0;2023;10;20;4;3;0;1;2;1;1;0;0;0;0;0;366172,810999999754131;5620025,604000000283122;7,104259892000073;50,716610374000027;1
188403;5231025518120244767;5;1;70;44;2023;10;7;4;3;5;2;2;0;1;1;0;0;0;0;337907,601200000382960;5722392,852700000628829;6,658028209000065;51,629171908000046;1
188405;5231025515210982375;5;1;54;12;2023;10;7;4;3;3;5;0;0;1;0;0;0;0;1;314990,394899999722838;5710906,605799999088049;6,333323100000030;51,518936902000064;1
188408;5231025513310699703;5;1;62;8;2023;10;15;4;3;5;3;0;1;1;1;0;0;0;0;331600,357300000265241;5662062,873099999502301;6,595544949000043;51,085319367000068;1
188411;5231025506100999725;5;1;16;0;2023;10;18;4;3;0;3;2;1;1;1;0;0;0;0;321313,748700000345707;5672165,224700000137091;6,443813573000057;51,172960931000034;1
188412;5231026601200387077;5;3;15;0;2023;10;10;5;3;1;5;0;0;1;0;0;0;1;0;355349,845999999903142;5644326,638599999248981;6,941462295000065;50,932410760000039;1
188413;5231025506100982344;5;1;16;0;2023;10;17;4;3;5;3;1;1;1;1;0;0;0;0;319292,345999999903142;5673380,532999999821186;6,414316868000071;51,183243009000080;1
188414;5231025506100982343;5;1;16;0;2023;10;17;4;3;5;3;0;1;1;1;0;0;0;0;321785,488699999637902;5673232,785900000482798;6,450025524000068;51,182698361000064;1
188415;5231027516100089270;5;1;58;32;2023;10;7;6;3;5;3;2;1;1;1;0;0;0;0;364715,549399999901652;5689962,650900000706315;7,057521917000031;51,344821703000036;1
188423;5231025501316681936;5;1;12;0;2023;10;14;4;3;0;5;0;1;1;1;0;0;0;0;346514,697800000198185;5699076,370300000533462;6,792442967000056;51,422087599000065;1
188426;5231026316200441388;5;9;74;52;2023;10;18;5;3;0;6;0;0;1;1;0;0;0;0;424244,359000000171363;5712975,929999999701977;7,907103596000070;51,562769128000070;1
188430;5231025500300981123;5;1;11;0;2023;10;8;4;3;5;2;0;0;1;0;0;0;0;1;343881,037999999709427;5675162,731000000610948;6,765063566000038;51,206501071000048;1
188431;5231025500200550580;5;1;11;0;2023;10;17;4;3;0;7;1;1;1;1;0;0;0;0;345137,244199999608099;5678651,063599999994040;6,781525484000042;51,238187145000040;1
188436;5231025411132778108;5;7;74;32;2023;10;19;4;3;0;1;2;1;1;0;0;0;0;0;482685,032899999991059;5731400,162900000810623;8,749268418000042;51,733252002000029;1
188438;5231025410220996986;5;7;70;8;2023;10;8;4;3;5;3;0;0;1;1;0;0;0;0;474264,394999999552965;5803289,294999999925494;8,621917491000033;52,379260762000058;1
188439;5231025410120096793;5;7;70;32;2023;10;9;4;2;3;1;0;0;1;1;0;0;0;0;493057,387900000438094;5789962,782600000500679;8,898279859000070;52,260010024000053;1
188441;5231025405112768096;5;7;54;12;2023;10;7;4;3;5;3;0;0;1;1;0;0;0;0;456416,117999999783933;5766765,871999999508262;8,364425785000037;52,049783058000060;1
188446;5231025317240982372;5;9;78;40;2023;10;7;4;3;0;1;1;1;1;0;0;0;0;0;405350,637000000104308;5724809,747199999168515;7,631410522000067;51,666288795000071;1
188447;5231025317220260608;5;9;78;4;2023;10;9;4;3;6;4;0;0;1;0;1;0;0;0;404456,744300000369549;5717168,957800000905991;7,620574473000033;51,597455116000049;1
188449;5231025316200982361;5;9;74;56;2023;10;7;4;3;3;6;0;1;1;1;0;0;0;0;420841,294700000435114;5706003,954399999231100;7,859586513000067;51,499624385000061;1
188454;5231025307000599444;5;9;62;24;2023;10;20;4;3;5;3;2;1;1;1;0;0;0;0;403140,292000000365078;5691173,146999999880791;7,608703657000035;51,363551562000055;1
188455;5231025307000372557;5;9;62;16;2023;10;13;4;3;0;1;0;0;1;0;0;0;0;0;414808,884200000204146;5693486,882999999448657;7,775713084000074;51,386221919000036;1
188464;5231024711200387238;5;5;70;4;2023;10;17;3;3;0;1;0;1;1;0;0;0;0;0;422969,578099999576807;5734842,700600000098348;7,883896980000031;51,759173891000046;1
188467;5231024709110982408;5;5;66;8;2023;10;11;3;2;5;2;0;0;1;1;0;0;0;0;399403,817900000140071;5781231,304999999701977;7,528966253000021;52,172381032000033;1
188469;5231024705000880994;5;5;54;48;2023;10;19;3;3;5;3;2;1;1;1;0;0;0;0;341861,163999999873340;5744289,895999999716878;6,705155899000033;51,827024107000057;1
188471;5231024702100279188;5;5;15;0;2023;10;14;3;3;5;2;0;0;1;1;0;0;0;0;401787,296000000089407;5754079,312000000849366;7,571612740000035;51,928766424000059;1
188472;5231024702100079094;5;5;15;0;2023;10;16;3;3;3;6;0;1;1;0;0;0;0;0;405311,308000000193715;5759440,671000000089407;7,621371657000054;51,977567244000056;1
188473;5231024701700785465;5;5;62;16;2023;10;14;3;3;5;3;0;0;1;1;0;0;0;0;375494,133000000379980;5734715,798699999228120;7,196362537000027;51,749492121000060;1
188474;5231024701700179600;5;5;62;16;2023;10;13;3;3;0;7;0;0;1;0;0;0;0;1;374656,203300000168383;5733548,559499999508262;7,184651139000039;51,738815490000036;1
188479;5231024602900486238;5;3;62;40;2023;10;7;3;3;5;3;1;0;1;1;0;0;0;0;356549,616000000387430;5632190,719799999147654;6,963286501000027;50,823645045000035;1
188482;5231024601500175886;5;3;15;0;2023;10;8;3;3;0;1;0;0;1;0;0;0;0;0;361164,375000000000000;5649466,539999999105930;7,022195352000040;50,980033112000058;1
188483;5231024601400982393;5;3;15;0;2023;10;7;3;3;5;2;2;0;1;1;0;0;0;0;355265,987999999895692;5647186,958000000566244;6,939133051000056;50,958094743000061;1
188485;5231024601400024860;5;3;15;0;2023;10;8;3;3;0;7;1;0;1;1;0;0;0;0;356007,601999999955297;5647575,829800000414252;6,949531767000053;50,961775248000038;1
188487;5231024601200499150;5;3;15;0;2023;10;19;3;3;0;1;2;1;1;0;0;0;0;0;356743,895800000056624;5641959,885099999606609;6,962217435000071;50,911488860000077;1
188492;5231024518320082292;5;1;70;52;2023;10;7;3;3;5;3;2;1;1;1;0;0;0;0;323277,923000000417233;5726022,982999999076128;6,445036707000042;51,657375732000048;1
188498;5231024514217996080;5;1;66;36;2023;10;14;3;3;4;7;0;1;1;0;0;0;0;0;329585,626899999566376;5683229,586200000718236;6,556768568000052;51,274887728000067;1
188508;5231024500300101077;5;1;11;0;2023;10;17;3;3;5;2;0;0;1;1;0;0;0;0;343892,188900000415742;5676230,275900000706315;6,764758489000030;51,216096357000026;1
188509;5231024500200578826;5;1;11;0;2023;10;13;3;2;5;2;0;1;1;1;0;0;0;0;347427,986999999731779;5677197,846000000834465;6,814934384000026;51,225746289000028;1
188510;5231024500100741014;5;1;11;0;2023;10;17;3;3;4;2;1;0;1;0;0;0;0;1;345656,916000000201166;5676689,705000000074506;6,789808836000020;51,220704276000049;1
188511;5231024411220787045;5;7;74;20;2023;10;8;3;3;6;2;0;1;1;0;1;0;0;0;470091,054399999789894;5734849,874199999496341;8,566607422000061;51,763738114000034;1
188512;5231024410110982412;5;7;70;24;2023;10;7;3;3;5;3;1;0;1;1;0;0;0;0;493015,942800000309944;5794806,172199999913573;8,897572273000037;52,303554052000038;1
188514;5231024405148087010;5;7;54;48;2023;10;11;3;3;5;2;0;0;1;1;0;0;0;0;441445,866000000387430;5765739,742399999871850;8,146316531000025;52,039178798000080;1
188515;5231024405112456403;5;7;54;12;2023;10;13;3;3;0;3;0;0;1;1;0;0;0;0;455899,425999999977648;5766974,196000000461936;8,356864599000062;52,051615081000079;1
188517;5231024400200857434;5;7;11;0;2023;10;7;3;3;4;6;2;1;1;0;0;0;0;0;467244,035400000400841;5762890,752299999818206;8,522691151000060;52,015689207000037;1
188520;5231030410110195541;5;7;70;24;2023;10;12;2;3;6;3;0;0;1;0;1;0;0;0;494273,559899999760091;5793552,868499999865890;8,916037691000042;52,292300789000080;1
188530;5231023705000491747;5;5;54;12;2023;10;19;2;3;5;2;1;1;1;1;0;0;0;0;352783,938000000081956;5746043,349999999627471;6,862793141000054;51,845763748000081;1
188531;5231023702100982446;5;5;15;0;2023;10;7;2;3;6;6;0;0;1;0;1;0;0;0;406783,647699999623001;5757345,738700000569224;7,643370557000026;51,958985929000050;1
188532;5231023702100673310;5;5;15;0;2023;10;13;2;3;5;2;0;0;1;1;0;0;0;0;402513,667999999597669;5758308,655999999493361;7,580973984000025;51,966908643000068;1
188534;5231023701110478743;5;5;62;32;2023;10;16;2;3;5;3;0;0;1;1;0;0;0;0;374875,382000000216067;5719342,143999999389052;7,192913644000043;51,611191845000064;1
188536;5231023610112699586;5;3;70;8;2023;10;16;2;3;0;7;0;0;1;1;0;0;0;0;289115,936999999918044;5652951,434000000357628;5,995047719000070;50,989458623000075;1
188541;5231023608100775517;5;3;34;2;2023;10;14;2;3;5;3;0;0;1;1;0;0;0;0;293650,791100000031292;5627442,474400000646710;6,073967914000036;50,762008591000040;1
188542;5231023608100489867;5;3;34;2;2023;10;17;2;3;5;2;1;1;1;1;0;0;0;0;294359,153500000014901;5628049,191800000146031;6,083659580000074;50,767709074000038;1
188543;5231023606100799184;5;3;78;4;2023;10;8;2;3;0;7;0;0;1;0;0;0;0;0;364878,210400000214577;5653905,929500000551343;7,073416703000021;51,020815274000029;1
188544;5231023602900193378;5;3;62;40;2023;10;15;2;3;5;3;0;0;1;1;0;0;0;0;357211,867200000211596;5632527,279600000008941;6,972551816000021;50,826833453000063;1
188546;5231023602700982437;5;3;62;28;2023;10;7;2;3;5;3;0;0;1;1;0;0;0;0;350298,097000000067055;5639023,506999999284744;6,871797372000060;50,883465519000026;1
188547;5231023602500982442;5;3;62;24;2023;10;14;2;3;1;5;0;0;1;1;0;0;0;0;346024,677199999801815;5641883,576099999248981;6,809886333000065;50,908043344000077;1
188549;5231023601500982436;5;3;15;0;2023;10;15;2;2;0;3;0;1;1;0;0;0;0;0;364472,807799999602139;5648273,504699999466538;7,069741898000075;50,970099037000068;1
188550;5231023601300982433;5;3;15;0;2023;10;15;2;3;5;3;0;1;1;1;0;0;0;0;347955,400999999605119;5645618,366000000387430;6,835770161000028;50,942116658000032;1
188552;5231023600140476536;5;3;14;0;2023;10;17;2;3;1;7;1;1;1;0;0;0;1;0;367462,639000000432134;5622701,288399999961257;7,121558743000037;50,740955229000065;1
188553;5231023600120982443;5;3;82;24;2023;10;12;2;2;0;7;0;0;1;0;0;0;0;0;378104,962500000372529;5618771,455099999904633;7,273614140000063;50,707962265000049;1
188556;5231023518120982430;5;1;70;44;2023;10;18;2;2;5;7;1;0;1;1;0;0;0;0;336907,167299999855459;5721451,430900000035763;6,644025012000043;51,620425164000039;1
188559;5231023515111069478;5;1;54;8;2023;10;10;2;3;0;7;0;0;1;1;0;0;0;0;310001,832700000144541;5746065,494400000199676;6,242381552000040;51,833047029000056;1
188560;5231023515110982434;5;1;54;4;2023;10;16;2;3;6;6;0;0;1;0;1;0;0;0;306075,848799999803305;5738351,153300000354648;6,189786781000066;51,762419955000041;1
188563;5231023506100982428;5;1;16;0;2023;10;18;2;3;5;3;2;1;1;1;0;0;0;0;319567,244199999608099;5675437,514100000262260;6,417212536000022;51,201807821000045;1
188564;5231023505200595978;5;1;14;0;2023;10;13;2;3;4;6;0;0;1;1;0;0;0;0;330572,071999999694526;5692174,173000000417233;6,566647717000023;51,355539244000056;1
188565;5231026400200096844;5;7;11;0;2023;10;15;5;3;3;6;0;1;1;1;0;0;0;0;468000,000000000000000;5764052,845000000670552;8,533597760000021;52,026181263000069;1
188566;5231023505200072071;5;1;14;0;2023;10;10;2;3;5;7;0;1;1;1;0;0;0;0;329359,654000000096858;5689727,040999999269843;6,550424774000021;51,333192040000029;1
188567;5231023505100982450;5;1;14;0;2023;10;12;2;3;3;5;0;0;1;1;0;0;0;1;329083,976200000382960;5688729,148900000378489;6,546949913000049;51,324144445000059;1
188568;5231023505100982447;5;1;14;0;2023;10;12;2;3;0;5;0;0;1;0;0;0;0;1;330246,723600000143051;5689054,769200000911951;6,563466739000035;51,327417947000072;1
188569;5231023505100977045;5;1;14;0;2023;10;14;2;3;3;2;0;0;1;1;0;0;0;0;331069,038999999873340;5690317,827199999243021;6,574659395000026;51,339009993000047;1
188572;5231023502212282053;5;1;13;0;2023;10;9;2;3;0;7;0;1;1;0;0;0;0;0;364400,241999999620020;5698602,701999999582767;7,049698694000028;51,422392132000027;1
188574;5231023500300501077;5;1;11;0;2023;10;15;2;2;5;3;0;0;1;1;0;0;0;0;345129,152900000102818;5673955,979599999263883;6,783437381000056;51,195997632000058;1
188576;5231023500300001984;5;1;11;0;2023;10;8;2;3;5;3;0;0;1;1;0;0;0;0;344037,425200000405312;5674175,181500000879169;6,767729658000064;51,197670309000046;1
188579;5231023411132068204;5;7;74;32;2023;10;12;2;3;4;2;0;0;1;1;0;0;0;0;481312,910199999809265;5729425,960899999365211;8,729505402000029;51,715457327000081;1
188580;5231029711100096662;5;5;70;24;2023;10;16;1;3;1;5;1;0;1;1;0;0;0;0;420372,192300000227988;5753518,713300000876188;7,841971110000031;51,926696151000044;1
188582;5231023406140396965;5;7;58;32;2023;10;14;2;3;1;5;0;0;1;1;0;0;0;0;465089,090599999763072;5776831,879899999126792;8,489864543000067;52,140895275000048;1
188583;5231023404301268125;5;7;66;44;2023;10;16;2;3;3;6;0;0;1;1;0;0;0;0;492717,879999999888241;5763263,150000000372529;8,893877593000070;52,019956493000052;1
188584;5231023404101034685;5;7;66;20;2023;10;7;2;3;5;2;2;1;1;0;0;0;0;1;491009,223100000061095;5753523,104100000113249;8,869232581000063;51,932358956000030;1
188597;5231022711100487232;5;5;70;52;2023;10;15;1;3;0;2;0;0;1;0;0;0;0;0;429835,982900000177324;5756030,378100000321865;7,979065599000023;51,950548421000065;1
188598;5231022706000285478;5;5;58;12;2023;10;17;1;3;5;3;0;0;1;0;0;0;0;0;373469,045199999585748;5756520,400100000202656;7,159063375000073;51,944986955000047;1
188600;5231022702100045932;5;5;15;0;2023;10;21;1;3;4;6;2;0;1;0;0;0;0;1;405601,157999999821186;5757150,833000000566244;7,626219997000021;51,957034534000059;1
188601;5231022610111691205;5;3;70;16;2023;10;18;1;3;5;3;0;1;1;1;0;0;0;0;296134,747000000439584;5661107,734999999403954;6,090334524000070;51,065237635000074;1
188605;5231022602800767527;5;3;62;12;2023;10;14;1;3;5;3;0;1;1;1;0;0;0;0;351479,656000000424683;5631998,013000000268221;6,891432237000060;50,820634970000071;1
188606;5231022602400090871;5;3;62;32;2023;10;17;1;3;5;3;0;1;1;1;0;0;0;0;336845,893799999728799;5640891,985400000587106;6,679883485000062;50,896612594000032;1
188609;5231022601300993557;5;3;15;0;2023;10;11;1;3;0;7;0;1;1;1;0;0;0;0;353947,649299999698997;5645613,327299999073148;6,921005637000064;50,943620447000058;1
188612;5231022515212660543;5;1;54;32;2023;10;0;1;3;8;6;2;0;1;1;0;0;0;0;309437,263100000098348;5717981,043099999427795;6,249547794000023;51,580628749000027;1
188614;5231022513210173878;5;1;62;24;2023;10;15;1;3;0;7;0;0;1;0;0;0;0;1;335965,983000000007451;5675578,710000000894070;6,651664224000058;51,208020455000053;1
188616;5231022505200096046;5;1;14;0;2023;10;12;1;3;0;1;0;0;1;0;0;0;0;0;334564,541899999603629;5692879,265100000426173;6,623606692000067;51,363050411000074;1
188620;5231022502215585377;5;1;13;0;2023;10;11;1;2;5;3;0;0;1;1;0;0;0;0;363842,754399999976158;5699326,514900000765920;7,041407345000039;51,428763095000079;1
188622;5231022500200875992;5;1;11;0;2023;10;21;1;3;0;1;2;0;1;0;0;0;0;0;345024,259999999776483;5681571,411900000646710;6,778643668000029;51,264396823000027;1
188623;5231022500200687085;5;1;11;0;2023;10;13;1;3;0;7;0;1;1;0;0;0;0;0;348753,983199999667704;5678663,938500000163913;6,833291153000062;51,239273054000080;1
188626;5231022411132278141;5;7;74;32;2023;10;0;1;2;7;1;2;0;1;0;0;0;0;0;482480,207000000402331;5729427,332000000402331;8,746401706000029;51,715507334000051;1
188631;5231021706000085680;5;5;58;44;2023;10;12;7;3;0;7;0;1;1;0;1;0;0;0;399262,481999999843538;5742317,486999999731779;7,538337606000027;51,822597415000075;1
188633;5231021702100296615;5;5;15;0;2023;10;15;7;3;5;2;0;0;1;1;0;0;0;0;408725,110000000335276;5750835,692999999970198;7,673344318000034;51,900791498000046;1
188636;5231021607400581285;5;3;82;44;2023;10;17;7;3;3;6;0;0;1;1;0;0;0;0;361552,349399999715388;5630875,132400000467896;7,034766552000065;50,813039109000044;1
188637;5231021607100384950;5;3;82;60;2023;10;12;7;3;0;1;0;0;1;0;0;0;0;0;374555,477099999785423;5628978,776699999347329;7,219890998000039;50,798956180000062;1
188640;5231021601600999147;5;3;15;0;2023;10;15;7;3;0;3;0;0;1;1;0;0;0;0;366309,963000000454485;5635542,433000000193715;7,100557004000052;50,856105637000041;1
188641;5231021601500982501;5;3;15;0;2023;10;16;7;3;1;5;0;0;1;1;0;0;0;0;360101,532999999821186;5647338,763199999928474;7,007882719000065;50,960653308000076;1
188642;5231021601500799025;5;3;15;0;2023;10;14;7;3;8;1;0;0;1;0;0;0;0;0;365378,710400000214577;5648459,164300000295043;7,082567815000061;50,971980096000038;1
188644;5231021601200899005;5;3;15;0;2023;10;9;7;3;5;2;0;0;1;1;0;0;0;0;359145,181499999947846;5639643,975199999287724;6,997246058000030;50,891266423000047;1
188645;5231021600310899981;5;3;14;0;2023;10;7;7;3;3;6;1;1;1;1;0;0;0;0;362524,996600000187755;5619543,826500000432134;7,052797364000071;50,711428875000081;1
188646;5231021600140195313;5;3;14;0;2023;10;9;7;3;0;1;0;1;1;0;0;0;0;0;367799,740299999713898;5622858,804199999198318;7,126277205000065;50,742447839000079;1
188651;5231021513340476521;5;1;62;28;2023;10;17;7;3;5;3;0;0;1;1;0;0;0;0;339580,346199999563396;5658704,498700000345707;6,710875400000020;51,057430760000045;1
188652;5231021513110982510;5;1;62;16;2023;10;10;7;3;1;5;0;0;1;1;0;0;0;0;334266,202399999834597;5677548,592499999329448;6,626441802000045;51,225228089000041;1
188653;5231021513110981981;5;1;62;16;2023;10;12;7;3;1;5;0;0;1;1;0;0;0;0;333943,719600000418723;5676988,740399999544024;6,622086951000028;51,220104433000074;1
188656;5231021501128778687;5;1;12;0;2023;10;17;7;3;5;3;0;0;1;1;0;0;0;0;342208,618999999947846;5703098,770999999716878;6,728768099000035;51,457045596000057;1
188661;5231021405108977047;5;7;54;8;2023;10;12;7;3;5;3;0;0;1;1;0;0;0;0;455802,412999999709427;5751542,745999999344349;8,357438176000073;51,912872164000078;1
188671;5231021300800499532;5;9;54;36;2023;10;13;7;3;1;5;0;0;1;1;0;0;0;0;380734,410799999721348;5698412,839900000020862;7,284572421000064;51,424358298000072;1
188672;5231021300700090544;5;9;16;0;2023;10;10;7;3;5;3;0;1;1;1;0;0;0;0;372886,008100000210106;5709290,571900000795722;7,167833723000058;51,520412564000026;1
188674;5231021300500971505;5;9;11;0;2023;10;14;7;3;5;3;0;0;1;1;0;0;0;0;380096,588800000026822;5702842,062300000339746;7,273902358000043;51,464032388000078;1
188676;5231020711200191693;5;5;70;4;2023;10;13;6;3;5;3;0;1;1;0;0;0;0;0;423184,245000000111759;5734938,028000000864267;7,886985609000021;51,760060337000027;1
188680;5231020705000979183;5;5;54;4;2023;10;12;6;3;5;3;0;1;1;1;0;0;0;0;365182,961400000378489;5772933,361500000581145;7,032117943000060;52,090521790000082;1
188683;5231020701500099316;5;5;62;24;2023;10;7;6;3;4;2;2;1;1;1;0;0;0;0;369411,610000000335276;5723893,797000000253320;7,112351757000056;51,650855168000078;1
188696;5231024315110390111;5;9;70;40;2023;10;12;3;3;5;3;0;0;1;1;0;0;0;0;432009,293999999761581;5638030,998999999836087;8,033327624000037;50,889940185000057;1
188698;5231020602800586700;5;3;62;12;2023;10;16;6;3;0;1;0;1;1;0;0;0;0;0;352151,959300000220537;5634293,473500000312924;6,900044404000027;50,841435673000035;1
188702;5231020601400982565;5;3;15;0;2023;10;7;6;3;3;6;2;1;1;1;0;0;0;0;355634,951299999840558;5648188,104900000616908;6,943985867000038;50,967184367000073;1
188704;5231020601500693938;5;3;15;0;2023;10;13;6;3;5;3;0;1;1;1;0;0;0;0;360709,889399999752641;5647234,237700000405312;7,016580001000023;50,959861308000029;1
188708;5231020601200675886;5;3;15;0;2023;10;7;6;3;5;3;2;1;1;1;0;0;0;0;353437,778099999763072;5643852,082900000736117;6,914461323000069;50,927663398000050;1
188709;5231028515000982185;5;1;54;32;2023;10;13;7;3;0;3;0;0;1;1;0;0;0;0;309432,285899999551475;5718210,625299999490380;6,249351466000064;51,582688997000048;1
188710;5231020601200063734;5;3;15;0;2023;10;8;6;3;5;3;0;0;1;1;0;0;0;0;352692,564199999906123;5642961,985300000756979;6,904224268000064;50,919474638000054;1
188714;5231020600140578276;5;3;14;0;2023;10;15;6;3;5;3;0;1;1;1;0;0;0;0;369956,913999999873340;5622984,097999999299645;7,156790372000046;50,744061147000082;1
188715;5231020600110475870;5;3;14;0;2023;10;12;6;2;0;1;0;1;1;0;0;0;0;0;365963,880499999970198;5621287,361800000071526;7,100843499000064;50,727902889000063;1
188717;5231020515211078834;5;1;54;16;2023;10;17;6;3;5;3;0;1;1;1;0;0;0;0;303698,092600000090897;5729294,182499999180436;6,160478904000058;51,680257162000032;1