OID_;UIDENTSTLAE;ULAND;UREGBEZ;UKREIS;UGEMEINDE;UJAHR;UMONAT;USTUNDE;UWOCHENTAG;UKATEGORIE;UART;UTYP1;ULICHTVERH;IstStrassenzustand;IstRad;IstPKW;IstFuss;IstKrad;IstGkfz;IstSonstige;LINREFX;LINREFY;XGCSWGS84;YGCSWGS84;PLST
188720;5231020514210982537;5;1;66;12;2023;10;16;6;3;0;3;0;0;1;1;0;0;0;0;320545,741000000387430;5694508,914999999105930;6,421621808000054;51,373433947000080;1
188725;5231020503300481482;5;1;20;0;2023;10;23;6;3;0;1;2;1;1;0;0;0;0;0;379354,124800000339746;5673288,509600000455976;7,273228439000036;51,198250897000037;1
188728;5231020502100982530;5;1;13;0;2023;10;19;6;3;1;2;2;1;1;1;0;0;0;0;361656,994800000451505;5701262,218000000342727;7,009229587000050;51,445628705000047;1
188732;5231020500300474478;5;1;11;0;2023;10;15;6;3;5;2;0;1;1;1;0;0;0;0;344369,123800000175834;5674603,558800000697374;6,772287633000076;51,201609889000053;1
188734;5231020500100990686;5;1;11;0;2023;10;18;6;2;0;1;2;1;1;0;0;0;0;0;341391,278199999593198;5678925,329299999400973;6,727786203000051;51,239622427000029;1
188735;5231020500100975300;5;1;11;0;2023;10;8;6;3;5;3;0;1;1;1;0;0;0;0;340911,812800000421703;5678115,165999999269843;6,721283051000057;51,232209605000037;1
188739;5231020405108982576;5;7;54;8;2023;10;7;6;3;4;2;1;1;1;1;0;0;0;0;457696,400000000372529;5753117,180999999865890;8,384778485000027;51,927174311000044;1
188740;5231020405108782152;5;7;54;8;2023;10;14;6;3;5;3;0;1;1;1;0;0;0;0;457904,298000000417233;5751364,967000000178814;8,388016001000040;51,911436671000047;1
188741;5231020405108772200;5;7;54;8;2023;10;12;6;3;5;3;0;1;1;1;0;0;0;0;456484,704499999992549;5751410,021099999547005;8,367373707000070;51,911732625000070;1
188743;5231020317220709054;5;9;78;4;2023;10;9;6;2;3;6;0;1;1;1;0;0;0;0;404960,156499999575317;5719094,472300000488758;7,627318395000032;51,614848701000028;1
188745;5231020317110794321;5;9;78;36;2023;10;7;6;3;5;3;2;1;1;1;0;0;0;0;409486,780000000260770;5709146,735999999567866;7,695241513000042;51,526171798000064;1
188746;5231020316500982568;5;9;74;20;2023;10;9;6;3;4;6;0;1;1;0;0;0;0;1;464542,167999999597669;5721224,413000000640750;8,487590772000033;51,640906919000031;1
188748;5231026709300274742;5;5;66;84;2023;10;10;5;3;7;7;0;1;1;1;0;0;0;0;390562,478000000119209;5776539,573999999091029;7,401241722000066;52,128532826000026;1
188757;5231020301102545357;5;9;13;0;2023;10;10;6;3;0;6;0;1;1;1;0;0;0;0;396139,054299999959767;5705851,897900000214577;7,503869191000035;51,494258494000064;1
188760;5231020300100293781;5;9;11;0;2023;10;19;6;3;3;6;2;1;1;1;0;0;0;0;376137,185899999924004;5705235,958200000226498;7,216093814000033;51,484694631000082;1
188764;5231019706000036380;5;5;58;32;2023;10;15;5;3;1;1;0;0;1;1;0;0;0;0;386766,116000000387430;5754461,918999999761581;7,353112639000074;51,929352198000061;1
188766;5231019705000474672;5;5;54;4;2023;10;17;5;3;5;3;0;0;1;0;0;0;0;0;361047,200000000186265;5772904,114000000059605;6,971801774000028;52,089236141000072;1
188767;5231019702100774736;5;5;15;0;2023;10;8;5;3;0;6;0;1;1;0;0;0;0;0;405715,915500000119209;5756933,499399999156594;7,627949178000051;51,955100513000048;1
188768;5231019702100196667;5;5;15;0;2023;10;7;5;3;0;2;1;1;1;1;0;0;0;0;406959,471699999645352;5751645,129399999976158;7,647470356000042;51,907775163000053;1
188773;5231019610121982586;5;3;70;12;2023;10;14;5;3;0;7;0;1;1;1;0;0;0;0;296652,969999999739230;5651224,812999999150634;6,103261604000068;50,976663444000053;1
188775;5231019608408774682;5;3;34;8;2023;10;7;5;3;0;7;2;1;1;0;0;0;0;1;302124,323800000362098;5642685,856499999761581;6,185737598000060;50,901874734000046;1
188776;5231019608404477502;5;3;34;4;2023;10;15;5;3;5;1;0;1;1;1;0;0;0;0;301203,517300000414252;5639891,714800000190735;6,174178560000030;50,876462288000027;1
188777;5231019608200980525;5;3;34;2;2023;10;15;5;3;0;5;1;0;1;1;0;0;0;0;294677,015899999998510;5630570,900800000876188;6,086753215000044;50,790469645000030;1
188778;5231019608200675541;5;3;34;2;2023;10;16;5;3;5;3;0;0;1;1;0;0;0;0;297768,777999999932945;5631704,346999999135733;6,129937883000025;50,801736423000079;1
188780;5231019602800286628;5;3;62;12;2023;10;16;5;3;0;1;0;1;1;0;0;0;0;0;352549,371000000275671;5632881,439999999478459;6,906253083000024;50,828847497000027;1
188781;5231021514118096031;5;1;66;16;2023;10;11;7;3;5;2;0;1;1;1;0;0;0;0;310089,459099999628961;5687049,063599999994040;6,275542565000023;51,303030753000030;1
188785;5231019601400982604;5;3;15;0;2023;10;8;5;3;5;3;0;1;1;0;0;0;0;0;356061,316300000064075;5646698,124299999326468;6,950643269000068;50,953900900000065;1
188786;5231019601400174392;5;3;15;0;2023;10;9;5;2;1;5;0;1;1;1;0;0;0;0;356401,218000000342727;5647873,172399999573827;6,955015725000067;50,964545649000058;1
188788;5231019601300982616;5;3;15;0;2023;10;7;5;3;0;1;2;0;1;0;0;0;0;0;353161,737300000153482;5648289,879300000146031;6,908746714000074;50,967473861000030;1
188789;5231019601300371675;5;3;15;0;2023;10;12;5;3;5;3;0;0;1;1;0;0;0;0;352473,551599999889731;5646713,219699999317527;6,899591871000041;50,953129361000038;1
188791;5231019601200982578;5;3;15;0;2023;10;23;5;2;0;3;2;0;1;1;0;0;0;0;355852,817999999970198;5644339,120999999344349;6,948610313000074;50,932648860000029;1
188792;5231019601200893623;5;3;15;0;2023;10;19;5;3;1;5;2;1;1;1;0;0;0;0;354952,342100000008941;5642693,232799999415874;6,936459037000020;50,917631879000055;1
188793;5231019600380069550;5;3;14;0;2023;10;18;5;2;0;1;2;1;1;0;0;0;0;0;369887,729899999685585;5616466,035199999809265;7,158108577000064;50,685459441000035;1
188795;5231019600140099948;5;3;14;0;2023;10;10;5;3;5;3;0;1;1;1;0;0;0;0;367786,884999999776483;5624882,178999999538064;7,125368631000072;50,760631144000058;1
188796;5231019600110690950;5;3;14;0;2023;10;16;5;3;6;7;0;1;1;0;1;0;0;0;365950,751600000075996;5621733,403699999675155;7,100495413000033;50,731908872000076;1
188798;5231019518400676380;5;1;70;8;2023;10;18;5;3;0;1;1;1;1;0;0;0;0;0;342967,341000000014901;5715154,984999999403954;6,734310278000066;51,565577906000044;1
188799;5231019518320578903;5;1;70;52;2023;10;6;5;3;2;6;2;1;1;1;0;0;0;0;322712,992200000211596;5725650,156799999997020;6,437067021000075;51,653848946000039;1
188801;5231019516100982602;5;1;58;32;2023;10;9;5;3;0;1;0;1;1;0;0;0;0;0;364087,496600000187755;5690305,518600000068545;7,048378718000038;51,347753132000037;1
188804;5231019513210886657;5;1;62;24;2023;10;16;5;3;5;3;0;1;1;1;0;0;0;0;338520,106700000353158;5674433,368899999186397;6,688712630000055;51,198457522000069;1
188805;5231019513120291200;5;1;62;20;2023;10;17;5;3;5;7;0;1;1;1;0;0;0;0;329282,318900000303984;5675066,084799999371171;6,556315236000046;51,201456590000078;1
188807;5231019505100379385;5;1;14;0;2023;10;17;5;3;0;5;0;1;1;1;0;0;0;0;331731,886199999600649;5686720,370899999514222;6,585865098000056;51,306886989000077;1
188810;5231019503100080000;5;1;24;0;2023;10;10;5;2;0;1;0;1;1;0;0;0;0;0;363556,682000000029802;5675046,764000000432134;7,046588114000031;51,210498225000038;1
188812;5231019502105265451;5;1;13;0;2023;10;9;5;3;5;3;0;1;1;1;0;0;0;0;361801,224999999627471;5701547,044999999925494;7,011192497000025;51,448223484000039;1
188814;5231019500300945580;5;1;11;0;2023;10;10;5;3;0;1;0;0;1;0;0;0;0;0;344401,304200000129640;5675798,717199999839067;6,772229602000039;51,212357605000079;1
188817;5231031400200096553;5;7;11;0;2023;10;17;3;3;5;3;2;1;1;1;0;0;0;0;471211,281600000336766;5763195,022099999710917;8,580473143000063;52,018644823000045;1
188821;5231019500300001484;5;1;11;0;2023;10;16;5;3;0;5;0;1;1;1;0;0;0;0;345400,208499999716878;5676502,761700000613928;6,786216336000052;51,218955051000080;1
188822;5231019500100646608;5;1;11;0;2023;10;10;5;2;0;1;0;1;1;0;0;0;0;0;341837,804399999789894;5678731,663899999111891;6,734263247000058;51,238006285000040;1
188826;5231019411132182052;5;7;74;32;2023;10;14;5;2;0;1;0;1;1;0;0;0;0;0;483018,416000000201166;5731300,651000000536442;8,754100822000055;51,732367462000070;1
188829;5231019400300982613;5;7;11;0;2023;10;7;5;3;0;1;0;1;1;1;0;0;0;0;465833,501299999654293;5757775,701099999248981;8,502647924000030;51,969616609000070;1
188830;5231019317220089243;5;9;78;4;2023;10;14;5;3;3;6;0;0;1;1;0;0;0;0;405734,022099999710917;5719374,097799999639392;7,638416871000061;51,617492384000059;1
188831;5231019316300682002;5;9;74;28;2023;10;5;5;3;4;3;2;1;1;1;0;0;0;0;455648,626000000163913;5722701,428999999538064;8,358888671000045;51,653555587000028;1
188832;5231019316100894251;5;9;74;40;2023;10;7;5;3;0;1;0;1;1;0;0;0;0;0;438891,101999999955297;5712081,634999999776483;8,118531626000049;51,556506349000074;1
188838;5231019302000577965;5;9;14;0;2023;10;10;5;3;4;6;0;1;1;1;0;0;0;0;392606,325000000186265;5695629,442999999970198;7,456101985000032;51,401713553000036;1
188839;5231023709300742430;5;5;66;68;2023;10;13;2;3;4;6;0;0;1;0;0;0;0;0;377920,471300000324845;5785736,896900000050664;7,213339845000064;52,208535350000034;1
188840;5231019502134095022;5;1;13;0;2023;10;13;5;3;4;3;0;1;1;1;0;0;0;0;366583,860000000335276;5701879,948000000789762;7,079851188000021;51,452362191000077;1
188843;5231019301202982620;5;9;13;0;2023;10;5;5;3;0;7;2;1;1;0;0;0;0;0;393267,375199999660254;5708757,313200000673532;7,461638689000040;51,519838882000045;1
188844;5231019301103573257;5;9;13;0;2023;10;7;5;3;7;7;2;1;1;0;0;0;0;0;391169,822700000368059;5704406,164499999955297;7,432760572000063;51,480328937000081;1
188847;5231019300800599534;5;9;54;36;2023;10;6;5;3;5;3;2;1;1;1;0;0;0;0;384181,766599999740720;5699445,441299999132752;7,333796130000053;51,434354329000030;1
188848;5231019300700293881;5;9;16;0;2023;10;16;5;3;5;2;0;1;1;1;0;0;0;0;370619,597599999979138;5711724,001399999484420;7,134291097000073;51,541766984000049;1
188849;5231019300600696688;5;9;16;0;2023;10;18;5;2;0;7;1;1;1;1;0;0;0;0;371882,560399999842048;5708232,005699999630451;7,153763277000053;51,510672482000075;1
188851;5231018711100693886;5;5;70;52;2023;10;13;4;3;0;2;0;0;1;0;0;0;0;0;424502,789900000207126;5757561,759999999776483;7,901142337000067;51,963616217000038;1
188854;5231018709500079092;5;5;66;76;2023;10;7;4;3;5;3;0;0;1;1;0;0;0;0;395717,150000000372529;5787484,695000000298023;7,473150666000038;52,227898732000028;1
188855;5231018709110982646;5;5;66;12;2023;10;14;4;3;0;1;0;0;1;0;0;0;0;0;405043,554800000041723;5772866,248199999332428;7,613746251000066;52,098194313000079;1
188857;5231025515210081606;5;1;54;60;2023;10;18;4;3;1;5;2;1;1;1;0;0;0;0;315000,561999999918044;5698814,484200000762939;6,339796666000041;51,410328076000042;1
188858;5231018706200982500;5;5;58;12;2023;10;15;4;3;5;3;0;0;1;1;0;0;0;0;374666,379300000146031;5755870,032800000160933;7,176711215000068;51,939413465000030;1
188860;5231018705000886830;5;5;54;48;2023;10;5;4;3;5;3;2;0;1;1;0;0;0;0;341707,268600000068545;5745536,386499999091029;6,702354460000038;51,838178976000052;1
188861;5231018705000686830;5;5;54;8;2023;10;13;4;3;6;4;0;0;1;0;1;0;0;0;334088,041400000452995;5746291,560399999842048;6,591500959000030;51,842751579000037;1
188862;5231018705000076765;5;5;54;8;2023;10;15;4;3;5;3;0;0;1;1;0;0;0;0;335777,896999999880791;5743905,879000000655651;6,617141091000065;51,821819493000078;1
188863;5231018701800563295;5;5;62;4;2023;10;7;4;3;0;1;0;0;1;0;0;0;0;0;382062,779500000178814;5712753,048800000920892;7,298878613000056;51,553523052000060;1
188867;5231018609108077568;5;3;58;8;2023;10;17;4;3;0;1;0;0;1;0;0;0;0;0;322594,972000000067055;5630899,008999999612570;6,482271271000059;50,802634034000050;1
188868;5231018608100175517;5;3;34;2;2023;10;19;4;3;0;1;2;1;1;0;0;0;0;0;293614,398000000044703;5629509,369999999180436;6,072293090000073;50,780558665000058;1
188870;5231018607400099964;5;3;82;68;2023;10;16;4;3;0;5;0;0;1;0;0;0;0;1;367907,602300000376999;5629959,420900000259280;7,125254701000074;50,806292996000082;1
188872;5231021513130086230;5;1;62;22;2023;10;14;7;3;0;6;0;0;1;0;1;0;0;0;340438,616700000129640;5679341,241699999198318;6,713964759000021;51,243093753000039;1
188878;5231018601300281792;5;3;15;0;2023;10;17;4;3;0;1;0;0;1;0;0;0;0;0;354255,571800000034273;5646440,030400000512600;6,925054850000038;50,951127685000074;1
188881;5231018600380076743;5;3;14;0;2023;10;7;4;3;1;5;1;0;1;1;0;0;0;0;367671,719600000418723;5618021,752599999308586;7,126198925000040;50,698942703000057;1
188882;5231018600310099992;5;3;14;0;2023;10;12;4;3;4;5;0;0;1;1;0;0;0;0;362105,038999999873340;5619571,596999999135733;7,046842370000036;50,711578997000061;1
188883;5231018600310065580;5;3;14;0;2023;10;7;4;3;4;6;1;0;1;1;0;0;0;0;363934,836199999786913;5620464,347200000658631;7,072414846000072;50,720034093000038;1
188886;5231018518310148996;5;1;70;32;2023;10;16;4;3;5;3;0;0;1;1;0;0;0;0;331078,216000000014901;5717991,838999999687076;6,561569329000065;51,587627144000066;1
188887;5231018516800982637;5;1;58;20;2023;10;16;4;3;5;7;0;0;1;1;0;0;0;0;356368,357800000347197;5663982,786900000646710;6,948161593000066;51,109309561000032;1
188888;5231018516500886694;5;1;58;16;2023;10;14;4;3;2;7;0;0;1;0;0;0;0;0;356701,571700000204146;5670283,962999999523163;6,950411788000054;51,166018708000081;1
188890;5231018514116982634;5;1;66;16;2023;10;16;4;2;3;3;0;0;1;1;0;0;0;0;304962,393600000068545;5688642,117599999532104;6,201211646000047;51,315605108000057;1
188893;5231018513310982636;5;1;62;8;2023;10;16;4;3;5;3;0;0;1;1;0;0;0;0;331618,232699999585748;5662291,379899999126792;6,595693446000041;51,087377620000041;1
188895;5231018505100085966;5;1;14;0;2023;10;7;4;2;0;6;2;0;1;0;0;0;0;0;330166,381000000052154;5685639,467000000178814;6,563940956000067;51,296711305000031;1
188903;5231018502135890808;5;1;13;0;2023;10;8;4;3;5;3;0;0;1;1;0;0;0;0;366299,285299999639392;5702515,236899999901652;7,075517880000064;51,458004228000050;1
188907;5231018500300979418;5;1;11;0;2023;10;15;4;3;1;5;0;0;1;1;0;0;0;0;344848,324199999682605;5675750,886099999770522;6,778645295000047;51,212049444000058;1
188912;5231018500300545580;5;1;11;0;2023;10;15;4;3;3;6;0;0;1;1;0;0;0;0;344569,728900000452995;5675007,142500000074506;6,774981994000029;51,205290862000027;1
188913;5231018500300179206;5;1;11;0;2023;10;20;4;3;3;6;2;0;1;1;0;0;0;1;345152,865799999795854;5674746,583300000056624;6,783435445000066;51,203107994000050;1
188916;5231018405116982660;5;7;54;16;2023;10;9;4;3;4;2;0;0;1;1;0;0;0;0;447643,382000000216067;5756506,373999999836087;8,238073928000063;51,956789221000065;1
188917;5231018405116982650;5;7;54;16;2023;10;13;4;3;5;3;0;0;1;1;0;0;0;0;447321,850999999791384;5757356,821000000461936;8,233264825000049;51,964404553000065;1
188918;5231018400200137702;5;7;11;0;2023;10;17;4;3;0;1;1;0;1;0;1;0;0;0;468109,951700000092387;5764057,162100000306964;8,535199854000041;52,026226409000060;1
188919;5231018317210318480;5;9;78;20;2023;10;16;4;3;4;6;0;0;1;1;0;0;0;0;406512,434100000187755;5716933,447100000455976;7,650307718000022;51,595683048000069;1
188922;5231018307000999538;5;9;62;28;2023;10;17;4;3;6;1;0;0;1;0;1;0;0;0;402219,456299999728799;5664890,601199999451637;7,602660100000037;51,127128659000050;1
188924;5231018301303982653;5;9;13;0;2023;10;13;4;3;4;6;0;0;1;1;0;0;0;0;400273,566800000146031;5705404,822100000455976;7,563533178000057;51,490984247000029;1
188928;5231018301101580688;5;9;13;0;2023;10;17;4;2;0;6;0;0;1;0;0;0;0;1;392695,346300000324845;5707189,323899999260902;7,453874420000034;51,505636734000063;1
188933;5231018300200571483;5;9;11;0;2023;10;21;4;3;5;3;2;0;1;1;0;0;0;0;374193,279699999839067;5707495,300100000575185;7,187306642000067;51,504570782000030;1
188935;5231017706300608330;5;5;58;44;2023;10;7;3;3;6;7;0;0;1;0;0;0;0;1;399662,233000000007451;5741747,888499999418855;7,544300850000070;51,817549604000078;1
188936;5231017705000982718;5;5;54;8;2023;10;7;3;2;0;6;0;0;1;1;0;0;0;0;335966,454499999992549;5744597,391100000590086;6,619546908000075;51,828087044000029;1
188937;5231017705000982710;5;5;54;8;2023;10;11;3;3;5;2;0;0;1;1;0;0;0;0;335272,610000000335276;5744976,907999999821186;6,609306681000021;51,831292255000051;1
188938;5231017705000121164;5;5;54;56;2023;10;15;3;3;5;3;0;0;1;1;0;0;0;0;355670,199500000104308;5762359,395999999716878;6,897824805000027;51,993117715000039;1
188940;5231017702100474725;5;5;15;0;2023;10;14;3;3;1;1;0;0;1;1;0;0;0;0;403379,949000000022352;5756998,206000000238419;7,593948212000043;51,955281165000031;1
188941;5231017702100391701;5;5;15;0;2023;10;12;3;3;7;7;0;0;1;0;0;0;0;0;405126,162399999797344;5755528,745799999684095;7,619757335000031;51,942373688000032;1
188947;5231017700000075415;5;5;13;0;2023;10;14;3;3;5;3;0;0;1;1;0;0;0;0;367720,616000000387430;5709141,678999999538064;7,093481355000051;51,517888451000033;1
188952;5231017608100689884;5;3;34;2;2023;10;19;3;3;2;3;2;0;1;1;0;0;0;0;294344,094999999739230;5628010,111999999731779;6,083468161000042;50,767352753000068;1
188953;5231017607400678253;5;3;82;44;2023;10;7;3;3;0;1;0;0;1;1;0;0;0;0;363829,412499999627471;5626713,675400000065565;7,068611792000070;50,776177000000075;1
188954;5231017602800993624;5;3;62;12;2023;10;10;3;2;5;3;0;0;1;1;0;0;0;0;352396,098000000230968;5633475,695000000298023;6,903838938000035;50,834148850000076;1
188955;5231017602700073826;5;3;62;28;2023;10;15;3;3;0;1;0;0;1;0;0;0;0;0;350079,484400000423193;5637872,194199999794364;6,869163918000027;50,873062606000076;1
188957;5231017602300173720;5;3;62;36;2023;10;10;3;3;5;3;0;0;1;0;0;0;0;1;346150,782999999821186;5647974,160000000149012;6,809107341000072;50,962807119000047;1
188958;5231017601700390453;5;3;16;0;2023;10;17;3;3;0;3;0;0;1;1;0;0;0;0;361176,734000000171363;5658295,278999999165535;7,018991710000023;51,059380842000053;1
188962;5231017601300885510;5;3;15;0;2023;10;17;3;3;5;3;0;0;1;1;0;0;0;0;352306,665000000037253;5649928,940999999642372;6,895911846000047;50,981984650000072;1
188964;5231017601200763928;5;3;15;0;2023;10;17;3;3;5;2;0;0;1;1;0;0;0;0;352357,874300000257790;5643241,745699999853969;6,899352728000054;50,921903188000044;1
188965;5231017601200376460;5;3;15;0;2023;10;16;3;3;2;6;0;0;1;1;0;0;0;0;354105,686200000345707;5642725,506899999454618;6,924409483000034;50,917708490000052;1
188966;5231017601200181981;5;3;15;0;2023;10;13;3;3;2;6;0;0;1;1;0;0;0;0;357372,347500000149012;5641190,107599999755621;6,971451818000048;50,904726505000042;1
188967;5231017601200163928;5;3;15;0;2023;10;14;3;3;1;5;0;0;1;1;0;0;0;1;355286,807900000363588;5641949,570299999788404;6,941509038000049;50,911032687000045;1
188968;5231017601100786622;5;3;15;0;2023;10;8;3;3;5;1;0;0;1;0;0;0;0;1;355497,075299999676645;5643352,378499999642372;6,943942261000075;50,923692170000038;1
188970;5231017601100086473;5;3;15;0;2023;10;18;3;3;5;3;0;0;1;1;0;0;0;0;355870,400899999774992;5642776,139799999073148;6,949478202000023;50,918606978000071;1
188972;5231017600110195272;5;3;14;0;2023;10;16;3;3;1;5;0;0;1;1;0;0;0;0;365599,637000000104308;5623136,696000000461936;7,095011196000030;50,744440433000079;1
188976;5231023601500293938;5;3;15;0;2023;10;7;2;2;1;5;1;1;1;1;0;0;0;0;359080,270899999886751;5650146,084799999371171;6,992261776000021;50,985633893000056;1
188977;5231017518100486050;5;1;70;48;2023;10;13;3;3;5;3;0;0;1;1;0;0;0;0;335124,098000000230968;5725950,585999999195337;6,616171756000028;51,660324889000037;1
188978;5231017516500786707;5;1;58;16;2023;10;20;3;3;4;5;2;0;1;1;0;0;0;0;355715,497700000181794;5671413,582100000232458;6,935864486000071;51,175922035000042;1
188979;5231017516500495624;5;1;58;16;2023;10;12;3;3;5;3;0;0;1;1;0;0;0;0;355553,796000000089407;5669121,264000000432134;6,934473460000049;51,155281540000033;1
188980;5231017514121696006;5;1;66;4;2023;10;7;3;3;0;7;1;0;1;0;0;0;0;0;303180,509499999694526;5680425,990299999713898;6,180199597000069;51,241201305000061;1
188983;5231017506100982700;5;1;16;0;2023;10;15;3;3;5;3;0;0;1;1;0;0;0;0;314348,443099999800324;5676129,407600000500679;6,342235553000023;51,206350852000071;1
188987;5231019709700096560;5;5;66;28;2023;10;18;5;3;0;1;1;0;1;0;0;0;0;0;411696,771800000220537;5789952,810599999502301;7,706399662000024;52,252877122000029;1
188992;5231023601200163734;5;3;15;0;2023;10;10;2;3;0;7;0;0;1;0;0;0;0;1;352149,064000000245869;5643866,873999999836087;6,896130450000044;50,927467466000053;1
188997;5231017500300345580;5;1;11;0;2023;10;17;3;2;5;2;0;0;1;1;0;0;0;0;343590,330000000074506;5676299,801000000908971;6,760409513000070;51,216638456000055;1
189001;5231017500100760581;5;1;11;0;2023;10;10;3;3;5;3;0;0;1;0;0;0;1;0;342190,790099999867380;5679183,762000000104308;6,739116463000073;51,242166180000027;1
189003;5231024506100091491;5;1;16;0;2023;10;17;3;3;5;3;0;1;1;1;0;0;0;0;321251,482300000265241;5672537,900699999183416;6,442738472000030;51,176289322000059;1
189004;5231017411132476170;5;7;74;32;2023;10;20;3;3;4;6;2;0;1;0;0;0;0;0;481156,952999999746680;5731287,880999999120831;8,727147202000026;51,732193156000051;1
189005;5231017411112178086;5;7;74;12;2023;10;8;3;3;1;3;0;0;1;1;0;0;0;0;488678,659099999815226;5723782,743499999865890;8,836306712000066;51,664913971000033;1
189007;5231017404301986052;5;7;66;12;2023;10;18;3;3;6;4;1;0;1;0;1;0;0;0;508165,398099999874830;5760722,141799999400973;9,118933821000041;51,997098179000034;1
189013;5231024701300671200;5;5;62;14;2023;10;14;3;2;1;3;0;1;1;1;0;0;0;0;358944,934700000099838;5714167,372899999842048;6,965068235000047;51,560926254000037;1
189014;5231017313110071236;5;9;58;4;2023;10;11;3;3;4;2;0;0;1;1;0;0;0;0;430056,178799999877810;5697948,162699999287724;7,993912823000073;51,428415154000049;1
189017;5231017301304982720;5;9;13;0;2023;10;6;3;3;5;2;2;0;1;0;0;0;0;0;399348,844999999739230;5708988,676000000908971;7,549195043000054;51,523035052000068;1
189023;5231017300800982670;5;9;54;36;2023;10;18;3;3;0;3;1;0;1;1;0;0;0;0;383170,043899999931455;5699975,007200000807643;7,319073080000067;51,438906315000054;1
189025;5231016709800261950;5;5;66;88;2023;10;17;2;3;0;1;0;1;1;0;0;0;0;0;418901,798000000417233;5787732,880999999120831;7,812457062000021;52,234032145000072;1
189026;5231016709700653151;5;5;66;28;2023;10;22;2;2;5;3;2;0;1;1;0;0;0;0;410644,856999999843538;5792132,601999999955297;7,690416807000076;52,272299709000038;1
189027;5231016709500096560;5;5;66;76;2023;10;14;2;2;0;1;0;0;1;0;0;0;0;0;393568,559999999590218;5792972,409199999645352;7,439975188000062;52,276807093000059;1
189028;5231016709110982758;5;5;66;12;2023;10;7;2;3;0;3;1;0;1;1;0;0;0;0;405544,290000000037253;5772673,967000000178814;7,621107405000032;52,096551765000072;1
189031;5231016702100982756;5;5;15;0;2023;10;8;2;3;4;6;0;0;1;1;0;0;0;0;405084,270800000056624;5758510,612299999222159;7,618324323000024;51,969168786000068;1
189032;5231016702100727000;5;5;15;0;2023;10;9;2;3;5;3;0;0;1;1;0;0;0;0;402052,154000000096858;5754195,832000000402331;7,575430331000064;51,929860407000035;1
189034;5231016701300181321;5;5;62;14;2023;10;16;2;3;5;3;0;0;1;1;0;0;0;0;359774,370299999602139;5715209,060599999502301;6,976610430000051;51,570493696000028;1
189035;5231017601700386592;5;3;16;0;2023;10;16;3;3;0;1;0;0;1;0;0;0;0;0;360581,848199999891222;5659141,373900000005960;7,010182081000039;51,066840537000076;1
189037;5231016609224280828;5;3;58;24;2023;10;16;2;3;0;7;0;0;1;0;0;0;0;0;314341,303000000305474;5644230,369999999180436;6,358502568000063;50,919806540000081;1
189039;5231016608436089836;5;3;34;36;2023;10;11;2;3;4;6;0;0;1;1;0;0;0;0;297961,376000000163913;5633703,206000000238419;6,131567384000050;50,819756387000041;1
189040;5231024600350895377;5;3;82;32;2023;10;7;3;3;5;3;1;1;1;1;0;0;0;0;361963,797100000083447;5610445,529300000518560;7,048248245000025;50,629522396000027;1
189042;5231016608200399633;5;3;34;2;2023;10;11;2;3;1;5;0;0;1;1;0;0;0;0;300021,945100000128150;5626280,657700000330806;6,164822017000063;50,753803738000045;1
189046;5231016605112982730;5;3;74;12;2023;10;16;2;3;0;3;0;0;1;1;0;0;0;0;403811,621899999678135;5656769,886800000444055;7,627568818000043;51,054394884000033;1
189047;5231016602600481827;5;3;62;20;2023;10;17;2;3;3;6;0;0;1;1;0;0;0;0;343402,196700000204146;5630419,964500000700355;6,777518362000023;50,804326628000069;1
189048;5231016601400982764;5;3;15;0;2023;10;5;2;3;5;3;2;1;1;1;0;0;0;0;350658,624800000339746;5659095,237500000745058;6,868675321000069;51,063930163000066;1
189049;5231016601300799617;5;3;15;0;2023;10;14;2;3;1;7;0;0;1;1;0;0;0;0;349527,151899999938905;5644744,029600000008941;6,858487031000038;50,934671935000040;1
189051;5231016601200976460;5;3;15;0;2023;10;11;2;3;5;3;0;0;1;1;0;0;0;0;355848,391099999658763;5642573,283800000324845;6,949245447000067;50,916778441000076;1
189052;5231016601100193434;5;3;15;0;2023;10;8;2;3;5;3;0;0;1;1;0;0;0;0;356577,817900000140071;5647156,640399999916553;6,957811392000053;50,958150281000030;1
189059;5231025701700373596;5;5;62;16;2023;10;15;4;3;5;2;0;1;1;1;0;0;0;0;374871,158999999985099;5732981,137000000104308;7,187966677000077;51,733764175000033;1
189060;5231016514217646153;5;1;66;36;2023;10;12;2;2;0;5;0;0;1;1;0;0;0;0;328953,842600000090897;5682068,555199999362230;6,548275000000046;51,264267921000055;1
189061;5231016514111982732;5;1;66;32;2023;10;16;2;2;0;7;0;0;1;1;0;0;0;0;313919,315999999642372;5682459,891799999400973;6,332811335000031;51,263074159000041;1
189063;5231016514110085822;5;1;66;32;2023;10;6;2;2;0;5;2;1;1;1;0;0;0;0;317622,143500000238419;5681869,965600000694394;6,386126742000044;51,258971608000081;1
189070;5231118300200790145;5;9;11;0;2023;11;13;7;3;7;1;0;1;1;0;0;0;0;0;374348,985799999907613;5705422,141899999231100;7,190287127000033;51,485973444000081;1