OID_;UIDENTSTLAE;ULAND;UREGBEZ;UKREIS;UGEMEINDE;UJAHR;UMONAT;USTUNDE;UWOCHENTAG;UKATEGORIE;UART;UTYP1;ULICHTVERH;IstStrassenzustand;IstRad;IstPKW;IstFuss;IstKrad;IstGkfz;IstSonstige;LINREFX;LINREFY;XGCSWGS84;YGCSWGS84;PLST
189072;5231117711100374650;5;5;70;52;2023;11;13;6;3;6;6;0;0;1;0;1;0;0;0;429898,202700000256300;5756088,203999999910593;7,979958990000057;51,951076099000034;1
189075;5231117705000895196;5;5;54;8;2023;11;7;6;3;5;3;2;0;1;1;0;0;0;0;337258,643000000156462;5746723,466000000014901;6,637281835000067;51,847564648000059;1
189076;5231117702100979224;5;5;15;0;2023;11;14;6;3;0;3;0;0;1;0;0;0;0;0;406098,419999999925494;5757507,058599999174476;7,633357012000033;51,960320648000049;1
189078;5231117701200485656;5;5;62;20;2023;11;15;6;3;5;3;0;0;1;1;0;0;0;0;366888,743099999614060;5719088,749800000339746;7,077732289000039;51,607083152000030;1
189079;5231117701120981187;5;5;62;32;2023;11;17;6;2;0;7;1;0;1;0;0;0;0;0;378116,395100000314415;5716832,774000000208616;7,240569212000025;51,589350298000056;1
189080;5231117610121480766;5;3;70;12;2023;11;10;6;3;5;3;0;1;1;1;0;0;0;0;296383,254200000315905;5651537,921099999919534;6,099249339000039;50,979380180000078;1
189082;5231117608100981230;5;3;34;2;2023;11;0;6;3;6;4;2;0;1;0;1;0;0;0;294194,216000000014901;5628011,702199999243021;6,081344688000058;50,767313895000029;1
189084;5231117608100279470;5;3;34;2;2023;11;17;6;3;5;2;2;1;1;1;0;0;0;0;294464,133999999612570;5629253,828099999576807;6,084473258000060;50,778565351000054;1
189088;5231117601600553377;5;3;15;0;2023;11;15;6;3;0;5;0;1;1;1;0;0;0;1;362711,582899999804795;5644606,377800000831485;7,046055996000064;50,936724243000072;1
189090;5231117601400981216;5;3;15;0;2023;11;9;6;3;0;1;0;0;1;0;0;0;0;0;354973,281200000084937;5647852,125099999830127;6,934702986000048;50,963998817000061;1
189092;5231117601200762762;5;3;15;0;2023;11;11;6;3;0;1;0;1;1;0;0;0;0;0;353798,671400000341237;5643165,982300000265241;6,919868200000053;50,921589206000078;1
189093;5231117601200099153;5;3;15;0;2023;11;14;6;3;5;2;0;1;1;1;0;0;0;0;353813,107499999925494;5643578,530700000002980;6,919908067000051;50,925300308000033;1
189094;5231117601100981210;5;3;15;0;2023;11;10;6;3;0;2;0;1;1;1;0;0;0;0;356654,837399999611080;5645117,707000000402331;6,959709987000053;50,939845816000059;1
189096;5231117600110394842;5;3;14;0;2023;11;10;6;3;0;1;0;1;1;0;0;0;0;0;366512,229799999855459;5619268,113199999555945;7,109339156000033;50,709880072000033;1
189099;5231117516900981217;5;1;58;26;2023;11;8;6;3;5;3;0;0;1;1;0;0;0;0;352260,780000000260770;5660676,980900000780821;6,890877540000076;51,078558717000078;1
189102;5231117515110072108;5;1;54;36;2023;11;7;6;3;0;3;2;0;1;1;0;0;0;0;302287,856999999843538;5741185,646999999880791;6,133353586000055;51,786549499000046;1
189108;5231117506100981205;5;1;16;0;2023;11;13;6;3;5;3;0;1;1;0;0;0;1;0;319348,915799999609590;5673426,370500000193715;6,415102377000039;51,183672648000027;1
189121;5231117410120996822;5;7;70;32;2023;11;9;6;3;3;2;0;0;1;1;0;0;0;0;493265,679600000381470;5790006,134500000625849;8,901330788000053;52,260402371000055;1
189130;5231116705000021120;5;5;54;20;2023;11;16;5;3;5;2;0;0;1;1;0;0;0;0;363914,233699999749660;5786639,856799999251962;7,008119872000066;52,213368302000049;1
189132;5231116702100981243;5;5;15;0;2023;11;13;5;3;2;6;0;0;1;1;0;0;0;0;407423,025899999774992;5757312,930099999532104;7,652681835000067;51,958797851000043;1
189133;5231116702100678293;5;5;15;0;2023;11;16;5;3;8;1;0;0;1;0;0;0;0;0;401384,704900000244379;5757563,611199999228120;7,564760104000072;51,960012901000027;1
189135;5231116702100168126;5;5;15;0;2023;11;18;5;3;0;1;2;1;1;0;0;0;0;0;406098,356200000271201;5757507,113399999216199;7,633356069000058;51,960321130000068;1
189139;5231116601500080825;5;3;15;0;2023;11;18;5;3;3;6;2;0;1;1;0;0;0;0;359982,009999999776483;5645824,280999999493361;7,006764371000031;50,947013437000066;1
189140;5231116601500026072;5;3;15;0;2023;11;18;5;3;0;1;2;0;1;0;0;0;0;0;357605,158999999985099;5644747,678999999538064;6,973371836000069;50,936755853000079;1
189141;5231116601200981263;5;3;15;0;2023;11;9;5;3;1;5;0;0;1;1;0;0;0;0;353203,880900000222027;5643782,915999999269843;6,911163245000068;50,926982349000070;1
189143;5231116600120085760;5;3;82;24;2023;11;15;5;3;5;3;0;0;1;1;0;0;0;0;375858,196000000461936;5617326,013000000268221;7,242295173000059;50,694494147000057;1
189146;5231116516300450571;5;1;58;28;2023;11;10;5;3;5;3;0;0;1;1;0;0;0;0;350246,972099999897182;5685049,479599999263883;6,851988593000044;51,297045882000077;1
189148;5231116513320786930;5;1;62;4;2023;11;14;5;3;5;3;1;0;1;1;0;0;0;0;346881,664499999955297;5662421,332000000402331;6,813404959000025;51,092822963000060;1
189149;5231116508000880000;5;1;19;0;2023;11;11;5;3;0;1;0;1;1;0;0;0;0;0;349665,226800000295043;5709129,807099999859929;6,833445513000072;51,513265641000032;1
189151;5231116502408195766;5;1;17;0;2023;11;16;5;3;5;1;1;0;1;1;0;0;0;0;351569,875500000081956;5699201,231899999082088;6,865043394000054;51,424555859000066;1
189153;5231116502146395004;5;1;13;0;2023;11;8;5;3;0;1;1;1;1;0;0;0;0;0;369162,286999999545515;5699870,730000000447035;7,117681355000059;51,434907136000049;1
189155;5231116500200550580;5;1;11;0;2023;11;11;5;3;5;3;0;0;1;1;0;0;0;0;347839,645299999974668;5676469,854000000283122;6,821134386000040;51,219314694000047;1
189156;5231116410110981255;5;7;70;24;2023;11;10;5;3;5;2;0;0;1;1;0;0;0;0;493390,302099999971688;5791153,261299999430776;8,903134244000057;52,270717171000058;1
189159;5231116400300057435;5;7;11;0;2023;11;7;5;3;5;3;1;1;1;1;0;0;0;0;465461,634999999776483;5760336,007999999448657;8,496977225000023;51,992612424000072;1
189162;5231116313212981238;5;9;58;36;2023;11;14;5;3;5;1;0;1;1;1;0;0;0;0;464404,140899999998510;5690321,910900000482798;8,488714997000045;51,363042545000042;1
189167;5231116303200054948;5;9;15;0;2023;11;17;5;3;5;2;2;0;1;1;0;0;0;0;419425,628899999894202;5729189,623700000345707;7,833868266000025;51,707856845000038;1
189171;5231115711300481043;5;5;70;8;2023;11;7;4;3;5;2;1;0;1;1;0;0;0;0;433518,285299999639392;5733842,475500000640750;8,036904635000042;51,751533526000060;1
189172;5231115711100687270;5;5;70;52;2023;11;12;4;3;0;3;0;1;1;1;0;0;0;0;429729,790300000458956;5755191,709000000730157;7,977692134000051;51,942995708000069;1
189173;5231115709500376680;5;5;66;76;2023;11;11;4;3;0;1;0;1;1;0;0;0;0;0;394477,447100000455976;5793947,752699999138713;7,452986673000055;52,285747956000080;1
189174;5231115709300787316;5;5;66;84;2023;11;8;4;2;5;3;0;1;1;1;0;0;0;0;385914,327200000174344;5777785,115199999883771;7,332950107000045;52,138786521000043;1
189175;5231115706000981292;5;5;58;24;2023;11;18;4;3;8;1;2;1;1;0;0;0;0;0;390899,377199999988079;5736315,501900000497699;7,418928279000056;51,767082179000056;1
189176;5231115706000776730;5;5;58;24;2023;11;19;4;3;1;5;2;1;1;1;0;0;0;0;392833,050499999895692;5735921,247500000521541;7,447061232000067;51,763912093000044;1
189177;5231115705000981298;5;5;54;12;2023;11;16;4;3;5;7;0;0;1;0;0;0;0;0;352134,127000000327826;5745103,450999999418855;6,853768433000027;51,837147150000078;1
189178;5231115705000981294;5;5;54;8;2023;11;16;4;3;1;5;0;0;1;1;0;0;0;0;335876,835900000296533;5745261,689600000157952;6,617932587000041;51,834028413000055;1
189179;5231115705000591776;5;5;54;8;2023;11;13;4;3;5;2;0;1;1;1;0;0;0;0;336669,853000000119209;5745688,760999999940395;6,629230115000041;51,838097449000031;1
189180;5231115705000381394;5;5;54;20;2023;11;8;4;3;5;3;0;1;1;1;0;0;0;0;365582,756699999794364;5783119,375299999490380;7,033923036000033;52,182145075000051;1
189181;5231115705000096520;5;5;54;8;2023;11;7;4;2;5;3;1;1;1;0;0;0;0;1;333304,262900000438094;5743182,416999999433756;6,581631125000058;51,814588104000052;1
189182;5231115702100926923;5;5;15;0;2023;11;20;4;3;3;6;2;0;1;1;0;0;0;0;405637,750599999912083;5758778,161800000816584;7,626305201000037;51,971667872000069;1
189186;5231115608100753860;5;3;34;2;2023;11;11;4;3;0;1;0;1;1;0;0;0;0;0;293773,921500000171363;5628374,461699999868870;6,075189203000036;50,770422664000080;1
189187;5231115608100699632;5;3;34;2;2023;11;16;4;3;6;4;0;1;1;0;1;0;0;0;292951,935999999754131;5630314,687899999320507;6,062455272000022;50,787555119000046;1
189188;5231115608100169685;5;3;34;2;2023;11;7;4;3;5;3;1;0;1;0;0;0;1;0;299129,504499999806285;5628008,871300000697374;6,151243062000049;50,769018006000067;1
189190;5231115602900686238;5;3;62;40;2023;11;15;4;3;5;3;0;1;1;1;0;0;0;0;360448,160000000149012;5630082,465299999341369;7,019404173000055;50,805650094000043;1
189195;5231115601100981297;5;3;15;0;2023;11;18;4;3;5;2;2;0;1;1;0;0;0;0;356403,814000000245869;5645335,603000000119209;6,956053609000037;50,941741560000025;1
189196;5231115600350034215;5;3;82;32;2023;11;7;4;3;4;6;1;0;1;0;0;0;0;0;361274,869900000281632;5610206,743699999526143;7,038602610000055;50,627212709000048;1
189197;5231115600140985760;5;3;14;0;2023;11;9;4;3;0;1;0;1;1;0;0;0;0;0;367288,995699999853969;5622497,194900000467896;7,119172630000037;50,739081166000062;1
189198;5231115600120981302;5;3;82;24;2023;11;15;4;3;5;3;0;0;1;1;0;0;0;0;377654,081000000238419;5619037,207000000402331;7,267143381000039;50,710256350000066;1
189202;5231115514210076262;5;1;66;12;2023;11;7;4;2;0;3;2;0;1;0;1;0;0;0;320796,705900000408292;5693975,954299999400973;6,425492418000033;51,368725699000038;1
189203;5231115514118096096;5;1;66;16;2023;11;7;4;3;0;3;1;0;1;1;0;0;0;0;309615,403099999763072;5687130,846200000494719;6,268706407000025;51,303606975000037;1
189207;5231115505200981327;5;1;14;0;2023;11;10;4;3;8;1;0;1;1;0;0;0;0;0;330750,901899999938905;5691072,661499999463558;6,569737488000044;51,345696714000042;1
189216;5231115411132274505;5;7;74;32;2023;11;7;4;3;6;4;1;1;1;0;1;0;0;0;482440,615100000053644;5731108,224999999627471;8,745743861000051;51,730619502000081;1
189217;5231115410230890794;5;7;70;4;2023;11;6;4;3;5;3;2;1;1;1;0;0;0;0;486800,940499999560416;5784222,130100000649691;8,806837695000070;52,208283858000073;1
189219;5231115405116096961;5;7;54;16;2023;11;5;4;2;2;2;2;1;1;1;0;0;0;0;451183,515300000086427;5756448,697599999606609;8,289595910000060;51,956592760000035;1
189221;5231115400200576104;5;7;11;0;2023;11;11;4;2;7;1;0;1;1;0;0;0;0;0;468862,922000000253320;5762458,610999999567866;8,546319497000070;52,011897181000052;1
189225;5231115315110875750;5;9;70;40;2023;11;7;4;3;0;1;2;1;1;1;0;0;0;0;431293,572499999776483;5639728,232300000265241;8,022833926000033;50,905115906000049;1
189233;5231114701500181308;5;5;62;24;2023;11;12;3;3;0;7;0;1;1;0;0;0;0;0;370592,402999999932945;5727840,516899999231100;7,127948322000066;51,686596059000067;1
189234;5231114701110981357;5;5;62;32;2023;11;18;3;3;5;3;2;1;1;1;0;0;0;0;376067,564399999566376;5718813,011600000783801;7,210309457000051;51,606700139000054;1
189236;5231114610121599707;5;3;70;12;2023;11;10;3;3;0;1;0;1;1;0;0;0;0;0;294278,925599999725819;5651812,481100000441074;6,069157169000050;50,981098102000033;1
189240;5231114607500678288;5;3;82;56;2023;11;14;3;3;0;1;0;1;1;0;0;0;0;0;371063,125000000000000;5628463,336999999359250;7,170540643000038;50,793556762000037;1
189243;5231114602200981383;5;3;62;4;2023;11;13;3;3;2;6;0;1;1;1;0;0;0;0;329383,723899999633431;5650781,566999999806285;6,569237029000021;50,983309447000067;1
189246;5231114601300093515;5;3;15;0;2023;11;15;3;3;0;1;0;0;1;0;0;0;0;0;354167,401999999769032;5647593,006999999284744;6,923338516000058;50,961466789000042;1
189250;5231114600110687060;5;3;14;0;2023;11;13;3;3;0;1;0;1;1;0;0;0;0;0;362256,842000000178814;5622300,763199999928474;7,047971940000025;50,736143933000051;1
189256;5231114515111091854;5;1;54;44;2023;11;14;3;3;5;2;0;0;1;1;0;0;0;0;320195,002999999560416;5737778,105000000447035;6,394451050000043;51,761984068000061;1
189258;5231114513210187464;5;1;62;24;2023;11;18;3;3;5;3;2;1;1;0;0;0;0;1;339388,473199999891222;5674611,577299999073148;6,701051206000045;51,200303471000041;1
189260;5231114505200981400;5;1;14;0;2023;11;7;3;3;6;4;0;0;1;0;1;0;0;0;330703,230100000277162;5689958,942099999636412;6,569583147000060;51,335677001000079;1
189264;5231114503200089982;5;1;24;0;2023;11;16;3;3;0;7;0;1;1;1;0;0;0;0;371928,715900000184774;5680284,089199999347329;7,164507034000053;51,259507714000051;1
189265;5231114502226981396;5;1;13;0;2023;11;10;3;3;0;1;0;0;1;0;0;0;0;0;360741,071000000461936;5698172,255000000819564;6,997272876000068;51,417636797000057;1
189266;5231114501115996078;5;1;12;0;2023;11;12;3;3;5;3;0;1;1;1;0;0;0;0;345711,860299999825656;5707252,048499999567866;6,777338346000022;51,495328365000034;1
189269;5231114500300685833;5;1;11;0;2023;11;17;3;3;6;4;2;1;1;0;1;0;0;0;348948,026100000366569;5674439,258099999278784;6,837848744000041;51,201362558000028;1
189274;5231114410240981404;5;7;70;40;2023;11;0;3;1;0;1;2;1;1;0;0;0;0;0;471289,042600000277162;5808012,406700000166893;8,577802632000044;52,421574121000049;1
189275;5231114410220981388;5;7;70;8;2023;11;13;3;3;0;6;0;0;1;1;0;0;0;0;473712,734799999743700;5804759,472200000658631;8,613697882000054;52,392451695000034;1
189276;5231114406210981376;5;7;58;4;2023;11;15;3;3;0;1;0;0;1;0;0;0;0;0;471397,218000000342727;5782934,695000000298023;8,581524636000040;52,196125048000056;1
189281;5231114400300560968;5;7;11;0;2023;11;14;3;3;3;2;0;0;1;1;0;0;0;0;466308,845099999569356;5761684,589299999177456;8,509183065000059;52,004789066000058;1
189283;5231114317240981395;5;9;78;40;2023;11;12;3;3;5;3;0;1;1;1;0;0;0;0;405693,744800000451505;5724642,187699999660254;7,636415423000074;51,664840309000056;1
189285;5231114317110368057;5;9;78;36;2023;11;19;3;3;1;5;2;1;1;1;0;0;0;0;407717,416799999773502;5709012,493100000545382;7,669778433000033;51,524678667000046;1
189286;5231114303200981386;5;9;15;0;2023;11;14;3;3;5;2;0;1;1;1;0;0;0;0;415604,652800000272691;5725510,509999999776483;7,779471468000054;51,674222081000039;1
189288;5231116514210385984;5;1;66;12;2023;11;17;5;3;5;3;2;0;1;1;0;0;0;0;320887,522699999623001;5693119,030099999159575;6,427227353000035;51,361056715000075;1
189292;5231114301103589377;5;9;13;0;2023;11;20;3;3;4;6;2;1;1;1;0;0;0;0;391878,439699999988079;5704282,924100000411272;7,442998872000032;51,479357100000072;1
189294;5231114300100477944;5;9;11;0;2023;11;7;3;3;0;1;1;1;1;0;0;0;0;0;377799,648799999617040;5705974,875900000333786;7,239769049000074;51,491697318000035;1
189296;5231113711100595835;5;5;70;24;2023;11;14;2;3;5;3;0;1;1;1;0;0;0;0;421611,595800000242889;5753533,109999999403954;7,859988616000066;51,927001480000058;1
189303;5231113700000981452;5;5;13;0;2023;11;8;2;3;5;3;0;1;1;1;0;0;0;0;368272,847299999557436;5707903,805400000885129;7,101898389000041;51,506893014000070;1
189307;5231113609108780727;5;3;58;8;2023;11;12;2;3;0;1;0;1;1;0;0;0;0;0;319407,668899999931455;5636080,344200000166893;6,434533660000056;50,848197368000058;1
189310;5231113608200599700;5;3;34;2;2023;11;6;2;3;5;3;2;1;1;1;0;0;0;0;295751,573900000192225;5629078,796900000423193;6,102807808000023;50,777448128000060;1
189311;5231113606700095686;5;3;78;16;2023;11;10;2;3;2;3;0;1;1;1;0;0;0;0;360922,355899999849498;5663304,305299999192357;7,013436290000072;51,104335245000073;1
189312;5231113606100594452;5;3;78;4;2023;11;16;2;3;5;3;1;1;1;1;0;0;0;0;366676,599200000055134;5649302,211799999698997;7,100733776000027;50,979858969000077;1
189313;5231113605148578601;5;3;74;48;2023;11;6;2;3;5;3;2;0;1;1;0;0;0;0;395119,371299999766052;5646722,142300000414252;7,506493818000024;50,962549675000048;1
189314;5231113602800981421;5;3;62;12;2023;11;15;2;3;5;3;0;1;1;1;0;0;0;0;352024,980600000359118;5630398,205600000917912;6,899813857000026;50,806397528000048;1
189320;5231113601500376602;5;3;15;0;2023;11;11;2;3;2;7;0;1;1;0;0;0;0;1;357875,854299999773502;5644760,610799999907613;6,977216881000061;50,936938848000068;1
189321;5231113601300586384;5;3;15;0;2023;11;8;2;3;5;3;1;1;1;1;0;0;0;0;353204,155899999663234;5647781,098899999633431;6,909555704000070;50,962912486000050;1
189323;5231113601300090248;5;3;15;0;2023;11;14;2;3;0;5;0;1;1;1;0;0;0;0;353409,638700000010431;5647996,302300000563264;6,912393091000069;50,964898746000074;1
189324;5231113601200824758;5;3;15;0;2023;11;11;2;3;5;3;0;1;1;1;0;0;0;0;359179,097000000067055;5639260,885999999940395;6,997875626000052;50,887831802000051;1
189325;5231113601200563734;5;3;15;0;2023;11;17;2;3;0;5;1;0;1;1;0;0;0;0;353875,896200000308454;5644088,151399999856949;6,920596599000021;50,929896015000054;1
189328;5231115601600399207;5;3;15;0;2023;11;15;4;3;0;1;0;0;1;0;0;0;0;0;360801,187199999578297;5645049,833399999886751;7,018714313000032;50,940251707000073;1
189333;5231113518100373956;5;1;70;48;2023;11;18;2;3;5;7;2;1;1;1;0;0;0;0;336127,089999999850988;5726564,751000000163913;6,630371971000045;51,666135734000079;1
189336;5231113514211576262;5;1;66;12;2023;11;12;2;3;0;3;0;1;1;1;0;0;0;0;322599,022900000214577;5695654,847500000149012;6,450519418000056;51,384373034000077;1
189341;5231113503400895585;5;1;22;0;2023;11;17;2;3;0;7;1;1;1;0;0;0;0;0;365365,876799999736249;5671018,796199999749660;7,073984167000049;51,174727805000032;1
189343;5231113503100281514;5;1;24;0;2023;11;16;2;3;0;5;1;1;1;1;0;0;0;0;370243,992200000211596;5680854,675899999216199;7,140168451000022;51,264254821000065;1
189345;5231113501315981425;5;1;12;0;2023;11;14;2;3;5;3;0;1;1;1;0;0;0;0;346207,250199999660254;5699815,851900000125170;6,787703568000040;51,428648609000049;1
189346;5231113501312091533;5;1;12;0;2023;11;8;2;3;5;2;1;1;1;0;0;0;1;0;342957,110100000165403;5701370,364600000903010;6,740299870000058;51,441724324000063;1
189348;5231113501112677675;5;1;12;0;2023;11;7;2;3;4;2;2;1;1;1;0;0;0;0;344677,466300000436604;5708460,021500000730157;6,761917320000066;51,505898607000063;1
189353;5231113410110981444;5;7;70;24;2023;11;12;2;3;5;2;0;1;1;1;0;0;0;0;493796,246700000017881;5792964,465700000524521;8,909050065000031;52,287005569000030;1
189354;5231113405220190682;5;7;54;20;2023;11;8;2;3;3;6;0;1;1;1;0;0;0;0;448160,779199999757111;5748330,235700000077486;8,246833826000056;51,883331742000053;1
189359;5231113400200037702;5;7;11;0;2023;11;14;2;3;5;2;0;1;1;1;0;0;0;0;468028,830000000074506;5763760,982999999076128;8,534045214000059;52,023558904000026;1
189363;5231113300100890603;5;9;11;0;2023;11;7;2;3;1;5;2;1;1;1;0;0;0;0;376376,419499999843538;5707427,865499999374151;7,218769679000047;51,504446499000039;1
189364;5231112705000981491;5;5;54;12;2023;11;14;1;3;0;3;0;0;1;1;0;0;0;0;351680,231999999843538;5745766,698000000789762;6,846900919000063;51,842985973000054;1
189365;5231112705000180994;5;5;54;8;2023;11;9;1;3;5;3;0;1;1;1;0;0;0;0;335626,537700000219047;5747541,315300000831485;6,613219780000065;51,854433591000031;1
189366;5231112702100076684;5;5;15;0;2023;11;17;1;3;3;6;1;0;1;0;0;0;0;0;405787,786899999715388;5758018,764200000092387;7,628697088000024;51,964867534000064;1
189370;5231112609152981500;5;3;58;52;2023;11;13;1;3;0;1;0;0;1;0;0;0;0;0;334808,256000000052154;5631234,039999999105930;6,655290536000052;50,809255014000030;1
189371;5231112608436981485;5;3;34;36;2023;11;13;1;3;5;5;0;0;1;1;0;0;0;0;297359,665000000037253;5635146,714900000020862;6,122238529000072;50,832510934000027;1
189372;5231112608100773715;5;3;34;2;2023;11;1;1;3;0;1;2;0;1;0;0;0;0;0;293322,929399999789894;5629529,618000000715256;6,068152821000069;50,780636722000054;1
189373;5231112608100580726;5;3;34;2;2023;11;13;1;3;6;6;0;0;1;0;1;0;0;0;295375,380199999548495;5625814,624700000509620;6,099293569000054;50,747998944000074;1
189374;5231112602100069626;5;3;62;8;2023;11;14;1;3;2;6;0;0;1;0;0;0;0;1;336098,314000000245869;5649611,135999999940395;6,665340523000054;50,974743708000062;1
189376;5231112518400981450;5;1;70;8;2023;11;10;1;3;0;7;0;0;1;1;0;0;0;0;342458,586000000126660;5715652,515000000596046;6,726753064000036;51,569906095000078;1
189379;5231112505200981483;5;1;14;0;2023;11;15;1;3;6;6;0;0;1;0;1;0;0;0;332683,931599999777973;5692069,247500000521541;6,596999115000074;51,355222387000026;1
189381;5231112505100196230;5;1;14;0;2023;11;16;1;3;5;3;0;0;1;1;0;0;0;0;330048,976099999621511;5689259,825300000607967;6,560533352000050;51,329201084000033;1
189382;5231112502338880941;5;1;13;0;2023;11;16;1;3;0;7;0;0;1;0;0;0;0;1;363478,041799999773502;5704772,857000000774860;7,034062439000024;51,477618944000028;1
189384;5231112500200076236;5;1;11;0;2023;11;11;1;3;5;3;0;0;1;1;0;0;0;0;342784,992800000123680;5682328,597100000828505;6,746240492000027;51,270587041000056;1
189385;5231112406130179096;5;7;58;8;2023;11;13;1;2;6;4;0;0;1;0;1;0;0;0;469965,349499999545515;5777035,423100000247359;8,561098411000046;52,143011884000032;1
189393;5231111706000394282;5;5;58;36;2023;11;0;7;3;1;7;2;0;1;1;0;0;0;0;387978,941899999976158;5729719,929999999701977;7,378747024000063;51,707226078000076;1
189394;5231111705000981530;5;5;54;12;2023;11;14;7;2;5;3;0;0;1;1;0;0;0;0;351757,856300000101328;5745594,031799999997020;6,848100904000034;51,841455205000045;1
189395;5231111705000695080;5;5;54;8;2023;11;18;7;3;5;2;1;1;1;1;0;0;0;0;335610,592100000008941;5746245,154100000858307;6,613604682000073;51,842784982000069;1
189403;5231111601400181728;5;3;15;0;2023;11;12;7;3;0;4;0;1;1;0;1;0;0;0;356836,952100000344217;5649664,494000000879169;6,960511548000056;50,980752418000066;1
189407;5231111601200980982;5;3;15;0;2023;11;21;7;3;6;4;2;0;1;0;1;0;0;0;354349,904299999587238;5642186,787900000810623;6,928096534000076;50,912928850000071;1
189409;5231111601100586473;5;3;15;0;2023;11;13;7;2;4;6;0;0;1;0;0;0;0;1;355372,876000000163913;5644251,438999999314547;6,941819651000060;50,931740732000037;1
189412;5231116601500299198;5;3;15;0;2023;11;9;5;3;1;5;0;0;1;1;0;0;0;0;364854,627700000070035;5648935,897199999541044;7,074930526000060;50,976141978000044;1
189414;5231111600360981525;5;3;82;12;2023;11;15;7;3;5;2;0;1;1;1;0;0;0;0;355664,641200000420213;5629024,246200000867248;6,951975333000064;50,794967881000048;1
189416;5231111600110685344;5;3;14;0;2023;11;17;7;2;0;1;2;1;1;0;0;0;0;0;366091,901999999769032;5621365,615000000223517;7,102627954000070;50,728635750000080;1
189417;5231111600110399998;5;3;14;0;2023;11;16;7;3;4;6;0;1;1;0;0;0;0;0;366596,161899999715388;5619078,488299999386072;7,110595773000057;50,708194980000030;1
189418;5231111600110199972;5;3;14;0;2023;11;13;7;3;5;3;0;1;1;1;0;0;0;0;364792,900999999605119;5623206,618899999186397;7,083557673000030;50,744881586000076;1
189421;5231111518210981541;5;1;70;28;2023;11;3;7;3;0;1;2;1;1;0;0;0;0;0;331346,858000000007451;5702635,638000000268221;6,572791855000048;51,449753649000058;1
189422;5231111516900590292;5;1;58;26;2023;11;14;7;3;0;6;0;0;1;0;1;0;0;0;352840,895299999974668;5662134,309499999508262;6,898559719000048;51,091803806000030;1
189423;5231111506100981531;5;1;16;0;2023;11;14;7;3;3;2;0;0;1;1;0;0;0;0;321695,172199999913573;5675275,621200000867248;6,447720383000046;51,201021557000047;1
189430;5231111500300981526;5;1;11;0;2023;11;10;7;3;8;6;0;0;1;0;0;0;1;0;347752,524500000290573;5676284,699500000104308;6,819966441000076;51,217627735000065;1
189434;5231111410110582040;5;7;70;24;2023;11;18;7;3;5;2;2;1;1;1;0;0;0;0;496113,359100000001490;5793447,189200000837445;8,943014428000026;52,291366775000029;1
189435;5231111405108981540;5;7;54;8;2023;11;8;7;3;5;3;0;0;1;1;0;0;0;0;456672,962199999950826;5753714,667999999597669;8,369820347000029;51,932467309000060;1
189436;5231116405148596961;5;7;54;48;2023;11;20;5;3;5;3;2;1;1;1;0;0;0;0;442145,870799999684095;5765558,035700000822544;8,156551715000035;52,037618757000075;1
189437;5231111405108881100;5;7;54;8;2023;11;9;7;3;5;2;0;1;1;1;0;0;0;0;456035,002000000327826;5749022,929099999368191;8,361140862000070;51,890236035000044;1
189439;5231111317240981512;5;9;78;40;2023;11;19;7;3;0;1;2;1;1;0;0;0;0;0;405569,535299999639392;5724649,234799999743700;7,634618108000041;51,664882794000050;1
189440;5231111317120287420;5;9;78;16;2023;11;17;7;3;1;5;2;1;1;1;0;0;0;0;404052,245199999772012;5704893,385099999606609;7,618083190000050;51,487040760000070;1
189441;5231111316300090710;5;9;74;28;2023;11;18;7;3;5;3;2;1;1;1;0;0;0;0;455608,859000000171363;5723949,926999999210238;8,358155300000021;51,664777591000075;1
189444;5231111300200028784;5;9;11;0;2023;11;18;7;3;6;6;2;0;1;0;1;0;0;0;371296,914300000295043;5705702,982599999755621;7,146251152000048;51,487811014000044;1
189446;5231110709800096586;5;5;66;40;2023;11;23;6;3;0;1;2;1;1;0;0;0;0;0;421378,024899999611080;5783062,827099999412894;7,849793917000056;52,192413066000029;1
189447;5231110709700496558;5;5;66;28;2023;11;7;6;3;0;1;0;1;1;0;0;0;0;0;412153,489699999801815;5793003,727299999445677;7,712294188000044;52,280372720000059;1
189448;5231110705000996584;5;5;54;8;2023;11;11;6;3;3;3;0;1;1;1;0;0;0;0;334921,998900000005960;5746478,830499999225140;6,603506456000048;51,844681040000069;1
189450;5231110705000338825;5;5;54;12;2023;11;13;6;3;0;2;0;1;1;1;0;0;0;0;352979,021200000308454;5746239,223899999633431;6,865539858000034;51,847575069000072;1
189451;5231110705000091856;5;5;54;8;2023;11;13;6;3;0;3;0;1;1;0;0;0;0;0;337864,316899999976158;5746172,353399999439716;6,646325499000056;51,842789886000048;1
189452;5231110701920155646;5;5;62;28;2023;11;7;6;3;1;5;1;1;1;0;0;0;0;1;379012,294200000353158;5722865,220699999481440;7,251412510000023;51,643759171000056;1
189453;5231110701910077767;5;5;62;8;2023;11;4;6;3;5;3;2;1;1;1;0;0;0;0;383080,021599999628961;5720889,664699999615550;7,310833641000045;51,626864123000075;1