OID_;UIDENTSTLAE;ULAND;UREGBEZ;UKREIS;UGEMEINDE;UJAHR;UMONAT;USTUNDE;UWOCHENTAG;UKATEGORIE;UART;UTYP1;ULICHTVERH;IstStrassenzustand;IstRad;IstPKW;IstFuss;IstKrad;IstGkfz;IstSonstige;LINREFX;LINREFY;XGCSWGS84;YGCSWGS84;PLST
189454;5231110701400895791;5;5;12;0;2023;11;21;6;3;5;2;2;1;1;1;0;0;0;0;358609,885999999940395;5708794,182000000029802;6,962395906000040;51,512559010000075;1
189455;5231110701120981560;5;5;62;32;2023;11;13;6;2;0;1;0;1;1;0;0;0;0;0;375639,037999999709427;5715145,828999999910593;7,205423899000039;51,573648063000064;1
189461;5231110608200989862;5;3;34;2;2023;11;17;6;3;5;3;2;1;1;0;0;0;0;0;297541,981700000353158;5630756,463300000876188;6,127245920000064;50,793143822000047;1
189462;5231110608100173715;5;3;34;2;2023;11;12;6;3;3;2;0;0;1;1;0;0;0;0;294464,062400000169873;5629253,645600000396371;6,084472346000041;50,778563687000030;1
189463;5231110607500581284;5;3;82;56;2023;11;14;6;3;0;1;0;0;1;0;0;0;0;0;372014,974899999797344;5625581,972999999299645;7,185042104000047;50,767869106000035;1
189466;5231110602100550828;5;3;62;8;2023;11;10;6;3;4;6;0;0;1;1;0;0;0;0;331210,042999999597669;5649587,531799999997020;6,595786258000032;50,973119808000035;1
189467;5231110601300199133;5;3;15;0;2023;11;22;6;3;5;3;2;1;1;1;0;0;0;0;347908,148199999704957;5644909,719000000506639;6,835393886000077;50,935736173000066;1
189468;5231110601200073851;5;3;15;0;2023;11;10;6;3;4;6;0;1;1;0;0;0;0;0;355011,173899999819696;5642817,046199999749660;6,937246222000056;50,918759349000027;1
189469;5231110601200064423;5;3;15;0;2023;11;16;6;2;0;1;2;1;1;0;0;0;0;0;354044,453999999910593;5642923,901000000536442;6,923459579000053;50,919475917000057;1
189470;5231110601100590878;5;3;15;0;2023;11;6;6;3;1;5;1;1;1;1;0;0;0;0;355169,967400000430644;5645151,214400000870228;6,938576459000046;50,939775896000071;1
189471;5231110601100474318;5;3;15;0;2023;11;15;6;3;5;3;0;1;1;1;0;0;0;0;356698,572800000198185;5644585,324300000444055;6,960541448000072;50,935072220000052;1
189473;5231110600140481296;5;3;14;0;2023;11;7;6;3;1;5;0;1;1;1;0;0;0;0;369395,511800000444055;5622245,194299999624491;7,149099478000039;50,737293718000046;1
189474;5231110600110981552;5;3;14;0;2023;11;17;6;3;0;1;2;0;1;0;0;0;0;0;365874,596099999733269;5623773,551799999549985;7,098674262000031;50,750228035000077;1
189475;5231110600110695333;5;3;14;0;2023;11;19;6;3;0;1;2;1;1;0;0;0;0;0;365573,557799999602139;5622022,941600000485778;7,095048064000025;50,734424052000065;1
189477;5231110516100981550;5;1;58;32;2023;11;18;6;3;7;1;0;1;1;1;0;0;0;0;367693,077300000004470;5685549,258300000801682;7,101887774000033;51,305859226000052;1
189485;5231110506100981572;5;1;16;0;2023;11;14;6;3;6;4;0;1;1;0;1;0;0;0;318967,832799999974668;5667560,580700000748038;6,412606408000045;51,130859306000048;1
189489;5231110503300774194;5;1;20;0;2023;11;12;6;3;5;3;0;1;1;1;0;0;0;0;372248,244400000199676;5671951,127699999138713;7,172053646000052;51,184686344000056;1
189490;5231110503200079030;5;1;24;0;2023;11;18;6;3;5;3;2;1;1;0;0;0;0;1;375107,123999999836087;5680796,418999999761581;7,209856301000059;51,264817560000040;1
189491;5231110502325085965;5;1;13;0;2023;11;8;6;3;5;3;0;0;1;1;0;0;0;0;362586,189000000245869;5703936,468000000342727;7,021553107000045;51,469886881000036;1
189497;5231110411132981545;5;7;74;32;2023;11;20;6;3;1;5;2;0;1;1;0;0;0;1;483278,122999999672174;5731930,597999999299645;8,757831160000023;51,738039303000050;1
189498;5231110411108981564;5;7;74;8;2023;11;17;6;3;5;2;2;1;1;1;0;0;0;0;487308,907999999821186;5736904,169999999925494;8,816023589000054;51,782863864000035;1
189501;5231110407101981592;5;7;62;20;2023;11;7;6;2;1;5;0;1;1;1;0;0;0;0;524351,952300000004470;5735356,516799999400973;9,352906878000056;51,768562692000046;1
189502;5231110406110455905;5;7;58;12;2023;11;7;6;3;1;2;0;0;1;1;0;0;0;0;479469,597699999809265;5773939,457100000232458;8,700170002000050;52,115612222000038;1
189503;5231110405228587108;5;7;54;28;2023;11;20;6;3;6;6;2;1;1;0;1;0;0;0;451233,733099999837577;5743842,408700000494719;8,292110232000027;51,843261289000054;1
189518;5231109709500202376;5;5;66;76;2023;11;12;5;3;5;3;0;1;1;1;0;0;0;0;395073,459999999962747;5794445,547000000253320;7,461566099000038;52,290335886000037;1
189521;5231109709000821110;5;5;66;68;2023;11;7;5;3;5;3;1;1;1;1;0;0;0;0;376322,341000000014901;5785730,091000000014901;7,189965916000062;52,208117868000045;1
189522;5231109706000368252;5;5;58;12;2023;11;14;5;3;0;1;0;1;1;0;0;0;0;0;374478,680999999865890;5756573,676999999210238;7,173725321000063;51,945694438000032;1
189523;5231109705000391842;5;5;54;68;2023;11;15;5;3;0;3;1;1;1;0;0;0;0;0;349919,511500000022352;5766297,291300000622869;6,812404905000051;52,026973185000031;1
189526;5231109610212933036;5;3;70;40;2023;11;10;5;3;0;7;0;1;1;0;0;0;0;0;304834,931499999947846;5669277,814699999988079;6,209929673000033;51,141642161000050;1
189535;5231109602600290348;5;3;62;20;2023;11;10;5;3;5;3;0;1;1;1;0;0;0;0;347259,726999999955297;5630379,999900000169873;6,832239816000026;50,804997253000067;1
189539;5231109601300585798;5;3;15;0;2023;11;22;5;3;0;7;2;1;1;0;0;0;0;0;353396,063500000163913;5646783,746799999848008;6,912688384000035;50,953998554000066;1
189541;5231109601100586406;5;3;15;0;2023;11;14;5;2;5;3;0;0;1;1;0;0;0;0;354092,096800000406802;5642709,904899999499321;6,924222528000030;50,917564843000036;1
189543;5231109601100090266;5;3;15;0;2023;11;13;5;3;5;2;0;1;1;1;0;0;0;0;355433,995500000193715;5645709,797900000587106;6,942110199000069;50,944862021000063;1
189544;5231109600380995380;5;3;14;0;2023;11;16;5;3;0;1;0;1;1;0;0;0;0;0;369750,254300000146031;5616994,141200000420213;7,155977402000076;50,690175468000064;1
189555;5231109513130387464;5;1;62;22;2023;11;14;5;3;5;3;0;0;1;1;0;0;0;0;339374,893799999728799;5679888,498400000855327;6,698492424000051;51,247712262000050;1
189560;5231109501211981607;5;1;12;0;2023;11;17;5;3;5;3;2;0;1;0;0;0;0;1;340329,168600000441074;5697218,021900000050664;6,704389467000055;51,403682456000070;1
189561;5231109501211079017;5;1;12;0;2023;11;7;5;3;0;3;1;1;1;1;0;0;0;0;340329,111399999819696;5696904,935900000855327;6,704529541000056;51,400869470000032;1
189563;5231109500100478772;5;1;11;0;2023;11;20;5;3;5;3;2;1;1;1;0;0;0;0;345455,669999999925494;5677270,025000000372529;6,786679110000023;51,225864266000031;1
189564;5231109410220807370;5;7;70;8;2023;11;5;5;3;0;2;2;1;1;0;0;0;0;0;475692,212399999611080;5803310,450200000777841;8,642891608000070;52,379516183000078;1
189565;5231109410110590742;5;7;70;24;2023;11;13;5;3;5;3;0;0;1;1;0;0;0;0;492381,678000000305474;5791594,068099999800324;8,888342833000024;52,274667204000082;1
189566;5231109405220987175;5;7;54;20;2023;11;15;5;3;4;6;0;0;1;0;0;0;0;0;444790,532999999821186;5750319,552999999374151;8,197554431000071;51,900892622000072;1
189567;5231109404301981611;5;7;66;44;2023;11;16;5;3;0;7;0;1;1;1;0;0;0;0;492490,318199999630451;5762811,824899999424815;8,890571240000043;52,015895634000060;1
189569;5231109400300981623;5;7;11;0;2023;11;9;5;3;0;1;0;1;1;0;0;0;0;0;466858,700699999928474;5759566,849199999123812;8,517397878000054;51,985782316000041;1
189570;5231113601100386568;5;3;15;0;2023;11;17;2;3;0;3;2;1;1;1;0;0;0;0;354973,579400000162423;5643911,530700000002980;6,936276453000062;50,928585794000071;1
189575;5231109400100981626;5;7;11;0;2023;11;9;5;2;0;1;0;1;1;0;0;0;0;0;465317,104799999855459;5767500,684699999168515;8,494146149000073;52,057017946000030;1
189577;5231109317210078675;5;9;78;20;2023;11;18;5;3;5;3;2;0;1;1;0;0;0;0;403737,162899999879301;5714715,116200000047684;7,610861589000024;51,575275140000031;1
189581;5231109313211981628;5;9;58;12;2023;11;10;5;3;6;7;0;0;1;0;1;0;0;0;469977,378100000321865;5694103,477299999445677;8,568444491000037;51,397367061000068;1
189582;5231109307000981613;5;9;62;32;2023;11;16;5;3;9;1;1;1;1;0;0;0;0;0;404100,695000000298023;5675100,039999999105930;7,626811961000044;51,219226043000049;1
189583;5231109307000568973;5;9;62;32;2023;11;16;5;3;0;1;2;1;1;0;0;0;0;0;405429,603500000201166;5675410,069900000467896;7,645753153000044;51,222234794000030;1
189588;5231108709500236092;5;5;66;76;2023;11;15;4;3;5;2;0;0;1;1;0;0;0;0;393687,518000000156462;5793994,869999999180436;7,441395684000042;52,286019169000042;1
189589;5231108709110796565;5;5;66;8;2023;11;16;4;3;0;7;0;1;1;1;0;0;0;0;399976,744300000369549;5781278,871799999848008;7,537327257000072;52,172912701000030;1
189590;5231108709110287268;5;5;66;8;2023;11;18;4;3;5;3;2;1;1;1;0;0;0;0;399073,116999999620020;5782327,188899999484420;7,523806002000072;52,182170122000059;1
189591;5231108706000727954;5;5;58;16;2023;11;17;4;3;0;1;1;0;1;1;0;0;0;0;391142,736999999731779;5759284,266599999740720;7,415212464000035;51,973566626000036;1
189593;5231108705000786008;5;5;54;48;2023;11;9;4;3;0;3;0;0;1;0;0;0;0;1;341428,588899999856949;5745297,968299999833107;6,698422164000021;51,835957986000039;1
189594;5231108705000491695;5;5;54;68;2023;11;12;4;3;0;1;0;0;1;0;0;0;0;0;351655,248499999754131;5766993,562300000339746;6,837383759000033;52,033695713000043;1
189595;5231108705000481025;5;5;54;8;2023;11;8;4;3;5;3;0;0;1;1;0;0;0;0;337394,430499999783933;5745390,118699999526143;6,639878196000041;51,835625998000069;1
189596;5231108701610389512;5;5;62;12;2023;11;10;4;3;5;3;0;0;1;1;0;0;0;0;357810,356700000353158;5727412,959100000560284;6,943335921000028;51,679663032000065;1
189598;5231108609224394796;5;3;58;24;2023;11;18;4;3;5;3;2;1;1;1;0;0;0;0;314634,872100000269711;5644670,595100000500679;6,362450918000036;50,923855490000051;1
189599;5231108608312299658;5;3;34;12;2023;11;13;4;2;8;1;0;0;1;0;0;0;0;0;309712,142500000074506;5634469,121099999174476;6,297796656000060;50,830616720000080;1
189601;5231108608200165663;5;3;34;2;2023;11;5;4;3;1;5;2;1;1;1;0;0;0;0;299610,469700000248849;5622783,966299999505281;6,160897012000021;50,722255094000047;1
189602;5231108608100794901;5;3;34;2;2023;11;17;4;3;0;1;2;1;1;0;0;0;0;0;293595,459999999962747;5629500,718900000676513;6,072029673000031;50,780474230000038;1
189603;5231108608100771706;5;3;34;2;2023;11;10;4;3;0;1;0;0;1;0;0;0;0;0;294632,234000000171363;5628548,783999999985099;6,087248126000077;50,772292741000058;1
189605;5231108608100469685;5;3;34;2;2023;11;13;4;3;5;3;0;0;1;1;0;0;0;0;291547,173999999649823;5628608,028999999165535;6,043520548000060;50,771724557000027;1
189606;5231108606100799184;5;3;78;4;2023;11;16;4;3;1;6;2;0;1;1;0;0;0;0;366211,297299999743700;5653193,959499999880791;7,092675322000048;51,014728205000040;1
189609;5231108601700981780;5;3;16;0;2023;11;6;4;3;0;3;1;0;1;1;0;0;0;0;360017,764100000262260;5659322,891400000080466;7,002066277000040;51,068334539000034;1
189611;5231108601100981597;5;3;15;0;2023;11;14;4;3;4;6;0;0;1;1;0;0;0;0;355011,520499999634922;5645212,303200000897050;6,936298473000022;50,940285067000048;1
189617;5231108600140371666;5;3;14;0;2023;11;20;4;3;0;1;2;1;1;0;0;0;0;0;367305,847500000149012;5622503,164999999105930;7,119409173000065;50,739138677000028;1
189618;5231108600140099948;5;3;14;0;2023;11;11;4;3;0;7;0;0;1;0;0;0;0;0;367888,990699999965727;5623948,126800000667572;7,127150746000041;50,752259075000040;1
189619;5231108600110295276;5;3;14;0;2023;11;7;4;3;0;1;0;0;1;0;0;0;0;0;365202,397199999541044;5617756,165200000628829;7,091350136000074;50,695988488000069;1
189621;5231108516800294000;5;1;58;20;2023;11;7;4;3;5;2;0;0;1;1;0;0;0;0;356018,698300000280142;5666136,201199999079108;6,942310207000048;51,128573519000042;1
189627;5231108503300095477;5;1;20;0;2023;11;19;4;2;0;3;2;1;1;1;0;0;0;0;377967,510999999940395;5672082,419999999925494;7,253801936000059;51,187116049000053;1
189628;5231108502209962600;5;1;13;0;2023;11;14;4;3;5;2;0;0;1;1;0;0;0;0;360125,962000000290573;5700985,007999999448657;6,987321949000034;51,442761568000037;1
189632;5231108410120187135;5;7;70;32;2023;11;18;4;3;5;3;2;0;1;1;0;0;0;0;493381,213499999605119;5790038,390599999576807;8,903022921000058;52,260693774000060;1
189635;5231108405116590670;5;7;54;16;2023;11;7;4;3;0;6;0;0;1;1;0;0;0;0;447681,402999999932945;5756685,462999999523163;8,238599905000058;51,958402851000073;1
189637;5231108405108157428;5;7;54;8;2023;11;11;4;3;0;5;0;0;1;1;0;0;0;0;457588,130400000140071;5749230,035399999469519;8,383682596000028;51,892218393000064;1
189638;5231108404302282144;5;7;66;8;2023;11;22;4;3;2;6;2;1;1;1;0;0;0;0;483775,457299999892712;5764113,163300000131130;8,763520146000076;52,027409381000041;1
189640;5231108400300069155;5;7;11;0;2023;11;18;4;3;0;1;2;1;1;1;0;0;0;0;465060,032100000418723;5757350,320299999788404;8,491432517000021;51,965744071000074;1
189641;5231108317250080600;5;9;78;32;2023;11;15;4;3;5;2;0;0;1;1;0;0;0;0;394285,212600000202656;5726622,515799999237061;7,470918673000028;51,680609526000069;1
189643;5231108316300576135;5;9;74;28;2023;11;10;4;3;3;6;0;0;1;0;0;0;0;0;456348,815899999812245;5725478,603399999439716;8,368662465000057;51,678579768000077;1
189645;5231108316100082010;5;9;74;40;2023;11;5;4;3;5;3;2;1;1;1;0;0;0;0;439510,758999999612570;5712265,255999999120831;8,127437187000055;51,558224004000067;1
189646;5231108315210135785;5;9;70;24;2023;11;13;4;2;5;3;0;0;1;1;0;0;0;0;432912,097000000067055;5646681,347999999299645;8,044569361000072;50,967824167000060;1
189655;5231108301101894323;5;9;13;0;2023;11;0;4;3;0;1;2;0;1;0;0;0;0;0;393838,916000000201166;5708221,653999999165535;7,470034626000029;51,515131828000051;1
189656;5231107709700091071;5;5;66;28;2023;11;16;3;3;5;3;0;0;1;1;0;0;0;0;412949,092000000178814;5790534,264000000432134;7,724590676000048;52,258302983000078;1
189657;5231107709110596565;5;5;66;12;2023;11;13;3;3;4;6;0;0;1;0;0;0;0;0;404945,946200000122190;5773930,663799999281764;7,612024718000043;52,107744690000061;1
189658;5231107709110281140;5;5;66;8;2023;11;15;3;2;5;3;0;0;1;1;0;0;0;0;398549,116999999620020;5780889,702999999746680;7,516574484000046;52,169154346000028;1
189660;5231107705000491856;5;5;54;8;2023;11;11;3;3;0;3;0;1;1;1;0;0;0;0;335346,454699999652803;5745608,824100000783801;6,610076728000024;51,836990771000046;1
189661;5231107702100042403;5;5;15;0;2023;11;14;3;3;1;5;0;1;1;0;0;0;0;1;407567,999300000257790;5757815,276100000366569;7,654655889000026;51,963337325000055;1
189662;5231107701610147423;5;5;62;12;2023;11;10;3;3;0;7;0;1;1;1;0;0;0;0;362185,623200000263751;5726521,203800000250340;7,006930789000023;51,672740355000030;1
189668;5231107608332132995;5;3;34;32;2023;11;7;3;3;0;5;2;0;1;1;0;0;0;0;305909,715699999593198;5627994,185900000855327;6,247287649000043;50,771193929000049;1
189670;5231107608200180841;5;3;34;2;2023;11;7;3;3;0;3;0;1;1;0;0;0;0;0;296178,371199999935925;5627632,918800000101328;6,109654575000036;50,764612249000038;1
189675;5231107606400981704;5;3;78;28;2023;11;15;3;3;0;1;0;0;1;0;0;0;0;0;373165,155600000172853;5642217,814200000837445;7,195584282000027;50,917649548000043;1
189677;5231107602200593610;5;3;62;4;2023;11;7;3;3;3;2;0;1;1;0;0;0;0;0;328648,091500000096858;5652493,174699999392033;6,557959345000029;50,998468659000082;1
189680;5231107601300090622;5;3;15;0;2023;11;10;3;3;0;1;0;0;1;0;0;0;0;0;353443,129999999888241;5646750,916999999433756;6,913371247000043;50,953715497000076;1
189682;5231107601100748323;5;3;15;0;2023;11;6;3;3;3;2;2;0;1;1;0;0;0;0;355314,156000000424683;5645791,308000000193715;6,940373087000069;50,945564471000068;1
189683;5231107601100690220;5;3;15;0;2023;11;6;3;3;0;1;1;0;1;0;0;0;0;0;355439,447999999858439;5644714,527000000700355;6,942582692000030;50,935919100000035;1
189684;5231107600140981620;5;3;14;0;2023;11;8;3;3;2;6;0;0;1;0;1;0;0;0;366875,967000000178814;5623735,776000000536442;7,112874835000071;50,750119016000042;1
189688;5231107516500981716;5;1;58;16;2023;11;7;3;3;2;7;0;0;1;1;0;0;0;0;354788,172000000253320;5670724,566999999806285;6,922885781000048;51,169495584000060;1
189690;5231107515110981702;5;1;54;36;2023;11;16;3;3;2;6;0;1;1;0;0;0;0;1;302298,057300000451505;5741841,037599999457598;6,133127873000035;51,792438523000044;1
189691;5231107515110981694;5;1;54;36;2023;11;15;3;2;0;1;0;1;1;0;0;0;0;0;302598,621100000105798;5740895,547700000926852;6,138018307000038;51,784054100000048;1
189696;5231107505100065551;5;1;14;0;2023;11;15;3;3;0;7;0;0;1;0;0;0;0;1;330382,726599999703467;5689119,414899999275804;6,565386177000050;51,328039289000060;1
189699;5231107502325871872;5;1;13;0;2023;11;22;3;3;0;7;2;1;1;1;0;0;0;0;362430,725300000049174;5703952,604499999433756;7,019309938000049;51,469994115000077;1
189702;5231107501211667280;5;1;12;0;2023;11;15;3;3;5;3;0;0;1;1;0;0;0;0;340481,940299999900162;5696313,525699999183416;6,706990590000032;51,395598836000033;1
189703;5231107500300381091;5;1;11;0;2023;11;16;3;2;5;3;0;0;1;1;0;0;0;0;343553,127500000409782;5675069,677200000733137;6,760413743000072;51,205575237000062;1
189716;5231106709700447180;5;5;66;28;2023;11;6;2;3;4;7;2;0;1;1;0;0;0;0;412237,328900000080466;5793036,384199999272823;7,713514315000054;52,280679641000063;1
189718;5231106705000981744;5;5;54;16;2023;11;17;2;2;5;3;2;1;1;1;0;0;0;0;363627,424999999813735;5757352,702999999746680;7,015633977000050;51,950140474000079;1
189719;5231106705000687251;5;5;54;8;2023;11;16;2;3;5;3;0;1;1;0;0;0;0;0;335606,714999999850988;5745856,858999999240041;6,613732979000076;51,839295631000027;1
189721;5231106702100791836;5;5;15;0;2023;11;14;2;3;4;6;0;0;1;1;0;0;0;0;403149,934000000357628;5757321,095000000670552;7,590511017000040;51,958143378000045;1
189722;5231106702100674054;5;5;15;0;2023;11;14;2;3;2;2;0;1;1;1;0;0;0;0;405736,640599999576807;5758438,861199999228120;7,627837530000022;51,968634876000067;1
189723;5231106700000999247;5;5;13;0;2023;11;13;2;3;3;6;0;0;1;1;0;0;0;0;366795,783999999985099;5707085,671000000089407;7,080936608000059;51,499194472000056;1
189726;5231106610122095000;5;3;70;28;2023;11;7;2;3;0;3;0;0;1;1;0;0;0;0;298869,345499999821186;5643950,371899999678135;6,138808569000048;50,912107411000079;1
189727;5231106609224981735;5;3;58;24;2023;11;17;2;3;2;6;2;1;1;1;0;0;0;0;317565,178899999707937;5647313,930199999362230;6,402776673000062;50,948535455000069;1
189733;5231106608100594811;5;3;34;2;2023;11;14;2;3;2;6;0;0;1;0;0;0;0;0;294042,169800000265241;5629318,846799999475479;6,078459577000046;50,778999614000043;1
189737;5231106606100981768;5;3;78;4;2023;11;8;2;3;5;7;0;1;1;1;0;0;0;0;370105,935999999754131;5647190,165799999609590;7,150313375000053;50,961660076000044;1
189738;5231106602800614858;5;3;62;12;2023;11;7;2;3;5;2;0;0;1;1;0;0;0;0;351995,371500000357628;5632275,301500000059605;6,898636775000057;50,823258928000030;1
189740;5231106601500790278;5;3;15;0;2023;11;0;2;2;0;1;2;0;1;0;0;0;0;0;364290,332000000402331;5650190,842000000178814;7,066428742000028;50,987287968000032;1
189741;5231106601500172483;5;3;15;0;2023;11;5;2;3;1;5;1;1;1;1;0;0;0;0;358298,245000000111759;5652193,794900000095367;6,980328374000067;51,003844535000042;1
189743;5231106601300790364;5;3;15;0;2023;11;9;2;2;5;2;0;0;1;1;0;0;0;0;351645,677000000141561;5646063,880000000819564;6,888078113000063;50,947081593000064;1
189744;5231106601300699808;5;3;15;0;2023;11;15;2;3;3;6;0;0;1;0;0;1;0;0;354039,361600000411272;5646375,726900000125170;6,922004635000064;50,950495101000058;1
189745;5231106601200578365;5;3;15;0;2023;11;8;2;3;5;2;0;0;1;1;0;0;0;0;354991,171799999661744;5642769,604699999094009;6,936980710000057;50,918327976000057;1
189746;5231106601100190327;5;3;15;0;2023;11;8;2;3;3;5;0;1;1;1;0;0;0;0;354753,761900000274181;5644962,380799999460578;6,932731837000063;50,937974210000050;1
189749;5231106600140099983;5;3;14;0;2023;11;7;2;3;0;1;0;0;1;0;0;0;0;0;367731,838399999774992;5622583,490000000223517;7,125414189000026;50,739957828000058;1
189750;5231106600110095283;5;3;14;0;2023;11;8;2;3;0;1;0;0;1;0;0;0;0;0;364024,418700000271201;5621399,577299999073148;7,073338359000047;50,728460759000029;1
189753;5231106518310981760;5;1;70;32;2023;11;11;2;3;2;2;0;0;1;1;0;0;0;0;333184,350899999961257;5712832,117100000381470;6,594391572000063;51,541901211000038;1
189756;5231106518100396138;5;1;70;48;2023;11;13;2;3;0;1;0;0;1;0;0;0;0;0;336530,130499999970198;5725874,267799999564886;6,636517596000033;51,660049946000072;1
189761;5231106514217395880;5;1;66;36;2023;11;13;2;3;6;1;0;0;1;0;1;0;0;0;328078,124900000169873;5682530,054999999701977;6,535513277000064;51,268150495000043;1
189763;5231106514116981770;5;1;66;16;2023;11;7;2;3;5;3;0;0;1;1;0;0;0;0;304846,120799999684095;5689413,049399999901652;6,199123304000068;51,322489181000037;1
189764;5231106513130987464;5;1;62;22;2023;11;11;2;3;5;3;0;0;1;1;0;0;0;0;339409,623900000005960;5680239,246400000527501;6,698832258000039;51,250873462000072;1
189766;5231106506100981737;5;1;16;0;2023;11;17;2;3;5;2;2;1;1;1;0;0;0;0;323809,746899999678135;5670492,523299999535084;6,480302057000074;51,158708551000075;1
189769;5231106503100971902;5;1;24;0;2023;11;22;2;2;0;1;2;1;1;0;0;0;0;0;369805,527099999599159;5680573,401399999856949;7,133989766000070;51,261626936000027;1
189771;5231106502135881313;5;1;13;0;2023;11;12;2;3;0;7;0;1;1;0;0;0;0;1;366453,240699999965727;5703356,010299999266863;7,077414997000062;51,465596364000078;1
189773;5231106501214178683;5;1;12;0;2023;11;17;2;3;0;7;2;0;1;1;0;0;0;0;340635,347000000067055;5695728,010999999940395;6,709456706000026;51,390381271000081;1
189775;5231106500300981765;5;1;11;0;2023;11;7;2;3;0;1;0;0;1;0;0;0;0;0;343704,357099999673665;5675561,772199999541044;6,762362505000056;51,210038265000037;1
189776;5231106500300981730;5;1;11;0;2023;11;15;2;3;6;6;0;0;1;0;1;0;0;0;346082,076000000350177;5673479,521999999880791;6,797269327000038;51,191973876000077;1
189779;5231110601400381843;5;3;15;0;2023;11;9;6;3;5;3;0;1;1;1;0;0;0;0;358142,134999999776483;5648160,123999999836087;6,979679566000073;50,967555776000040;1
189780;5231106500200668068;5;1;11;0;2023;11;20;2;3;0;4;2;1;1;1;1;0;0;0;346472,471699999645352;5677181,012199999764562;6,801267920000043;51,225338830000055;1
189782;5231106411132537560;5;7;74;32;2023;11;7;2;3;2;6;0;1;1;1;0;0;0;0;482183,314600000157952;5730021,340600000694394;8,742073863000030;51,720838891000028;1
189783;5231106410130739356;5;7;70;28;2023;11;15;2;3;0;1;0;0;1;0;0;0;0;0;497584,099600000306964;5803918,976600000634789;8,964502983000045;52,385521166000046;1
189785;5231106410110396978;5;7;70;24;2023;11;14;2;3;0;5;0;0;1;1;0;0;0;0;492711,993499999865890;5792989,929099999368191;8,893153881000046;52,287221187000057;1
189786;5231106405108981763;5;7;54;8;2023;11;10;2;2;0;1;0;0;1;0;0;0;0;0;457696,490899999625981;5753109,568900000303984;8,384780743000022;51,927105881000045;1
189788;5231106404301087381;5;7;66;44;2023;11;19;2;2;5;2;2;1;1;1;0;0;0;0;492696,112200000323355;5764400,429300000891089;8,893536095000059;52,030181376000030;1
189789;5231106400100064132;5;7;11;0;2023;11;11;2;3;0;1;0;0;1;0;0;0;0;0;471909,913700000382960;5768547,135099999606609;8,590213931000051;52,066799679000042;1
189790;5231106317250981732;5;9;78;32;2023;11;18;2;3;3;5;2;0;1;0;0;0;0;1;393987,843899999745190;5724855,698200000450015;7,467155391000063;51,664672889000030;1
189791;5231106317140351335;5;9;78;28;2023;11;13;2;3;4;6;0;0;1;0;0;0;0;1;399632,128999999724329;5700350,786100000143051;7,555732318000025;51,445440445000031;1
189792;5231106317110818722;5;9;78;36;2023;11;7;2;3;0;6;0;0;1;1;0;0;0;0;408531,229299999773502;5711650,590600000694394;7,680820420000032;51,548525687000051;1
189793;5231106313220390707;5;9;58;24;2023;11;7;2;3;8;5;1;1;1;0;0;0;0;1;489350,760800000280142;5700943,245899999514222;8,846716481000044;51,459563495000054;1
189797;5231105702100068135;5;5;15;0;2023;11;11;1;3;5;3;0;1;1;1;0;0;0;0;411569,435999999754131;5761236,835999999195337;7,711998540000025;51,994743660000040;1
189803;5231105601200989740;5;3;15;0;2023;11;15;1;3;0;1;0;1;1;0;0;0;0;0;355289,528300000354648;5641888,751000000163913;6,941571826000029;50,910486796000043;1
189805;5231105601200981800;5;3;15;0;2023;11;14;1;3;3;5;0;1;1;1;0;0;0;0;353637,952200000174344;5643934,081900000572205;6,917274810000038;50,928451118000055;1
189806;5231105518310096233;5;1;70;32;2023;11;11;1;3;0;1;0;1;1;0;0;0;0;0;333444,256000000052154;5713333,764000000432134;6,597898638000061;51,546484634000080;1
189810;5231105506100981791;5;1;16;0;2023;11;14;1;3;5;3;0;1;1;1;0;0;0;0;321041,370600000023842;5674289,960200000554323;6,438863069000035;51,191962755000077;1
189812;5231105500200987272;5;1;11;0;2023;11;15;1;3;0;1;0;1;1;0;0;0;0;0;346522,999200000427663;5677710,056600000709295;6,801764408000054;51,230106159000059;1
189813;5231105500200090820;5;1;11;0;2023;11;12;1;3;6;4;0;1;1;1;1;0;0;0;344261,789599999785423;5680197,185599999502301;6,768321846000049;51,251841221000063;1
189814;5231105500100357528;5;1;11;0;2023;11;3;1;3;4;7;2;1;1;1;0;0;0;0;345693,917000000365078;5677517,785000000149012;6,789981789000024;51,228154957000072;1
189820;5231113601500799025;5;3;15;0;2023;11;18;2;3;5;3;2;1;1;1;0;0;0;0;359972,001000000163913;5645955,314099999144673;7,006571594000036;50,948188618000074;1
189830;5231104608100080712;5;3;34;2;2023;11;11;7;3;5;3;0;1;1;1;0;0;0;0;293658,459999999962747;5629551,389000000432134;6,072893686000043;50,780951719000029;1
189833;5231107500300476682;5;1;11;0;2023;11;21;3;3;5;3;2;0;1;1;0;0;0;0;343384,588000000454485;5676186,720000000670552;6,757515348000027;51,215565998000045;1
189835;5231117702100579604;5;5;15;0;2023;11;10;6;3;3;2;0;0;1;0;0;0;0;0;408664,442599999718368;5756348,982200000435114;7,670999728000027;51,950338609000028;1