OID_;UIDENTSTLAE;ULAND;UREGBEZ;UKREIS;UGEMEINDE;UJAHR;UMONAT;USTUNDE;UWOCHENTAG;UKATEGORIE;UART;UTYP1;ULICHTVERH;IstStrassenzustand;IstRad;IstPKW;IstFuss;IstKrad;IstGkfz;IstSonstige;LINREFX;LINREFY;XGCSWGS84;YGCSWGS84;PLST
189838;5231104601400169431;5;3;15;0;2023;11;10;7;2;0;1;0;1;1;0;0;0;0;0;355902,374300000257790;5647769,059800000861287;6,947957813000073;50,963485457000047;1
189840;5231104601300426691;5;3;15;0;2023;11;11;7;3;5;2;0;0;1;0;0;1;0;0;352975,980000000447035;5646967,266000000759959;6,906637475000025;50,955540750000068;1
189841;5231104601300276830;5;3;15;0;2023;11;18;7;3;0;1;2;1;1;0;0;0;0;0;349844,599899999797344;5647504,990399999544024;6,861863157000073;50,959565543000053;1
189842;5231104601300274261;5;3;15;0;2023;11;9;7;3;5;3;0;0;1;1;0;0;0;0;352515,933299999684095;5647230,162100000306964;6,899985393000065;50,957785723000029;1
189848;5231104518302844812;5;1;70;40;2023;11;13;7;3;0;1;0;1;1;0;0;0;0;0;318208,115600000135601;5721101,841000000014901;6,374376927000071;51,611557124000058;1
189855;5231104500200378782;5;1;11;0;2023;11;19;7;3;0;7;2;1;1;0;0;0;0;0;347700,053199999965727;5678180,803999999538064;6,818409968000026;51,234651433000067;1
189856;5231104500200278820;5;1;11;0;2023;11;13;7;3;0;1;0;1;1;0;0;0;0;0;344557,606399999931455;5678789,632799999788404;6,773168501000043;51,239274615000056;1
189857;5231104500100981797;5;1;11;0;2023;11;12;7;3;5;3;0;0;1;1;0;0;0;0;345895,727800000458956;5675628,508400000631809;6,793681909000043;51,211233414000048;1
189858;5231104410230287144;5;7;70;4;2023;11;11;7;2;0;1;0;0;1;0;0;0;0;0;486404,057099999859929;5783792,476199999451637;8,801046776000021;52,204411368000081;1
189859;5231104404103021677;5;7;66;32;2023;11;11;7;3;5;2;0;0;1;1;0;0;0;0;496708,035199999809265;5747638,182199999690056;8,952175796000063;51,879509925000036;1
189860;5231104317110480867;5;9;78;36;2023;11;12;7;3;0;7;0;0;1;0;0;0;0;0;412749,454199999570847;5710560,164000000804663;7,741910661000077;51,539391383000066;1
189861;5231104314320299553;5;9;66;16;2023;11;21;7;2;0;1;2;1;1;0;0;0;0;0;442294,926099999807775;5659165,928099999204278;8,176191411000048;51,081096177000063;1
189866;5231114709110011955;5;5;66;64;2023;11;7;3;2;5;3;1;1;1;1;0;0;0;0;395899,632000000216067;5771649,960999999195337;7,480675625000060;52,085617887000069;1
189867;5231104513210975525;5;1;62;24;2023;11;9;7;2;0;1;0;0;1;0;0;0;0;0;338626,021999999880791;5674530,849999999627471;6,690183469000033;51,199363302000052;1
189868;5231104301205977027;5;9;13;0;2023;11;19;7;2;4;2;2;1;1;1;0;0;0;0;387102,878999999724329;5711859,983999999240041;7,371831121000071;51,546527326000046;1
189871;5231103709300362077;5;5;66;84;2023;11;7;6;3;5;3;0;1;1;1;0;0;0;0;389861,041000000201166;5775933,750000000000000;7,391195013000072;52,122948816000076;1
189874;5231103705000581498;5;5;54;8;2023;11;18;6;3;6;6;2;0;1;0;1;0;0;0;336078,087799999862909;5747015,653000000864267;6,620019637000041;51,849844133000033;1
189875;5231103705000395122;5;5;54;8;2023;11;7;6;3;5;2;0;0;1;1;0;0;0;0;335279,691899999976158;5744256,749700000509620;6,609752023000055;51,824824880000051;1
189876;5231103702100981843;5;5;15;0;2023;11;14;6;3;6;6;0;1;1;0;1;0;0;0;408810,719600000418723;5755932,874299999326468;7,673237942000071;51,946622372000036;1
189877;5231103702100096667;5;5;15;0;2023;11;12;6;2;5;6;0;0;1;0;0;0;0;0;405386,128800000064075;5756755,446599999442697;7,623200544000042;51,953444087000037;1
189880;5231103608436689784;5;3;34;36;2023;11;16;6;3;5;3;0;0;1;1;0;0;0;0;297350,452600000426173;5633435,248500000685453;6,123053486000060;50,817136308000045;1
189881;5231103608436094816;5;3;34;36;2023;11;9;6;3;8;6;0;0;1;1;0;0;0;0;298172,311999999918044;5633436,791999999433756;6,134704685000031;50,817437128000051;1
189883;5231103606400793476;5;3;78;24;2023;11;13;6;3;5;3;0;0;1;1;0;0;0;0;380189,699199999682605;5644517,157700000330806;7,294714525000074;50,939818765000041;1
189887;5231103602900573642;5;3;62;40;2023;11;11;6;3;0;1;0;0;1;0;0;0;0;0;360753,939899999648333;5630401,720799999311566;7,023620105000020;50,808592958000077;1
189889;5231103601700981860;5;3;16;0;2023;11;9;6;3;6;4;0;0;1;0;1;0;0;0;360314,923999999649823;5657684,412000000476837;7,006937404000041;51,053681986000072;1
189891;5231103601600386482;5;3;15;0;2023;11;16;6;3;5;3;0;0;1;1;0;0;0;0;361104,769999999552965;5640663,524000000208616;7,024703050000028;50,900903971000048;1
189893;5231103601300190917;5;3;15;0;2023;11;12;6;3;3;2;0;0;1;0;0;0;0;0;354482,417000000365078;5646340,035499999299645;6,928322122000054;50,950286377000054;1
189894;5231103601300067755;5;3;15;0;2023;11;19;6;2;5;3;2;0;1;1;0;0;0;0;354534,803999999538064;5645320,792999999597669;6,929474512000070;50,941139967000026;1
189895;5231103601200981870;5;3;15;0;2023;11;2;6;2;0;1;2;0;1;0;0;0;0;0;354623,978299999609590;5643639,886800000444055;6,931413415000065;50,926056599000049;1
189896;5231103601200981836;5;3;15;0;2023;11;13;6;3;0;1;0;0;1;0;0;0;0;0;353298,093200000002980;5642999,886900000274181;6,912817897000025;50,919969510000044;1
189899;5231103601200767783;5;3;15;0;2023;11;12;6;3;0;1;0;0;1;0;0;0;0;0;354242,570799999870360;5643395,298800000920892;6,926087853000070;50,923762317000069;1
189901;5231103600380981845;5;3;14;0;2023;11;14;6;3;0;1;0;0;1;0;0;0;0;0;370179,384899999946356;5616099,791600000113249;7,162363650000032;50,682232662000047;1
189902;5231103600360981867;5;3;82;12;2023;11;6;6;3;5;3;2;0;1;1;0;0;0;0;358262,945100000128150;5625328,033700000494719;6,990243985000063;50,762390153000069;1
189904;5231103518200844677;5;1;70;24;2023;11;11;6;2;5;3;0;0;1;1;0;0;0;0;334356,278599999845028;5702727,505999999120831;6,616018907000068;51,451467257000047;1
189907;5231115601300991114;5;3;15;0;2023;11;11;4;3;2;2;0;0;1;1;0;0;0;0;351831,570299999788404;5646023,793099999427795;6,890738818000045;50,946769162000066;1
189913;5231103513210090367;5;1;62;24;2023;11;7;6;3;0;7;0;0;1;0;0;0;0;0;339571,113900000229478;5674719,946399999782443;6,703614786000060;51,201328477000061;1
189914;5231103506100882251;5;1;16;0;2023;11;18;6;3;5;3;2;0;1;1;0;0;0;0;321553,770700000226498;5674045,226700000464916;6,446309974000030;51,189924463000068;1
189917;5231103505100095991;5;1;14;0;2023;11;16;6;3;0;3;0;0;1;1;0;0;0;0;330599,865199999883771;5689408,502100000157952;6,568362435000040;51,330701130000080;1
189920;5231103502322386698;5;1;13;0;2023;11;10;6;3;0;7;0;0;1;0;0;0;0;1;358454,772300000302494;5704054,117399999871850;6,962062833000061;51,469925748000037;1
189922;5231103502319981827;5;1;13;0;2023;11;19;6;3;3;6;2;0;1;1;0;0;0;0;356162,162299999967217;5705528,758199999108911;6,928476953000029;51,482598586000051;1
189923;5231103502210089573;5;1;13;0;2023;11;13;6;3;5;3;0;0;1;1;0;0;0;0;360909,699000000022352;5700558,842000000178814;6,998759341000039;51,439124902000060;1
189925;5231103501211082260;5;1;12;0;2023;11;13;6;3;5;3;0;0;1;1;0;0;0;0;341452,216000000014901;5697413,298000000417233;6,720434629000067;51,405751987000031;1
189926;5231103500300981850;5;1;11;0;2023;11;12;6;3;5;2;0;0;1;1;0;0;0;0;352012,199699999764562;5668622,526599999517202;6,884071596000069;51,149894885000037;1
189929;5231103500300101866;5;1;11;0;2023;11;14;6;3;5;3;0;0;1;1;0;0;0;0;349788,593000000342727;5676447,923000000417233;6,849030373000062;51,219633716000033;1
189930;5231103500200978851;5;1;11;0;2023;11;13;6;3;0;7;0;0;1;0;0;0;0;0;344985,612999999895692;5678536,797599999234080;6,779404506000049;51,237119246000077;1
189932;5231103411240696964;5;7;74;40;2023;11;13;6;2;0;1;0;0;1;0;0;0;0;0;481336,127899999730289;5713322,642100000753999;8,730700581000065;51,570666596000081;1
189936;5231103410230490794;5;7;70;4;2023;11;10;6;3;0;1;0;1;1;0;0;0;0;0;486454,422600000165403;5783047,055600000545382;8,801813597000034;52,197710832000041;1
189944;5231103307000794341;5;9;62;40;2023;11;13;6;3;0;6;0;0;1;1;0;0;0;0;415282,569000000134110;5702159,439999999478459;7,780444974000034;51,464257449000058;1
189946;5231103303200775042;5;9;15;0;2023;11;12;6;3;0;1;0;0;1;0;0;0;0;0;417668,290000000037253;5727040,125000000000000;7,808948072000021;51,688278835000062;1
189950;5231103300600981323;5;9;16;0;2023;11;9;6;3;0;2;0;0;1;0;0;0;0;0;376913,405299999751151;5711469,856699999421835;7,225090744000056;51,540890611000066;1
189951;5231102709300342420;5;5;66;84;2023;11;16;5;2;8;1;1;1;1;0;0;0;0;0;386267,104799999855459;5777864,252199999988079;7,338076157000046;52,139570457000048;1
189952;5231102705000786008;5;5;54;8;2023;11;5;5;3;5;2;2;0;1;1;0;0;0;0;335241,864299999549985;5745109,930099999532104;6,608797565000032;51,832478177000041;1
189954;5231102705000096700;5;5;54;8;2023;11;16;5;3;0;1;1;0;1;1;0;0;0;0;334091,257299999706447;5743495,036699999123812;6,592887976000043;51,817630597000061;1
189957;5231111411132456304;5;7;74;32;2023;11;11;7;2;5;3;0;1;1;0;0;0;0;0;483193,985899999737740;5729442,719200000166893;8,756732782000029;51,715667529000029;1
189959;5231102700000981384;5;5;13;0;2023;11;10;5;3;1;1;0;0;1;1;0;0;0;0;365467,703800000250340;5719450,710000000894070;7,057084716000077;51,609998153000049;1
189961;5231102608200599704;5;3;34;2;2023;11;15;5;3;0;4;0;0;1;0;1;0;0;0;295477,525000000372529;5628160,228000000119209;6,099436543000024;50,769101606000049;1
189964;5231102607400490943;5;3;82;68;2023;11;15;5;3;1;3;0;0;1;1;0;0;0;0;371660,429999999701977;5630875,731699999421835;7,178167784000038;50,815372549000074;1
189967;5231102607400195348;5;3;82;68;2023;11;15;5;3;5;3;0;0;1;1;0;0;0;0;366220,837899999693036;5626924,640399999916553;7,102434009000035;50,778629701000057;1
189970;5231102602700790924;5;3;62;28;2023;11;20;5;3;0;1;2;0;1;0;0;0;0;0;351969,561800000257790;5639157,915999999269843;6,895487701000036;50,885104061000050;1
189972;5231102601700190170;5;3;16;0;2023;11;13;5;3;0;6;0;0;1;0;0;0;0;1;360285,756000000052154;5659033,700099999085069;7,006000493000045;51,065800887000080;1
189976;5231102601400265953;5;3;15;0;2023;11;12;5;3;0;1;0;0;1;0;0;0;0;0;355996,012900000438094;5648223,506400000303984;6,949110481000048;50,967592885000045;1
189977;5231102601400081721;5;3;15;0;2023;11;13;5;3;0;5;0;0;1;1;0;0;0;0;356645,426699999719858;5647721,970200000330806;6,958550705000050;50,963247637000052;1
189978;5231102601300981882;5;3;15;0;2023;11;14;5;2;5;3;0;0;1;1;0;0;0;0;351712,991399999707937;5648530,594900000840425;6,888030628000024;50,969265929000073;1
189979;5231102601300099097;5;3;15;0;2023;11;16;5;3;5;2;0;0;1;1;0;0;0;0;353647,561200000345707;5646034,322399999946356;6,916567852000071;50,947327678000079;1
189982;5231102600140199573;5;3;14;0;2023;11;17;5;3;6;4;0;0;1;0;1;0;0;0;367334,036100000143051;5622513,151200000196695;7,119804847000069;50,739234874000033;1
189983;5231102600110981905;5;3;14;0;2023;11;12;5;3;0;1;0;1;1;0;0;0;0;0;362769,709900000132620;5624849,244400000199676;7,054286059000049;50,759170335000078;1
189984;5231102600110793437;5;3;14;0;2023;11;14;5;3;0;1;0;0;1;0;0;0;0;0;366081,600300000049174;5621359,351600000634789;7,102484347000029;50,728577080000036;1
189985;5231102518410981873;5;1;70;16;2023;11;21;5;3;6;7;2;1;1;0;0;0;0;1;347902,588800000026822;5724941,027100000530481;6,801213705000066;51,654857587000038;1
189987;5231102518400981878;5;1;70;8;2023;11;18;5;3;0;3;2;1;1;1;0;0;0;0;343698,535199999809265;5714908,580399999395013;6,744960806000051;51,563567171000045;1
189988;5231102518300682350;5;1;70;20;2023;11;13;5;3;5;3;0;0;1;1;0;0;0;0;327631,814500000327826;5708728,773199999704957;6,516406695000057;51,503371690000051;1
189994;5231102515110981881;5;1;54;56;2023;11;13;5;3;7;7;0;1;1;0;0;0;0;0;311278,059600000269711;5727496,981599999591708;6,270957864000025;51,666713992000041;1
189997;5231102513130574141;5;1;62;22;2023;11;8;5;3;5;2;1;1;1;1;0;0;0;0;338992,383600000292063;5679267,003299999982119;6,693295896000052;51,242020389000061;1
190003;5231102506100299718;5;1;16;0;2023;11;11;5;3;5;3;0;0;1;1;0;0;0;0;322601,746100000105798;5672514,002199999988079;6,462047393000034;51,176495104000026;1
190004;5231102505200685921;5;1;14;0;2023;11;8;5;3;0;5;0;1;1;1;0;0;0;0;335879,834599999710917;5691367,412699999287724;6,643180419000032;51,349848964000046;1
190006;5231102503400790192;5;1;22;0;2023;11;13;5;3;7;1;0;1;1;0;0;0;0;0;366590,618999999947846;5670509,645999999716878;7,091683266000075;51,170439003000070;1
190011;5231102411132981903;5;7;74;32;2023;11;14;5;3;0;1;0;0;1;0;0;0;0;0;483295,163999999873340;5728713,073000000789762;8,758232302000067;51,709110069000076;1
190014;5231102405108981877;5;7;54;8;2023;11;17;5;3;0;1;2;0;1;0;0;0;0;0;458773,978600000031292;5749326,007300000637770;8,400902504000044;51,893170222000037;1
190015;5231102404301068125;5;7;66;44;2023;11;16;5;3;5;3;0;0;1;1;0;0;0;0;494387,720200000330806;5762996,822200000286102;8,918216527000027;52,017581366000059;1
190018;5231102316100981921;5;9;74;40;2023;11;5;5;3;5;3;2;0;1;1;0;0;0;0;437526,859600000083447;5713600,977800000458956;8,098585573000037;51,570016574000078;1
190019;5231102315260973288;5;9;70;32;2023;11;9;5;3;8;1;0;1;1;0;0;0;0;0;437580,525999999605119;5640589,722999999299645;8,112089690000062;50,913576119000027;1
190023;5231106303200477975;5;9;15;0;2023;11;14;2;3;2;7;0;0;1;1;0;0;0;0;413495,463000000454485;5728126,312899999320507;7,748327668000059;51,697415443000068;1
190026;5231101705000981953;5;5;54;64;2023;11;5;4;2;0;1;2;1;1;0;0;0;0;0;356763,603500000201166;5750500,731699999421835;6,918677723000030;51,886849503000064;1
190028;5231101608416785852;5;3;34;16;2023;11;10;4;3;5;3;0;0;1;1;0;0;0;0;294131,766400000080466;5637377,569700000807643;6,075207995000028;50,851407439000070;1
190029;5231101608200075610;5;3;34;2;2023;11;0;4;3;0;1;2;1;1;0;0;0;0;0;295873,520299999974668;5628233,614600000903010;6,105004226000062;50,769900169000039;1
190031;5231101602800586145;5;3;62;12;2023;11;14;4;3;0;1;0;1;1;0;0;0;0;0;352398,491100000217557;5633659,134899999946356;6,903799023000033;50,835797986000046;1
190033;5231101601600981940;5;3;15;0;2023;11;14;4;2;1;5;0;1;1;1;0;0;0;0;358251,769000000320375;5642062,668800000101328;6,983612356000037;50,912784860000045;1
190034;5231101601600475850;5;3;15;0;2023;11;13;4;3;6;6;0;0;1;0;1;0;0;0;362718,045400000177324;5637574,338099999353290;7,048792507000030;50,873525884000060;1
190035;5231101601400090362;5;3;15;0;2023;11;0;4;3;7;1;2;0;1;0;0;0;0;0;356053,650999999605119;5646715,649900000542402;6,950527277000049;50,954056484000034;1
190036;5231101601300981926;5;3;15;0;2023;11;19;4;3;7;7;2;0;1;0;1;0;0;0;352608,782999999821186;5646933,424399999901652;6,901426687000026;50,955142837000039;1
190038;5231101601200087597;5;3;15;0;2023;11;0;4;3;8;1;2;1;1;0;0;0;0;0;353759,289499999955297;5643145,047499999403954;6,919316670000057;50,921391092000079;1
190039;5231101601100486470;5;3;15;0;2023;11;12;4;2;0;4;0;0;1;0;1;0;0;0;356484,149899999611080;5643715,990000000223517;6,957834149000064;50,927206290000072;1
190043;5231110601100090220;5;3;15;0;2023;11;15;6;3;5;2;0;0;1;1;0;0;0;0;355469,484500000253320;5644629,096999999135733;6,943043767000063;50,935158886000067;1
190044;5231101505100585966;5;1;14;0;2023;11;13;4;3;0;1;0;1;1;0;0;0;0;0;328361,750000000000000;5687746,288100000470877;6,537067707000062;51,315097270000081;1
190047;5231101501134273940;5;1;12;0;2023;11;12;4;3;0;1;0;0;1;0;0;0;0;0;342844,144000000320375;5712180,402000000700355;6,733863256000063;51,538818138000067;1
190048;5231101501111276346;5;1;12;0;2023;11;12;4;3;0;1;0;1;1;0;0;0;0;0;346509,117600000463426;5709119,318900000303984;6,788001797000049;51,512322832000052;1
190051;5231101411132787000;5;7;74;32;2023;11;11;4;3;0;3;0;0;1;1;0;0;0;0;480924,433699999935925;5728299,810499999672174;8,723943940000026;51,705318694000027;1
190055;5231101317140981930;5;9;78;28;2023;11;18;4;3;0;5;2;1;1;1;0;0;0;0;401777,021399999968708;5699245,622700000181794;7,586893227000076;51,435882126000081;1
190056;5231101303200981941;5;9;15;0;2023;11;13;4;2;5;3;0;1;1;0;0;0;0;0;411815,320100000128150;5724154,718599999323487;7,725026536000030;51,661452425000050;1
190059;5231031711200176720;5;5;70;4;2023;10;15;3;3;5;3;0;1;1;1;0;0;0;0;425517,350700000301003;5734842,006699999794364;7,920804928000052;51,759512320000056;1
190062;5231102300000991672;5;9;11;0;2023;11;11;5;3;4;6;0;0;1;1;0;0;0;0;376639,106599999591708;5704860,724300000816584;7,223449951000021;51,481431950000058;1
190063;5231031705000982048;5;5;54;8;2023;10;9;3;3;5;3;0;0;1;0;0;0;0;0;335628,019100000150502;5746240,330900000408292;6,613859720000050;51,842746783000052;1
190064;5231031705000982036;5;5;54;8;2023;10;12;3;3;5;2;0;0;1;1;0;0;0;0;335778,656000000424683;5744569,114000000059605;6,616837535000059;51,827777851000064;1
190065;5231031705000982026;5;5;54;20;2023;10;16;3;3;0;3;0;1;1;1;0;0;0;0;366568,793300000019372;5786723,193099999800324;7,046916963000058;52,214766310000073;1
190066;5231031705000096700;5;5;54;8;2023;10;18;3;2;5;3;2;1;1;1;0;0;0;0;336489,447100000455976;5745717,792700000107288;6,626600191000023;51,838305469000034;1
190067;5231031705000031360;5;5;54;68;2023;10;7;3;3;0;7;1;1;1;0;0;0;0;0;350195,767500000074506;5767454,576199999079108;6,815921705000051;52,037445334000040;1
190068;5231031702100772350;5;5;15;0;2023;10;16;3;3;5;3;0;1;1;0;0;0;0;0;405425,100100000388920;5758253,828500000759959;7,623354913000071;51,966918805000034;1
190069;5231031702100376382;5;5;15;0;2023;10;8;3;3;5;2;1;1;1;1;0;0;0;0;403455,179600000381470;5758832,138100000098348;7,594527081000024;51,971778178000079;1
190070;5231031702100073310;5;5;15;0;2023;10;7;3;3;4;6;2;1;1;1;0;0;0;0;400620,653099999763072;5756677,064899999648333;7,553900395000028;51,951908443000036;1
190075;5231031701110999300;5;5;62;32;2023;10;17;3;3;0;1;2;1;1;0;0;0;0;0;375692,759999999776483;5717302,041999999433756;7,205435296000076;51,593038200000080;1
190078;5231031609108189791;5;3;58;8;2023;10;11;3;3;0;1;0;0;1;0;0;0;0;0;319595,444099999964237;5629042,309599999338388;6,440658700000029;50,785027710000065;1
190079;5231031608332041301;5;3;34;32;2023;10;18;3;3;1;5;2;1;1;1;0;0;0;0;304535,854199999943376;5627093,976299999281764;6,228305093000074;50,762646703000030;1
190081;5231031608312689928;5;3;34;12;2023;10;9;3;3;0;5;0;0;1;1;0;0;0;0;307602,536700000055134;5632845,804899999871850;6,268726597000068;50,815337967000062;1
190084;5231031605136686082;5;3;74;36;2023;10;7;3;3;5;3;0;1;1;1;0;0;0;0;384846,430800000205636;5673742,588099999353290;7,351656918000060;51,203465793000078;1
190086;5231031602800086145;5;3;62;12;2023;10;7;3;3;3;2;0;0;1;1;0;0;0;0;352011,390399999916553;5633545,591199999675155;6,898351305000062;50,834678749000034;1
190088;5231031601700982020;5;3;16;0;2023;10;14;3;3;0;2;0;0;1;1;0;0;0;0;362326,598000000230968;5654939,834899999201298;7,036665522000021;51,029501849000042;1
190091;5231031601400556600;5;3;15;0;2023;10;13;3;3;5;5;0;0;1;1;0;0;0;0;349503,050900000147521;5652216,268899999558926;6,855052615000034;51,001813065000078;1
190094;5231031601200587340;5;3;15;0;2023;10;18;3;2;4;6;2;1;1;0;0;0;0;0;354634,194600000046194;5644227,659499999135733;6,931324309000047;50,931341337000049;1
190095;5231031601100786450;5;3;15;0;2023;10;12;3;3;5;3;0;0;1;1;0;0;0;0;356036,299999999813735;5646183,626900000497699;6,950490782000031;50,949270958000056;1
190097;5231031601100486521;5;3;15;0;2023;10;10;3;3;0;5;0;0;1;1;0;0;0;0;356034,419599999673665;5646182,556199999526143;6,950464453000052;50,949260866000031;1
190099;5231031600310982042;5;3;14;0;2023;10;10;3;3;0;1;0;0;1;0;0;0;0;0;362420,953999999910593;5620081,834000000730157;7,051124035000043;50,716239729000051;1
190103;5231031600110895333;5;3;14;0;2023;10;18;3;3;4;6;2;1;1;0;0;0;0;0;365465,786000000312924;5621122,561000000685453;7,093850287000066;50,726306536000038;1
190104;5231031600110590933;5;3;14;0;2023;10;17;3;3;0;2;1;1;1;1;0;0;0;0;365282,111999999731779;5622672,105000000447035;7,090683142000046;50,740191147000075;1
190105;5231031518400982050;5;1;70;8;2023;10;7;3;3;5;3;0;1;1;0;0;0;0;1;342933,605999999679625;5714934,106000000610948;6,733922653000036;51,563584005000052;1
190108;5231031518100790483;5;1;70;48;2023;10;19;3;3;0;1;2;1;1;0;0;0;0;0;335280,716900000348687;5725430,479900000616908;6,618679139000051;51,655698327000039;1
190109;5231031515212982055;5;1;54;32;2023;10;6;3;3;5;3;2;1;1;1;0;0;0;0;308360,002000000327826;5718850,372999999672174;6,233544339000048;51,588071101000025;1
190112;5231031513310781531;5;1;62;8;2023;10;15;3;3;3;2;0;1;1;1;0;0;0;0;330938,310499999672174;5656999,847799999639392;6,588466871000037;51,039636285000029;1
190115;5231031508000991326;5;1;19;0;2023;10;11;3;3;1;5;0;0;1;1;0;0;0;0;350765,508399999700487;5703320,974899999797344;6,851745521000055;51,461362571000052;1
190119;5231031505100980514;5;1;14;0;2023;10;12;3;3;5;2;0;0;1;1;0;0;0;0;327617,489699999801815;5688431,922499999403954;6,526067072000046;51,321031770000047;1
190121;5231206709500980316;5;5;66;76;2023;12;7;4;3;0;1;1;2;1;0;0;0;0;0;392118,824500000104308;5793190,268999999389052;7,418664624000030;52,278482445000066;1
190122;5231206706200668277;5;5;58;12;2023;12;9;4;2;5;3;0;1;1;0;0;0;0;1;373878,599499999545515;5755865,997800000011921;7,165258810000068;51,939199209000037;1
190124;5231206705000195070;5;5;54;68;2023;12;11;4;3;4;1;0;1;1;1;0;0;0;0;350600,446800000034273;5767196,311200000345707;6,821929947000058;52,035234153000033;1
190125;5231206705000096108;5;5;54;12;2023;12;11;4;3;8;1;0;0;1;0;0;0;0;0;353428,565399999730289;5746286,872099999338388;6,872041306000028;51,848121387000049;1
190129;5231206610112389914;5;3;70;8;2023;12;17;4;3;5;3;2;0;1;1;0;0;0;0;288537,715499999932945;5653405,545800000429153;5,986556330000042;50,993324486000063;1
190130;5231206609108899647;5;3;58;8;2023;12;13;4;3;5;2;0;1;1;1;0;0;0;0;323763,169999999925494;5630201,462999999523163;6,499168116000021;50,796723582000027;1
190131;5231206607100532321;5;3;82;60;2023;12;12;4;3;6;7;0;1;1;0;1;0;0;0;373449,563400000333786;5628578,653500000014901;7,204343689000041;50,795119255000031;1
190132;5231206606000881774;5;3;78;4;2023;12;12;4;3;0;7;0;1;1;0;0;0;0;0;369538,944000000134110;5650626,120999999344349;7,141010913000059;50,992413651000049;1
190134;5231206602700980288;5;3;62;28;2023;12;15;4;3;5;3;0;1;1;1;0;0;0;0;350632,989699999801815;5639337,385700000450015;6,876426516000038;50,886372862000030;1
190138;5231206601200980298;5;3;15;0;2023;12;13;4;3;0;1;0;0;1;0;0;0;0;0;355257,347599999979138;5642307,830399999395013;6,940948151000043;50,914244920000044;1
190142;5231206513130978433;5;1;62;22;2023;12;9;4;2;5;3;0;1;1;1;0;0;0;0;339388,762400000356138;5680247,141400000080466;6,698530041000026;51,250938523000059;1
190145;5231206505200091513;5;1;14;0;2023;12;17;4;3;1;7;2;0;1;1;0;0;0;0;329264,332299999892712;5689238,665799999609590;6,549291798000070;51,328775986000039;1
190146;5231206505100980320;5;1;14;0;2023;12;8;4;3;3;5;1;1;1;1;0;0;0;0;329464,152300000190735;5688329,537399999797344;6,552592177000065;51,320668520000027;1
190150;5231206411232947834;5;7;74;32;2023;12;17;4;3;0;1;2;1;1;1;0;0;0;0;482698,696800000034273;5731359,323899999260902;8,749468308000075;51,732885229000033;1
190154;5231206405108082023;5;7;54;8;2023;12;8;4;3;5;3;0;2;1;0;0;0;0;0;457374,082999999634922;5751011,336999999359250;8,380352019000043;51,908217008000065;1
190163;5231205709700212498;5;5;66;28;2023;12;10;3;3;1;5;0;0;1;1;0;0;0;0;412359,951500000432134;5792406,834799999371171;7,715474943000061;52,275040646000036;1
190164;5231205709500912492;5;5;66;16;2023;12;19;3;3;3;6;2;1;1;1;0;0;0;0;406845,958200000226498;5791075,672399999573827;7,635048992000065;52,262169535000055;1
190165;5231205709110487268;5;5;66;12;2023;12;6;3;3;5;2;2;1;1;0;0;0;0;1;401296,303799999877810;5777360,586500000208616;7,557755747000044;52,137933294000050;1
190167;5231205702100069260;5;5;15;0;2023;12;7;3;3;5;2;2;1;1;1;0;0;0;0;403552,873599999584258;5754877,060599999502301;7,597058945000072;51,936245601000053;1
190172;5231205610211786144;5;3;70;4;2023;12;12;3;3;5;3;0;1;1;1;0;0;0;0;312181,703999999910593;5662265,383999999612570;6,318483346000050;51,081110448000061;1
190173;5231205610111054347;5;3;70;16;2023;12;15;3;3;1;5;0;1;1;0;0;0;0;1;295249,729399999603629;5664749,361600000411272;6,075657799000055;51,097626925000043;1
190176;5231205602300193432;5;3;62;36;2023;12;7;3;3;5;3;2;1;1;1;0;0;0;0;344110,783999999985099;5648027,407999999821186;6,780057052000075;50,962737262000076;1
190178;5231205601700745912;5;3;16;0;2023;12;6;3;3;5;3;2;1;1;1;0;0;0;0;360928,947300000116229;5657520,077199999243021;7,015755948000049;51,052354128000047;1
190184;5231205601200967750;5;3;15;0;2023;12;16;3;3;0;1;1;1;1;0;0;0;0;0;353706,668200000189245;5642108,928400000557303;6,918984017000071;50,912066470000070;1
190185;5231205601100876468;5;3;15;0;2023;12;10;3;3;5;3;0;1;1;1;0;0;0;0;355772,429999999701977;5643680,527599999681115;6,947727652000026;50,926710094000043;1
190188;5231205600110895527;5;3;14;0;2023;12;19;3;3;0;1;2;1;1;0;0;0;0;0;365907,786999999545515;5621261,820000000298023;7,100058465000075;50,727660375000028;1
190189;5231205518100980330;5;1;70;48;2023;12;18;3;3;5;7;2;1;1;1;0;0;0;0;337389,608000000007451;5726186,336999999359250;6,648787627000047;51,663102855000034;1
190193;5231205516500086747;5;1;58;16;2023;12;17;3;3;5;7;2;1;1;1;0;0;0;0;355374,207999999634922;5670675,625099999830127;6,931282274000068;51,169204265000076;1