OID_;UIDENTSTLAE;ULAND;UREGBEZ;UKREIS;UGEMEINDE;UJAHR;UMONAT;USTUNDE;UWOCHENTAG;UKATEGORIE;UART;UTYP1;ULICHTVERH;IstStrassenzustand;IstRad;IstPKW;IstFuss;IstKrad;IstGkfz;IstSonstige;LINREFX;LINREFY;XGCSWGS84;YGCSWGS84;PLST
190664;5231204316400980386;5;9;74;44;2023;12;20;2;2;5;3;2;1;1;1;0;0;0;0;455327,282999999821186;5700815,207000000402331;8,357024456000033;51,456749505000062;1
190666;5231127301202980785;5;9;13;0;2023;11;6;2;3;5;3;2;1;1;0;0;0;0;1;392196,785600000061095;5708479,671599999070168;7,446299048000071;51,517140009000059;1
190672;5231127301101085522;5;9;13;0;2023;11;8;2;3;5;3;0;1;1;1;0;0;0;0;392321,146999999880791;5708171,376199999824166;7,448184872000070;51,514392647000079;1
190674;5231126709700012164;5;5;66;56;2023;11;14;1;3;8;1;0;1;1;0;0;0;0;0;417525,799800000153482;5797326,277499999850988;7,789966330000027;52,320058286000062;1
190675;5231126705000895046;5;5;54;12;2023;11;10;1;3;0;3;0;0;1;1;0;0;0;0;352359,476999999955297;5747645,607999999076128;6,855951349000065;51,860047776000044;1
190676;5231126700000699257;5;5;13;0;2023;11;17;1;2;5;2;2;1;1;1;0;0;0;0;367553,566300000064075;5708120,921800000593066;7,091458644000056;51,508676056000070;1
190686;5231126601100187225;5;3;15;0;2023;11;11;1;3;5;2;0;0;1;1;0;0;0;0;355110,559000000357628;5645221,625000000000000;6,937703458000044;50,940393735000043;1
190688;5231126513110981647;5;1;62;16;2023;11;17;1;2;5;2;2;1;1;1;0;0;0;0;332778,836900000460446;5676813,443399999290705;6,605503240000075;51,218189526000060;1
190691;5231126505100096240;5;1;14;0;2023;11;12;1;3;5;3;0;0;1;1;0;0;0;0;330087,927799999713898;5689013,980399999767542;6,561209146000067;51,327004091000049;1
190692;5231126503400980824;5;1;22;0;2023;11;0;1;3;0;7;2;1;1;0;0;0;0;0;362034,377999999560416;5670077,650000000372529;7,026716298000053;51,165475735000030;1
190695;5231126501312682163;5;1;12;0;2023;11;13;1;3;5;3;0;1;1;1;0;0;0;0;341982,532999999821186;5700958,140000000596046;6,726472435000062;51,437749567000026;1
190706;5231125709300776630;5;5;66;84;2023;11;13;7;3;5;3;0;1;1;0;0;0;0;0;386309,783999999985099;5778214,794999999925494;7,338582274000032;52,142729555000074;1
190713;5231125609224333046;5;3;58;24;2023;11;18;7;3;0;7;2;1;1;0;0;0;0;0;314728,122999999672174;5644285,890000000596046;6,363971697000068;50,920429597000066;1
190723;5231125601400980848;5;3;15;0;2023;11;13;7;2;4;1;0;1;1;1;0;0;0;0;353102,441200000233948;5653230,741200000047684;6,905904961000033;51,011859849000075;1
190730;5231125600310499981;5;3;14;0;2023;11;16;7;3;6;6;0;1;1;0;1;0;0;0;362886,465099999681115;5619630,670199999585748;7,057881817000066;50,712294781000026;1
190735;5231125516300191112;5;1;58;28;2023;11;17;7;2;0;7;2;1;1;0;0;0;0;0;351251,751600000075996;5684286,823499999940395;6,866707836000046;51,290456193000068;1
190737;5231125513210880854;5;1;62;24;2023;11;20;7;3;5;3;2;1;1;1;0;0;0;0;339079,021599999628961;5668174,853499999269843;6,699506512000028;51,142382616000077;1
190744;5231125500300176122;5;1;11;0;2023;11;14;7;3;2;6;0;1;1;1;0;0;0;0;349766,955199999734759;5675289,639200000092387;6,849205953000023;51,209219886000028;1
190747;5231125317250191703;5;9;78;32;2023;11;21;7;3;8;1;2;0;1;1;0;0;0;0;394174,553600000217557;5728047,931600000709295;7,468886452000049;51,693400645000054;1
190749;5231125317110094321;5;9;78;36;2023;11;22;7;3;0;7;2;1;1;0;0;0;0;0;405352,925999999977648;5712257,636099999770522;7,634832758000073;51,553458286000080;1
190754;5231124711100981000;5;5;70;52;2023;11;14;6;3;5;2;0;1;1;1;0;0;0;0;430959,326999999582767;5755809,086100000888109;7,995452740000076;51,948699663000070;1
190755;5231124709300487316;5;5;66;84;2023;11;11;6;2;5;3;0;1;1;1;0;0;0;0;385863,839999999850988;5778900,664000000804663;7,331838062000031;52,148801447000039;1
190757;5231124706100203141;5;5;58;16;2023;11;11;6;3;0;7;0;0;1;1;0;0;0;1;381406,585799999535084;5743221,583300000056624;7,279062397000075;51,827218385000037;1
190760;5231124705000081025;5;5;54;8;2023;11;21;6;3;0;7;2;1;1;0;0;0;0;0;338395,134100000374019;5748008,211200000718236;6,653166071000044;51,859436443000050;1
190763;5231124609108980891;5;3;58;8;2023;11;13;6;2;5;7;0;1;1;1;0;0;0;0;323290,842400000430644;5631546,764200000092387;6,491825163000044;50,808666203000030;1
190765;5231124608404594887;5;3;34;4;2023;11;7;6;3;5;2;0;1;1;1;0;0;0;0;299314,740100000053644;5639742,070900000631809;6,147447764000049;50,874465558000054;1
190769;5231124607400667695;5;3;82;44;2023;11;13;6;3;5;3;0;1;1;1;0;0;0;0;362794,916000000201166;5627723,592000000178814;7,053571007000073;50,785009960000082;1
190770;5231124602400980884;5;3;62;32;2023;11;15;6;3;5;3;0;1;1;1;0;0;0;0;341608,332999999634922;5637135,752000000327826;6,749178037000036;50,864185890000044;1
190777;5231124601400351151;5;3;15;0;2023;11;8;6;3;3;6;0;1;1;1;0;0;0;0;355633,599799999967217;5648200,921000000089407;6,943961546000025;50,967299204000028;1
190778;5231124601300299097;5;3;15;0;2023;11;15;6;3;5;3;0;0;1;1;0;0;0;0;352478,776999999769032;5648019,975999999791384;6,899136505000058;50,964873883000053;1
190779;5231124601200786601;5;3;15;0;2023;11;7;6;3;0;1;0;1;1;0;0;0;0;0;355260,911299999803305;5642342,505799999460578;6,940985056000045;50,914557436000052;1
190781;5231124600380878248;5;3;14;0;2023;11;13;6;3;3;2;0;1;1;0;0;0;0;0;369676,496000000275671;5616865,075999999418855;7,154979257000036;50,688998870000034;1
190785;5231124516500478476;5;1;58;16;2023;11;7;6;3;3;6;0;1;1;1;0;0;0;0;355136,880099999718368;5671267,933700000867248;6,927651268000034;51,174466895000080;1
190789;5231124515110981000;5;1;54;36;2023;11;13;6;3;5;3;0;1;1;1;0;0;0;0;302245,008000000379980;5741200,024000000208616;6,132724961000065;51,786663464000071;1
190791;5231124515110367261;5;1;54;36;2023;11;12;6;3;0;7;0;1;1;1;0;0;0;0;301946,138000000268221;5741248,867000000551343;6,128369600000042;51,786996377000037;1
190792;5231124514217096080;5;1;66;36;2023;11;14;6;3;5;3;0;0;1;1;0;0;0;0;329603,064000000245869;5682854,910000000149012;6,557196924000039;51,271526890000075;1
190793;5231124514210085927;5;1;66;12;2023;11;14;6;3;4;2;0;1;1;1;0;0;0;0;320858,238400000147521;5693644,530999999493361;6,426542450000056;51,365767984000058;1
190795;5231124513310190205;5;1;62;24;2023;11;8;6;3;5;3;0;1;1;0;0;0;0;0;340426,304800000041723;5669694,457399999722838;6,718076974000041;51,156413568000062;1
190796;5231124513210980901;5;1;62;24;2023;11;12;6;3;5;7;0;1;1;1;0;0;0;0;337675,883299999870360;5672801,237800000235438;6,677377434000050;51,183553925000069;1
190797;5231124513210091230;5;1;62;24;2023;11;17;6;3;5;3;2;1;1;1;0;0;0;0;337685,614900000393391;5672810,243599999696016;6,677512488000048;51,183637604000069;1
190798;5231124508000881903;5;1;19;0;2023;11;12;6;3;5;3;0;1;1;1;0;0;0;0;348944,525000000372529;5708453,369999999180436;6,823356927000020;51,506995484000072;1
190799;5231124505100585902;5;1;14;0;2023;11;6;6;3;0;1;2;1;1;0;0;0;0;0;330676,938400000333786;5688524,442999999970198;6,569887763000054;51,322781785000075;1
190800;5231124505100491400;5;1;14;0;2023;11;13;6;3;1;5;0;0;1;1;0;0;0;0;330696,063900000415742;5688492,125499999150634;6,570177336000029;51,322497139000063;1
190802;5231129516200191207;5;1;58;12;2023;11;6;4;2;0;1;2;2;1;0;0;0;0;0;357868,164900000207126;5687867,213099999353290;6,960105433000024;51,324320526000065;1
190805;5231124501134667308;5;1;12;0;2023;11;12;6;3;5;3;0;1;1;1;0;0;0;0;342397,364000000059605;5711896,119000000879169;6,727553542000066;51,536139412000068;1
190810;5231124500300175995;5;1;11;0;2023;11;23;6;3;5;2;2;1;1;1;0;0;0;0;350473,602199999615550;5670915,251099999994040;6,861136178000038;51,170097380000072;1
190811;5231124500200665527;5;1;11;0;2023;11;7;6;3;5;2;0;1;1;1;0;0;0;0;346479,590900000184774;5677420,121600000187755;6,801267375000066;51,227489268000056;1
190812;5231124411132980904;5;7;74;32;2023;11;10;6;3;3;2;0;1;1;1;0;0;0;0;483437,548999999649823;5729451,279999999329448;8,760257919000026;51,715751747000070;1
190813;5231124407301090738;5;7;62;36;2023;11;17;6;3;0;1;2;0;1;0;0;0;0;0;510561,624900000169873;5704130,260500000789762;9,152117697000051;51,488221932000044;1
190820;5231124316300790814;5;9;74;28;2023;11;11;6;3;5;3;0;1;1;1;0;0;0;0;454138,658999999985099;5725295,611999999731779;8,336722725000072;51,676758380000081;1
190825;5231124313122980912;5;9;58;8;2023;11;5;6;3;1;5;2;1;1;1;0;0;0;0;456635,371000000275671;5689417,061000000685453;8,377244206000057;51,354366617000039;1
190826;5231124518300980881;5;1;70;20;2023;11;17;6;3;5;3;2;1;1;1;0;0;0;0;329903,882000000216067;5706928,592000000178814;6,549979359000076;51,487888069000064;1
190832;5231124301301566170;5;9;78;24;2023;11;15;6;3;5;3;0;1;1;1;0;0;0;0;399178,585699999704957;5719649,779100000858307;7,543682316000059;51,618834324000034;1
190838;5231123711100980940;5;5;70;52;2023;11;14;5;3;5;3;0;0;1;1;0;0;0;0;429833,790000000037253;5756027,149000000208616;7,979034356000057;51,950519116000066;1
190839;5231123711100980925;5;5;70;52;2023;11;17;5;3;0;1;2;1;1;0;0;0;0;0;430152,102500000037253;5756062,034600000828505;7,983658138000067;51,950872791000052;1
190840;5231123711100796512;5;5;70;52;2023;11;7;5;3;2;2;1;1;1;1;0;0;0;0;430337,691999999806285;5755188,677999999374151;7,986535146000051;51,943044913000051;1
190843;5231123702100679168;5;5;15;0;2023;11;19;5;3;5;3;2;1;1;1;0;0;0;0;406522,316899999976158;5758206,723899999633431;7,639334077000058;51,966681003000076;1
190844;5231123702100542557;5;5;15;0;2023;11;17;5;3;0;6;2;1;1;1;0;0;0;0;404523,257199999876320;5755885,652100000530481;7,610889820000068;51,945478567000066;1
190845;5231123701920048786;5;5;62;28;2023;11;10;5;3;5;3;0;0;1;1;0;0;0;0;380098,294700000435114;5721837,403899999335408;7,267452428000070;51,634754377000036;1
190846;5231123701500581151;5;5;62;24;2023;11;5;5;3;5;3;2;0;1;0;0;0;0;1;369923,840200000442564;5725560,138499999418855;7,119131675000062;51,665948718000038;1
190847;5231123700000394976;5;5;13;0;2023;11;16;5;3;5;2;1;1;1;1;0;0;0;0;368373,355000000447035;5709509,853000000119209;7,102746079000042;51,521349619000034;1
190848;5231123609144599751;5;3;58;44;2023;11;14;5;3;0;1;0;0;1;0;0;0;0;1;321702,328999999910593;5616700,859999999403954;6,476484810000045;50,674801753000054;1
190857;5231123602800269702;5;3;62;12;2023;11;12;5;3;1;7;0;1;1;1;0;0;0;0;352247,195000000298023;5632812,964999999850988;6,901992954000036;50,828155084000059;1
190866;5231123600110629352;5;3;14;0;2023;11;18;5;3;5;3;2;0;1;1;0;0;0;0;365262,032899999991059;5622640,672900000587106;7,090410229000042;50,739903980000065;1
190867;5231123600110095257;5;3;14;0;2023;11;20;5;3;6;4;2;0;1;0;1;0;0;0;366268,495699999853969;5621594,980000000447035;7,105045493000034;50,730737961000045;1
190868;5231123516500091231;5;1;58;16;2023;11;7;5;3;5;3;1;0;1;1;0;0;0;0;356685,523900000378489;5670390,875199999660254;6,950139809000063;51,166975452000031;1
190876;5231123505200386740;5;1;14;0;2023;11;15;5;3;0;5;0;0;1;1;0;0;0;1;328296,832399999722838;5692059,557600000873208;6,534057944000040;51,353826610000056;1
190880;5231123500300876150;5;1;11;0;2023;11;8;5;3;5;3;0;0;1;1;0;0;0;0;354205,764000000432134;5666606,062999999150634;6,916229049000037;51,132337267000082;1
190884;5231123410230887093;5;7;70;4;2023;11;15;5;3;0;1;1;1;1;0;0;0;0;0;486243,842000000178814;5783127,716000000014901;8,798729321000053;52,198430803000065;1
190885;5231123410110980920;5;7;70;24;2023;11;20;5;3;0;2;2;1;1;1;0;0;0;0;493486,201999999582767;5795206,243599999696016;8,904461312000024;52,307156665000036;1
190887;5231123316300382016;5;9;74;28;2023;11;6;5;3;0;3;2;1;1;1;0;0;0;0;455730,428000000305474;5725192,723999999463558;8,359755417000031;51,675961050000069;1
190888;5231123316100080476;5;9;74;40;2023;11;12;5;3;3;6;0;0;1;1;0;0;0;0;439089,632000000216067;5712767,661000000312924;8,121276104000060;51,562695592000068;1
190895;5231123303100018602;5;9;15;0;2023;11;10;5;3;5;3;0;0;1;1;0;0;0;0;418365,643199999816716;5726133,158299999311566;7,819246147000058;51,680227462000062;1
190905;5231122705000895950;5;5;54;48;2023;11;17;4;3;1;1;1;0;1;1;0;0;0;0;341290,104700000025332;5745940,150499999523163;6,696119298000042;51,841687975000070;1
190906;5231122705000498901;5;5;54;4;2023;11;7;4;3;1;7;1;0;1;1;0;0;0;0;363468,628999999724329;5771999,233999999240041;7,007484646000023;52,081708052000067;1
190907;5231122702100970628;5;5;15;0;2023;11;17;4;2;0;1;2;0;1;0;0;0;0;0;403158,167500000447035;5757308,889000000432134;7,590634244000057;51,958035101000064;1
190908;5231122701500847436;5;5;62;24;2023;11;14;4;3;4;6;0;0;1;0;0;0;0;0;368687,296400000341237;5724869,523299999535084;7,101521572000024;51,659454875000051;1
190910;5231127602700089850;5;3;62;28;2023;11;7;2;3;5;3;2;1;1;1;0;0;0;0;351978,470300000160933;5640589,815300000831485;6,895034092000060;50,897974243000078;1
190912;5231122701110495983;5;5;62;32;2023;11;17;4;3;5;3;2;0;1;1;0;0;0;0;375179,706299999728799;5717987,782600000500679;7,197788547000073;51,599087599000029;1
190917;5231122609224305996;5;3;58;24;2023;11;22;4;3;0;7;2;1;1;0;0;0;0;0;312573,971099999733269;5642841,229900000616908;6,334099935000040;50,906756773000041;1
190922;5231122602400694803;5;3;62;32;2023;11;8;4;3;5;3;0;0;1;1;0;0;0;0;336832,263199999928474;5641369,537499999627471;6,679476452000074;50,900899681000055;1
190923;5231122601400690410;5;3;15;0;2023;11;7;4;3;0;1;1;1;1;0;0;0;0;0;356558,424300000071526;5654603,043700000271201;6,954594922000069;51,025064686000064;1
190925;5231122601300486535;5;3;15;0;2023;11;11;4;3;5;3;0;0;1;0;0;0;0;1;352955,697599999606609;5647472,660199999809265;6,906144704000042;50,960077329000057;1
190926;5231122601200980993;5;3;15;0;2023;11;9;4;3;0;1;0;0;1;1;0;0;0;0;352509,505900000222027;5643698,498600000515580;6,901323848000061;50,926046615000075;1
190927;5231122601100586607;5;3;15;0;2023;11;10;4;3;5;3;0;0;1;1;0;0;0;0;356709,866200000047684;5643177,318800000473857;6,961255497000025;50,922421406000069;1
190928;5231122600110886244;5;3;14;0;2023;11;7;4;3;5;3;1;0;1;1;0;0;0;0;366571,030100000090897;5620424,841299999505281;7,109753230000024;50,720290295000041;1
190930;5231122518320980976;5;1;70;52;2023;11;14;4;3;0;7;0;0;1;0;0;0;0;0;323862,566999999806285;5726819,313999999314547;6,453078947000051;51,664712338000072;1
190933;5231122518100591568;5;1;70;48;2023;11;17;4;3;0;7;2;0;1;0;0;0;0;0;333118,694000000134110;5723186,788200000301003;6,588522935000071;51,634904411000036;1
190934;5231122515110980983;5;1;54;36;2023;11;9;4;3;3;6;0;1;1;1;0;0;0;0;301850,764700000174344;5740552,338999999687076;6,127386248000050;51,780707807000056;1
190938;5231205500200980356;5;1;11;0;2023;12;8;3;3;5;2;0;1;1;0;0;0;1;0;347698,081000000238419;5676171,814999999478459;6,819235414000048;51,216598876000035;1
190941;5231122502200189550;5;1;13;0;2023;11;19;4;3;3;7;2;1;1;1;0;0;0;0;362136,244900000281632;5700187,455499999225140;7,016540157000065;51,436087297000029;1
190948;5231122407201004667;5;7;62;4;2023;11;7;4;3;0;1;0;2;1;0;0;0;0;0;502091,327899999916553;5731043,482999999076128;9,030281750000029;51,730308514000058;1
190949;5231122406220981000;5;7;58;24;2023;11;7;4;3;0;1;2;2;1;0;0;0;0;0;479651,953399999998510;5787036,182199999690056;8,702047479000043;52,233365981000077;1
190951;5231122405116087010;5;7;54;16;2023;11;8;4;3;0;1;0;1;1;0;0;0;0;0;450080,248999999836087;5755699,671000000089407;8,273650775000021;51,949760828000080;1
190952;5231122404101690673;5;7;66;20;2023;11;8;4;2;0;2;0;1;1;0;0;0;0;0;492375,058600000105798;5752991,167700000107288;8,889109881000024;51,927596680000079;1
190956;5231122313130591851;5;9;58;44;2023;11;22;4;2;8;1;2;0;1;0;0;0;0;0;430680,196800000034273;5688346,023299999535084;8,004761861000077;51,342163379000056;1
190962;5231130601000980600;5;3;15;0;2023;11;13;5;3;0;1;0;1;1;0;0;0;0;0;354785,807000000029802;5644339,949999999254942;6,933435640000027;50,932388654000079;1
190963;5231122300100495088;5;9;11;0;2023;11;8;4;3;2;7;0;1;1;1;0;0;0;0;378236,366000000387430;5706263,837999999523163;7,245956856000021;51,494388591000074;1
190965;5231121709110925693;5;5;66;12;2023;11;18;3;3;3;6;2;0;1;0;0;0;1;0;400876,177500000223517;5777102,420299999415874;7,551694311000062;52,135537712000030;1
190966;5231121706100981021;5;5;58;16;2023;11;9;3;3;5;2;0;1;1;1;0;0;0;0;381082,549999999813735;5743525,253000000491738;7,274258208000049;51,829878628000074;1
190967;5231121706000076632;5;5;58;16;2023;11;16;3;3;2;6;2;1;1;1;0;0;0;0;381132,859500000253320;5743976,539300000295043;7,274832943000035;51,833945108000080;1
190969;5231121705000265800;5;5;54;20;2023;11;18;3;3;0;1;2;1;1;1;0;0;0;0;364031,090300000272691;5786622,519300000742078;7,009836142000040;52,213241368000070;1
190970;5231121705000091738;5;5;54;44;2023;11;16;3;3;5;3;0;1;1;1;0;0;0;0;365506,362200000323355;5744332,268600000068545;7,048034790000031;51,833597785000052;1
190971;5231206607400495348;5;3;82;44;2023;12;14;4;3;8;1;0;0;1;0;0;0;0;0;362501,700000000186265;5628935,981000000610948;7,048960239000053;50,795836972000075;1
190972;5231121702100672461;5;5;15;0;2023;11;13;3;3;5;6;0;1;1;0;0;0;0;0;403776,711500000208616;5758453,415500000119209;7,599312493000070;51,968429861000061;1
190976;5231122702100087400;5;5;15;0;2023;11;17;4;3;0;3;1;0;1;1;0;0;0;0;405218,796000000089407;5756540,981000000610948;7,620825469000067;51,951487886000052;1
190979;5231121607100781188;5;3;82;60;2023;11;7;3;2;0;1;0;1;1;0;0;0;0;0;373073,348100000061095;5628080,577400000765920;7,199180371000068;50,790560089000053;1
190980;5231121606100999108;5;3;78;4;2023;11;15;3;3;5;3;0;1;1;0;0;0;0;1;369929,985000000335276;5647873,672100000083447;7,147564858000067;50,967763634000050;1
190982;5231121602900693378;5;3;62;40;2023;11;17;3;3;1;5;2;1;1;1;0;0;0;0;358247,913800000213087;5631569,846599999815226;6,987622958000031;50,818483398000069;1
190983;5231121602300250154;5;3;62;36;2023;11;15;3;3;0;1;0;0;1;0;0;0;0;0;344873,809500000439584;5647503,217199999839067;6,791137727000034;50,958232892000069;1
190988;5231121601300181694;5;3;15;0;2023;11;13;3;2;4;2;0;1;1;1;0;0;0;0;353686,593000000342727;5646898,319900000467896;6,916775894000068;50,955102010000076;1
190989;5231121601200981020;5;3;15;0;2023;11;16;3;3;0;1;2;1;1;0;0;0;0;0;353817,404400000348687;5642287,653699999675155;6,920486523000022;50,913700679000044;1
190990;5231121601200486508;5;3;15;0;2023;11;16;3;3;5;3;1;0;1;1;0;0;0;0;357385,997000000439584;5641783,133999999612570;6,971414107000044;50,910059406000073;1
190991;5231121601200276460;5;3;15;0;2023;11;10;3;3;5;3;0;1;1;0;0;0;0;1;355969,916000000201166;5642365,111999999731779;6,951055310000072;50,914937970000040;1
190992;5231121601100981017;5;3;15;0;2023;11;16;3;3;5;2;1;1;1;1;0;0;0;0;355121,516900000162423;5644036,667199999094009;6,938330411000038;50,929747542000030;1
190995;5231121600110981016;5;3;14;0;2023;11;16;3;3;5;3;2;1;1;1;0;0;0;0;364009,190000000409782;5622369,247999999672174;7,072764995000057;50,737172422000071;1
190998;5231121600110578287;5;3;14;0;2023;11;8;3;3;0;1;0;1;1;0;0;0;0;0;365563,356700000353158;5621875,856499999761581;7,094957233000059;50,733099699000036;1
191004;5231121515210685967;5;1;54;52;2023;11;18;3;3;5;3;2;1;1;0;0;0;0;1;309962,633600000292063;5702695,787399999797344;6,265359488000058;51,443522680000058;1
191005;5231121514210085961;5;1;66;12;2023;11;18;3;3;5;2;2;0;1;1;0;0;0;0;320107,776899999938905;5694137,142899999395013;6,415524211000047;51,369955831000027;1
191006;5231121513210791164;5;1;62;24;2023;11;14;3;3;5;3;0;1;1;1;0;0;0;0;337407,957100000232458;5676480,169999999925494;6,671880779000048;51,216532133000044;1
191007;5231121513110981037;5;1;62;16;2023;11;7;3;3;0;5;1;0;1;1;0;0;0;0;333262,552199999801815;5678419,904799999669194;6,611675967000053;51,232763971000054;1
191010;5231121506100981038;5;1;16;0;2023;11;9;3;3;6;4;0;1;1;0;1;0;0;0;318129,789599999785423;5675121,706900000572205;6,396818911000025;51,198515195000027;1
191011;5231121505100981040;5;1;14;0;2023;11;7;3;3;5;2;0;0;1;1;0;0;0;0;331503,184700000099838;5689036,002800000831485;6,581492763000028;51,327622959000053;1
191014;5231121502000279155;5;1;13;0;2023;11;18;3;3;0;5;2;1;1;1;0;0;0;0;356187,003499999642372;5702702,498700000345707;6,929984537000053;51,457208425000033;1
191017;5231121500300400802;5;1;11;0;2023;11;7;3;3;5;3;1;1;1;1;0;0;0;0;352828,341300000436604;5668575,506100000813603;6,895751549000067;51,149682794000057;1
191020;5231121411132052522;5;7;74;32;2023;11;12;3;3;5;2;0;1;1;1;0;0;0;0;483610,274000000208616;5730875,510999999940395;8,762691067000048;51,728562522000061;1
191021;5231121410110981026;5;7;70;24;2023;11;13;3;3;0;1;0;0;1;0;0;0;0;0;493404,005300000309944;5792844,274000000208616;8,903301983000063;52,285920417000057;1
191024;5231121317220384980;5;9;78;4;2023;11;13;3;3;5;2;0;1;1;1;0;0;0;0;405700,675099999643862;5719356,035199999809265;7,637940213000036;51,617324434000068;1
191028;5231121301302482380;5;9;13;0;2023;11;17;3;3;4;3;2;0;1;1;0;0;0;0;397291,175900000147521;5709125,020099999383092;7,519506204000038;51,523890136000034;1
191032;5231121300600981007;5;9;16;0;2023;11;22;3;3;0;1;2;0;1;0;0;0;0;0;376609,113199999555945;5712736,696000000461936;7,220260842000073;51,552209653000034;1
191034;5231120711100081966;5;5;70;24;2023;11;7;2;3;5;3;1;1;1;1;0;0;0;0;421303,721900000236928;5753535,055800000205636;7,855511690000071;51,926975531000039;1
191036;5231120709500476680;5;5;66;76;2023;11;13;2;3;0;7;0;1;1;0;0;0;0;0;392566,866999999620020;5793861,948000000789762;7,425015338000037;52,284606654000072;1
191037;5231120709500191847;5;5;66;76;2023;11;11;2;3;5;3;0;1;1;1;0;0;0;0;392254,643000000156462;5792538,236999999731779;7,420862968000051;52,272649194000053;1
191039;5231120706200980956;5;5;58;12;2023;11;13;2;3;5;3;0;0;1;0;0;0;0;0;374597,764999999664724;5755454,028000000864267;7,175865263000048;51,935659582000028;1
191041;5231120705000220913;5;5;54;20;2023;11;16;2;3;0;1;0;1;1;0;0;0;0;0;365283,507100000046194;5786430,158900000154972;7,028232384000034;52,211820566000029;1
191042;5231120702100488558;5;5;15;0;2023;11;12;2;3;5;2;0;1;1;0;0;0;0;0;406128,618999999947846;5758081,206000000238419;7,633639462000076;51,965486447000046;1
191043;5231120701200981044;5;5;62;20;2023;11;21;2;3;3;6;2;0;1;0;0;0;0;1;371950,960400000214577;5718796,534399999305606;7,150900986000067;51,605630996000059;1
191044;5231120701200681595;5;5;62;20;2023;11;10;2;3;5;3;0;0;1;1;0;0;0;0;367995,667399999685585;5718690,936400000005960;7,093857642000046;51,603768751000075;1
191045;5231120700000595170;5;5;13;0;2023;11;9;2;3;5;3;0;1;1;1;0;0;0;0;369659,799800000153482;5710326,759400000795722;7,120975744000020;51,528989370000033;1
191047;5231120610121745526;5;3;70;12;2023;11;14;2;3;5;3;0;1;1;1;0;0;0;0;297759,968999999575317;5650466,328999999910593;6,119431542000029;50,970241146000035;1
191049;5231120608100085692;5;3;34;2;2023;11;9;2;3;5;3;0;1;1;1;0;0;0;0;292322,271499999798834;5629309,060300000011921;6,054102384000032;50,778298460000030;1
191053;5231120607100099964;5;3;82;28;2023;11;17;2;3;1;3;2;1;1;1;0;0;0;0;373695,814600000157952;5633187,391499999910593;7,206249391000028;50,836598052000056;1
191054;5231120602800486145;5;3;62;12;2023;11;8;2;3;0;3;0;0;1;1;0;0;0;0;352396,762699999846518;5633475,665899999439716;6,903848382000035;50,834148758000026;1
191055;5231120602400981070;5;3;62;32;2023;11;15;2;3;1;5;0;1;1;1;0;0;0;0;337438,212100000120699;5637711,629799999296665;6,689713542000050;50,868202982000071;1
191059;5231120601700090405;5;3;16;0;2023;11;15;2;3;5;3;0;0;1;1;0;0;0;0;360805,172000000253320;5658434,504499999806285;7,013639366000064;51,060542105000081;1
191066;5231120601200890460;5;3;15;0;2023;11;14;2;3;0;1;0;1;1;0;0;0;0;0;355260,163499999791384;5642335,229699999094009;6,940977312000030;50,914491859000066;1
191067;5231120601200490384;5;3;15;0;2023;11;13;2;3;0;1;0;1;1;0;0;0;0;0;353842,587600000202656;5641997,333399999886751;6,920960800000046;50,911098032000041;1
191070;5231120601100124420;5;3;15;0;2023;11;23;2;3;0;1;2;1;1;0;0;0;0;0;355719,546000000089407;5643719,504000000655651;6,946960237000042;50,927047145000074;1
191071;5231120600360579301;5;3;82;12;2023;11;14;2;3;5;3;0;0;1;1;0;0;0;0;358652,469499999657273;5625166,244899999350309;6,995825759000070;50,761031117000073;1
191072;5231120518400065302;5;1;70;8;2023;11;15;2;3;5;3;0;0;1;0;0;0;0;1;347042,315000000409782;5714477,720000000670552;6,793351722000068;51,560612681000066;1
191074;5231120518100096122;5;1;70;48;2023;11;19;2;3;0;6;2;0;1;0;0;1;0;0;336495,633999999612570;5725539,030999999493361;6,636176081000031;51,657028204000028;1
191076;5231120515110981032;5;1;54;36;2023;11;6;2;3;5;3;2;1;1;1;0;0;0;0;302134,002399999648333;5741233,123900000005960;6,131098781000048;51,786921463000056;1
191083;5231120501126591461;5;1;12;0;2023;11;14;2;3;4;2;0;0;1;1;0;0;0;0;345387,184100000187755;5704696,925799999386072;6,773783576000028;51,472282003000032;1
191087;5231130301301796592;5;9;78;24;2023;11;7;5;3;0;1;1;2;1;0;0;0;0;0;397541,434899999760091;5720506,965199999511242;7,519792149000068;51,626243522000038;1
191088;5231120500300000910;5;1;11;0;2023;11;15;2;3;5;2;0;1;1;0;0;0;0;1;348095,391900000162423;5673700,798299999907613;6,825966047000065;51,194500898000058;1
191091;5231120410230378130;5;7;70;4;2023;11;12;2;3;5;3;0;1;1;1;0;0;0;0;487452,166299999691546;5784789,521199999377131;8,816347004000022;52,213400252000042;1
191093;5231120410110090734;5;7;70;24;2023;11;14;2;3;0;3;0;1;1;1;0;0;0;0;492389,815499999560416;5793637,425100000575185;8,888415961000021;52,293038131000060;1