OID_;UIDENTSTLAE;ULAND;UREGBEZ;UKREIS;UGEMEINDE;UJAHR;UMONAT;USTUNDE;UWOCHENTAG;UKATEGORIE;UART;UTYP1;ULICHTVERH;IstStrassenzustand;IstRad;IstPKW;IstFuss;IstKrad;IstGkfz;IstSonstige;LINREFX;LINREFY;XGCSWGS84;YGCSWGS84;PLST
191603;5231218514210979894;5;1;66;12;2023;12;16;2;3;5;3;1;0;1;1;0;0;0;0;320980,332899999804795;5693739,102499999105930;6,428246883000043;51,366656000000035;1
191613;5231218500100382298;5;1;11;0;2023;12;11;2;3;1;5;0;0;1;1;0;0;0;0;342547,821899999864399;5678240,624900000169873;6,744641896000076;51,233790596000063;1
191614;5231218411132370287;5;7;74;32;2023;12;15;2;3;4;2;0;0;1;1;0;0;0;0;484856,174999999813735;5731500,439999999478459;8,780703288000041;51,734216491000041;1
191618;5231218405220796817;5;7;54;20;2023;12;7;2;3;3;6;1;0;1;0;0;0;0;0;447287,966799999587238;5748489,307399999350309;8,234129742000050;51,884680009000078;1
191622;5231218317240978283;5;9;78;40;2023;12;18;2;2;4;6;2;0;1;0;0;0;0;1;405441,636099999770522;5725520,086799999698997;7,632533649000038;51,672689291000040;1
191628;5231217705000196573;5;5;54;16;2023;12;19;1;3;4;1;2;0;1;1;0;0;0;0;362944,717899999581277;5757082,678200000897050;7,005814011000041;51,947546348000060;1
191630;5231217607400190623;5;3;82;68;2023;12;14;1;3;0;7;0;0;1;1;0;0;0;0;370848,218200000002980;5631656,531099999323487;7,166369493000047;50,822209953000026;1
191639;5231217516900491366;5;1;58;20;2023;12;12;1;3;5;3;0;1;1;1;0;0;0;0;355916,092400000430644;5664094,923299999907613;6,941660469000055;51,110203763000072;1
191644;5231217513310569683;5;1;62;8;2023;12;10;1;3;0;7;0;1;1;1;0;0;0;0;331718,725100000388920;5668716,806399999186397;6,594129182000074;51,145135682000046;1
191645;5231217505100591563;5;1;14;0;2023;12;17;1;3;0;6;2;0;1;0;0;0;0;1;328286,832100000232458;5688398,558299999684095;6,535679597000069;51,320934457000078;1
191646;5231217502404281455;5;1;17;0;2023;12;15;1;3;0;1;0;0;1;0;0;0;0;0;353935,993900000117719;5701538,939200000837445;6,898087604000068;51,446176679000075;1
191648;5231217502111979920;5;1;13;0;2023;12;18;1;3;0;1;2;0;1;0;0;0;0;0;361842,697200000286102;5701525,165899999439716;7,011797476000027;51,448036989000059;1
191652;5231217411232979917;5;7;74;32;2023;12;19;1;2;8;6;2;0;1;0;0;0;0;0;480848,565000000409782;5733780,139699999243021;8,722544481000057;51,754591219000076;1
191659;5231216705000521120;5;5;54;20;2023;12;11;7;3;5;7;0;0;1;1;0;0;0;0;364023,760300000198185;5786971,686699999496341;7,009588644000075;52,216376899000068;1
191660;5231216705000391823;5;5;54;52;2023;12;13;7;3;0;2;0;0;1;1;0;0;0;0;379206,745099999941885;5772744,841900000348687;7,236774528000069;52,092066255000077;1
191661;5231216701400979951;5;5;12;0;2023;12;11;7;3;6;4;0;0;1;0;1;0;0;0;357595,962399999611080;5710171,452600000426173;6,947237562000055;51,524680421000028;1
191667;5231216602300775614;5;3;62;36;2023;12;8;7;3;0;1;0;0;1;0;0;0;0;0;343647,053999999538064;5649515,574999999254942;6,772818899000072;50,975983903000042;1
191669;5231216601100686470;5;3;15;0;2023;12;15;7;3;0;1;0;0;1;0;0;0;0;0;356495,866600000299513;5645099,296900000423193;6,957456079000053;50,939640825000026;1
191671;5231216600310492603;5;3;14;0;2023;12;17;7;2;0;1;2;0;1;0;0;0;0;0;362771,489599999971688;5620452,941800000146031;7,055948462000060;50,719658028000026;1
191673;5231216518200095145;5;1;70;24;2023;12;15;7;3;0;3;0;0;1;1;0;0;0;0;336765,031000000424683;5702182,217000000178814;6,650906198000030;51,447267742000065;1
191677;5231216500300979940;5;1;11;0;2023;12;18;7;3;4;2;2;0;1;1;0;0;0;0;350849,089800000190735;5672115,530099999159575;6,866005201000064;51,180981117000044;1
191682;5231216404103979940;5;7;66;32;2023;12;16;7;3;5;3;1;1;1;1;0;0;0;0;496283,024000000208616;5746774,735999999567866;8,946010724000075;51,871743883000079;1
191683;5231216307000499382;5;9;62;44;2023;12;14;7;3;0;1;0;1;1;0;0;0;0;0;405926,690100000239909;5685461,544900000095367;7,650224468000033;51,312675611000031;1
191684;5231216302120979955;5;9;14;0;2023;12;21;7;3;4;2;2;0;1;1;0;0;0;0;389973,209900000132620;5689062,001800000667572;7,420296707000034;51,342177442000036;1
191686;5231215709500896953;5;5;66;16;2023;12;14;6;3;0;5;0;0;1;1;0;0;0;0;403717,844600000418723;5795266,516200000420213;7,588031881000063;52,299297320000051;1
191687;5231215709300142420;5;5;66;36;2023;12;16;6;2;8;2;1;1;1;0;0;0;0;0;387348,810999999754131;5768252,042999999597669;7,357052971000030;52,053406164000080;1
191688;5231215705000979981;5;5;54;20;2023;12;11;6;3;0;1;0;0;1;0;0;0;0;0;366716,208599999547005;5786232,794500000774860;7,049266475000024;52,210395552000080;1
191694;5231215702100081010;5;5;15;0;2023;12;14;6;3;5;3;0;1;1;0;0;0;0;0;405479,429800000041723;5758782,774100000038743;7,623999866000077;51,971682426000029;1
191701;5231215608100979970;5;3;34;2;2023;12;20;6;3;4;7;2;0;1;0;0;0;0;1;294673,150600000284612;5628796,092399999499321;6,087689610000041;50,774528356000076;1
191705;5231215602300581244;5;3;62;36;2023;12;17;6;3;5;3;2;0;1;1;0;0;0;0;347228,767799999564886;5654877,435300000011921;6,821542836000049;51,025126876000058;1
191707;5231215602300365586;5;3;62;36;2023;12;8;6;3;0;1;1;1;1;0;0;0;0;0;346600,070000000298023;5652312,156799999997020;6,813669488000073;51,001908067000045;1
191711;5231215601500772677;5;3;15;0;2023;12;8;6;3;5;3;1;1;1;1;0;0;0;0;364286,511599999852479;5649301,300400000065565;7,066706537000073;50,979292400000077;1
191712;5231215601300272565;5;3;15;0;2023;12;18;6;3;4;6;2;0;1;0;0;0;0;1;354545,766699999570847;5645737,846799999475479;6,929463906000024;50,944890675000067;1
191713;5231215601300178240;5;3;15;0;2023;12;7;6;3;5;5;2;1;1;1;0;0;0;0;352493,049399999901652;5644860,485099999234080;6,900619618000064;50,936484675000031;1
191715;5231215601200386398;5;3;15;0;2023;12;17;6;3;6;4;2;0;1;0;1;0;0;0;353771,230600000359118;5643151,052699999883771;6,919484038000064;50,921448085000065;1
191716;5231215600110795333;5;3;14;0;2023;12;18;6;3;0;1;2;0;1;0;0;0;0;0;364985,852699999697506;5621473,316400000825524;7,086925953000048;50,729347759000063;1
191720;5231215513210573874;5;1;62;24;2023;12;16;6;3;0;6;1;1;1;1;0;0;0;0;338425,917299999855459;5674541,910299999639392;6,687316805000023;51,199406125000053;1
191721;5231215506100381221;5;1;16;0;2023;12;22;6;3;6;4;2;0;1;0;1;0;0;0;318268,380400000140071;5672739,860099999234080;6,400005400000055;51,177163305000079;1
191724;5231215505100979977;5;1;14;0;2023;12;12;6;3;5;2;0;0;1;1;0;0;0;0;328508,425099999643862;5688444,758700000122190;6,538834384000040;51,321416348000071;1
191728;5231215503100979975;5;1;24;0;2023;12;9;6;3;8;6;0;1;1;1;0;0;0;0;370489,272400000132620;5680360,639499999582767;7,143861041000036;51,259870516000035;1
191729;5231215502147498121;5;1;13;0;2023;12;19;6;3;0;5;2;1;1;1;0;0;0;0;367641,319500000216067;5703283,733599999919534;7,094535835000045;51,465225938000060;1
191732;5231215501211581646;5;1;12;0;2023;12;20;6;2;0;2;2;0;1;0;0;0;0;1;340461,061999999918044;5697502,502000000327826;6,706156148000048;51,406275526000059;1
191734;5231215500300979983;5;1;11;0;2023;12;9;6;3;0;7;0;0;1;0;0;0;0;0;345194,177199999801815;5674954,136700000613928;6,783936790000041;51,204984151000076;1
191735;5231215500200979961;5;1;11;0;2023;12;22;6;3;3;2;2;0;1;1;0;0;0;0;343266,192999999970198;5681700,934000000357628;6,753408185000069;51,265079925000066;1
191736;5231215411232078147;5;7;74;32;2023;12;13;6;3;5;3;0;1;1;0;0;1;0;0;480893,229399999603629;5733718,627599999308586;8,723194928000055;51,754039675000058;1
191737;5231215411132979962;5;7;74;32;2023;12;23;6;3;0;5;2;0;1;1;0;0;0;0;482389,193699999712408;5729335,223099999129772;8,745088962000068;51,714676305000069;1
191740;5231215405244082128;5;7;54;44;2023;12;9;6;2;0;1;0;1;1;0;0;0;0;0;463241,900399999693036;5748913,857499999925494;8,465871146000040;51,889777295000044;1
191741;5231215400200196957;5;7;11;0;2023;12;11;6;3;5;3;0;1;1;1;0;0;0;0;468325,326999999582767;5764711,214999999850988;8,538278298000023;52,032119092000073;1
191742;5231215317230978335;5;9;78;8;2023;12;6;6;3;3;3;2;1;1;1;0;0;0;0;414683,353000000119209;5718135,368000000715256;7,767949181000063;51,607784601000048;1
191753;5231215301103978326;5;9;13;0;2023;12;15;6;3;5;3;0;1;1;1;0;0;0;0;387750,426500000059605;5704089,234899999573827;7,383640070000069;51,476812063000068;1
191756;5231214711200796600;5;5;70;40;2023;12;13;5;3;1;6;0;0;1;1;0;0;0;0;420555,057900000363588;5744464,380899999290705;7,846715129000074;51,845330104000027;1
191757;5231214711200190740;5;5;70;16;2023;12;12;5;3;5;3;0;0;1;1;0;0;0;0;413065,192499999888241;5738722,446399999782443;7,739454969000064;51,792599479000046;1
191758;5231214709700148421;5;5;66;56;2023;12;19;5;3;8;1;2;0;1;0;0;0;0;0;416930,104000000283122;5796781,398000000044703;7,781363171000066;52,315070840000033;1
191760;5231214705000070967;5;5;54;20;2023;12;11;5;3;5;2;0;0;1;1;0;0;0;0;366115,100999999791384;5787192,119000000879169;7,040094782000040;52,218869726000037;1
191762;5231214701500980000;5;5;62;24;2023;12;21;5;3;5;2;2;0;1;1;0;0;0;0;368540,584999999962747;5724310,842000000178814;7,099611795000044;51,654399969000053;1
191766;5231215600110095264;5;3;14;0;2023;12;23;6;3;0;1;2;0;1;0;0;0;0;0;365982,631900000385940;5621711,358699999749660;7,100954913000066;50,731718088000036;1
191773;5231214602800199122;5;3;62;12;2023;12;15;5;3;5;3;1;1;1;1;0;0;0;0;351480,625599999912083;5631995,870799999684095;6,891446860000030;50,820615968000027;1
191775;5231214601300186586;5;3;15;0;2023;12;12;5;3;5;2;0;0;1;1;0;0;0;0;353027,320700000040233;5647333,202800000086427;6,907220185000028;50,958842360000062;1
191781;5231214518200095063;5;1;70;24;2023;12;9;5;3;6;4;0;0;1;0;1;0;0;0;335679,220800000242889;5703179,997500000521541;6,634831295000026;51,455917944000078;1
191785;5231214516900086880;5;1;58;26;2023;12;19;5;3;4;6;2;0;1;0;0;0;0;1;352817,791000000201166;5664789,485400000587106;6,897147272000041;51,115658034000035;1
191786;5231214516500699435;5;1;58;16;2023;12;12;5;3;3;6;0;1;1;1;0;0;0;0;355596,241100000217557;5669992,890499999746680;6,934730144000071;51,163125043000036;1
191792;5231214513210373874;5;1;62;24;2023;12;16;5;2;5;3;1;0;1;1;0;0;0;0;337699,362999999895692;5675213,587999999523163;6,676622712000039;51,205235084000037;1
191796;5231214506100091414;5;1;16;0;2023;12;19;5;3;0;7;1;0;1;0;0;0;0;0;323208,971800000406802;5672336,130100000649691;6,470813075000024;51,175085249000063;1
191797;5231216400100978305;5;7;11;0;2023;12;10;7;3;2;6;0;0;1;1;0;0;0;0;468236,175099999643862;5765616,317399999126792;8,536894702000041;52,040251414000068;1
191802;5231214502210878600;5;1;13;0;2023;12;14;5;3;1;5;0;0;1;1;0;0;0;0;362048,612700000405312;5700621,688500000163913;7,015111007000030;51,439968167000075;1
191808;5231214405108157498;5;7;54;8;2023;12;8;5;3;0;5;2;0;1;1;0;0;0;1;456521,180700000375509;5748391,738299999386072;8,368284663000054;51,884599398000034;1
191812;5231214316200451343;5;9;74;52;2023;12;7;5;2;5;3;2;1;1;1;0;0;0;0;424146,938000000081956;5712176,735999999567866;7,905870855000046;51,555571282000074;1
191814;5231222610222449782;5;3;70;36;2023;12;16;6;3;6;4;0;1;1;1;1;0;0;0;300704,758999999612570;5666193,949999999254942;6,152667126000040;51,112522789000082;1
191818;5231214301101980006;5;9;13;0;2023;12;12;5;3;0;3;0;1;1;1;0;0;0;0;392951,093399999663234;5707565,617799999192357;7,457443743000056;51,509067540000046;1
191819;5231214300800385304;5;9;54;36;2023;12;21;5;3;3;2;2;0;1;1;0;0;0;0;384371,802099999971688;5699954,922000000253320;7,336362431000055;51,438972374000059;1
191820;5231213711200185563;5;5;70;4;2023;12;7;4;3;5;3;2;1;1;1;0;0;0;0;423730,537999999709427;5735380,146999999880791;7,894802425000023;51,764109504000032;1
191821;5231213709300976630;5;5;66;96;2023;12;11;4;3;0;1;0;1;1;0;0;0;0;0;385299,941399999894202;5785598,460699999704957;7,321335035000061;52,208876565000025;1
191823;5231213705000978360;5;5;54;16;2023;12;10;4;2;5;3;0;1;1;1;0;0;0;0;363310,820199999958277;5757305,699999999254942;7,011048729000038;51,949640413000054;1
191824;5231213705000296573;5;5;54;68;2023;12;5;4;3;2;3;2;1;1;1;0;0;0;0;350582,781999999657273;5766881,231000000610948;6,821810248000077;52,032398586000056;1
191827;5231213701700382385;5;5;62;16;2023;12;7;4;3;0;3;1;1;1;1;0;0;0;0;374530,683600000105798;5733748,150699999183416;7,182762253000021;51,740581096000028;1
191831;5231213600380579310;5;3;14;0;2023;12;17;4;3;5;3;2;0;1;1;0;0;0;0;370005,906299999915063;5617771,326799999922514;7,159321366000029;50,697218255000053;1
191832;5231219701110085388;5;5;62;32;2023;12;9;3;3;6;4;0;1;1;0;1;0;0;0;374847,104600000195205;5719240,653599999845028;7,192541708000022;51,610273458000052;1
191835;5231213516900980041;5;1;58;26;2023;12;16;4;3;0;1;2;1;1;0;0;0;0;0;352768,383899999782443;5662112,726399999111891;6,897533797000051;51,091591244000028;1
191836;5231218515111022314;5;1;54;8;2023;12;12;2;2;0;7;0;0;1;0;0;0;0;1;312201,116600000299513;5746204,776699999347329;6,274186993000058;51,835041581000041;1
191838;5231213515211980040;5;1;54;16;2023;12;14;4;3;5;3;0;1;1;1;0;0;0;0;304119,643400000408292;5732497,226700000464916;6,164770384000064;51,709168996000074;1
191840;5231213505100978350;5;1;14;0;2023;12;19;4;3;1;5;2;1;1;1;0;0;0;0;330378,857499999925494;5689118,212200000882149;6,565331268000023;51,328027331000044;1
191841;5231213502200696604;5;1;13;0;2023;12;17;4;3;0;2;2;1;1;1;0;0;0;0;360981,071200000122190;5699701,800100000575185;7,000122035000061;51,431440749000046;1
191842;5231213501316980031;5;1;12;0;2023;12;19;4;3;1;1;2;1;1;1;0;0;0;0;346337,152999999932945;5699030,466299999505281;6,789911310000036;51,421627043000058;1
191843;5231213501314569438;5;1;12;0;2023;12;6;4;3;5;3;2;1;1;1;0;0;0;0;346419,701999999582767;5700353,005999999120831;6,790524326000025;51,433532631000048;1
191844;5231213501222978354;5;1;12;0;2023;12;17;4;3;5;3;2;1;1;1;0;0;0;0;340471,671000000089407;5702831,140000000596046;6,703908827000021;51,454154278000033;1
191846;5231213500300501077;5;1;11;0;2023;12;13;4;3;0;1;0;1;1;0;0;0;0;0;347538,609000000171363;5673019,565999999642372;6,818292852000070;51,188231285000029;1
191847;5231213500200056863;5;1;11;0;2023;12;9;4;3;5;3;0;1;1;1;0;0;0;0;345192,399400000460446;5678937,134199999272823;6,782191314000045;51,240772568000068;1
191849;5231213405228887175;5;7;54;28;2023;12;21;4;3;3;5;2;1;1;1;0;0;0;0;453083,564699999988079;5743446,414400000125170;8,319013967000046;51,839859590000060;1
191851;5231213404101980035;5;7;66;20;2023;12;17;4;3;5;3;2;1;1;1;0;0;0;0;489434,405700000002980;5754644,007400000467896;8,846293110000033;51,942409353000073;1
191853;5231213316300576135;5;9;74;28;2023;12;16;4;3;5;2;2;1;1;1;0;0;0;0;454565,732499999925494;5722638,144999999552965;8,343244465000055;51,652900118000048;1
191855;5231213310110980043;5;9;54;16;2023;12;14;4;3;2;6;0;1;1;1;0;0;0;0;373787,673999999649823;5695305,525000000372529;7,185813983000060;51,394927388000042;1
191856;5231213307000037376;5;9;62;36;2023;12;12;4;3;5;3;0;1;1;1;0;0;0;0;404862,905000000260770;5662722,412100000306964;7,640996976000054;51,108082303000060;1
191861;5231212711200987304;5;5;70;16;2023;12;10;3;3;5;3;0;0;1;1;0;0;0;0;413215,842000000178814;5739181,548000000417233;7,741523916000062;51,796749785000031;1
191862;5231212711200086958;5;5;70;4;2023;12;18;3;3;5;3;2;1;1;1;0;0;0;0;423912,854399999603629;5735325,543099999427795;7,897455747000038;51,763643439000077;1
191863;5231212711100551246;5;5;70;52;2023;12;14;3;3;5;3;0;1;1;1;0;0;0;0;429883,415799999609590;5756096,476600000634789;7,979742177000048;51,951148602000046;1
191864;5231212709000277840;5;5;66;8;2023;12;12;3;3;0;7;0;0;1;1;0;0;0;0;400863,297000000253320;5780622,377000000327826;7,550478896000072;52,167172238000035;1
191865;5231212705000795950;5;5;54;8;2023;12;18;3;3;5;2;1;1;1;1;0;0;0;0;335279,669499999843538;5744256,797399999573827;6,609751675000041;51,824825302000079;1
191868;5231212608436385720;5;3;34;36;2023;12;17;3;3;6;4;0;0;1;0;1;0;0;0;297867,384600000455976;5633972,861199999228120;6,130086157000051;50,822145496000076;1
191869;5231212608100394822;5;3;34;2;2023;12;10;3;3;0;1;0;0;1;0;0;0;0;0;294452,715699999593198;5629269,094200000166893;6,084302980000075;50,778698413000029;1
191878;5231212601100686427;5;3;15;0;2023;12;18;3;2;0;1;2;1;1;0;0;0;0;0;356633,476800000295043;5646173,900800000876188;6,958990414000027;50,949332388000073;1
191879;5231212600140595364;5;3;14;0;2023;12;9;3;3;6;4;0;0;1;0;1;0;0;0;369687,023699999786913;5620098,144300000742078;7,153987208000046;50,718060985000079;1
191880;5231212518400985983;5;1;70;8;2023;12;8;3;3;5;3;0;0;1;1;0;0;0;0;342598,866999999620020;5714979,275000000372529;6,729077055000062;51,563896509000074;1
191881;5231212518200980066;5;1;70;24;2023;12;19;3;3;5;3;2;1;1;1;0;0;0;0;336383,048000000417233;5703246,759999999776483;6,644921804000035;51,456721586000072;1
191884;5231212505100978370;5;1;14;0;2023;12;7;3;3;3;2;2;0;1;1;0;0;0;0;330708,432599999941885;5688471,283199999481440;6,570364577000021;51,322313575000067;1
191887;5231212502135575454;5;1;13;0;2023;12;23;3;3;4;2;2;0;1;1;0;0;0;0;365861,756000000052154;5703247,648000000044703;7,068946087000029;51,464482664000059;1
191888;5231212501324182187;5;1;12;0;2023;12;5;3;3;5;3;2;1;1;1;0;0;0;0;343154,377299999818206;5694280,427600000053644;6,746271573000058;51,378076643000043;1
191891;5231212501136679377;5;1;12;0;2023;12;14;3;3;0;7;0;1;1;1;0;0;0;0;344296,906499999575317;5709082,302799999713898;6,756163489000073;51,511384971000041;1
191894;5231212500300001866;5;1;11;0;2023;12;15;3;3;5;2;0;1;1;1;0;0;0;0;347778,407999999821186;5670983,689999999478459;6,822584033000055;51,170001385000035;1
191895;5231212500200980064;5;1;11;0;2023;12;14;3;3;5;3;0;0;1;1;0;0;0;0;344521,557400000281632;5680214,562000000849366;6,772033664000048;51,252068234000035;1
191904;5231212317230475791;5;9;78;8;2023;12;17;3;3;5;3;2;1;1;1;0;0;0;0;415045,170500000007451;5717061,011399999260902;7,773433143000034;51,598181376000070;1
191906;5231220702100065836;5;5;15;0;2023;12;18;4;3;5;3;2;1;1;1;0;0;0;0;401302,686999999918044;5758736,002000000327826;7,563229860000035;51,970536011000036;1
191916;5231212303100089418;5;9;15;0;2023;12;20;3;2;8;1;2;1;1;0;0;0;0;0;418619,404000000096858;5726378,577999999746680;7,822858476000022;51,682470505000026;1
191920;5231212301102980083;5;9;13;0;2023;12;12;3;3;5;3;0;0;1;1;0;0;0;0;396188,593899999745190;5705086,312200000509620;7,504807726000024;51,487385991000053;1
191922;5231212518400691624;5;1;70;8;2023;12;11;3;3;0;3;0;0;1;1;0;0;0;0;344396,338999999687076;5713282,130999999120831;6,755739702000028;51,549146907000079;1
191923;5231212301101880585;5;9;13;0;2023;12;16;3;3;4;2;1;1;1;1;0;0;0;0;391948,546000000089407;5707686,555999999865890;7,442965857000047;51,509963753000079;1
191926;5231211705000980110;5;5;54;8;2023;12;16;2;3;5;3;1;0;1;1;0;0;0;0;336751,998900000005960;5747218,429999999701977;6,629699340000059;51,851863245000061;1
191930;5231211700000081500;5;5;13;0;2023;12;7;2;3;5;3;2;1;1;1;0;0;0;0;363085,969499999657273;5710984,324699999764562;7,026008802000035;51,533342826000080;1
191931;5231211608404573661;5;3;34;4;2023;12;17;2;3;5;3;2;1;1;1;0;0;0;0;303194,684999999590218;5639851,868200000375509;6,202467517000059;50,876785804000065;1
191932;5231213705000980038;5;5;54;68;2023;12;17;4;3;0;3;2;1;1;1;0;0;0;0;350915,150000000372529;5767224,463999999687076;6,826502104000042;52,035571780000055;1
191934;5231211607300490905;5;3;82;16;2023;12;20;2;3;1;5;2;1;1;1;0;0;0;0;391450,176799999549985;5625616,658199999481440;7,460527121000041;50,772143463000077;1
191936;5231211601700486505;5;3;16;0;2023;12;16;2;3;5;7;2;1;1;1;0;0;0;0;360678,027999999932945;5659113,259999999776483;7,011564732000068;51,066611230000035;1
191941;5231211601200278460;5;3;15;0;2023;12;20;2;2;5;3;2;1;1;1;0;0;0;0;355832,137799999676645;5642588,861600000411272;6,949008224000067;50,916914377000069;1
191946;5231213601300490176;5;3;15;0;2023;12;18;4;3;5;3;2;1;1;1;0;0;0;0;349858,577499999664724;5644269,632799999788404;6,863395755000056;50,930495217000043;1
191947;5231211600310980105;5;3;14;0;2023;12;18;2;3;5;3;2;1;1;1;0;0;0;0;362304,773000000044703;5619061,297000000253320;7,049860028000069;50,707039903000066;1
191948;5231211600110895663;5;3;14;0;2023;12;17;2;3;5;3;2;1;1;1;0;0;0;0;362594,082899999804795;5623680,742599999532104;7,052233546000025;50,748626658000035;1
191949;5231211518200696133;5;1;70;24;2023;12;16;2;3;3;5;1;1;1;1;0;0;0;0;335690,008999999612570;5702286,826999999582767;6,635401237000053;51,447896709000076;1
191950;5231211518200682374;5;1;70;24;2023;12;16;2;3;5;3;1;1;1;0;0;0;0;0;338301,161999999545515;5702609,216000000014901;6,672797643000024;51,451544735000027;1
191954;5231211515211980125;5;1;54;16;2023;12;11;2;3;0;1;0;1;1;0;0;0;0;0;303524,305499999783933;5728306,878599999472499;6,158523752000065;51,671330030000036;1
191956;5231211514113089427;5;1;66;32;2023;12;18;2;3;1;5;2;1;1;1;0;0;0;0;316512,462000000290573;5685038,158099999651313;6,368614324000021;51,287074174000054;1
191964;5231211501315078871;5;1;12;0;2023;12;17;2;3;6;4;2;1;1;1;1;0;0;0;345669,069099999964237;5699545,912599999457598;6,780085698000050;51,426076876000081;1
191965;5231211501112980110;5;1;12;0;2023;12;12;2;3;6;4;0;0;1;0;1;0;0;0;344318,423299999907613;5708060,290699999779463;6,756924462000029;51,502208306000057;1
191966;5231211501111491416;5;1;12;0;2023;12;13;2;3;4;6;0;0;1;1;0;0;0;0;347017,457999999634922;5708640,392000000923872;6,795529576000035;51,508157514000061;1
191971;5231211405108980131;5;7;54;8;2023;12;10;2;3;2;7;0;1;1;1;0;0;0;0;456830,462500000372529;5751142,949100000783801;8,372433488000070;51,909358407000070;1
191975;5231210709300370501;5;5;66;96;2023;12;14;1;3;8;1;0;1;1;0;0;0;0;0;386396,713999999687076;5786718,246999999508262;7,337003367000023;52,219167087000073;1
191976;5231210705000978381;5;5;54;4;2023;12;22;1;2;0;1;2;1;1;0;0;0;0;0;360659,162200000137091;5769759,293400000780821;6,967425886000058;52,060881817000052;1
191988;5231210518120091621;5;1;70;44;2023;12;11;1;3;0;1;0;1;1;0;0;0;0;0;339283,571800000034273;5719241,713300000876188;6,679336105000061;51,601256248000027;1
191992;5231210513210391183;5;1;62;24;2023;12;16;1;3;0;1;1;0;1;0;0;0;0;0;338720,947499999776483;5674438,947499999776483;6,691582287000074;51,198564371000032;1
192004;5231209711400980200;5;5;70;28;2023;12;7;7;3;2;6;1;0;1;1;0;0;0;0;441501,853699999861419;5742440,694499999284744;8,151094911000030;51,829724711000040;1
192005;5231209711100561702;5;5;70;36;2023;12;9;7;3;5;3;0;0;1;1;0;0;0;0;433930,342000000178814;5766455,132999999448657;8,036622322000028;52,044765214000051;1
192006;5231209709500069126;5;5;66;60;2023;12;19;7;3;5;3;2;1;1;1;0;0;0;0;388975,673899999819696;5789536,281899999827147;7,373813762000054;52,245018503000040;1
192008;5231209705000995070;5;5;54;4;2023;12;17;7;2;8;7;2;1;1;0;0;0;0;0;363869,272800000384450;5772379,725800000131130;7,013175894000028;52,085225588000071;1
192011;5231209705000016031;5;5;54;12;2023;12;17;7;3;5;3;2;1;1;1;0;0;0;0;352519,378899999894202;5745981,303899999707937;6,858981761000052;51,845136451000030;1
192013;5231209702100276702;5;5;15;0;2023;12;15;7;3;5;2;0;1;1;1;0;0;0;0;405534,694500000216067;5756588,053400000557303;7,625407780000046;51,951964738000072;1
192016;5231209701400894388;5;5;12;0;2023;12;16;7;3;1;5;2;1;1;1;0;0;0;0;357154,212500000372529;5710025,833100000396371;6,940933170000051;51,523260342000071;1
192017;5231218515212491270;5;1;54;32;2023;12;7;2;3;5;3;2;0;1;1;0;0;0;0;309585,907200000248849;5718374,274700000882149;6,251477343000033;51,584210689000031;1
192020;5231209608312178417;5;3;34;12;2023;12;12;7;3;5;3;0;1;1;1;0;0;0;0;309285,972299999557436;5637825,064600000157952;6,290004866000061;50,860621845000026;1
192021;5231209608200089883;5;3;34;2;2023;12;0;7;2;0;1;2;1;1;0;0;0;0;0;299100,075100000016391;5627389,545900000259280;6,151164347000076;50,763445200000035;1
192023;5231209601700978396;5;3;16;0;2023;12;10;7;2;5;3;0;1;1;1;0;0;0;0;358871,633399999700487;5655507,242100000381470;6,987206105000041;51,033763165000039;1
192028;5231209518400789445;5;1;70;8;2023;12;17;7;3;5;2;2;1;1;1;0;0;0;0;343606,851999999955297;5714627,273000000044703;6,743764296000052;51,561014306000061;1
192029;5231209518300896000;5;1;70;20;2023;12;12;7;2;0;1;0;1;1;0;0;0;0;0;329603,963000000454485;5708931,112999999895692;6,544696727000030;51,505787377000047;1
192030;5231209516800254500;5;1;58;20;2023;12;14;7;3;1;5;0;1;1;1;0;0;0;0;356627,223000000230968;5663773,323799999430776;6,951940287000070;51,107492015000048;1
192031;5231228600380095227;5;3;14;0;2023;12;16;5;3;0;1;0;0;1;0;0;0;0;0;367185,990500000305474;5619804,419999999925494;7,118683498000053;50,714854773000070;1
192033;5231209515210082346;5;1;54;52;2023;12;11;7;3;5;3;0;1;1;1;0;0;0;0;310150,421000000089407;5702982,575999999418855;6,267904630000032;51,446161463000067;1
192035;5231209515110980184;5;1;54;36;2023;12;18;7;3;3;3;2;1;1;1;0;0;0;0;303042,750199999660254;5741701,585899999365211;6,143991315000051;51,791448888000048;1
192041;5231209503400667151;5;1;22;0;2023;12;10;7;3;5;3;0;0;1;1;0;0;0;0;359929,573499999940395;5669722,398600000888109;6,996769785000026;51,161771650000048;1
192047;5231209410120696822;5;7;70;32;2023;12;9;7;2;8;1;0;1;1;0;0;0;0;0;498112,492700000293553;5786028,290400000289083;8,972367020000036;52,224677212000074;1
192052;5231209404101590673;5;7;66;20;2023;12;8;7;3;5;3;0;1;1;1;0;0;0;0;490537,580699999816716;5753789,125199999660254;8,862365425000064;51,934742942000071;1