OID_;UIDENTSTLAE;ULAND;UREGBEZ;UKREIS;UGEMEINDE;UJAHR;UMONAT;USTUNDE;UWOCHENTAG;UKATEGORIE;UART;UTYP1;ULICHTVERH;IstStrassenzustand;IstRad;IstPKW;IstFuss;IstKrad;IstGkfz;IstSonstige;LINREFX;LINREFY;XGCSWGS84;YGCSWGS84;PLST
192054;5231209316300570542;5;9;74;28;2023;12;17;7;3;0;1;2;1;1;0;0;0;0;0;455055,880099999718368;5724411,114800000563264;8,350101084000073;51,668880119000050;1
192058;5231209301202576077;5;9;13;0;2023;12;15;7;3;2;5;0;1;1;1;0;0;0;1;393596,274000000208616;5709146,569000000134110;7,466259797000021;51,523399752000046;1
192062;5231208702100927000;5;5;15;0;2023;12;7;6;3;0;3;2;1;1;1;0;0;0;0;404849,324000000022352;5755639,544999999925494;7,615700444000026;51,943322321000039;1
192064;5231208702100396643;5;5;15;0;2023;12;19;6;3;5;3;2;1;1;1;0;0;0;0;407023,809899999760091;5759437,434200000017881;7,646298264000052;51,977827337000065;1
192069;5231208601300980217;5;3;15;0;2023;12;12;6;3;1;5;0;0;1;1;0;0;0;0;354191,010400000028312;5645649,607100000604987;6,924452826000049;50,944008080000060;1
192071;5231208518100590483;5;1;70;48;2023;12;15;6;3;5;3;0;1;1;1;0;0;0;0;335043,792700000107288;5726905,914100000634789;6,614560844000039;51,668883685000026;1
192074;5231208514118085894;5;1;66;16;2023;12;20;6;3;0;1;2;1;1;0;0;0;0;0;310117,707499999552965;5687324,710300000384450;6,275800648000029;51,305515995000064;1
192082;5231208410220890817;5;7;70;8;2023;12;12;6;3;5;2;0;1;1;1;0;0;0;0;474254,550999999977648;5803186,874099999666214;8,621780743000045;52,378339517000029;1
192085;5231208405140980225;5;7;54;40;2023;12;15;6;3;3;2;0;1;1;0;0;0;0;1;460877,075799999758601;5761926,924900000914931;8,430028638000067;52,006611527000075;1
192091;5231207711400996650;5;5;70;28;2023;12;16;5;3;1;5;2;0;1;1;0;0;0;0;441026,827999999746680;5741645,529899999499321;8,144337794000023;51,822526054000036;1
192092;5231207711100980255;5;5;70;52;2023;12;13;5;3;5;3;0;0;1;0;0;0;0;0;430640,070700000040233;5756307,876099999994040;7,990707645000043;51,953143885000031;1
192093;5231207709500111962;5;5;66;76;2023;12;13;5;3;5;2;0;1;1;0;0;0;1;0;394292,314000000245869;5793929,875000000000000;7,450279212000055;52,285551707000081;1
192094;5231207709500091847;5;5;66;76;2023;12;14;5;3;4;3;0;0;1;1;0;0;0;0;394226,574000000022352;5794111,762199999764562;7,449258733000022;52,287173719000066;1
192095;5231207709300980278;5;5;66;68;2023;12;6;5;3;0;7;2;2;1;0;0;0;0;0;375383,389399999752641;5784828,355100000277162;7,176563592000036;52,199803281000072;1
192097;5231207709300839553;5;5;66;68;2023;12;5;5;3;0;6;2;2;1;0;0;0;0;0;376705,697999999858439;5785971,721000000834465;7,195485366000071;52,210375094000028;1
192100;5231218405108980000;5;7;54;8;2023;12;13;2;3;5;3;0;0;1;1;0;0;0;0;457667,137000000104308;5749171,664999999105930;8,384837792000042;51,891699615000050;1
192103;5231207705000980275;5;5;54;20;2023;12;7;5;2;0;1;1;2;1;0;0;0;0;0;366356,450500000268221;5786238,067900000140071;7,044002316000046;52,210355809000077;1
192104;5231207705000680994;5;5;54;8;2023;12;6;5;3;0;1;1;2;1;1;0;0;0;0;334664,168999999761581;5745492,360999999567866;6,600238451000052;51,835742997000068;1
192107;5231207705000080994;5;5;54;32;2023;12;6;5;2;0;1;2;2;1;0;0;0;0;0;323978,620400000363588;5743976,559800000861287;6,446075337000025;51,818862733000060;1
192108;5231207705000076721;5;5;54;8;2023;12;5;5;3;0;1;2;2;1;0;0;0;0;0;334720,479399999603629;5745689,228199999779463;6,600960957000041;51,837528183000074;1
192111;5231207701400385474;5;5;12;0;2023;12;12;5;3;0;1;0;1;1;0;0;0;0;0;357033,120799999684095;5710085,165200000628829;6,939164818000052;51,523762853000051;1
192118;5231207607400790940;5;3;82;44;2023;12;9;5;3;0;2;0;2;1;0;0;0;0;0;361438,094999999739230;5632516,105000000447035;7,032525872000065;50,827759984000068;1
192123;5231207602800014858;5;3;62;12;2023;12;13;5;3;5;3;0;0;1;1;0;0;0;0;351364,649000000208616;5633788,451999999582767;6,889074805000064;50,836695526000028;1
192124;5231207602700794861;5;3;62;28;2023;12;14;5;3;1;2;0;0;1;1;0;0;0;0;351407,078999999910593;5640360,689999999478459;6,887007639000046;50,895768457000031;1
192126;5231207602700364434;5;3;62;28;2023;12;11;5;3;0;1;0;2;1;0;0;0;0;0;350286,463399999774992;5637825,725800000131130;6,872122586000046;50,872698668000055;1
192127;5231207602500976582;5;3;62;24;2023;12;7;5;3;0;1;2;2;1;0;0;0;0;0;346844,799499999731779;5643164,783600000664592;6,821004751000032;50,919774601000029;1
192128;5231207602300094802;5;3;62;36;2023;12;10;5;3;0;1;0;2;1;0;0;0;0;0;343848,949799999594688;5649560,819599999114871;6,775673067000071;50,976445239000043;1
192129;5231207602300094801;5;3;62;36;2023;12;6;5;3;0;1;2;2;1;0;0;0;0;0;342025,738900000229478;5654165,597200000658631;6,747720140000069;51,017324490000078;1
192131;5231207601600799188;5;3;15;0;2023;12;8;5;3;0;1;0;2;1;0;0;0;0;0;362606,174899999983609;5640411,664999999105930;7,046136688000047;50,898999622000076;1
192133;5231207601600090354;5;3;15;0;2023;12;9;5;3;0;1;0;2;1;0;0;0;0;0;363462,730000000447035;5637972,323999999091029;7,059221698000044;50,877279197000064;1
192135;5231214405108482115;5;7;54;8;2023;12;11;5;3;2;6;0;0;1;0;0;0;0;0;457355,927299999631941;5750853,512900000438094;8,380107644000077;51,906796689000032;1
192138;5231207601300980263;5;3;15;0;2023;12;10;5;3;0;1;0;2;1;0;0;0;0;0;350590,174999999813735;5647667,115000000223517;6,872405356000058;50,961216257000046;1
192139;5231207601300693385;5;3;15;0;2023;12;9;5;3;0;1;0;2;1;0;0;0;0;0;349932,441999999806285;5649444,210999999195337;6,862312979000023;50,977014819000033;1
192140;5231207601300378607;5;3;15;0;2023;12;9;5;3;0;1;0;2;1;0;0;0;0;0;349812,495000000111759;5644446,562999999150634;6,862667559000045;50,932073176000074;1
192142;5231207601200980252;5;3;15;0;2023;12;9;5;3;0;1;0;2;1;0;0;0;0;0;354970,289499999955297;5642728,532400000840425;6,936700156000029;50,917953620000048;1
192143;5231207601200660194;5;3;15;0;2023;12;8;5;3;0;1;0;2;1;0;0;0;0;0;356838,291899999603629;5637630,917400000616908;6,965255757000023;50,872607906000042;1
192144;5231207601200090375;5;3;15;0;2023;12;18;5;3;0;1;2;0;1;0;0;0;0;0;354741,798000000417233;5640976,141699999570847;6,934149233000028;50,902147788000036;1
192145;5231207601200081833;5;3;15;0;2023;12;8;5;2;0;1;0;2;1;0;0;0;0;0;357305,876400000415742;5641474,278400000184774;6,970395967000059;50,907263922000027;1
192146;5231207601100599077;5;3;15;0;2023;12;8;5;3;5;3;0;0;1;0;0;0;0;0;356673,916799999773502;5645044,450799999758601;6,960010186000034;50,939192213000069;1
192147;5231207601100276445;5;3;15;0;2023;12;8;5;3;0;1;0;2;1;0;0;0;0;0;355363,078300000168383;5643158,388000000268221;6,942113941000059;50,921915237000064;1
192149;5231207600380375898;5;3;14;0;2023;12;8;5;2;0;1;0;2;1;0;0;0;0;0;369729,326999999582767;5618382,574999999254942;7,155191639000066;50,702650450000078;1
192154;5231207600360193474;5;3;82;12;2023;12;7;5;3;0;1;2;2;1;0;0;0;0;0;358725,910199999809265;5625540,708599999547005;6,996722649000048;50,764414444000067;1
192156;5231207600110294842;5;3;14;0;2023;12;8;5;3;0;1;0;2;1;0;0;0;0;0;365604,754300000146031;5623722,524499999359250;7,094869932000051;50,749706995000054;1
192160;5231207516800980244;5;1;58;20;2023;12;17;5;3;5;3;2;0;1;1;0;0;0;0;356592,140599999576807;5664158,507300000637770;6,951286388000028;51,110944720000077;1
192166;5231207515111582345;5;1;54;8;2023;12;17;5;3;0;1;2;0;1;0;1;0;0;0;310074,523099999874830;5746155,400200000032783;6,243385921000026;51,833879172000081;1
192167;5231207514215591566;5;1;66;28;2023;12;13;5;3;2;6;0;0;1;1;0;0;0;0;325374,750099999830127;5688891,474300000816584;6,493688293000048;51,324476133000076;1
192168;5231207514210587487;5;1;66;12;2023;12;12;5;3;5;2;0;0;1;1;0;0;0;0;320413,375000000000000;5692767,081000000238419;6,420601787000066;51,357745533000070;1
192169;5231207506100980271;5;1;16;0;2023;12;7;5;3;0;1;1;2;1;0;0;0;0;0;324538,337299999780953;5670993,723799999803305;6,490466462000029;51,163435026000059;1
192171;5231208600380980224;5;3;14;0;2023;12;13;6;3;5;2;0;1;1;1;0;0;0;0;369691,138899999670684;5618430,327299999073148;7,154634292000026;50,703071104000060;1
192173;5231207505200086043;5;1;14;0;2023;12;7;5;3;5;5;1;1;1;1;0;0;0;0;330108,970599999651313;5690449,732799999415874;6,560826142000053;51,339908935000039;1
192181;5231207501126764600;5;1;12;0;2023;12;14;5;3;0;1;0;1;1;0;0;0;0;0;345316,468299999833107;5703955,349799999967217;6,773090740000043;51,465599632000078;1
192185;5231207411132591113;5;7;74;32;2023;12;20;5;3;5;3;2;1;1;0;0;0;0;0;482986,411700000055134;5730320,438200000673532;8,753685298000050;51,723553111000058;1
192186;5231207406210178030;5;7;58;4;2023;12;12;5;2;5;3;0;0;1;1;0;0;0;0;472292,360999999567866;5781436,904999999329448;8,594743191000020;52,182704969000042;1
192189;5231207404302166150;5;7;66;8;2023;12;18;5;3;3;2;2;1;1;1;0;0;0;0;483130,947399999946356;5768874,737800000235438;8,753891153000041;52,070200520000071;1
192193;5231207400100086404;5;7;11;0;2023;12;20;5;3;0;7;2;2;1;0;0;0;0;0;466840,741000000387430;5765273,428500000387430;8,516583789000038;52,037086936000037;1
192195;5231207317110589210;5;9;78;36;2023;12;11;5;3;5;3;0;0;1;1;0;0;0;0;408855,321899999864399;5709737,441500000655651;7,685988663000046;51,531380266000042;1
192199;5231207313110978422;5;9;58;4;2023;12;5;5;3;0;3;0;0;1;1;0;0;0;0;428957,279000000096858;5698859,281999999657273;7,977925910000067;51,436469769000041;1
192205;5231207301202396670;5;9;13;0;2023;12;17;5;3;5;3;2;0;1;1;0;0;0;0;393670,286000000312924;5708658,310000000521541;7,467473568000059;51,519024988000069;1
192211;5231207300700361212;5;9;16;0;2023;12;17;5;3;3;2;2;0;1;1;0;0;0;0;372569,697999999858439;5711565,851999999955297;7,162453781000067;51,540789356000062;1
192215;5231206711200657664;5;5;70;4;2023;12;9;4;3;4;6;0;1;1;0;0;0;0;1;423560,339200000278652;5735429,677600000053644;7,892325725000035;51,764531556000065;1
192216;5231206711100087235;5;5;70;52;2023;12;13;4;3;5;2;0;1;1;1;0;0;0;0;429835,821600000374019;5756030,140599999576807;7,979063301000053;51,950546265000071;1
193213;5231231606700979617;5;3;78;32;2023;12;17;1;3;0;6;2;1;1;1;0;0;0;0;375090,030700000002980;5666634,906999999657273;7,214540151000051;51,137532880000037;1
193215;5231231601500174376;5;3;15;0;2023;12;23;1;3;8;1;2;0;1;0;0;0;0;0;361837,164400000125170;5648713,819900000467896;7,032059679000042;50,973430078000035;1
193218;5231231600130495303;5;3;82;8;2023;12;20;1;3;0;1;2;1;1;0;0;0;0;0;375266,359199999831617;5611572,953299999237061;7,235859273000074;50,642654755000081;1
193226;5231230705000030801;5;5;54;4;2023;12;15;7;3;5;3;0;1;1;1;0;0;0;0;363880,028500000014901;5771944,896500000730157;7,013506312000061;52,081321108000054;1
193229;5231230608408879491;5;3;34;8;2023;12;8;7;3;5;3;0;0;1;1;0;0;0;0;303327,836000000126660;5644669,350999999791384;6,201763683000024;50,920101437000028;1
193233;5231230601300082000;5;3;15;0;2023;12;14;7;3;0;7;0;0;1;1;0;0;0;0;353828,065200000070035;5646988,269200000911951;6,918752645000041;50,955946250000068;1
193234;5231230601200526865;5;3;15;0;2023;12;19;7;2;0;1;2;0;1;0;0;0;0;0;359434,871700000017881;5638510,023499999195337;7,001798536000024;50,881145942000046;1
193236;5231230600140395313;5;3;14;0;2023;12;12;7;3;5;3;0;0;1;1;0;0;0;0;371775,962700000032783;5622997,807900000363588;7,182554563000053;50,744588954000051;1
193237;5231230516700799237;5;1;58;8;2023;12;13;7;3;5;7;0;0;1;1;0;0;0;0;360117,411500000394881;5672728,934499999508262;6,998284375000026;51,188836564000042;1
193239;5231230502101291861;5;1;13;0;2023;12;17;7;3;3;6;1;0;1;1;0;0;0;0;361931,247899999842048;5701960,510700000450015;7,012901089000025;51,451970765000056;1
193242;5231230500300574628;5;1;11;0;2023;12;15;7;1;6;7;0;0;1;0;1;0;0;0;349075,315000000409782;5673696,601999999955297;6,839981591000026;51,194722842000033;1
193249;5231230316300276617;5;9;74;28;2023;12;14;7;3;5;3;0;0;1;1;0;0;0;0;454599,447999999858439;5723179,654999999329448;8,343661467000061;51,657771504000038;1
193253;5231230307000490540;5;9;62;32;2023;12;10;7;3;5;3;0;0;1;0;0;0;0;1;405851,847199999727309;5675928,211500000208616;7,651661767000064;51,226962511000067;1
263698;5230101600320625587;5;3;82;72;2023;1;11;1;3;0;1;0;1;1;0;0;0;0;0;367539,839956253068522;5611908,285526375286281;7,126521645000025;50,643963667000037;2
263699;5230102709800596631;5;5;66;40;2023;1;21;2;3;0;3;2;1;1;1;0;0;0;0;421144,724956963676959;5781567,115153599530458;7,846729507000020;52,178935021000029;2
263700;5230102711151087235;5;5;70;32;2023;1;18;2;3;3;6;2;1;1;1;0;0;0;0;420388,942069260810968;5763891,426400411874056;7,839808672000061;52,019940507000058;2
263701;5230105600310093400;5;3;14;0;2023;1;18;5;3;6;4;2;0;1;0;1;0;0;0;363272,744054478767794;5614931,069709099829197;7,065088830000036;50,670146508000073;2
263702;5230106606100777197;5;3;78;12;2023;1;16;6;2;9;1;0;1;1;0;0;0;0;0;378939,068755368643906;5652945,447604080662131;7,274115780000045;51,015314870000054;2
263703;5230106701610992237;5;5;62;12;2023;1;17;6;3;0;1;2;0;1;0;0;0;0;0;359415,832181253586896;5722345,920626487582922;6,968579594000062;51,634535677000031;2
263704;5230108410250796986;5;7;70;44;2023;1;14;1;3;0;7;0;1;1;0;0;0;0;1;465260,204964153002948;5801547,040355186909437;8,489822132000029;52,363100722000070;2
263705;5230108607100793493;5;3;82;20;2023;1;16;1;3;0;1;2;1;1;0;0;0;0;0;376344,381915510573890;5622519,348809566348791;7,247434933000022;50,741279210000073;2
263706;5230109405244206735;5;7;54;44;2023;1;12;2;3;3;6;0;1;1;1;0;0;0;0;467749,740250234026462;5747725,851380111649632;8,531482717000074;51,879375190000076;2
263707;5230109410230578122;5;7;70;4;2023;1;6;2;3;4;1;2;1;1;0;0;0;0;0;485927,301446441328153;5784036,850954385474324;8,794060168000044;52,206596473000047;2
263708;5230110608100189806;5;3;34;2;2023;1;23;3;3;0;1;2;1;1;0;0;0;0;0;289902,215016799164005;5630599,389933072961867;6,019085927000049;50,789014948000045;2
263709;5230111502212775302;5;1;13;0;2023;1;14;4;3;3;3;0;0;1;1;0;0;0;0;361646,662546899286099;5696654,145525427535176;7,010880311000051;51,404216129000076;2
263710;5230111516500086694;5;1;58;16;2023;1;14;4;3;0;7;0;1;1;0;1;0;0;0;355393,343341108877212;5668390,516757828183472;6,932474236000076;51,148674225000036;2
263711;5230113316300089236;5;9;74;28;2023;1;19;6;1;8;1;2;0;1;0;0;0;0;0;456305,725427810684778;5727495,935270060785115;8,367786670000044;51,696714028000031;2
263712;5230114705000920730;5;5;54;20;2023;1;12;7;3;2;7;0;1;1;1;0;0;0;0;367003,692097405320965;5781779,439723904244602;7,055218899000067;52,170449485000063;2
263713;5230117600380634775;5;3;14;0;2023;1;7;3;3;1;5;2;0;1;0;0;0;0;1;368976,015148271690123;5620106,240098321810365;7,143917812000041;50,717973885000049;2
263714;5230117709500576680;5;5;66;76;2023;1;19;3;3;0;1;2;2;1;0;0;0;0;0;395815,543206517002545;5795031,805415485054255;7,472261018000040;52,295745976000035;2
263715;5230119315150093916;5;9;70;44;2023;1;5;5;3;0;1;2;2;1;0;0;0;0;0;438019,954739701352082;5634236,517269073054194;8,119417340000041;50,856497911000076;2
263716;5230119400100992007;5;7;11;0;2023;1;7;5;3;0;3;1;2;1;1;0;0;0;0;464226,112483601958957;5765692,845726003870368;8,478423877000068;52,040695181000046;2
263717;5230120702100176732;5;5;15;0;2023;1;8;6;3;4;6;0;0;1;0;0;0;0;0;404772,639325002266560;5757552,630785064771771;7,614055033000056;51,960504782000044;2
263718;5230124601200381847;5;3;15;0;2023;1;9;3;3;0;7;0;0;1;0;0;0;0;0;354799,291874709946569;5643743,325322933495045;6,933865061000063;50,927030328000058;2
263719;5230125600380593634;5;3;14;0;2023;1;14;4;3;0;1;0;1;1;0;0;0;0;0;366762,229994092253037;5617248,574621172621846;7,113606610000033;50,691785645000039;2
263720;5230125600380873801;5;3;14;0;2023;1;14;4;3;0;1;0;1;1;0;0;0;0;0;366762,106698062154464;5617250,248815782368183;7,113604261000035;50,691800665000073;2
263721;5230126502401075338;5;1;17;0;2023;1;10;5;3;0;1;0;1;1;0;0;0;0;0;352269,588000000454485;5697902,652000000700355;6,875641531000042;51,413070065000056;2
263722;5230126601700379324;5;3;16;0;2023;1;8;5;3;0;1;2;2;1;0;0;0;0;0;357506,225598467921373;5655543,972585801966488;6,967731059000073;51,033756332000053;2
263723;5230126607200595335;5;3;82;20;2023;1;12;5;3;8;1;0;1;1;0;0;0;0;0;377658,389640946814325;5624861,054530624300241;7,265271117000054;50,762606583000036;2
263724;5230126607500086341;5;3;82;56;2023;1;8;5;3;0;1;1;2;1;0;0;0;0;0;371898,798598855268210;5625116,319793005473912;7,183557611000026;50,763658015000033;2
263725;5230126709300887330;5;5;66;8;2023;1;7;5;3;0;1;1;2;1;0;0;0;0;0;400163,360659678932279;5779196,417707253247499;7,540667730000052;52,154229842000063;2
263726;5230127610111479484;5;3;70;16;2023;1;19;6;3;0;7;2;0;1;0;1;0;0;0;297629,626958422712050;5656720,356662780046463;6,114092562000053;51,026363423000078;2
263727;5230203601100182123;5;3;15;0;2023;2;17;6;3;6;6;2;1;1;0;1;0;0;0;357067,466651337977964;5645298,914209289476275;6,965508047000071;50,941576741000063;2
263728;5230206405112596840;5;7;54;12;2023;2;7;2;3;5;3;2;2;1;1;0;0;0;0;458219,706228497962002;5768529,762736501172185;8,390509688000066;52,065779978000080;2
263729;5230206706300910693;5;5;58;44;2023;2;7;2;3;3;6;2;0;1;0;0;0;0;1;394095,296390228031669;5744923,611223331652582;7,462594530000047;51,845065727000076;2
263730;5230207313110495073;5;9;58;4;2023;2;7;3;2;0;1;1;2;1;0;0;0;0;0;440478,337711271014996;5694441,681802330538630;8,144396601000039;51,398079568000071;2
263731;5230207500100178025;5;1;11;0;2023;2;18;3;3;7;7;2;0;1;0;0;0;0;0;341640,769106558756903;5680231,840976732783020;6,730779475000077;51,251430821000042;2
263732;5230207502406978894;5;1;17;0;2023;2;15;3;2;7;1;0;0;1;0;0;0;0;0;354513,795864168903790;5693634,278283174149692;6,909639367000068;51,375295177000055;2
263733;5230207601500896800;5;3;15;0;2023;2;14;3;3;6;6;0;0;1;0;1;0;0;0;359701,059876592946239;5648710,205559651367366;7,001654835000068;50,972881194000081;2
263734;5230207607500852560;5;3;82;56;2023;2;14;3;3;6;6;0;0;1;0;1;0;0;0;374587,593829643039498;5626327,308430190198123;7,221251370000061;50,775130435000051;2
263735;5230208411132387042;5;7;74;32;2023;2;8;4;2;4;6;0;1;1;1;0;0;0;0;479597,353053738246672;5727120,805600050836802;8,704808067000045;51,694671216000074;2
263736;5230208515110026561;5;1;54;40;2023;2;16;4;3;0;1;0;0;1;0;0;0;0;0;297413,305841862631496;5741924,566061476245522;6,062344638000070;51,791441203000034;2
263737;5230208601400497064;5;3;15;0;2023;2;15;4;3;0;3;0;0;1;0;0;0;0;0;355854,885049317264929;5646983,974126059561968;6,947592979000035;50,956418180000071;2
263738;5230210500200267524;5;1;11;0;2023;2;16;6;3;0;1;0;0;1;0;0;0;0;0;348424,852101591008250;5679477,730918551795185;6,828235246000077;51,246498170000052;2
263739;5230210601600686373;5;3;15;0;2023;2;2;6;3;0;1;2;2;1;0;0;0;0;0;359819,640733013045974;5641961,522251214832067;7,005939881000074;50,912258769000061;2
263740;5230210601600874350;5;3;15;0;2023;2;7;6;2;0;1;2;2;1;0;0;0;0;0;363696,896099060075358;5638981,948935199528933;7,062171673000023;50,886408516000074;2
263741;5230210602600185860;5;3;62;20;2023;2;8;6;3;0;1;0;1;1;0;0;0;0;0;341998,096001809346490;5630776,939900033175945;6,757453547000068;50,807153190000065;2
263742;5230210705000991497;5;5;54;8;2023;2;16;6;3;0;1;0;0;1;0;0;0;0;0;333515,610036563244648;5749884,785915895365179;6,581468020000045;51,874859749000052;2
263743;5230212600360493505;5;3;82;12;2023;2;15;1;2;0;7;0;0;1;0;0;0;0;0;349747,151006186380982;5626202,634666143916547;6,869224010000039;50,768107350000037;2
263744;5230214316100094368;5;9;74;40;2023;2;15;3;3;3;6;0;0;1;1;0;0;0;0;438797,669843005365692;5716457,275014904327691;8,116421566000042;51,595835590000036;2
263745;5230214317130475377;5;9;78;12;2023;2;16;3;3;0;1;0;0;1;0;0;0;0;0;411835,287560816388577;5705098,172343524172902;7,730098767000072;51,490148792000070;2
263746;5230214317140991451;5;9;78;28;2023;2;13;3;3;4;6;0;0;1;0;0;0;0;0;399449,109625080251135;5697937,332397287711501;7,553784941000060;51,423713540000051;2
263747;5230214404101121545;5;7;66;20;2023;2;12;3;2;8;1;0;0;1;0;0;0;0;0;486419,006340964348055;5754988,546137161552906;8,802412112000070;51,945441657000060;2
263748;5230214502227095092;5;1;13;0;2023;2;10;3;2;3;6;0;0;1;1;0;0;0;0;357990,789020949974656;5696009,076904600486159;6,958613017000062;51,397515888000044;2
263749;5230214502407072165;5;1;17;0;2023;2;19;3;3;0;7;2;0;1;0;0;0;0;0;349216,666940598981455;5694020,627078162506223;6,833423151000034;51,377384708000079;2
263750;5230214516600391987;5;1;58;4;2023;2;14;3;3;4;6;0;0;1;0;0;0;0;0;356419,106308670830913;5676169,327506359666586;6,944021272000043;51,218836201000045;2
263751;5230214601100690340;5;3;15;0;2023;2;16;3;3;5;3;0;0;1;0;0;0;0;0;356874,274157555948477;5645174,394957098178566;6,962808937000034;50,940409775000035;2
263752;5230214601200476827;5;3;15;0;2023;2;17;3;3;6;6;0;0;1;0;1;0;0;0;354494,100319405086339;5644258,898477720096707;6,929319572000054;50,931586749000076;2
263753;5230214601200866020;5;3;15;0;2023;2;17;3;2;0;1;0;0;1;0;0;0;0;0;358788,929494533804245;5635328,704135208390653;6,993850123000072;50,852397334000045;2
263754;5230215608100163895;5;3;34;2;2023;2;20;4;3;3;6;2;0;1;0;0;0;0;0;297310,115935998212080;5624734,100019548088312;6,127277293000020;50,738972724000064;2
263755;5230215701910074177;5;5;62;8;2023;2;12;4;3;6;6;0;0;1;0;1;0;0;0;387436,281447504821699;5725197,298385215923190;7,372355372000072;51,666468937000047;2
263756;5230216500300582035;5;1;11;0;2023;2;12;5;3;6;6;0;0;1;0;1;0;0;0;347009,046742222795729;5673496,304012013599277;6,810517707000031;51,192373578000058;2
263757;5230216702100674773;5;5;15;0;2023;2;22;5;3;4;6;2;1;1;0;0;0;0;0;404919,069912918377668;5757903,334746723994613;7,616088433000073;51,963682106000078;2
263758;5230216711400402811;5;5;70;28;2023;2;23;5;2;8;1;2;1;1;0;0;0;0;0;445155,738880589022301;5740410,240250890143216;8,204434739000021;51,811840899000060;2
263759;5230217316100073357;5;9;74;40;2023;2;13;6;3;5;2;0;0;1;1;0;0;0;0;441038,882030532811768;5714460,867928068153560;8,149109417000034;51,578125759000045;2
263760;5230217709800987330;5;5;66;40;2023;2;10;6;2;0;1;0;1;1;0;0;0;0;0;423396,880911819287576;5776965,991495192982256;7,880698778000067;52,137892869000041;2
263761;5230219302120093818;5;9;14;0;2023;2;13;1;3;0;6;0;1;1;1;0;0;0;0;391390,980089365213644;5690282,541247434914112;7,440271621000022;51,353421092000076;2
263762;5230220317140494413;5;9;78;28;2023;2;17;2;3;0;7;1;0;1;0;0;0;0;1;401438,367578566598240;5699060,881698532961309;7,582074132000059;51,434162657000059;2
263763;5230220603228526137;5;3;66;28;2023;2;16;2;3;0;6;0;0;1;1;0;0;0;0;330490,771297653671354;5610094,386412306688726;6,603774668000028;50,618067191000080;2
263764;5230221500300701027;5;1;11;0;2023;2;18;3;3;0;7;1;0;1;0;1;0;0;0;344379,247573592525441;5674341,636709324084222;6,772545986000068;51,199259175000066;2
263765;5230221515212043541;5;1;54;64;2023;2;10;3;3;0;1;0;1;1;0;0;0;0;0;304263,087428932660259;5722958,576592779718339;6,172186349000071;51,623557288000029;2
263766;5230221709300292706;5;5;66;84;2023;2;3;3;2;8;7;2;0;1;1;0;0;0;0;384556,203635605575982;5783288,979694196954370;7,311242366000045;52,187966556000049;2
263767;5230222300100695497;5;9;11;0;2023;2;15;4;3;0;1;0;0;1;0;0;0;0;0;374896,574849849857856;5705262,681088263168931;7,198226179000073;51,484661725000080;2
263768;5230222601100993661;5;3;15;0;2023;2;15;4;3;4;6;0;0;1;0;0;0;0;0;356880,357728063478135;5645271,882880358025432;6,962857169000074;50,941287399000032;2
263769;5230223601100695410;5;3;15;0;2023;2;8;5;3;0;7;0;1;1;0;0;0;0;0;357362,965573531226255;5642601,988606987521052;6,970766603000072;50,917412753000065;2
263770;5230223608100789794;5;3;34;2;2023;2;17;5;3;5;3;0;0;1;1;0;0;0;0;291913,531462326063775;5629388,156384492293000;6,048267877000058;50,778862324000045;2
263771;5230226317140985577;5;9;78;28;2023;2;14;1;3;0;7;0;1;1;0;0;0;0;1;402281,030996795510873;5701451,931778375990689;7,593532664000065;51,455802025000025;2
263772;5230226503200495627;5;1;24;0;2023;2;13;1;3;4;6;0;0;1;1;0;0;0;0;373143,387163560139015;5683168,457779886201024;7,180882323000048;51,285702689000061;2
263773;5230226709700091774;5;5;66;28;2023;2;15;1;3;0;1;0;0;1;0;0;0;0;0;413580,464601379761007;5791396,530480608344078;7,733617852000066;52,266152894000072;2
263774;5230227601200991276;5;3;15;0;2023;2;14;2;3;6;7;0;0;1;0;1;0;0;0;355788,153014913434163;5642068,292040484026074;6,948588671000039;50,912225099000068;2
263775;5230228407314991246;5;7;62;36;2023;2;10;3;3;0;7;0;0;1;0;0;0;0;1;503692,583039313904010;5707379,002245705574751;9,053217891000031;51,517520293000075;2
263776;5230228607500693380;5;3;82;56;2023;2;14;3;3;8;1;0;0;1;0;0;0;0;0;373615,966047972033266;5624326,426197196356952;7,208165051000037;50,756934669000032;2
263777;5230228709110579240;5;5;66;8;2023;2;18;3;3;4;6;2;0;1;0;0;1;0;0;399110,688408199930564;5780394,926703128032386;7,524929969000027;52,164810384000077;2
263778;5230301301101594227;5;9;13;0;2023;3;16;4;3;3;6;0;0;1;0;0;0;0;0;391611,105490262736566;5706342,643218313343823;7,438518244000022;51,497819524000079;2
263779;5230301514110690280;5;1;66;32;2023;3;17;4;2;0;6;0;0;1;0;0;0;0;0;318184,459577888890635;5682827,658508945256472;6,393690179000032;51,267753941000080;2
263780;5230303609224006026;5;3;58;24;2023;3;13;6;2;0;7;0;1;1;0;0;0;0;0;315861,143021511670668;5643362,845365749672055;6,380539982000073;50,912500332000036;2