OID_;UIDENTSTLAE;ULAND;UREGBEZ;UKREIS;UGEMEINDE;UJAHR;UMONAT;USTUNDE;UWOCHENTAG;UKATEGORIE;UART;UTYP1;ULICHTVERH;IstStrassenzustand;IstRad;IstPKW;IstFuss;IstKrad;IstGkfz;IstSonstige;LINREFX;LINREFY;XGCSWGS84;YGCSWGS84;PLST
263781;5230304400300003691;5;7;11;0;2023;3;14;7;3;0;1;0;0;1;0;0;0;0;0;466424,504999999888241;5759590,131999999284744;8,511073108000062;51,985965567000051;2
263782;5230304601200991171;5;3;15;0;2023;3;10;7;2;0;1;0;0;1;0;0;0;0;0;358391,036620810395107;5638698,905407866463065;6,986896490000049;50,882588571000042;2
263783;5230305503100481997;5;1;24;0;2023;3;10;1;3;0;1;0;1;1;0;0;0;0;0;370611,994149822159670;5675673,467637614347041;7,147312316000068;51,217772794000041;2
263784;5230307405000068095;5;7;54;12;2023;3;21;3;1;7;1;1;1;1;0;0;0;0;0;456175,809880532149691;5767469,627824373543262;8,360831380000036;52,056091095000056;2
263785;5230310601300586384;5;3;15;0;2023;3;23;6;3;7;7;2;1;1;0;0;0;0;0;350757,800419915991370;5644235,011901208199561;6,876196994000054;50,930417460000058;2
263786;5230311600140095334;5;3;14;0;2023;3;15;7;2;2;2;0;0;1;0;0;0;0;0;369802,664877112489194;5619851,935411582700908;7,155711356000040;50,715873911000074;2
263787;5230313702100174700;5;5;15;0;2023;3;19;2;3;6;7;2;0;1;0;1;0;0;0;410562,784427638922352;5752758,837555154226720;7,699547634000055;51,918376232000071;2
263788;5230315502226851955;5;1;13;0;2023;3;15;4;3;0;7;0;0;1;0;1;0;0;0;360934,568454374733847;5698324,504936416633427;6,999994070000071;51,419052469000064;2
263789;5230315514215885961;5;1;66;28;2023;3;19;4;3;4;1;2;0;1;0;0;1;0;0;326605,039044512610417;5689685,269216873683035;6,510941817000059;51,331983541000056;2
263790;5230316516800990988;5;1;58;20;2023;3;17;5;3;3;6;0;0;1;0;0;0;0;0;357949,690850924234837;5662735,470137117430568;6,971227264000049;51,098494401000039;2
263791;5230317602700490438;5;3;62;28;2023;3;17;6;2;0;1;0;0;1;0;0;0;0;0;351143,612964846775867;5640291,986830390989780;6,883291880000058;50,895083206000038;2
263792;5230318407301460930;5;7;62;36;2023;3;14;7;3;8;1;0;0;1;0;0;0;0;0;508626,690673643955961;5703411,803565940819681;9,124231617000021;51,481794595000054;2
263793;5230318607100390907;5;3;82;16;2023;3;1;7;3;0;1;2;1;1;0;0;0;0;0;394369,278780286083929;5623538,109271205961704;7,502507701000070;50,753996718000053;2
263794;5230319515110990948;5;1;54;36;2023;3;15;1;3;0;6;0;0;1;0;0;0;0;0;301983,586442989413626;5744753,598571730777621;6,126910306000070;51,818481967000082;2
263795;5230321411132990918;5;7;74;32;2023;3;15;3;3;0;1;0;1;1;0;0;0;0;0;484795,658308444719296;5730318,999154178425670;8,779878558000064;51,723592154000073;2
263796;5230321500300541000;5;1;11;0;2023;3;11;3;3;0;1;0;0;1;0;0;0;0;0;343149,200073970307130;5676163,630023419857025;6,754157839000072;51,215293920000079;2
263797;5230321502400189705;5;1;17;0;2023;3;18;3;3;0;7;1;0;1;0;0;0;0;1;349233,477989294216968;5695880,045608293265104;6,832875139000066;51,394096920000038;2
263798;5230321600360134533;5;3;82;12;2023;3;16;3;3;8;7;0;1;1;0;0;0;0;0;354188,160714923578780;5629446,794521123170853;6,930871806000027;50,798395731000028;2
263799;5230321701200381316;5;5;62;20;2023;3;13;3;3;0;7;0;0;1;0;1;0;0;0;371143,926273382967338;5718490,299255252815783;7,139366090000067;51,602694824000082;2
263800;5230321709300070501;5;5;66;52;2023;3;14;3;3;8;1;0;1;1;0;0;0;0;0;380569,108225132280495;5779487,090055402368307;7,254284547000054;52,152951824000070;2
263801;5230322411132097195;5;7;74;32;2023;3;11;4;2;2;6;0;0;1;0;0;0;0;0;485789,777826064615510;5730216,341206233948469;8,794275047000042;51,722695199000043;2
263802;5230322516600089308;5;1;58;4;2023;3;12;4;3;0;7;0;0;1;0;1;0;0;0;353810,377842034969945;5675599,286795235238969;6,906924963000051;51,213051724000081;2
263803;5230322516600186800;5;1;58;4;2023;3;20;4;2;0;1;2;0;1;0;0;0;0;0;357276,583663872559555;5675122,689075447618961;6,956707866000045;51,209645641000066;2
263804;5230323410220790781;5;7;70;8;2023;3;10;5;3;1;5;0;0;1;1;0;0;0;0;472842,341015927609988;5800355,150140990503132;8,601264152000056;52,352813605000051;2
263805;5230323702100076652;5;5;15;0;2023;3;15;5;2;0;6;0;0;1;0;1;0;0;0;407263,066361780802254;5759074,640194348059595;7,649878750000028;51,974606348000066;2
263806;5230324300400377606;5;9;11;0;2023;3;8;6;3;0;1;0;1;1;0;0;0;0;0;375232,875137030903716;5701609,865195784717798;7,204356609000058;51,451906869000027;2
263807;5230324313110038917;5;9;58;4;2023;3;12;6;2;6;7;0;0;1;0;1;0;0;0;427683,739090910414234;5700682,549950074404478;7,959234442000025;51,452700398000047;2
263808;5230327709110406885;5;5;66;8;2023;3;14;2;2;0;1;0;0;1;0;0;0;0;0;399148,782369484892115;5783743,179275502450764;7,524491005000073;52,194910438000079;2
263809;5230328600380195227;5;3;14;0;2023;3;8;3;3;5;3;0;0;1;0;0;0;0;0;367277,010057601728477;5619516,447819307446480;7,120075623000048;50,712287243000048;2
263810;5230329300800393723;5;9;54;36;2023;3;8;4;3;0;1;0;1;1;0;0;0;0;0;381095,336306747398339;5698869,444866545498371;7,289607968000041;51,428538024000034;2
263811;5230329702100990817;5;5;15;0;2023;3;10;4;2;7;7;0;0;1;0;0;0;0;1;403507,964744698721915;5756175,536043073982000;7,596041525000032;51,947908963000032;2
263812;5230330516600186884;5;1;58;4;2023;3;14;5;3;0;1;0;1;1;0;0;0;0;0;358806,441635060356930;5675978,055447576567531;6,978258559000039;51,217712713000026;2
263813;5230330711200787304;5;5;70;4;2023;3;9;5;3;4;6;0;0;1;0;0;0;0;0;423422,185492187563796;5734240,695727338083088;7,890586170000063;51,753824157000054;2
263814;5230331500200289220;5;1;11;0;2023;3;13;6;3;5;2;0;1;1;0;0;0;0;0;347652,526699625479523;5679204,959103300236166;6,817294053000069;51,243841395000061;2
263815;5230402310130293870;5;9;54;20;2023;4;10;1;3;0;1;0;1;1;0;0;0;0;0;392432,147420439228881;5696596,157614671625197;7,453305798000031;51,410369953000043;2
263816;5230402500100568121;5;1;11;0;2023;4;18;1;3;0;1;0;0;1;0;0;0;0;0;344309,696616118249949;5677227,258235579356551;6,770298802000070;51,225168577000034;2
263817;5230402502408481343;5;1;17;0;2023;4;11;1;3;0;1;0;0;1;0;0;0;0;0;351754,163792516570538;5699719,508873038925231;6,867475284000022;51,429261124000050;2
263818;5230403500100595453;5;1;11;0;2023;4;19;2;3;3;6;0;0;1;0;0;0;0;0;343032,292468291299883;5677376,197007625363767;6,751954417000036;51,226156993000075;2
263819;5230404709000121110;5;5;66;96;2023;4;9;3;3;5;3;0;0;1;1;0;0;0;0;384377,111480251653120;5786851,890538321807981;7,307407339000065;52,219947928000067;2
263820;5230405404101579108;5;7;66;20;2023;4;13;4;2;0;1;0;0;1;0;0;0;0;0;493672,725265709683299;5752043,015290540643036;8,907999350000068;51,919088044000034;2
263821;5230405709110072342;5;5;66;12;2023;4;14;4;3;0;6;0;1;1;0;0;0;0;0;405193,237255091429688;5771123,130396506749094;7,616415529000051;52,082552500000077;2
263822;5230406310140377626;5;9;54;28;2023;4;14;5;3;0;1;0;0;1;0;0;0;0;0;377768,569208612898365;5687651,750808713957667;7,245637085000055;51,327009070000031;2
263823;5230406317210418625;5;9;78;20;2023;4;17;5;3;0;1;0;0;1;0;0;0;0;0;405369,427989199408330;5716652,561238751746714;7,633886768000025;51,592967295000051;2
263824;5230407410120972232;5;7;70;32;2023;4;17;6;3;9;1;0;0;1;0;0;0;0;0;492041,494605482905172;5787953,438115940429270;8,883442817000059;52,241931141000066;2
263825;5230408317110280591;5;9;78;36;2023;4;18;7;3;0;6;0;0;1;0;0;0;0;0;408640,943527729657944;5706503,322435165755451;7,683737281000049;51,502273067000033;2
263826;5230408608200089810;5;3;34;2;2023;4;20;7;3;0;1;2;0;1;0;0;0;0;0;300021,435752703459002;5617606,810849456116557;6,169514613000047;50,675895585000035;2
263827;5230409500300972541;5;1;11;0;2023;4;15;1;2;0;1;0;0;1;0;0;0;0;0;353809,894965346204117;5671934,577413184568286;6,908410333000063;51,180119808000029;2
263828;5230409506100296112;5;1;16;0;2023;4;18;1;2;3;6;0;0;1;0;0;0;0;0;318650,474926841678098;5676921,401919399388134;6,403353940000045;51,214847238000061;2
263829;5230409515211985914;5;1;54;16;2023;4;10;1;3;0;1;0;0;1;0;0;0;0;0;296397,168201087508351;5732789,272597180679440;6,052978799000073;51,709042740000029;2
263830;5230410300800341195;5;9;54;36;2023;4;12;2;3;0;7;0;0;1;0;0;0;0;0;380580,285981513094157;5699727,956846971064806;7,281913282000062;51,436145838000073;2
263831;5230411705000496647;5;5;54;8;2023;4;11;3;2;9;7;0;0;1;0;0;0;0;1;336281,083980405703187;5747961,374184610322118;6,622516270000062;51,858399527000074;2
263832;5230411705000721215;5;5;54;4;2023;4;5;3;3;4;6;2;1;1;0;0;1;0;0;359645,297889781126287;5771217,215984445065260;6,952047364000066;52,073725504000038;2
263833;5230412605152747938;5;3;74;52;2023;4;5;4;3;0;6;2;1;1;0;0;1;0;0;389261,285622463969048;5665626,541944629512727;7,417325540000036;51,131385231000081;2
263834;5230414503300095668;5;1;20;0;2023;4;8;6;3;0;3;0;0;1;1;0;0;0;0;378920,355494583141990;5672393,106193282641470;7,267325013000061;51,190111174000037;2
263835;5230414513130990715;5;1;62;22;2023;4;17;6;3;4;6;0;0;1;0;0;0;0;0;339618,733393952308688;5683410,919854567386210;6,700403670000071;51,279429303000029;2
263836;5230414709500679180;5;5;66;76;2023;4;15;6;3;6;1;0;0;1;0;1;0;0;0;393879,592979836277664;5792901,436452067457139;7,444554682000046;52,276229374000081;2
263837;5230415601300063917;5;3;15;0;2023;4;8;7;2;0;7;0;0;1;0;0;0;0;0;354588,472181375138462;5645651,488363861106336;6,930105871000023;50,944125370000052;2
263838;5230416601300463938;5;3;15;0;2023;4;13;1;3;6;7;0;0;1;0;1;0;0;0;352222,431743614317384;5644491,625245472416282;6,896920421000061;50,933100620000062;2
263839;5230416601700596711;5;3;16;0;2023;4;9;1;3;6;6;0;0;1;0;1;0;0;0;360503,355606478522532;5659149,203164182603359;7,009059515000047;51,066891829000042;2
263840;5230417315220580657;5;9;70;4;2023;4;12;2;3;0;1;0;1;1;0;0;0;0;0;466438,451759772608057;5663432,947996113449335;8,520454607000033;51,121385995000026;2
263841;5230417406110444464;5;7;58;12;2023;4;8;2;3;4;6;0;0;1;0;0;0;0;0;477902,673851666564588;5774172,449791751801968;8,677271593000057;52,117646570000034;2
263842;5230417406240104067;5;7;58;28;2023;4;14;2;3;4;6;0;0;1;0;0;0;0;1;467623,485888064780738;5789824,935398341156542;8,525654987000053;52,257861687000059;2
263843;5230417606100494452;5;3;78;4;2023;4;7;2;2;0;1;0;1;1;0;0;0;0;0;368029,061636333994102;5646775,215590833686292;7,120906123000054;50,957458649000046;2
263844;5230418301102053242;5;9;13;0;2023;4;16;3;3;3;6;0;0;1;0;0;1;0;0;397660,839216189284343;5705016,011305354535580;7,526025205000053;51,487022440000032;2
263845;5230418301301582436;5;9;78;24;2023;4;7;3;3;5;3;0;0;1;0;0;0;0;0;393251,948973659425974;5717880,477430053986609;7,458646093000027;51,601838463000036;2
263846;5230418411132474480;5;7;74;32;2023;4;18;3;3;0;6;0;0;1;0;0;0;0;0;482613,798902472015470;5730534,512525151483715;8,748280152000063;51,725466485000027;2
263847;5230418516100078853;5;1;58;32;2023;4;11;3;3;0;1;0;0;1;0;1;0;0;0;368820,280283986649010;5693131,001426437869668;7,115256205000037;51,374258116000078;2
263848;5230419709500476680;5;5;66;76;2023;4;14;4;3;0;7;0;0;1;0;0;0;0;0;394518,733053132193163;5787715,958795402199030;7,455538869000065;52,229748944000050;2
263849;5230420600140086353;5;3;14;0;2023;4;7;5;3;5;3;0;0;1;0;0;0;0;0;362507,787685466930270;5622434,989161128178239;7,051475948000075;50,737409779000075;2
263850;5230420600380575884;5;3;14;0;2023;4;12;5;3;0;7;0;1;1;0;0;0;0;0;368755,067748788627796;5618918,367592225782573;7,141212070000051;50,707247184000039;2
263851;5230421300800093891;5;9;54;36;2023;4;18;6;3;6;6;0;0;1;0;1;0;0;0;385871,194494602386840;5700332,882805245928466;7,357803971000067;51,442673615000047;2
263852;5230421315210078636;5;9;70;24;2023;4;12;6;2;0;7;0;1;1;0;0;0;0;0;433431,279253069311380;5646950,975396990776062;8,051912840000057;50,970308711000030;2
263853;5230422500200891358;5;1;11;0;2023;4;13;7;3;5;7;0;0;1;1;0;0;0;0;347589,782594417687505;5680507,258018944412470;6,815841268000042;51,255526540000062;2
263854;5230422600110567873;5;3;14;0;2023;4;9;7;3;0;1;0;0;1;0;0;0;0;0;361332,697273812547792;5622389,052593317814171;7,034850390000031;50,736717533000046;2
263855;5230422709500579092;5;5;66;76;2023;4;23;7;3;1;1;2;1;1;1;0;0;0;0;400011,548739973222837;5793777,165149536915123;7,534140382000032;52,285249540000052;2
263856;5230423317110794321;5;9;78;36;2023;4;13;1;2;4;6;0;0;1;0;0;0;0;0;409183,499542270903476;5710626,551784940063953;7,690489228000047;51,539425652000034;2
263857;5230423400300420671;5;7;11;0;2023;4;18;1;3;0;7;0;0;1;0;0;0;0;1;461755,266658122185618;5759248,819082461297512;8,443120903000022;51,982595111000080;2
263858;5230423600120095326;5;3;82;24;2023;4;11;1;2;4;1;0;0;1;1;0;0;0;0;373294,950570978340693;5614913,957038758322597;7,206848091000040;50,672260447000042;2
263859;5230423702100279182;5;5;15;0;2023;4;16;1;2;6;6;0;0;1;0;1;0;0;0;401333,470154379843734;5762174,834448448382318;7,562688561000073;52,001450219000048;2
263860;5230423709500964316;5;5;66;76;2023;4;17;1;3;0;1;0;0;1;0;0;0;0;0;389250,639070769655518;5793899,326924555003643;7,376407545000063;52,284284338000077;2
263861;5230424709700553151;5;5;66;28;2023;4;11;2;3;4;1;0;1;1;0;0;0;0;0;414685,283567937090993;5792758,673361569643021;7,749458994000065;52,278568881000069;2
263862;5230425601700978108;5;3;16;0;2023;4;8;3;3;0;7;0;0;1;0;1;0;0;0;358346,979634942836128;5658165,662893354892731;6,978688482000052;51,057524867000041;2
263863;5230426300200769513;5;9;11;0;2023;4;8;4;3;6;6;0;0;1;0;1;0;0;0;371955,630067927704658;5706989,085187042132020;7,155266910000023;51,499518852000051;2
263864;5230426601500690333;5;3;15;0;2023;4;22;4;3;7;1;2;0;1;0;0;0;0;0;357275,682514622225426;5644817,868578656576574;6,968658231000063;50,937305193000043;2
263865;5230426709800580102;5;5;66;40;2023;4;7;4;3;5;3;0;0;1;1;0;0;0;0;423286,012798571027815;5779126,815247450955212;7,878591243000074;52,157301150000080;2
263866;5230427316300081975;5;9;74;28;2023;4;8;5;3;5;1;0;0;1;0;0;0;1;0;447254,177871456369758;5723005,726045113056898;8,237509357000022;51,655566398000076;2
263867;5230427518310095940;5;1;70;32;2023;4;14;5;3;5;3;0;0;1;1;0;0;0;0;332956,456205276306719;5712603,237948938272893;6,591216899000074;51,539777629000071;2
263868;5230427702100672468;5;5;15;0;2023;4;17;5;3;4;1;0;0;1;1;0;0;0;0;405967,461104166228324;5765302,271147903054953;7,629313275000072;52,030364961000032;2
263869;5230428405224081503;5;7;54;24;2023;4;16;6;2;5;3;0;0;1;1;0;0;0;0;455472,359032990993001;5735154,888912429101765;8,354749697000045;51,765508663000048;2
263870;5230429405228596974;5;7;54;28;2023;4;21;7;2;0;1;2;0;1;0;0;0;0;0;452882,666413224011194;5743017,819642195478082;8,316156556000067;51,835989364000056;2
263871;5230429406150776330;5;7;58;36;2023;4;19;7;3;0;3;0;0;1;1;0;0;0;0;488373,145730103598908;5775687,614224394783378;8,830138554000030;52,131588358000045;2
263872;5230429518410082273;5;1;70;16;2023;4;18;7;3;0;1;0;1;1;0;0;0;0;0;346242,262225473416038;5724346,162790160626173;6,777492184000039;51,649061234000044;2
263873;5230429601700696196;5;3;16;0;2023;4;21;7;2;0;1;1;0;1;0;0;0;0;0;359082,423903168004472;5655885,552051652222872;6,990063318000068;51,037214728000038;2
263874;5230429609152044968;5;3;58;52;2023;4;14;7;3;5;3;0;0;1;1;0;0;0;0;337182,254160938202403;5630118,403185028582811;6,689452012000061;50,799902563000046;2
263875;5230429702100964165;5;5;15;0;2023;4;17;7;3;8;1;0;0;1;0;0;0;0;0;404769,519503528659698;5757233,874417651444674;7,614098009000031;51,957639141000072;2
263876;5230429711100089568;5;5;70;52;2023;4;13;7;2;0;1;0;0;1;0;0;0;0;0;430903,726620209752582;5756423,186688275076449;7,994520411000053;51,954213307000032;2
263877;5230430404101460947;5;7;66;20;2023;4;10;1;3;0;1;0;0;1;0;0;0;0;0;496669,982667277974542;5752808,467268643900752;8,951573026000062;51,925996273000067;2
263878;5230430516500089308;5;1;58;16;2023;4;11;1;3;0;7;0;0;1;0;0;0;0;0;356964,029786757426336;5673555,627623264677823;6,952860826000062;51,195485144000031;2
263879;5230430518301891520;5;1;70;4;2023;4;9;1;3;0;2;0;0;1;0;0;0;0;0;327708,654537316877395;5716016,843269949778914;6,513946423000050;51,568865402000029;2
263880;5230430600110395283;5;3;14;0;2023;4;11;1;2;4;6;0;0;1;0;0;0;0;0;366168,216086259111762;5623649,708467723801732;7,102879107000035;50,749182705000067;2
263881;5230430607500253976;5;3;82;56;2023;4;10;1;2;0;1;0;0;1;0;0;0;0;0;371067,187792979355436;5626405,472114605829120;7,171320134000041;50,775061067000081;2
263882;5230430701300361085;5;5;62;14;2023;4;17;1;2;3;6;0;0;1;0;0;0;0;0;359320,679412160825450;5713468,708745474927127;6,970764780000025;51,554741905000071;2
263883;5230501503100769110;5;1;24;0;2023;5;13;2;2;0;1;0;0;1;0;0;0;0;0;368910,959160151891410;5677285,409100566059351;7,122379825000053;51,231871808000051;2
263884;5230501518100078913;5;1;70;48;2023;5;12;2;2;0;1;0;0;1;0;0;0;0;0;328384,665592161938548;5727611,164153619669378;6,518011921000038;51,673224678000054;2
263885;5230501607300095301;5;3;82;36;2023;5;2;2;3;9;1;2;0;1;0;0;0;0;0;388599,621949557273183;5644335,633887110278010;7,414419391000024;50,939873265000074;2
263886;5230501702100093600;5;5;15;0;2023;5;15;2;3;0;1;0;0;1;0;0;0;0;0;404767,942087101051584;5757234,234627116471529;7,614074960000039;51,957642109000062;2
263887;5230501709800079150;5;5;66;40;2023;5;17;2;3;7;7;0;1;1;0;1;0;0;0;422852,374817953852471;5779777,128166344948113;7,872105854000040;52,163086368000052;2
263888;5230501711200291797;5;5;70;4;2023;5;11;2;3;5;3;0;0;1;1;0;0;0;0;426021,693963845260441;5732679,734771065413952;7,928571137000063;51,740140851000035;2
263889;5230502310110886851;5;9;54;16;2023;5;18;3;3;0;7;0;0;1;0;1;0;0;0;374997,707733800169080;5697080,561321934685111;7,202572422000060;51,411148330000060;2
263890;5230502600380875875;5;3;14;0;2023;5;20;3;3;4;6;0;0;1;0;0;0;0;0;368178,886794029909652;5618746,997556604444981;7,133117569000035;50,705576522000058;2
263891;5230502608200594780;5;3;34;2;2023;5;14;3;3;0;7;0;0;1;0;0;0;0;1;297007,593044445966370;5628421,548988323658705;6,120962632000044;50,771985988000040;2
263892;5230503601200478656;5;3;15;0;2023;5;16;4;2;0;1;0;0;1;0;0;0;0;0;358971,559999999590218;5640128,563999999314547;6,994591934000027;50,895579131000034;2
263893;5230503605104085298;5;3;74;12;2023;5;18;4;2;4;6;0;0;1;0;0;0;0;0;404698,323355468048248;5656511,750045423395932;7,640284556000040;51,052222111000049;2
263894;5230503705000693442;5;5;54;4;2023;5;13;4;2;5;3;0;0;1;1;0;0;0;0;362908,580581577087287;5775719,110370343551040;6,997820264000040;52,114993928000047;2
263895;5230503709800187281;5;5;66;88;2023;5;6;4;3;0;1;0;0;1;0;0;0;0;0;414074,847000000067055;5784997,350999999791384;7,742487457000038;52,208711820000076;2
263896;5230504505100579547;5;1;14;0;2023;5;19;5;3;6;4;0;0;1;0;1;0;0;0;331787,916971682745498;5689322,392162099480629;6,585440547000076;51,330280162000065;2
263897;5230504513130591302;5;1;62;22;2023;5;21;5;2;0;1;0;0;1;0;0;0;0;0;336775,951166562037542;5681631,033125069923699;6,660491780000029;51,262630447000049;2
263898;5230504516300786902;5;1;58;28;2023;5;14;5;3;0;1;0;0;1;0;0;0;0;0;354299,421013404149562;5687035,235080434009433;6,909262573000035;51,315941426000052;2
263899;5230504601700181746;5;3;16;0;2023;5;16;5;2;4;6;0;0;1;0;0;1;0;0;362204,489684996951837;5656104,811878981068730;7,034482228000059;51,039942413000063;2
263900;5230504606100894452;5;3;78;4;2023;5;18;5;3;0;1;0;0;1;0;0;0;0;0;369647,830534397333395;5646107,034398548305035;7,144181549000052;50,951821597000048;2
263901;5230504608200765663;5;3;34;2;2023;5;17;5;3;4;6;0;0;1;0;0;0;0;1;297281,763516223290935;5628494,220830623060465;6,124805912000056;50,772734557000035;2
263902;5230505411112351320;5;7;74;12;2023;5;6;6;3;4;6;0;0;1;1;0;0;0;0;482084,595892580400687;5725329,394108396023512;8,740885826000067;51,678648916000043;2
263903;5230505506100491424;5;1;16;0;2023;5;7;6;3;8;1;0;0;1;0;0;0;0;0;317308,400710008689202;5670306,038199350237846;6,387522672000046;51,154994680000073;2
263904;5230505609204994760;5;3;58;4;2023;5;19;6;2;0;3;0;0;1;0;0;0;0;0;309909,013035305484664;5641749,656003733165562;6,296807261000026;50,896080319000077;2
263905;5230506300700675721;5;9;16;0;2023;5;10;7;3;9;6;0;0;1;0;0;0;0;0;370546,898404281353578;5710586,274541806429625;7,133661711000059;51,531525681000062;2
263906;5230506407145690640;5;7;62;16;2023;5;15;7;3;0;1;0;1;1;0;0;0;0;0;514785,557131659064908;5725560,270038495771587;9,213856707000048;51,680815937000034;2
263907;5230506502408389583;5;1;17;0;2023;5;14;7;3;0;1;0;0;1;0;0;0;0;0;351521,846765724010766;5700710,440390452742577;6,863720442000044;51,438104393000060;2
263908;5230506508000771187;5;1;19;0;2023;5;16;7;3;6;1;0;0;1;0;1;0;0;0;351374,601103135733865;5706901,513604110106826;6,859000502000072;51,493695699000057;2
263909;5230506513210876337;5;1;62;24;2023;5;15;7;3;0;1;0;0;1;0;0;0;0;0;341420,931641538743861;5672826,998452373780310;6,730906692000076;51,184836524000048;2
263910;5230506600140875847;5;3;14;0;2023;5;12;7;2;0;1;0;0;1;0;0;0;0;0;367759,898268992663361;5626048,962368100881577;7,124566859000026;50,771112092000067;2
263911;5230506607100781297;5;3;82;60;2023;5;11;7;3;8;1;0;1;1;0;0;0;0;0;374390,448095820378512;5627312,118720678612590;7,218120189000047;50,783939728000064;2
263912;5230506607300595301;5;3;82;76;2023;5;10;7;2;0;1;0;0;1;0;0;0;0;1;398906,726853426895104;5628457,216739473864436;7,565459184000076;50,799027731000081;2
263913;5230507411220282052;5;7;74;20;2023;5;2;1;2;0;7;2;1;1;0;0;0;0;0;464222,282888252404518;5733646,833664787001908;8,481693877000055;51,752577355000028;2
263914;5230507516200476027;5;1;58;12;2023;5;11;1;3;8;1;0;0;1;0;0;0;0;0;358013,001507612352725;5688266,458323600701988;6,962023655000053;51,327944438000031;2
263915;5230507600340096674;5;3;82;64;2023;5;11;1;3;4;6;0;0;1;0;0;0;0;0;355336,699626517365687;5614535,634188499301672;6,953009931000054;50,664674673000036;2
263916;5230507601200381776;5;3;15;0;2023;5;11;1;3;0;2;0;1;1;0;0;0;0;0;352918,287257037649397;5641688,904414320364594;6,907946586000037;50,908091507000051;2
263917;5230508301102294228;5;9;13;0;2023;5;13;2;3;0;1;0;1;1;0;0;0;0;0;397287,816249488212634;5704999,454199399799109;7,520659353000042;51,486805980000042;2
263918;5230508513330994875;5;1;62;12;2023;5;13;2;3;0;6;0;0;1;0;0;0;0;0;324632,699567200848833;5663626,734641644172370;6,495399370000030;51,097281232000057;2
263919;5230508600380086252;5;3;14;0;2023;5;15;2;3;8;1;0;1;1;0;0;0;0;0;368933,805270256591029;5616616,272923727519810;7,144558907000032;50,686595710000063;2
263920;5230508601500386421;5;3;15;0;2023;5;6;2;2;0;1;1;1;1;0;0;0;0;0;359734,682903789915144;5651430,895648760721087;7,001083231000052;50,997340356000052;2
263921;5230508610111891205;5;3;70;16;2023;5;18;2;2;0;1;0;0;1;0;0;0;0;0;299900,087994613626506;5658883,739411436952651;6,145232671000031;51,046588052000061;2
263922;5230508610221285763;5;3;70;20;2023;5;7;2;3;8;7;0;1;1;0;0;0;0;0;301535,075359946116805;5660551,467970652505755;6,167613608000067;51,062133749000054;2
263923;5230508709300570598;5;5;66;84;2023;5;16;2;2;5;3;0;0;1;1;0;0;0;0;388442,755625309597235;5774679,817779378965497;7,370898035000039;52,111395153000046;2
263924;5230509502214563936;5;1;13;0;2023;5;17;3;3;0;1;0;1;1;0;0;0;0;0;359070,707441825536080;5695919,547493800520897;6,974161965000064;51,396980647000078;2
263925;5230509502401094970;5;1;17;0;2023;5;14;3;3;5;7;0;0;1;0;0;0;0;0;352446,846244080108590;5699293,842645883560181;6,877609478000068;51,425617013000078;2
263926;5230510303100594401;5;9;15;0;2023;5;17;4;3;4;6;0;0;1;0;0;0;0;0;419782,925025534932502;5727639,808697259053588;7,839394712000058;51,693975874000046;2
263927;5230510501320585941;5;1;12;0;2023;5;16;4;3;0;7;0;0;1;0;0;0;0;1;338658,954019204713404;5691594,951946984976530;6,682950978000065;51,352689096000063;2
263928;5230510600380534228;5;3;14;0;2023;5;18;4;3;0;1;0;1;1;0;0;0;0;0;368649,387719620368443;5619566,200912793166935;7,139485654000055;50,713046175000045;2
263929;5230511500100874084;5;1;11;0;2023;5;13;5;3;0;7;0;0;1;0;0;0;0;1;342189,602260101353750;5677766,910171607509255;6,739723650000030;51,229435254000066;2
263930;5230511518110528557;5;1;70;12;2023;5;7;5;3;4;1;0;1;1;0;0;0;1;0;336419,425055197323672;5739118,921607178635895;6,628699333000043;51,779003772000067;2
263931;5230511709800087357;5;5;66;40;2023;5;13;5;3;0;1;0;1;1;0;0;0;0;0;420722,681233280920424;5781204,346775632351637;7,840643211000042;52,175613663000036;2
263932;5230512316200795367;5;9;74;52;2023;5;13;6;3;0;7;0;0;1;0;0;0;0;1;423325,099197928677313;5711153,047332750633359;7,894241910000062;51,546257234000052;2
263933;5230512601500499195;5;3;15;0;2023;5;18;6;3;6;6;0;0;1;0;1;0;0;0;357495,188436225464102;5645194,561432113870978;6,971632944000021;50,940744800000061;2
263934;5230512706000496670;5;5;58;40;2023;5;17;6;2;0;1;0;0;1;0;0;0;0;0;372000,070463842886966;5764787,305649197660387;7,134618653000075;52,018939196000076;2
263935;5230513411232990473;5;7;74;32;2023;5;17;7;3;0;1;0;0;1;0;0;0;0;0;480600,730078506574500;5731796,052150068804622;8,719064707000030;51,736743280000042;2
263936;5230513601300099016;5;3;15;0;2023;5;22;7;3;8;1;2;0;1;0;0;0;0;0;350807,751050888909958;5647474,885455565527081;6,875580169000045;50,959545189000039;2
263937;5230513702100465385;5;5;15;0;2023;5;11;7;3;5;3;0;0;1;1;0;0;0;0;401054,481065451109316;5765723,410812274552882;7,557600218000061;52,033295465000037;2
263938;5230513709110647852;5;5;66;8;2023;5;23;7;3;0;1;2;0;1;0;0;0;0;0;395588,214977736584842;5780930,139172293245792;7,473283832000050;52,168965525000033;2