OID_;UIDENTSTLAE;ULAND;UREGBEZ;UKREIS;UGEMEINDE;UJAHR;UMONAT;USTUNDE;UWOCHENTAG;UKATEGORIE;UART;UTYP1;ULICHTVERH;IstStrassenzustand;IstRad;IstPKW;IstFuss;IstKrad;IstGkfz;IstSonstige;LINREFX;LINREFY;XGCSWGS84;YGCSWGS84;PLST
264096;5230605601500899195;5;3;15;0;2023;6;20;2;3;4;6;0;0;1;0;0;0;0;1;357466,332149268826470;5644079,287712556309998;6,971658718000072;50,930714749000060;2
264097;5230605607200232321;5;3;82;20;2023;6;14;2;3;8;1;0;0;1;0;0;0;0;0;379922,648691474285442;5626503,936583070084453;7,296825339000065;50,777847266000038;2
264098;5230605607500078580;5;3;82;56;2023;6;15;2;3;1;5;0;0;1;0;0;0;0;1;375135,397591481218114;5624072,330137014389038;7,229782240000077;50,754979613000046;2
264099;5230605701620095160;5;5;62;12;2023;6;15;2;3;5;3;0;0;1;0;0;0;0;0;364431,150294255581684;5732880,759466444142163;7,036912449000056;51,730434602000059;2
264100;5230605706000393452;5;5;58;8;2023;6;6;2;2;0;1;0;0;1;0;0;0;0;0;378173,306907699094154;5760165,554104141891003;7,226178069000071;51,978794936000043;2
264101;5230606301205986357;5;9;13;0;2023;6;19;3;3;0;6;0;0;1;0;1;0;0;0;388260,019431603373960;5715197,010697834193707;7,387451164000026;51,576751082000044;2
264102;5230606405108406722;5;7;54;8;2023;6;15;3;3;2;6;0;0;1;1;0;0;0;0;454292,677900824870449;5749550,966085135936737;8,335754812000062;51,894843203000050;2
264103;5230606518301895965;5;1;70;4;2023;6;15;3;2;2;1;0;0;1;0;0;0;0;0;326540,047819522209466;5721167,082538643851876;6,494556012000032;51,614771708000035;2
264104;5230606600380799955;5;3;14;0;2023;6;6;3;2;0;1;0;0;1;0;0;0;0;0;370088,898810819839127;5618927,297930938191712;7,160089189000075;50,707627038000055;2
264105;5230606601400699120;5;3;15;0;2023;6;16;3;3;0;1;0;0;1;0;0;0;0;0;354023,596515401441138;5648641,530801479704678;6,920871407000050;50,970853067000064;2
264106;5230606601700986370;5;3;16;0;2023;6;18;3;3;4;6;0;0;1;0;0;0;0;0;362460,777913008118048;5655882,308208499103785;7,038220111000044;51,038004143000080;2
264107;5230606705000508065;5;5;54;28;2023;6;16;3;3;5;3;0;0;1;0;0;0;0;1;356468,888306616980117;5744201,444928296841681;6,917014831000074;51,830173220000063;2
264108;5230607518401444467;5;1;70;36;2023;6;18;4;3;8;1;0;1;1;0;0;0;0;0;354322,169987985223997;5726001,304476461373270;6,893507030000023;51,666084885000032;2
264109;5230607600140895296;5;3;14;0;2023;6;12;4;3;8;1;0;0;1;0;0;0;0;0;368395,512453993782401;5624066,565773475915194;7,134284964000074;50,753438683000070;2
264110;5230607607200586263;5;3;82;20;2023;6;22;4;3;0;1;1;0;1;0;0;0;0;0;379308,337390417756978;5626139,112112738192081;7,288235843000052;50,774440395000056;2
264111;5230607607300586326;5;3;82;16;2023;6;13;4;3;7;1;0;0;1;0;0;0;0;0;390850,300628968863748;5626085,804792308248580;7,451883630000054;50,776248309000039;2
264112;5230607706000765764;5;5;58;32;2023;6;16;4;3;9;1;0;0;1;0;0;0;0;0;382785,599736862583086;5752232,071389487944543;7,296005794000052;51,908488373000068;2
264113;5230607711400687403;5;5;70;20;2023;6;14;4;3;5;3;0;0;1;1;0;0;0;0;439310,475798213796224;5745036,717913411557674;8,118842830000062;51,852829527000040;2
264114;5230608317110080641;5;9;78;36;2023;6;13;5;3;5;7;0;0;1;1;0;0;0;0;412352,411289389245212;5710455,645943138748407;7,736213114000066;51,538390302000039;2
264115;5230608404301977787;5;7;66;44;2023;6;18;5;3;7;1;0;0;1;0;0;0;0;0;489620,793727981974371;5763822,390568051487207;8,848726907000071;52,024935267000046;2
264116;5230608500200076721;5;1;11;0;2023;6;18;5;3;5;2;0;0;1;0;0;0;0;0;340541,063959186547436;5683047,645921116694808;6,713779103000036;51,276424213000041;2
264117;5230608500300986398;5;1;11;0;2023;6;9;5;3;8;6;0;0;1;0;0;0;0;1;345291,645392964011990;5673314,925111446529627;6,786037353000040;51,190281466000044;2
264118;5230608518100977794;5;1;70;48;2023;6;15;5;3;0;1;0;0;1;0;0;0;0;0;330287,768084066570736;5728199,131748715415597;6,545222476000049;51,679084616000068;2
264119;5230608600140995296;5;3;14;0;2023;6;10;5;3;0;7;0;0;1;0;0;0;0;0;369844,995682781445794;5620153,631414113566279;7,156204227000046;50,718595120000032;2
264120;5230608600360493505;5;3;82;12;2023;6;13;5;2;0;1;0;0;1;0;0;0;0;0;354318,297280981729273;5622981,553285419940948;6,935277491000022;50,740325301000041;2
264121;5230608601700981831;5;3;16;0;2023;6;20;5;2;0;1;0;0;1;0;0;0;0;0;355569,832599161542021;5659300,880856381729245;6,938634095000054;51,067034794000051;2
264122;5230608605104977808;5;3;74;4;2023;6;9;5;3;0;7;0;0;1;0;0;0;0;0;405863,566182458016556;5655846,181784052401781;7,657077795000021;51,046430879000070;2
264123;5230608607100036242;5;3;82;28;2023;6;11;5;3;0;1;0;0;1;0;0;0;0;0;380612,213693807658274;5638196,824364578351378;7,302793370000074;50,883094931000073;2
264124;5230608705000247428;5;5;54;4;2023;6;16;5;3;5;3;0;0;1;1;0;0;0;0;362157,252726116683334;5769172,185378918424249;6,989500935000024;52,055981197000051;2
264125;5230608709110196565;5;5;66;64;2023;6;14;5;2;0;7;0;0;1;0;0;0;0;0;395164,177388197393157;5771794,516445532441139;7,469901494000055;52,086778292000076;2
264126;5230609313110977760;5;9;58;4;2023;6;15;6;3;0;1;0;0;1;0;0;0;0;0;426627,047862232313491;5696187,018716342747211;7,944960873000070;51,412148238000043;2
264127;5230609503100782056;5;1;24;0;2023;6;15;6;2;8;1;0;0;1;0;0;0;0;0;366238,380145789356902;5678930,300169739872217;7,083508193000057;51,246034422000037;2
264128;5230609701910048545;5;5;62;8;2023;6;12;6;3;0;7;0;0;1;0;0;0;0;0;383789,075675297877751;5721387,984080363065004;7,320907354000042;51,631489740000063;2
264129;5230609705000977738;5;5;54;68;2023;6;12;6;3;1;2;0;0;1;1;0;0;0;0;355630,881011134653818;5767496,211998743936419;6,895086710000044;52,039261107000073;2
264130;5230610300200595848;5;9;11;0;2023;6;16;7;3;5;3;0;0;1;1;0;0;0;0;373104,247234426613431;5706280,787290632724762;7,172060637000072;51,493412299000056;2
264131;5230610302000099386;5;9;14;0;2023;6;16;7;3;3;4;0;0;1;0;1;0;0;0;393474,190839939459693;5694455,169595721177757;7,468926154000030;51,391322053000067;2
264132;5230610313130993912;5;9;58;44;2023;6;11;7;1;0;1;0;1;1;0;0;0;0;0;424775,995412557502277;5688379,633894009515643;7,920002507000049;51,341714804000048;2
264133;5230610404101977730;5;7;66;20;2023;6;14;7;2;0;1;0;0;1;0;0;0;0;0;496895,764931400481146;5755929,098668467253447;8,954828305000035;51,954055324000080;2
264134;5230610410120287134;5;7;70;32;2023;6;8;7;3;6;7;0;0;1;0;1;0;0;0;492838,261115973873530;5787815,858428445644677;8,895114844000034;52,240705165000065;2
264135;5230610516100091207;5;1;58;12;2023;6;1;7;3;1;6;2;0;1;1;0;0;0;0;361317,290578530286439;5688601,729512224905193;7,009289368000054;51,331772729000079;2
264136;5230610518401977725;5;1;70;36;2023;6;15;7;3;8;1;0;0;1;0;0;0;0;0;352980,249837681360077;5726582,089406868442893;6,873872880000022;51,670953908000058;2
264137;5230610610221575604;5;3;70;20;2023;6;11;7;2;0;1;0;0;1;0;0;0;0;0;306084,229182556446176;5655518,609477087855339;6,235148686000059;51,018483241000069;2
264138;5230611515210369417;5;1;54;60;2023;6;15;1;2;0;6;0;0;1;0;0;1;0;0;314749,542471233638935;5697153,186527972109616;6,337058670000033;51,395324104000053;2
264139;5230611515212091270;5;1;54;32;2023;6;3;1;3;3;6;2;0;1;0;0;0;0;0;306864,436158073542174;5717673,696739729493856;6,212629354000057;51,576992883000059;2
264140;5230611601200557992;5;3;15;0;2023;6;11;1;3;5;2;0;0;1;0;0;0;0;0;357503,045101763855200;5642135,894264155067503;6,972940167000047;50,913258572000075;2
264141;5230611602700890704;5;3;62;28;2023;6;19;1;3;0;6;0;0;1;0;0;0;0;0;349392,332794189860579;5640221,056117217987776;6,858436755000071;50,893991767000045;2
264142;5230611608200289767;5;3;34;2;2023;6;17;1;3;8;7;0;0;1;0;0;0;0;0;300086,895019601215608;5624838,075700552202761;6,166524470000070;50,740869007000072;2
264143;5230611609140494871;5;3;58;40;2023;6;9;1;2;0;1;0;0;1;0;0;0;0;0;326224,334011048951652;5632613,240546466782689;6,532915989000060;50,819135240000037;2
264144;5230611609224999586;5;3;58;24;2023;6;13;1;3;0;1;0;0;1;0;0;0;0;0;313503,606702169694472;5645808,145445730537176;6,345790736000026;50,933709527000076;2
264145;5230612500100181220;5;1;11;0;2023;6;8;2;3;4;6;0;0;1;0;0;0;0;1;344888,957448859524447;5677714,011029826477170;6,778377251000052;51,229699935000042;2
264146;5230612503400977666;5;1;22;0;2023;6;17;2;3;9;1;0;0;1;0;0;0;0;0;367585,715867215709295;5673341,751708979718387;7,104865169000050;51,196123238000041;2
264147;5230612508000995037;5;1;19;0;2023;6;17;2;3;6;6;0;0;1;0;1;0;0;0;351335,699827375588939;5708373,814327686093748;6,857820130000050;51,506914740000070;2
264148;5230612601200399050;5;3;15;0;2023;6;7;2;3;4;6;0;0;1;0;0;0;0;0;354805,780681408708915;5643729,511055047623813;6,933962830000041;50,926907816000039;2
264149;5230612601500399195;5;3;15;0;2023;6;16;2;3;3;3;0;0;1;0;0;0;0;0;359823,989004611037672;5647221,148551665246487;7,003978435000022;50,959528839000029;2
264150;5230612609236199668;5;3;58;36;2023;6;16;2;3;8;1;0;0;1;0;0;0;0;0;309685,909706049016677;5648697,380883147940040;6,290012101000059;50,958415197000079;2
264151;5230613313211082045;5;9;58;12;2023;6;17;3;3;8;1;0;0;1;0;0;0;0;0;471703,711009671969805;5691464,657420241273940;8,593468992000055;51,373728388000075;2
264152;5230613405244096924;5;7;54;44;2023;6;9;3;3;4;6;0;0;1;0;0;0;0;0;464607,552381090354174;5748602,181199952960014;8,485746423000023;51,887063477000027;2
264153;5230613502230575300;5;1;13;0;2023;6;17;3;3;0;1;0;0;1;0;0;0;0;0;362998,783216930285562;5693141,014907342381775;7,031663025000057;51,372973298000034;2
264154;5230613515210091857;5;1;54;60;2023;6;13;3;2;0;1;0;0;1;0;0;0;0;0;314750,291304492566269;5696443,818423036485910;6,337439550000056;51,388952680000045;2
264155;5230613600380086430;5;3;14;0;2023;6;15;3;3;0;7;0;0;1;0;0;0;0;0;367146,963091748068109;5619721,968817827291787;7,118160675000070;50,714104775000067;2
264156;5230613605116593377;5;3;74;16;2023;6;13;3;2;6;6;0;0;1;0;1;0;0;0;384586,868763184174895;5667627,607041828334332;7,349906741000041;51,148448955000049;2
264157;5230613607400893611;5;3;82;68;2023;6;19;3;3;7;1;0;0;1;0;0;0;0;0;372277,980750425660517;5631324,571862733922899;7,186773205000065;50,819543370000076;2
264158;5230613702100391701;5;5;15;0;2023;6;9;3;3;0;1;0;1;1;0;0;0;0;0;405649,746924186649267;5757088,872518941760063;7,626943904000029;51,956485852000071;2
264159;5230613706000977628;5;5;58;12;2023;6;18;3;3;4;6;0;0;1;0;0;0;0;0;373749,850766990915872;5756283,245439521968365;7,163233708000064;51,942919578000044;2
264160;5230614300300236652;5;9;11;0;2023;6;16;4;2;0;7;0;0;1;0;0;0;0;0;385141,518003405653872;5704139,466091629117727;7,346072884000023;51,476739846000044;2
264161;5230614316100977611;5;9;74;24;2023;6;10;4;2;0;1;0;0;1;0;0;0;0;1;434447,801290074363351;5726563,708826990798116;8,051738000000057;51,686205827000038;2
264162;5230614502232473986;5;1;13;0;2023;6;16;4;3;0;4;0;0;1;0;1;0;0;0;366174,428802331676707;5695236,755454137921333;7,076470892000032;51,392564731000050;2
264163;5230614600110199971;5;3;14;0;2023;6;15;4;3;0;7;0;0;1;0;0;0;0;0;363248,210186117677949;5623173,154807683080435;7,061688748000051;50,744219049000037;2
264164;5230614600380295314;5;3;14;0;2023;6;9;4;2;0;1;0;0;1;0;0;0;0;0;367112,286710344895255;5620815,632577778771520;7,117275829000050;50,723926782000035;2
264165;5230614600380595227;5;3;14;0;2023;6;14;4;3;4;6;0;0;1;0;0;0;0;0;370489,373910789843649;5618298,787690952420235;7,165978416000030;50,702067124000052;2
264166;5230614600380986568;5;3;14;0;2023;6;20;4;3;6;4;0;0;1;0;1;0;0;0;372302,982817154377699;5614140,780496362596750;7,193083868000031;50,665093951000074;2
264167;5230614610111514441;5;3;70;16;2023;6;6;4;3;0;7;0;0;1;0;0;0;0;1;298522,106208216398954;5661433,547620954923332;6,124180404000072;51,069006506000051;2
264168;5230615316100986581;5;9;74;40;2023;6;11;5;3;5;2;0;0;1;0;0;0;0;1;435798,569097897619940;5715162,676520632579923;8,073366328000077;51,583862757000077;2
264169;5230615502408878732;5;1;17;0;2023;6;19;5;3;0;7;0;0;1;0;0;0;0;1;348189,214430241670925;5694417,032691633328795;6,818501952000076;51,380672764000053;2
264170;5230615513130791302;5;1;62;22;2023;6;15;5;3;0;1;0;0;1;0;0;0;0;0;337340,039229113142937;5685303,523766886442900;6,666897952000056;51,295787581000070;2
264171;5230615702100079140;5;5;15;0;2023;6;16;5;3;7;1;0;0;1;0;0;0;0;0;402699,508431001915596;5760138,487541418522596;7,583159427000055;51,983388180000077;2
264172;5230616301201673305;5;9;13;0;2023;6;16;6;3;4;7;0;0;1;0;0;0;0;1;390613,456025769002736;5711145,717979516834021;7,422660679000046;51,540798779000056;2
264173;5230616313110977530;5;9;58;4;2023;6;14;6;2;0;1;0;0;1;0;0;0;0;0;434413,325362914358266;5695121,777667362242937;8,057100508000076;51,403525245000026;2
264174;5230616400300790754;5;7;11;0;2023;6;20;6;3;8;1;0;0;1;0;0;0;0;0;466470,306875861540902;5756766,215532223694026;8,512015932000054;51,960579424000059;2
264175;5230616405220581503;5;7;54;20;2023;6;19;6;3;5;3;0;0;1;1;0;0;0;0;447649,325981750153005;5750068,655903449282050;8,239139784000031;51,898912926000037;2
264176;5230616405228596992;5;7;54;28;2023;6;12;6;3;4;6;0;0;1;0;0;0;0;0;451764,182599999941885;5744245,416999999433756;8,299753378000048;51,846930627000063;2
264177;5230616601700986443;5;3;16;0;2023;6;14;6;2;4;6;0;0;1;0;0;0;0;0;362929,845075971214101;5655800,606846490874887;7,044937349000065;51,037381962000040;2
264178;5230616711300902910;5;5;70;8;2023;6;12;6;2;8;1;0;0;1;0;0;0;0;0;431691,360489593003877;5734576,686465222388506;8,010298586000033;51,757914266000057;2
264179;5230617314310693758;5;9;66;20;2023;6;19;7;2;0;7;0;0;1;0;0;0;0;0;440057,513914388429839;5663086,214687550440431;8,143602454000074;51,116115392000040;2
264180;5230617411232006543;5;7;74;32;2023;6;14;7;3;0;7;0;0;1;0;0;0;0;0;478213,861233840696514;5734573,781850986182690;8,684325167000054;51,761630718000049;2
264181;5230617500100171737;5;1;11;0;2023;6;17;7;3;6;4;0;0;1;0;1;0;0;0;346097,969129096833058;5675281,532390338368714;6,796723962000044;51,208170190000033;2
264182;5230617513110595500;5;1;62;16;2023;6;0;7;3;0;1;2;1;1;0;0;0;0;0;330660,771671208087355;5674904,628298385068774;6,576103829000033;51,200416276000055;2
264183;5230617516100977501;5;1;58;32;2023;6;16;7;2;0;1;0;0;1;0;0;0;0;0;365460,469223039515782;5686166,445312291383743;7,069644716000028;51,310882471000070;2
264184;5230617607100993493;5;3;82;60;2023;6;18;7;3;5;3;0;0;1;1;0;0;0;0;377061,809450484637637;5629237,295573797076941;7,255352545000051;50,801817064000033;2
264185;5230617701930149496;5;5;62;36;2023;6;14;7;2;8;1;0;0;1;0;0;0;0;0;385615,084699274972081;5719436,809001455083489;7,347915987000022;51,614327209000066;2
264186;5230617706000977508;5;5;58;12;2023;6;10;7;2;0;1;0;0;1;0;0;0;0;0;372979,801924658997450;5758174,188687495887280;7,151337981000040;51,959736991000057;2
264187;5230617709110977492;5;5;66;32;2023;6;23;7;3;0;7;2;0;1;1;0;0;0;0;413720,671007212251425;5779740,559097705408931;7,738643314000058;52,161405852000030;2
264188;5230618300800099410;5;9;54;36;2023;6;0;1;2;8;1;2;0;1;0;0;0;0;0;386666,421018436318263;5700420,635077720507979;7,369213363000028;51,443622033000054;2
264189;5230618301202985410;5;9;13;0;2023;6;14;1;2;6;7;0;0;1;0;1;0;0;0;395283,892663810169324;5709549,798513671383262;7,490456694000045;51,527339652000080;2
264190;5230618307000090010;5;9;62;16;2023;6;11;1;2;0;1;0;0;1;0;0;0;0;0;417209,477410200808663;5693488,618888328783214;7,810203649000073;51,386592825000037;2
264191;5230618405236506410;5;7;54;36;2023;6;0;1;2;8;1;2;0;1;0;0;0;0;0;477955,512858336791396;5749212,891286814585328;8,679649482000059;51,893242060000034;2
264192;5230618500200593772;5;1;11;0;2023;6;20;1;3;0;7;0;0;1;0;0;0;0;0;340493,757434764876962;5682891,381732774898410;6,713171172000045;51,275006953000059;2
264193;5230618506100977480;5;1;16;0;2023;6;13;1;2;0;1;0;0;1;0;0;0;0;0;320371,128772017254960;5676326,036419282667339;6,428262446000076;51,210042829000031;2
264194;5230618516300787580;5;1;58;28;2023;6;2;1;3;0;1;2;0;1;0;0;0;0;0;348400,010530203871895;5683964,800571573898196;6,825977224000042;51,286810647000038;2
264195;5230618600310977225;5;3;14;0;2023;6;11;1;2;3;6;0;0;1;0;0;0;0;0;363722,791900892159902;5613237,738196045160294;7,072077381000042;50,655032500000061;2
264196;5230618600380295350;5;3;14;0;2023;6;12;1;3;6;6;0;0;1;0;1;0;0;0;367973,258576481370255;5620232,393662042915821;7,129675689000067;50,718880829000057;2
264197;5230618600380878213;5;3;14;0;2023;6;12;1;3;5;2;0;0;1;0;0;0;0;0;370612,857896141707897;5617953,935596602968872;7,167846959000030;50,698994959000061;2
264198;5230618601200099018;5;3;15;0;2023;6;21;1;2;0;1;1;0;1;0;0;0;0;0;355961,748870606243145;5639463,665272691287100;6,952083847000040;50,888860923000038;2
264199;5230618601300076526;5;3;15;0;2023;6;18;1;3;0;7;0;0;1;0;0;0;0;0;351555,396665091509931;5644579,168382407166064;6,887398815000040;50,933716033000053;2
264200;5230618606100386400;5;3;78;20;2023;6;9;1;3;0;1;0;0;1;0;0;0;0;0;371818,248058091267012;5654157,110117843374610;7,172224487000051;51,024662030000059;2
264201;5230619406240276368;5;7;58;28;2023;6;10;2;3;0;1;0;0;1;0;0;0;0;0;463340,569612164050341;5785434,604778090491891;8,463385471000038;52,218122987000072;2
264202;5230619600110977447;5;3;14;0;2023;6;18;2;3;0;1;0;0;1;0;0;0;0;0;365114,916895495320205;5619223,300557915121317;7,089576293000050;50,709154758000068;2
264203;5230619600140078251;5;3;14;0;2023;6;18;2;3;4;6;0;0;1;0;0;0;0;0;369460,743836915818974;5624176,449764007702470;7,149339010000062;50,754666894000081;2
264204;5230619600320096082;5;3;82;72;2023;6;21;2;3;0;7;0;0;1;0;0;0;0;0;366897,020475047174841;5609983,159343194216490;7,118126275000066;50,626513744000079;2
264205;5230620400100986738;5;7;11;0;2023;6;13;3;3;8;1;0;0;1;0;0;0;0;0;465245,540257693326566;5765034,256531336344779;8,493353235000029;52,034838949000061;2
264206;5230620502232386114;5;1;13;0;2023;6;12;3;3;5;3;0;0;1;1;0;0;0;0;368790,056376178981736;5693747,794275648891926;7,114594432000047;51,379794278000077;2
264207;5230620508000980000;5;1;19;0;2023;6;13;3;3;6;6;0;0;1;0;1;0;0;0;352331,423322553397156;5707908,819350585341454;6,872352024000065;51,502997585000060;2
264208;5230621307000035961;5;9;62;52;2023;6;14;4;3;0;1;0;1;1;0;0;0;0;0;417874,647419998480473;5672396,621057119220495;7,824612681000076;51,197069313000043;2
264209;5230621315210099400;5;9;70;24;2023;6;17;4;3;0;1;0;0;1;0;0;0;0;0;426937,973015544237569;5649257,989777917042375;7,958985480000024;50,990264052000043;2
264210;5230621405104977396;5;7;54;12;2023;6;8;4;2;0;1;0;1;1;0;0;0;0;0;455814,968218249792699;5768361,806070612743497;8,355453480000051;52,064083385000060;2
264211;5230621514119085713;5;1;66;16;2023;6;14;4;3;1;3;0;0;1;0;0;0;0;0;306754,828056489699520;5684655,072976222261786;6,229058975000044;51,280406961000040;2
264212;5230621516400591374;5;1;58;24;2023;6;8;4;2;4;1;0;0;1;0;0;0;0;1;360561,372091657191049;5683634,363830351270735;7,000387537000051;51,286948463000044;2
264213;5230621600140195315;5;3;14;0;2023;6;17;4;3;0;1;0;1;1;0;0;0;0;0;370510,099563993571792;5619122,317874105647206;7,165982915000029;50,709473914000057;2
264214;5230621601300099877;5;3;15;0;2023;6;17;4;2;6;4;0;0;1;0;1;0;0;0;354737,951033090415876;5645936,662584118545055;6,932118438000032;50,946725833000073;2
264215;5230621601500099042;5;3;15;0;2023;6;7;4;3;4;6;0;0;1;0;0;0;0;0;361707,951715501199942;5646190,824352422729135;7,031179315000031;50,950724294000054;2
264216;5230621701110787636;5;5;62;32;2023;6;19;4;3;5;3;0;0;1;0;0;0;0;0;378190,073026175377890;5719362,729907399043441;7,240753597000037;51,612103786000034;2
264217;5230621709500479180;5;5;66;64;2023;6;16;4;2;0;7;0;0;1;1;0;0;0;0;396671,776237968239002;5771325,041764527559280;7,492039126000066;52,082842284000037;2
264218;5230621709700569050;5;5;66;56;2023;6;13;4;2;5;3;0;0;1;1;0;0;0;0;416414,233046172535978;5793618,916257060132921;7,774582231000068;52,286566767000068;2
264219;5230622411216242100;5;7;74;16;2023;6;14;5;2;0;1;0;1;1;0;0;0;0;0;469895,354257191880606;5712140,444255991838872;8,565728042000046;51,559542165000039;2
264220;5230622514123986860;5;1;66;20;2023;6;13;5;3;5;2;0;0;1;0;0;0;0;1;302538,990525006956887;5676637,069399677217007;6,173107591000075;51,206950626000037;2
264221;5230623300400669014;5;9;11;0;2023;6;10;6;3;6;4;0;0;1;0;1;0;0;0;376461,756043693865649;5701445,412504476495087;7,222090840000021;51,450698317000047;2
264222;5230623307000278400;5;9;62;52;2023;6;17;6;3;4;6;0;0;1;0;0;0;0;0;421127,350774076068774;5675177,100957864895463;7,870544450000068;51,222525331000043;2
264223;5230623400300876362;5;7;11;0;2023;6;17;6;2;0;1;0;0;1;0;0;0;0;0;464564,097793236607686;5762236,862916356883943;8,483709324000074;52,009645687000045;2
264224;5230623513330495518;5;1;62;12;2023;6;15;6;3;0;1;0;0;1;0;0;0;0;0;328583,061171278532129;5667963,798621689900756;6,549701369000047;51,137440305000041;2
264225;5230623601200766022;5;3;15;0;2023;6;15;6;3;0;1;0;0;1;0;0;0;0;0;355998,264082792098634;5641756,977794893085957;6,951698302000068;50,909479813000075;2
264226;5230624307000899570;5;9;62;48;2023;6;13;7;2;0;1;0;0;1;0;0;0;0;0;415922,855858841270674;5681255,829492905177176;7,794605191000073;51,276430990000051;2
264227;5230624410120287134;5;7;70;32;2023;6;14;7;3;0;1;0;0;1;0;0;0;0;0;492838,310116809268948;5787815,509577025659382;8,895115569000041;52,240702030000080;2
264228;5230624500300977336;5;1;11;0;2023;6;13;7;3;0;7;0;0;1;0;0;0;0;0;343627,252129797299858;5676520,733289732597768;6,760841414000026;51,218633710000063;2
264229;5230624518120644430;5;1;70;44;2023;6;12;7;3;4;6;0;0;1;0;0;0;0;0;340363,505578675831202;5715754,731778063811362;6,696501747000070;51,570235213000046;2
264230;5230624518300628100;5;1;70;20;2023;6;13;7;3;0;1;0;0;1;0;0;0;0;0;328389,783185169973876;5709217,383993044495583;6,527079306000076;51,507991682000068;2
264231;5230624607400590421;5;3;82;68;2023;6;19;7;3;0;1;0;0;1;0;0;0;0;0;373087,743950278672855;5633428,276947936043143;7,197534800000028;50,838630170000044;2
264232;5230624706000994282;5;5;58;24;2023;6;15;7;3;3;6;0;0;1;0;0;1;0;0;390584,279340848035645;5735174,460451580584049;7,414723104000075;51,756765145000031;2
264233;5230625313231289211;5;9;58;48;2023;6;16;1;2;0;1;0;0;1;0;0;0;0;0;466155,035631955484860;5670169,381020965985954;8,515771625000070;51,181942952000043;2
264234;5230625406130084945;5;7;58;8;2023;6;17;1;3;4;6;0;0;1;0;0;0;0;0;472520,173142696265131;5777803,233310140669346;8,598369354000056;52,150047906000054;2
264235;5230625515210986845;5;1;54;12;2023;6;13;1;3;0;1;0;0;1;0;0;0;0;0;318121,243608181306627;5710620,571709942072630;6,378546630000073;51,517384319000030;2
264236;5230625600140678250;5;3;14;0;2023;6;11;1;2;5;3;0;0;1;0;0;0;0;0;367612,067045710922685;5622957,447627048939466;7,123583317000055;50,743291693000060;2
264237;5230625600310986848;5;3;14;0;2023;6;20;1;2;5;3;0;0;1;0;0;0;0;0;364614,405900856712833;5614769,291202501393855;7,084123337000051;50,669006019000051;2
264238;5230625601500886576;5;3;15;0;2023;6;16;1;3;4;6;0;0;1;0;0;0;0;1;359698,896385229658335;5648759,794301586225629;7,001604906000068;50,973326324000027;2
264239;5230625702100165913;5;5;15;0;2023;6;12;1;3;4;2;0;0;1;0;0;0;0;0;404909,114822255680338;5757734,371729694306850;7,615990364000027;51,962161698000045;2
264240;5230625709300327832;5;5;66;68;2023;6;21;1;3;4;6;1;0;1;0;0;0;0;0;376136,197398608957883;5786423,305187148042023;7,186989517000029;52,214305377000073;2
264241;5230626518301245138;5;1;70;4;2023;6;11;2;2;0;1;0;0;1;0;0;0;0;0;325736,357726100308355;5716021,977892109192908;6,485514229000046;51,568305496000050;2
264242;5230626600360977302;5;3;82;12;2023;6;18;2;3;8;1;0;0;1;0;0;0;0;0;355064,775326961360406;5625590,692308800294995;6,944822984000041;50,763960673000042;2
264243;5230626601500578215;5;3;15;0;2023;6;5;2;3;3;6;0;0;1;0;0;0;0;0;360937,005942897230852;5646738,234074514359236;7,020001479000030;50,955458487000044;2
264244;5230626601500782481;5;3;15;0;2023;6;17;2;3;0;7;0;0;1;0;0;0;0;0;357552,265312712755986;5643901,752928616479039;6,972950158000060;50,929140477000033;2
264245;5230626702100076681;5;5;15;0;2023;6;14;2;3;5;3;0;0;1;0;0;0;0;0;406456,386345150996931;5760221,816139949485660;7,637825410000062;51,984782475000031;2
264246;5230626706000894282;5;5;58;4;2023;6;5;2;3;0;1;1;0;1;0;0;0;0;0;406175,048311151273083;5733034,350053250789642;7,641114202000040;51,740357096000082;2
264247;5230626706000996665;5;5;58;32;2023;6;18;2;3;5;3;0;0;1;0;0;0;0;0;386542,678967403480783;5754076,577912085689604;7,349991434000060;51,925843510000050;2
264248;5230627300700293137;5;9;16;0;2023;6;15;3;3;6;6;0;0;1;0;1;0;0;0;372077,636508683091961;5708926,225150646641850;7,156320928000071;51,516955665000069;2
264249;5230627500200576297;5;1;11;0;2023;6;18;3;3;3;6;0;0;1;0;0;0;0;0;341811,789181990432553;5685196,335480663925409;6,731030951000037;51,296084399000051;2
264250;5230627518300191562;5;1;70;20;2023;6;3;3;3;0;7;1;0;1;0;0;0;0;0;328118,471095405635424;5708734,107735157012939;6,523409106000031;51,503567809000060;2
264251;5230627600140986348;5;3;14;0;2023;6;16;3;3;8;1;0;0;1;0;0;0;0;0;366453,148532967257779;5624411,560228625312448;7,106639474000076;50,756095824000056;2
264252;5230627609108869705;5;3;58;8;2023;6;6;3;3;4;6;0;0;1;0;0;0;0;0;323732,957844211545307;5628846,391575109213591;6,499389847000032;50,784540094000079;2
264253;5230627705000986884;5;5;54;8;2023;6;17;3;3;5;3;0;0;1;1;0;0;0;0;339462,386631960631348;5749400,102683095261455;6,668003979000048;51,872248822000074;2