OID_;UIDENTSTLAE;ULAND;UREGBEZ;UKREIS;UGEMEINDE;UJAHR;UMONAT;USTUNDE;UWOCHENTAG;UKATEGORIE;UART;UTYP1;ULICHTVERH;IstStrassenzustand;IstRad;IstPKW;IstFuss;IstKrad;IstGkfz;IstSonstige;LINREFX;LINREFY;XGCSWGS84;YGCSWGS84;PLST
264254;5230628307000693700;5;9;62;16;2023;6;18;4;2;0;1;0;0;1;0;0;0;0;0;417087,640004281187430;5691176,203205609694123;7,808992754000030;51,365786481000043;2
264255;5230628307000793896;5;9;62;40;2023;6;20;4;2;0;1;0;0;1;0;0;0;0;0;416702,270822514314204;5702390,084380702115595;7,800823171000047;51,466541648000032;2
264256;5230628307000977275;5;9;62;40;2023;6;10;4;3;0;1;0;0;1;0;0;0;0;0;420338,153045096318237;5696745,916029509156942;7,854425109000033;51,416324018000068;2
264257;5230628316300770440;5;9;74;28;2023;6;17;4;3;0;1;0;1;1;0;0;0;0;0;455234,590985720802564;5725732,229038696736097;8,352515736000043;51,680772372000035;2
264258;5230628513130078980;5;1;62;22;2023;6;17;4;2;4;6;0;0;1;1;0;0;0;0;337982,577560791396536;5682025,107057014480233;6,677592661000062;51,266515288000051;2
264259;5230628601200999157;5;3;15;0;2023;6;22;4;3;0;6;1;0;1;0;1;0;0;0;358548,843197194335517;5640427,970829523168504;6,988468939000029;50,898166553000067;2
264260;5230628601700899024;5;3;16;0;2023;6;13;4;3;6;7;0;0;1;0;1;0;0;0;357978,626140730164479;5655962,263457699678838;6,974300040000060;51,037632372000076;2
264261;5230628607300795270;5;3;82;36;2023;6;17;4;3;9;1;0;0;1;0;0;0;0;0;389784,601468970009591;5639373,918317527510226;7,432777867000027;50,895498862000068;2
264262;5230628702100556377;5;5;15;0;2023;6;17;4;3;8;1;0;0;1;0;0;0;0;0;405324,940234229550697;5758260,708065013401210;7,621895530000074;51,966963592000070;2
264263;5230629411132282068;5;7;74;32;2023;6;20;5;3;4;6;1;0;1;0;0;0;0;0;482403,637338870321400;5729279,928468802012503;8,745300819000022;51,714179587000046;2
264264;5230629515111095175;5;1;54;8;2023;6;16;5;3;0;1;0;0;1;0;0;0;0;0;306512,171935070422478;5749820,192097612656653;6,189697082000066;51,865567931000044;2
264265;5230629705000977256;5;5;54;56;2023;6;16;5;3;0;1;0;0;1;0;0;0;0;0;355868,858723042358179;5762553,574166169390082;6,900634560000071;51,994913981000082;2
264266;5230630303100080472;5;9;15;0;2023;6;21;6;3;5;3;1;0;1;0;0;0;0;0;420310,737000122142490;5726040,610340791754425;7,847394768000072;51,679674874000057;2
264267;5230630315150385244;5;9;70;44;2023;6;19;6;3;0;1;0;0;1;0;0;0;0;0;436792,794315000181086;5626944,178282767534256;8,103241691000051;50,790794773000073;2
264268;5230630317130986948;5;9;78;12;2023;6;21;6;3;0;1;1;0;1;0;0;0;0;0;416057,655396802467294;5706178,724044057540596;7,790644646000032;51,500505314000065;2
264269;5230701513320081560;5;1;62;4;2023;7;12;7;3;9;1;0;1;1;0;0;0;0;0;349700,638713574619032;5665818,645374972373247;6,852215442000045;51,124096968000060;2
264270;5230701709700876748;5;5;66;72;2023;7;19;7;2;8;1;0;0;1;0;0;0;0;0;413430,936005506897345;5805442,125503958202899;7,727810263000038;52,392374581000070;2
264271;5230701709700986970;5;5;66;92;2023;7;3;7;3;0;1;2;0;1;0;0;0;0;0;421148,196117696934380;5797612,600323478691280;7,843033752000053;52,323164288000044;2
264272;5230702300700680663;5;9;16;0;2023;7;15;1;3;5;6;0;0;1;0;0;1;0;0;370823,756312500219792;5711960,367103141732514;7,137146698000038;51,543937943000060;2
264273;5230702518210696134;5;1;70;28;2023;7;15;1;3;0;1;0;0;1;0;0;0;0;0;329465,202937111956999;5704027,399069584906101;6,545067198000027;51,461693089000050;2
264274;5230702600350896148;5;3;82;32;2023;7;14;1;3;8;7;0;0;1;0;0;0;0;0;358432,756400874117389;5604462,210915436036885;7,000634166000054;50,574899794000032;2
264275;5230702600380086250;5;3;14;0;2023;7;13;1;3;9;6;0;0;1;0;0;0;0;0;370544,332962427753955;5618183,028709020465612;7,166796856000076;50,701038880000056;2
264276;5230702601700286592;5;3;16;0;2023;7;12;1;2;8;1;0;0;1;0;0;0;0;0;357728,231210295285564;5657304,441000018268824;6,970203710000021;51,049632293000059;2
264277;5230702607400041637;5;3;82;44;2023;7;19;1;3;0;7;0;0;1;0;0;0;0;0;364129,566739365574904;5626254,371636513620615;7,073036172000059;50,772119285000031;2
264278;5230702711400187230;5;5;70;20;2023;7;17;1;2;0;1;0;0;1;0;0;0;0;0;436727,101865063770674;5747031,857343344949186;8,080974241000035;51,870478965000075;2
264279;5230703310130789436;5;9;54;20;2023;7;17;2;3;0;1;0;0;1;0;0;0;0;0;392201,869221625674982;5695432,399814892560244;7,450349653000046;51,399865689000080;2
264280;5230703516700707570;5;1;58;8;2023;7;18;2;1;0;7;0;1;1;0;0;0;0;0;359841,789209899085108;5676394,421618970111012;6,992911077000031;51,221709542000042;2
264281;5230703709110580992;5;5;66;12;2023;7;17;2;3;0;1;0;0;1;0;0;0;0;0;405437,983605753572192;5777035,255148742347956;7,618344397000044;52,135733589000040;2
264282;5230704301103594332;5;9;13;0;2023;7;13;3;3;7;7;0;1;1;0;0;0;0;0;392398,334360024542548;5704686,003099357709289;7,450359835000029;51,483079302000078;2
264283;5230704411220544844;5;7;74;20;2023;7;5;3;2;5;3;0;0;1;1;0;0;0;0;465646,318611118011177;5738439,636685241013765;8,501848574000064;51,795758435000039;2
264284;5230704518120089298;5;1;70;44;2023;7;20;3;3;0;7;0;0;1;0;0;0;0;0;340759,302722097432707;5716110,940574340522289;6,702046568000071;51,573547443000052;2
264285;5230704603140578281;5;3;66;40;2023;7;14;3;3;4;7;0;0;1;0;1;0;0;0;347195,627515912521631;5625042,855881804600358;6,833549090000076;50,757018651000067;2
264286;5230704609108605787;5;3;58;8;2023;7;19;3;3;5;3;0;0;1;0;0;0;0;0;323542,201047705952078;5627843,996830521151423;6,497167499000057;50,775476308000066;2
264287;5230705307000987080;5;9;62;56;2023;7;19;4;2;0;1;0;0;1;0;0;0;0;0;396015,344995565479621;5676559,315149325877428;7,510654254000031;51,230928195000047;2
264288;5230706301102987085;5;9;13;0;2023;7;10;5;3;0;7;0;0;1;0;0;0;0;1;395760,243137544079218;5705628,566169664263725;7,498480342000050;51,492181323000068;2
264289;5230706313130194240;5;9;58;44;2023;7;16;5;3;9;1;0;0;1;0;0;1;0;0;429892,267456316913012;5688035,248516150750220;7,993512468000063;51,339272688000051;2
264290;5230706314310093758;5;9;66;20;2023;7;18;5;2;0;1;0;0;1;0;0;0;0;0;433722,367782745161094;5660160,320281008258462;8,053642228000058;51,089110535000032;2
264291;5230706406110082096;5;7;58;12;2023;7;16;5;2;6;4;0;0;1;0;1;0;0;0;473324,471984954201616;5771171,369731687009335;8,610644153000067;52,090463138000075;2
264292;5230706513210091337;5;1;62;24;2023;7;13;5;2;6;6;0;0;1;0;1;0;0;0;341874,322166441474110;5670923,956612297333777;6,738225983000063;51,167862883000055;2
264293;5230706514123590347;5;1;66;20;2023;7;12;5;3;0;1;0;0;1;0;0;0;0;0;305583,489744405145757;5675705,670094570145011;6,217142219000038;51,199629461000029;2
264294;5230706516500591130;5;1;58;16;2023;7;19;5;2;0;7;0;0;1;0;0;0;0;0;355494,964854684658349;5671144,812843385152519;6,932819788000074;51,173451085000067;2
264295;5230706518120857910;5;1;70;44;2023;7;15;5;3;7;7;0;1;1;0;0;0;0;1;339953,158683682791889;5716651,807945575565100;6,690177073000029;51,578178494000042;2
264296;5230706600110293437;5;3;14;0;2023;7;15;5;3;0;1;0;0;1;0;0;0;0;0;365686,968617157021072;5619402,782038858160377;7,097608373000071;50,710900385000059;2
264297;5230706600360495378;5;3;82;12;2023;7;15;5;3;0;7;0;0;1;0;0;0;0;0;353976,462123171775602;5627805,384263562038541;6,928522149000059;50,783591173000048;2
264298;5230706601400978575;5;3;15;0;2023;7;21;5;2;4;6;1;0;1;0;0;0;0;0;358581,277600508707110;5647555,464078169316053;6,986164686000052;50,962229678000028;2
264299;5230706601700295761;5;3;16;0;2023;7;11;5;3;5;3;0;0;1;1;0;0;0;0;359328,736635305103846;5655429,660273715853691;6,993751211000074;51,033178013000054;2
264300;5230706711200987238;5;5;70;4;2023;7;17;5;3;4;7;0;0;1;0;0;0;0;0;423698,352327283122577;5734339,259415555745363;7,894564671000069;51,754747901000030;2
264301;5230707602200085777;5;3;62;4;2023;7;21;6;3;3;6;0;0;1;0;0;0;0;0;329420,220581218716688;5654961,316545549780130;6,567792642000029;51,020872777000079;2
264302;5230707701910449551;5;5;62;8;2023;7;14;6;3;4;6;0;0;1;1;0;0;0;0;383477,538618983759079;5725738,866660767234862;7,314958483000055;51,670529322000050;2
264303;5230707702100091771;5;5;15;0;2023;7;19;6;3;4;2;0;0;1;0;0;0;0;0;405055,326330065028742;5758272,158085938543081;7,617969056000049;51,967020523000031;2
264304;5230708307000011621;5;9;62;52;2023;7;18;7;2;8;7;0;0;1;0;0;0;0;0;423410,374118356441613;5674729,256226266734302;7,903326487000072;51,218809882000073;2
264305;5230708313110285060;5;9;58;4;2023;7;0;7;3;0;1;2;0;1;0;0;0;0;0;429821,860009570140392;5695608,247245751321316;7,991006203000040;51,407349269000065;2
264306;5230708313110687423;5;9;58;4;2023;7;11;7;3;0;1;0;0;1;0;0;0;0;0;434413,472183307283558;5695120,615965186618268;8,057102833000044;51,403514818000076;2
264307;5230708317140389381;5;9;78;28;2023;7;10;7;2;4;1;0;0;1;0;0;0;0;0;399463,151619110954925;5698028,233130762353539;7,553961044000062;51,424533135000047;2
264308;5230708518100695870;5;1;70;48;2023;7;11;7;2;0;1;0;0;1;0;0;0;0;0;330257,514115838217549;5728897,414402407594025;6,544445809000024;51,685348276000070;2
264309;5230708701110199258;5;5;62;32;2023;7;13;7;3;4;6;0;0;1;1;0;0;0;0;378243,397665717289783;5719375,604299206286669;7,241518879000068;51,612231027000064;2
264310;5230708705000020981;5;5;54;56;2023;7;7;7;3;0;7;0;0;1;0;0;0;0;0;357864,300637375505175;5764371,375643349252641;6,928924801000051;52,011761351000075;2
264311;5230709313121780572;5;9;58;32;2023;7;10;1;3;8;7;0;0;1;1;0;0;0;0;450419,017731583444402;5687281,966829625889659;8,288276040000028;51,334660892000045;2
264312;5230709316300096813;5;9;74;4;2023;7;9;1;3;8;6;0;0;1;1;0;0;0;0;450751,658398049417883;5709377,284983752295375;8,289977516000022;51,533351937000077;2
264313;5230709515210067265;5;1;54;48;2023;7;12;1;2;0;1;0;0;1;0;0;0;0;0;323988,649285698309541;5705805,160093700513244;6,465425872000026;51,475986367000075;2
264314;5230709516900301578;5;1;58;26;2023;7;18;1;3;6;6;0;0;1;0;1;0;0;0;351887,192143074178603;5664393,039912542328238;6,884023888000058;51,111855727000034;2
264315;5230709600110086268;5;3;14;0;2023;7;2;1;3;4;6;2;0;1;0;0;0;0;0;366168,241121057071723;5623649,625936722382903;7,102879491000067;50,749181969000063;2
264316;5230709600380495271;5;3;14;0;2023;7;20;1;3;0;1;0;1;1;0;0;0;0;0;366681,285785427433439;5616925,185145366005599;7,112577931000033;50,688860444000056;2
264317;5230709706000005115;5;5;58;24;2023;7;11;1;3;0;4;0;0;1;0;1;0;0;0;392589,246522272413131;5736954,295246704481542;7,443210257000032;51,773150403000045;2
264318;5230709709300570501;5;5;66;96;2023;7;10;1;2;2;6;0;0;1;0;0;0;0;0;384920,388420522969682;5791850,802076598629355;7,313654061000022;52,264985371000080;2
264319;5230710315260473387;5;9;70;32;2023;7;17;2;2;0;1;0;0;1;0;0;0;0;0;433971,648089139023796;5640368,097799394279718;8,060801070000025;50,911181757000065;2
264320;5230710400200555573;5;7;11;0;2023;7;21;2;3;0;7;0;0;1;0;0;0;0;1;472152,183071030478459;5764667,259911170229316;8,594064339000056;52,031929287000082;2
264321;5230710500300541000;5;1;11;0;2023;7;11;2;3;4;6;0;0;1;0;0;0;0;0;351088,755296334042214;5669162,867471854202449;6,870654383000044;51,154510902000027;2
264322;5230710515110095886;5;1;54;4;2023;7;10;2;3;0;7;0;0;1;0;0;0;0;1;310088,706847209832631;5737910,980642118491232;6,248105728000041;51,759841894000033;2
264323;5230710603104996195;5;3;66;4;2023;7;19;2;3;0;1;0;0;1;0;0;0;0;0;346829,860126556362957;5596455,183223229832947;6,840175071000033;50,500014956000030;2
264324;5230710608328285698;5;3;34;28;2023;7;16;2;3;0;1;0;0;1;0;0;0;0;0;316321,515526377013884;5612173,601276968605816;6,402655723000066;50,632456915000034;2
264325;5230710706100081061;5;5;58;16;2023;7;17;2;3;0;1;0;0;1;0;1;0;0;0;381381,296681469830219;5744239,555400416254997;7,278346687000067;51,836361689000057;2
264326;5230711301306094250;5;9;13;0;2023;7;16;3;2;5;1;0;0;1;1;0;0;0;0;400150,592721588036511;5713725,617813446559012;7,559403444000054;51,565756877000069;2
264327;5230711307000780453;5;9;62;24;2023;7;20;3;3;4;1;0;0;1;1;0;0;0;0;410124,507298992364667;5695804,032046651467681;7,707824683000069;51,406329626000058;2
264328;5230711313121087441;5;9;58;32;2023;7;17;3;3;4;6;0;0;1;0;0;0;0;0;449614,298506231280044;5688829,080974998883903;8,276506476000066;51,348500640000054;2
264329;5230711314120480520;5;9;66;8;2023;7;14;3;2;0;1;0;0;1;0;0;0;0;0;416635,510232792817988;5652757,679617707617581;7,811420015000067;51,020328142000039;2
264330;5230711406140987254;5;7;58;32;2023;7;23;3;3;0;7;2;1;1;0;0;0;0;0;465933,892342870531138;5779692,952063752338290;8,501921705000029;52,166670155000077;2
264331;5230711501316682288;5;1;12;0;2023;7;19;3;3;0;7;0;0;1;0;0;0;0;0;346360,765736637113150;5697420,816779493354261;6,790948165000032;51,407170471000029;2
264332;5230711501322991400;5;1;12;0;2023;7;0;3;2;6;7;2;0;1;0;1;0;0;0;346880,595842308306601;5693917,694991023279727;6,799927328000024;51,375834611000073;2
264333;5230711513320179545;5;1;62;4;2023;7;22;3;3;3;1;2;0;1;0;0;0;0;0;344615,474427552660927;5668289,233250648714602;6,778540279000026;51,144939833000080;2
264334;5230711516500964878;5;1;58;16;2023;7;16;3;3;0;7;0;0;1;0;0;0;0;0;354417,412489258800633;5669504,079226633533835;6,918080171000042;51,158433657000046;2
264335;5230711600380399987;5;3;14;0;2023;7;14;3;3;0;1;0;0;1;0;0;0;0;0;369075,407533978170250;5616593,099753104150295;7,146570591000057;50,686419306000062;2
264336;5230711601700257867;5;3;16;0;2023;7;13;3;3;0;7;0;0;1;0;0;0;0;1;362652,831315451243427;5655646,830745639279485;7,041047004000063;51,035933802000045;2
264337;5230711606700599860;5;3;78;16;2023;7;11;3;2;0;7;0;0;1;0;0;0;0;0;361157,752698858792428;5663287,696972925215960;7,016802892000044;51,104243048000058;2
264338;5230711705000096700;5;5;54;8;2023;7;17;3;3;0;1;0;0;1;0;0;0;0;0;337599,596100905037019;5744534,425276155583560;6,643254833000071;51,827998477000051;2
264339;5230711705000189750;5;5;54;4;2023;7;7;3;3;5;3;0;0;1;1;0;0;0;0;362016,528035283961799;5771361,296850801445544;6,986565036000059;52,075616006000075;2
264340;5230712516500962022;5;1;58;16;2023;7;16;4;3;0;7;0;0;1;0;0;0;0;0;354203,245631344150752;5669590,108190632425249;6,914984764000053;51,159152207000034;2
264341;5230713313110987300;5;9;58;4;2023;7;12;5;3;7;1;0;0;1;0;0;0;0;0;437636,315533055050764;5694268,470311887562275;8,103579203000038;51,396216921000075;2
264342;5230713500200664154;5;1;11;0;2023;7;17;5;3;0;1;0;1;1;0;0;0;0;1;343444,704620398930274;5690837,778641834855080;6,751955451000072;51,347224550000078;2
264343;5230713503200995627;5;1;24;0;2023;7;11;5;3;0;1;0;0;1;0;0;0;0;0;381093,430279863416217;5677491,080622471868992;7,296717115000035;51,236389044000077;2
264344;5230713515211522285;5;1;54;16;2023;7;11;5;3;9;6;0;0;1;1;0;0;0;0;299416,997257927374449;5730172,597411319613457;6,098132559000021;51,686632894000070;2
264345;5230713600310995342;5;3;14;0;2023;7;10;5;3;0;1;0;0;1;0;1;0;0;0;364127,569347727519926;5614055,199890774674714;7,077500314000076;50,662474381000038;2
264346;5230714400300066202;5;7;11;0;2023;7;18;6;3;1;5;0;0;1;1;0;0;0;0;463573,382882133941166;5762228,498306217603385;8,469276449000063;52,009506344000044;2
264347;5230714410260596912;5;7;70;36;2023;7;23;6;3;0;7;2;0;1;0;0;0;0;0;467744,639084298687521;5794321,046569453552365;8,526999790000048;52,298289859000079;2
264348;5230714500300500910;5;1;11;0;2023;7;8;6;3;0;7;0;0;1;0;1;0;0;0;343365,883799560426269;5676430,188786678016186;6,757141410000031;51,217748501000074;2
264349;5230714516200987306;5;1;58;12;2023;7;17;6;2;0;1;0;0;1;0;0;0;0;0;355421,124315073364414;5689503,063778469339013;6,924345818000063;51,338403697000047;2
264350;5230714709500774763;5;5;66;16;2023;7;13;6;3;9;1;0;0;1;0;0;0;0;0;405562,325284621911123;5792311,554648693650961;7,615900378000049;52,273058654000067;2
264351;5230715503100371924;5;1;24;0;2023;7;18;7;3;0;1;1;0;1;0;0;0;0;0;369496,551752430503257;5680825,652330987155437;7,129471864000038;51,263823339000055;2
264352;5230715503100881505;5;1;24;0;2023;7;20;7;2;0;6;0;0;1;0;1;0;0;0;377913,587770452781115;5682773,391827900893986;7,249386865000076;51,283194390000062;2
264353;5230715600140078284;5;3;14;0;2023;7;9;7;3;8;1;0;1;1;0;0;0;0;0;368941,136193441459909;5620429,660935742780566;7,143309098000032;50,720872994000047;2
264354;5230715601500987324;5;3;15;0;2023;7;16;7;2;0;1;0;1;1;0;0;0;0;0;357456,197103552927729;5645217,225099402479827;6,971069458000045;50,940938840000058;2
264355;5230716300500577958;5;9;11;0;2023;7;17;1;3;3;6;0;0;1;0;0;0;0;0;379986,052229247521609;5699388,921199250966311;7,273483129000056;51,432973099000037;2
264356;5230716313121713630;5;9;58;32;2023;7;14;1;3;3;2;0;0;1;0;0;0;0;0;441646,303655280731618;5687033,189497780986130;8,162399808000032;51,331591370000069;2
264357;5230716313130579576;5;9;58;44;2023;7;15;1;3;0;6;0;0;1;0;0;0;0;0;427904,873322440660559;5689589,209557318128645;7,964670984000065;51,352994979000073;2
264358;5230716316300891307;5;9;74;28;2023;7;0;1;2;8;1;2;1;1;0;0;0;0;0;463067,151293269474991;5727172,072966381907463;8,465647164000075;51,694287858000052;2
264359;5230716502243277713;5;1;13;0;2023;7;15;1;3;0;1;0;0;1;0;0;0;0;0;367010,899369693128392;5699571,832564566284418;7,086860695000041;51,431720088000077;2
264360;5230716515210082162;5;1;54;60;2023;7;10;1;2;3;6;0;0;1;0;0;0;0;0;315652,943754001054913;5698060,107165514491498;6,349558832000071;51,403764515000034;2
264361;5230716605120432447;5;3;74;20;2023;7;13;1;3;4;6;0;0;1;0;0;0;0;0;385077,707161019730847;5653626,286307682283223;7,361375144000021;51,022694380000075;2
264362;5230716608100689887;5;3;34;2;2023;7;14;1;2;0;1;0;0;1;0;0;0;0;0;296810,779013574763667;5625330,076174251735210;6,119881120000059;50,744151037000051;2
264363;5230716705000891747;5;5;54;12;2023;7;14;1;3;6;7;0;0;1;0;1;0;0;0;348258,454617774463259;5744857,577937778085470;6,797666243000037;51,833898581000028;2
264364;5230717307000290501;5;9;62;40;2023;7;18;2;2;9;1;0;1;1;0;0;0;0;0;417778,797674093162641;5698913,409939828328788;7,817125626000063;51,435444192000034;2
264365;5230717313110684924;5;9;58;4;2023;7;11;2;3;4;6;0;0;1;0;0;0;0;0;427518,024520614068024;5701073,263513812795281;7,956769854000072;51,456191840000031;2
264366;5230717313122273332;5;9;58;8;2023;7;11;2;2;0;1;0;0;1;0;0;0;0;0;458517,045229546143673;5686353,899555120617151;8,404622107000023;51,326964756000052;2
264367;5230717314220780533;5;9;66;12;2023;7;18;2;3;4;6;0;0;1;0;0;0;0;0;427624,649000000208616;5669075,857000000774860;7,964798744000063;51,168531551000058;2
264368;5230717502229285365;5;1;13;0;2023;7;13;2;3;1;6;0;0;1;1;0;0;0;0;360830,037851062428672;5694844,810779332183301;6,999856760000057;51,387756932000059;2
264369;5230717600360071688;5;3;82;12;2023;7;14;2;3;9;1;0;0;1;0;0;0;0;0;354184,853007276309654;5624665,260445362888277;6,932720966000034;50,755423341000039;2
264370;5230718310130780500;5;9;54;20;2023;7;18;3;2;0;7;0;0;1;0;0;0;0;0;391669,448060143913608;5695060,806057054549456;7,442812313000047;51,396424164000052;2
264371;5230718314210285515;5;9;66;4;2023;7;12;3;3;9;1;0;0;1;0;0;0;0;0;422710,083101000986062;5663224,512846883386374;7,895774064000022;51,115281339000035;2
264372;5230718405228987357;5;7;54;28;2023;7;12;3;3;4;1;0;0;1;0;0;0;0;0;451923,065175853495020;5745621,972620313987136;8,301868230000025;51,859320278000041;2
264373;5230718501214767336;5;1;12;0;2023;7;22;3;3;0;7;2;0;1;0;0;0;0;0;342457,611139976012055;5697437,991360908374190;6,734866837000027;51,406254010000055;2
264374;5230718601600585737;5;3;15;0;2023;7;13;3;3;0;7;0;0;1;0;0;0;0;0;361802,589350591588300;5640096,930053595453501;7,034835247000046;50,895979226000065;2
264375;5230719514122987386;5;1;66;4;2023;7;14;4;2;9;1;0;0;1;0;0;0;0;0;305963,954655021603685;5684587,602444462478161;6,217769601000043;51,279532193000080;2
264376;5230719709110849821;5;5;66;8;2023;7;14;4;3;0;1;0;0;1;0;0;0;0;0;398103,152894582774024;5777486,006273834034801;7,511077082000043;52,138480840000057;2
264377;5230720301101885068;5;9;13;0;2023;7;22;5;3;8;1;2;0;1;0;0;0;0;0;395372,183513707714155;5706626,753692626953125;7,492596630000037;51,501081969000040;2
264378;5230720411112872234;5;7;74;12;2023;7;9;5;3;8;7;0;0;1;0;0;0;0;0;480638,314899270655587;5721969,358661294914782;8,720154404000027;51,648389598000051;2
264379;5230720502405291810;5;1;17;0;2023;7;13;5;3;3;7;0;0;1;0;0;0;0;0;358132,681918283575214;5700678,827108655124903;6,958782340000027;51,439514451000036;2
264380;5230720600110094842;5;3;14;0;2023;7;12;5;3;4;6;0;0;1;0;0;0;0;0;366206,050237279618159;5623510,039573356509209;7,103465845000073;50,747936088000074;2
264381;5230720701610897120;5;5;62;12;2023;7;17;5;3;2;6;0;0;1;1;0;0;0;0;359245,452627834805753;5732635,381944823078811;6,961971085000073;51,726951782000071;2
264382;5230721411240296855;5;7;74;40;2023;7;11;6;2;9;1;0;0;1;0;0;0;0;0;481595,231827251438517;5704755,163254326209426;8,734886974000062;51,493639929000040;2
264383;5230721601600086471;5;3;15;0;2023;7;10;6;3;3;6;0;1;1;0;0;0;0;0;358409,304117700841743;5643615,932825486175716;6,985248853000030;50,926782806000062;2
264384;5230721702100079098;5;5;15;0;2023;7;12;6;3;4;6;0;0;1;0;0;0;0;0;404139,703576890169643;5760819,504049651324749;7,603933694000034;51,989759742000047;2
264385;5230721705000096700;5;5;54;8;2023;7;10;6;3;1;6;0;0;1;0;0;0;0;0;333488,053640099882614;5744093,987435557879508;6,583856731000026;51,822831735000079;2
264386;5230722300200969513;5;9;11;0;2023;7;17;7;3;5;3;0;0;1;0;0;0;0;0;373479,674976709240582;5706294,898452174849808;7,177460686000074;51,493623258000071;2
264387;5230722411132782052;5;7;74;32;2023;7;18;7;2;0;6;0;0;1;0;1;0;0;0;481991,481262617569882;5729951,983899982646108;8,739300375000028;51,720209157000056;2
264388;5230722500200386214;5;1;11;0;2023;7;13;7;2;5;3;0;0;1;1;0;0;0;0;343818,990726196323521;5684935,397251227870584;6,759911590000058;51,294293934000052;2
264389;5230722500300201027;5;1;11;0;2023;7;16;7;3;4;6;0;0;1;0;0;0;0;0;351485,144173179811332;5668110,693107536993921;6,876752435000071;51,145158982000055;2
264390;5230723405108987453;5;7;54;8;2023;7;11;1;3;8;1;0;0;1;0;0;0;0;0;454804,317891316779424;5748126,161775130778551;8,343376432000071;51,882075175000068;2
264391;5230723503400578634;5;1;22;0;2023;7;18;1;3;6;4;0;1;1;0;1;0;0;0;360362,595002929505426;5669033,730129012838006;7,003225927000074;51,155688589000079;2
264392;5230724313123879617;5;9;58;16;2023;7;7;2;2;0;1;0;1;1;0;0;0;0;0;441400,440314976789523;5682655,890410047955811;8,159590462000040;51,292209573000036;2
264393;5230724600110086268;5;3;14;0;2023;7;6;2;3;0;1;0;1;1;0;0;0;0;0;365621,518115729268175;5624208,238021275959909;7,094930179000073;50,754076425000051;2
264394;5230725314320861192;5;9;66;16;2023;7;8;3;3;0;1;0;1;1;0;0;0;0;0;430719,445411526714452;5655740,069186414591968;8,011618028000044;51,049012923000078;2
264395;5230725701620085353;5;5;62;12;2023;7;13;3;3;8;1;0;1;1;0;0;0;0;0;366046,093334971694276;5731163,781958410516381;7,060943276000046;51,715393648000031;2
264396;5230725706000987496;5;5;58;12;2023;7;10;3;2;0;1;0;0;1;0;0;0;0;0;368822,977418935624883;5749802,321914887055755;7,094064650000064;51,883541542000046;2
264397;5230726601600586482;5;3;15;0;2023;7;15;4;3;6;6;0;0;1;0;1;0;0;0;360662,599971925199497;5635598,310958774760365;7,020349188000068;50,855274794000081;2
264398;5230727313212889351;5;9;58;36;2023;7;18;5;3;0;7;0;1;1;0;0;0;0;0;464247,428909310780000;5688165,958890908397734;8,486680824000075;51,343647259000079;2
264399;5230727313212987567;5;9;58;36;2023;7;17;5;3;0;1;0;1;1;0;0;0;0;0;464239,603695458383299;5688139,383890349417925;8,486571148000053;51,343407815000035;2
264400;5230727315150380414;5;9;70;44;2023;7;16;5;3;5;3;0;1;1;0;0;0;0;1;441417,138250010844786;5633891,510143859311938;8,167732510000064;50,853749841000081;2
264401;5230728301301975658;5;9;78;24;2023;7;13;6;3;0;1;0;1;1;0;0;0;0;0;397200,225530749186873;5717133,188178071752191;7,515853972000059;51,595855974000074;2
264402;5230728316100077976;5;9;74;32;2023;7;20;6;3;0;1;0;0;1;0;0;0;0;0;439482,891497581847943;5704843,522630801424384;8,128310324000040;51,491494835000026;2
264403;5230728317130018736;5;9;78;12;2023;7;7;6;2;0;7;0;1;1;0;0;0;0;0;407247,774986035190523;5703308,767564758658409;7,664510268000072;51,473329329000080;2
264404;5230728600380895314;5;3;14;0;2023;7;16;6;3;5;3;0;1;1;0;0;0;0;0;369196,742589402943850;5619411,641525872983038;7,147289104000038;50,711780392000037;2
264405;5230729404301287113;5;7;66;28;2023;7;12;7;3;5;7;0;0;1;0;0;0;0;0;505620,615671364939772;5772470,688496146351099;9,082060885000033;52,102759459000026;2
264406;5230729601200987612;5;3;15;0;2023;7;13;7;2;0;1;0;0;1;0;0;0;0;0;358972,201480785966851;5640128,248267449438572;6,994601172000046;50,895576450000078;2
264407;5230729602000987604;5;3;62;8;2023;7;11;7;3;0;1;0;1;1;0;0;0;0;0;332572,682559966924600;5649377,595668707974255;6,615274048000060;50,971631300000070;2
264408;5230729610211775604;5;3;70;4;2023;7;18;7;3;3;6;0;1;1;1;0;0;0;0;314188,253202478634194;5663799,270612009800971;6,346309252000026;51,095542198000032;2
264409;5230729702100069102;5;5;15;0;2023;7;12;7;3;5;3;0;0;1;0;0;0;0;0;403913,070282770204358;5756610,297874832525849;7,601812363000022;51,951886883000043;2
264410;5230730317110894275;5;9;78;36;2023;7;13;1;2;2;7;0;0;1;0;0;0;0;0;417391,742993568594102;5713248,664069425314665;7,808201601000064;51,564258757000061;2