OID_;UIDENTSTLAE;ULAND;UREGBEZ;UKREIS;UGEMEINDE;UJAHR;UMONAT;USTUNDE;UWOCHENTAG;UKATEGORIE;UART;UTYP1;ULICHTVERH;IstStrassenzustand;IstRad;IstPKW;IstFuss;IstKrad;IstGkfz;IstSonstige;LINREFX;LINREFY;XGCSWGS84;YGCSWGS84;PLST
264411;5230730410110087061;5;7;70;24;2023;7;15;1;2;0;1;0;0;1;0;0;0;0;0;495032,072827567462809;5794523,403269836679101;8,927144845000043;52,301033761000042;2
264412;5230730503100579078;5;1;24;0;2023;7;14;1;2;0;7;0;0;1;0;0;0;0;0;366651,505821534781717;5681204,958719916641712;7,088575975000026;51,266573735000065;2
264413;5230730515110022282;5;1;54;36;2023;7;0;1;2;4;6;2;0;1;0;0;1;0;0;301654,680999999865890;5744995,981000000610948;6,122005805000072;51,820541920000039;2
264414;5230730701120571521;5;5;62;32;2023;7;14;1;3;0;1;0;0;1;0;0;0;0;0;380616,388631364097819;5716258,723989065736532;7,276834942000050;51,584726274000047;2
264415;5230730709110987626;5;5;66;64;2023;7;10;1;2;0;1;0;0;1;0;0;0;0;0;397791,801757184497546;5775340,600893672555685;7,507173944000044;52,119141057000036;2
264416;5230730711100193607;5;5;70;44;2023;7;18;1;3;4;6;0;0;1;1;0;0;0;0;412516,355226717481855;5767499,944046465680003;7,724185811000041;52,051190812000073;2
264417;5230731610121594933;5;3;70;12;2023;7;16;2;3;8;1;0;0;1;1;0;0;0;0;298558,970852026424836;5654136,630061650648713;6,128762148000021;51,003484897000078;2
264418;5230801701300265455;5;5;62;14;2023;8;11;3;3;0;1;0;1;1;0;0;0;0;0;357576,412007445818745;5717100,560339867137372;6,944149668000023;51,586939457000028;2
264419;5230802317140986088;5;9;78;28;2023;8;13;4;3;0;1;0;0;1;0;0;0;0;0;402290,735886697773822;5701445,249964093789458;7,593674147000058;51,455743637000069;2
264420;5230802600380395345;5;3;14;0;2023;8;14;4;3;0;1;0;1;1;0;0;0;0;0;368407,254687800537795;5619007,160695089027286;7,136257209000064;50,707966651000049;2
264421;5230803410140239350;5;7;70;12;2023;8;17;5;3;0;7;0;0;1;0;0;0;0;1;486231,040396669064648;5791290,751496508717537;8,798209488000055;52,271820599000080;2
264422;5230803705000986057;5;5;54;68;2023;8;11;5;2;0;1;0;1;1;0;0;0;0;0;351060,652326447598170;5767934,662967876531184;6,828312400000073;52,041991614000040;2
264423;5230804301303678008;5;9;13;0;2023;8;16;6;2;0;1;0;1;1;0;0;0;0;0;402888,724014230072498;5704614,453323135152459;7,601407280000046;51,484334802000035;2
264424;5230804404101196901;5;7;66;20;2023;8;16;6;3;0;1;0;0;1;0;0;0;0;0;491519,597907350689638;5754719,006011621095240;8,876626279000050;51,943119361000072;2
264425;5230804702100591750;5;5;15;0;2023;8;8;6;3;0;7;0;0;1;0;0;0;0;1;407176,139414692181163;5752482,804494335316122;7,650393377000057;51,915340835000052;2
264426;5230805301102480986;5;9;13;0;2023;8;12;7;2;0;1;0;0;1;0;0;0;0;0;396367,920031114481390;5700287,174087852239609;7,508796656000072;51,444280731000049;2
264427;5230805307000585291;5;9;62;4;2023;8;14;7;2;0;7;0;1;1;0;0;0;0;0;406864,926953620568383;5680652,812057963572443;7,664936866000062;51,269601358000045;2
264428;5230805317130980685;5;9;78;12;2023;8;22;7;3;4;1;2;1;1;1;0;0;0;0;413979,093596318096388;5704378,042972857132554;7,761145194000051;51,484005317000026;2
264429;5230805600110095260;5;3;14;0;2023;8;17;7;3;6;4;0;1;1;0;1;0;0;0;366168,409617440076545;5623649,070462882518768;7,102882080000029;50,749177016000033;2
264430;5230805610112245526;5;3;70;8;2023;8;10;7;3;8;7;0;0;1;0;0;0;0;0;292096,969056741567329;5655538,646069589070976;6,035982781000030;51,013777235000077;2
264431;5230806313130091851;5;9;58;44;2023;8;10;1;2;0;1;0;0;1;0;0;0;0;0;430232,751337025896646;5687465,254968769848347;7,998511429000075;51,334189994000042;2
264432;5230806410110578100;5;7;70;24;2023;8;13;1;2;0;1;0;1;1;0;0;0;0;0;498476,268639029411133;5796299,165571200661361;8,977646276000030;52,317019079000033;2
264433;5230806410130985982;5;7;70;28;2023;8;12;1;3;0;7;0;1;1;0;0;0;0;0;488994,213082138623577;5799591,198495616205037;8,838433428000030;52,346507598000073;2
264434;5230806410210840351;5;7;70;20;2023;8;11;1;3;0;1;0;0;1;0;0;0;0;0;478459,941437281435356;5795580,603156832046807;8,684047679000059;52,310138443000028;2
264435;5230806410210990762;5;7;70;20;2023;8;0;1;2;8;1;2;1;1;0;0;0;0;0;470265,462114493129775;5798170,115657733753324;8,563624317000063;52,333036059000051;2
264436;5230806515111582345;5;1;54;8;2023;8;11;1;3;9;7;0;0;1;0;0;0;0;0;305477,024383957905229;5748641,995787910185754;6,175345017000041;51,854627563000065;2
264437;5230806701400081436;5;5;12;0;2023;8;12;1;3;0;7;0;1;1;0;1;0;0;0;360225,867844121297821;5710028,657528699375689;6,985178998000038;51,524054261000060;2
264438;5230807702100985960;5;5;15;0;2023;8;7;2;3;0;7;0;0;1;1;0;0;0;0;405576,742211690638214;5764816,288187715224922;7,623753768000029;52,025930409000068;2
264439;5230808400100504178;5;7;11;0;2023;8;11;3;2;0;7;0;0;1;0;0;0;0;0;465490,566122143645771;5765580,532740037888288;8,496869912000022;52,039765579000061;2
264440;5230808400200474634;5;7;11;0;2023;8;16;3;3;5;7;0;0;1;0;0;0;0;1;468832,388411260326393;5763882,334957137703896;8,545744993000028;52,024695668000049;2
264441;5230809317110980867;5;9;78;36;2023;8;11;4;3;0;1;0;1;1;0;0;0;0;0;408975,025113995303400;5709293,161247549578547;7,687828742000022;51,527405800000054;2
264442;5230809500300665294;5;1;11;0;2023;8;12;4;3;4;6;0;0;1;0;0;0;0;0;344597,541394026193302;5673061,998422888107598;6,776221774000021;51,187820503000069;2
264443;5230809502226975244;5;1;13;0;2023;8;19;4;2;0;1;0;0;1;0;0;0;0;0;360378,733089279616252;5695279,791241963393986;6,993203843000060;51,391554979000034;2
264444;5230809513110291142;5;1;62;16;2023;8;8;4;3;5;3;0;0;1;1;0;0;0;0;331235,089260600332636;5673801,382211907766759;6,584835236000060;51,190674424000065;2
264445;5230809516900089308;5;1;58;26;2023;8;18;4;2;3;6;0;0;1;0;0;0;0;0;351962,619989697297569;5664087,827797487378120;6,885225917000071;51,109132518000081;2
264446;5230810301304184915;5;9;13;0;2023;8;20;5;3;0;7;0;0;1;0;0;0;0;0;402986,590955854859203;5708378,504017570987344;7,601781094000046;51,518186831000037;2
264447;5230810313110985840;5;9;58;4;2023;8;14;5;3;0;1;0;0;1;0;0;0;0;0;433658,487982898135670;5696833,677024727687240;8,045929970000032;51,418828480000059;2
264448;5230810314310360800;5;9;66;20;2023;8;19;5;3;0;1;0;0;1;0;0;0;0;0;435192,944186748005450;5662434,752177610993385;8,074228816000073;51,109728409000070;2
264449;5230810316100880560;5;9;74;40;2023;8;22;5;3;0;1;2;0;1;0;0;0;0;0;438758,990706505021080;5713741,316676806658506;8,116337023000028;51,571413487000029;2
264450;5230810405148985840;5;7;54;48;2023;8;15;5;3;0;7;0;0;1;0;0;0;0;1;438107,238434816827066;5766599,340570882894099;8,097492095000064;52,046543735000057;2
264451;5230810508000082191;5;1;19;0;2023;8;16;5;3;5;3;0;0;1;0;0;0;0;0;354004,044484162935987;5706970,551454810425639;6,896822277000069;51,495001152000043;2
264452;5230810513130794875;5;1;62;22;2023;8;12;5;3;2;6;0;0;1;0;0;0;0;0;339499,178338502999395;5681962,330142645165324;6,699341365000066;51,266380316000038;2
264453;5230810702100091757;5;5;15;0;2023;8;19;5;2;1;5;0;0;1;1;0;0;0;0;398069,800329206860624;5755110,347075229510665;7,517259907000039;51,937365095000075;2
264454;5230810709300865812;5;5;66;84;2023;8;7;5;3;6;6;0;0;1;0;1;0;0;0;388342,257309648965020;5775076,987424007616937;7,369300815000031;52,114944290000039;2
264455;5230811411240096911;5;7;74;40;2023;8;16;6;3;8;1;0;0;1;0;0;0;0;0;478021,582742888887879;5705216,687963430769742;8,683382074000065;51,497662127000069;2
264456;5230811503200096928;5;1;24;0;2023;8;19;6;3;3;6;2;0;1;0;0;0;0;0;373509,713067834672984;5681630,542651588097215;7,186677030000055;51,271962057000053;2
264457;5230811600370075865;5;3;82;4;2023;8;16;6;2;0;7;0;1;1;0;0;0;0;0;358422,016351796744857;5621525,578150546178222;6,993959448000055;50,728254900000081;2
264458;5230811709500065812;5;5;66;68;2023;8;15;6;3;4;6;0;0;1;1;0;0;0;0;373586,124763888190500;5786132,776518224738538;7,149793153000076;52,211115560000053;2
264459;5230812317220275400;5;9;78;4;2023;8;18;7;3;0;1;0;0;1;0;0;0;0;0;407446,584995051787701;5719497,726207069121301;7,663113250000038;51,618887911000058;2
264460;5230812513210982321;5;1;62;24;2023;8;21;7;2;0;1;2;0;1;0;0;0;0;0;341847,874728335009422;5670903,100350515916944;6,737857176000034;51,167668173000038;2
264461;5230812514213985760;5;1;66;8;2023;8;8;7;3;8;3;0;1;1;1;0;0;0;0;315263,785864541248884;5692071,719448049552739;6,347083351000038;51,349848660000077;2
264462;5230813300500985720;5;9;11;0;2023;8;10;1;3;0;1;0;0;1;0;0;0;0;0;380511,192704590328503;5701815,840182878077030;7,280214763000060;51,454896662000067;2
264463;5230813500200874497;5;1;11;0;2023;8;13;1;3;4;6;0;0;1;0;0;0;0;0;340319,728508234780747;5682361,093072932213545;6,710915152000041;51,270193624000058;2
264464;5230813503100986892;5;1;24;0;2023;8;13;1;2;6;7;2;0;1;0;1;0;0;0;372910,848506088834256;5681432,856230128556490;7,178166834000024;51,270052096000029;2
264465;5230813505100491605;5;1;14;0;2023;8;17;1;3;3;6;0;0;1;1;0;0;0;0;331921,497381068184040;5684693,878563865087926;6,589537073000031;51,288736859000039;2
264466;5230813514122086215;5;1;66;4;2023;8;0;1;3;6;7;2;0;1;0;1;0;0;0;303723,159990106069017;5682174,392841496504843;6,187005368000030;51,257091116000026;2
264467;5230813515111096696;5;1;54;8;2023;8;2;1;3;0;6;2;0;1;0;1;0;0;0;309272,302981483808253;5746505,169021886773407;6,231564218000074;51,836747032000062;2
264468;5230813518100096060;5;1;70;48;2023;8;14;1;3;0;1;0;0;1;0;0;0;0;0;339280,836175733827986;5724200,077256456948817;6,677021779000029;51,645802145000062;2
264469;5230813600140086340;5;3;14;0;2023;8;13;1;3;6;6;0;0;1;0;1;0;0;0;366590,245282338117249;5624262,119550182484090;7,108636186000069;50,754784186000052;2
264470;5230813608200889831;5;3;34;2;2023;8;11;1;2;3;6;0;0;1;0;0;0;0;0;300097,641022422059905;5627739,407142825424671;6,165101640000046;50,766932088000033;2
264471;5230813709500449777;5;5;66;76;2023;8;12;1;2;0;1;0;0;1;0;0;0;0;0;395986,385598289198242;5795167,332578164525330;7,474723400000073;52,296996374000059;2
264472;5230814300500985661;5;9;11;0;2023;8;18;2;3;0;1;0;0;1;0;0;0;0;0;380880,407270243915264;5701851,338410001248121;7,285514299000056;51,455293518000076;2
264473;5230814518410028538;5;1;70;16;2023;8;13;2;3;4;7;0;0;1;0;0;0;0;1;343588,970478622650262;5719760,473376195877790;6,741219788000024;51,607129161000046;2
264474;5230815313110075327;5;9;58;4;2023;8;14;3;3;0;1;0;1;1;0;0;0;0;0;423929,371905157109722;5702472,093904256820679;7,904827431000058;51,468296648000035;2
264475;5230815513210832054;5;1;62;24;2023;8;16;3;3;5;7;0;0;1;0;0;0;0;1;335145,029531571548432;5674005,152692463248968;6,640644696000038;51,193646389000037;2
264476;5230815518401091621;5;1;70;36;2023;8;20;3;3;2;7;0;0;1;1;0;0;0;0;352343,975135317014065;5728911,318884938955307;6,863693170000033;51,691715632000069;2
264477;5230815608436767511;5;3;34;36;2023;8;20;3;3;0;1;0;0;1;0;0;0;0;0;296616,960243829817045;5632230,942539692856371;6,113321733000021;50,806062910000037;2
264478;5230815705000985612;5;5;54;64;2023;8;14;3;3;0;5;0;0;1;1;0;0;0;0;356100,737649642454926;5751833,341752070002258;6,908496709000076;51,898652481000056;2
264479;5230816313121985558;5;9;58;32;2023;8;18;4;3;0;7;0;1;1;0;0;0;0;0;449345,108539978624322;5687516,229436256922781;8,272828308000044;51,336672535000048;2
264480;5230816514119978963;5;1;66;16;2023;8;21;4;2;0;7;1;0;1;1;0;0;0;0;307032,188628740026616;5687278,701541085727513;6,231613287000073;51,304065212000069;2
264481;5230816607400086243;5;3;82;68;2023;8;18;4;2;0;1;0;0;1;0;0;0;0;0;365980,069868378690444;5626325,525701147504151;7,099239232000059;50,773189329000047;2
264482;5230816705000691208;5;5;54;4;2023;8;13;4;3;5;3;0;0;1;0;0;0;0;1;360707,620375776779838;5777664,130251903086901;6,964901449000024;52,131920094000066;2
264483;5230817313212985526;5;9;58;36;2023;8;16;5;2;0;1;0;1;1;0;0;0;0;0;464426,022372017963789;5686613,772438535466790;8,489399950000063;51,329701791000048;2
264484;5230817500300000910;5;1;11;0;2023;8;14;5;3;0;7;0;0;1;0;0;0;0;0;352324,589830066601280;5674136,197495608590543;6,886269747000028;51,199522036000076;2
264485;5230817514124682483;5;1;66;20;2023;8;9;5;2;0;7;0;0;1;0;0;0;0;0;297217,814911478431895;5678077,067955303937197;6,096218079000039;51,218018703000041;2
264486;5230818410110296950;5;7;70;24;2023;8;13;6;3;4;6;0;0;1;0;0;0;0;1;494504,711956469342113;5791650,283480593003333;8,919457910000062;52,275197932000026;2
264487;5230818411132977180;5;7;74;32;2023;8;7;6;3;4;6;0;0;1;0;0;0;0;0;481277,647260582307354;5731633,380996262654662;8,728876282000044;51,735303683000041;2
264488;5230818506100091063;5;1;16;0;2023;8;17;6;2;5;3;0;0;1;1;0;0;0;0;314395,569399043219164;5672952,233215780928731;6,344551393000074;51,177827097000034;2
264489;5230818513110595517;5;1;62;16;2023;8;16;6;3;5;3;0;0;1;1;0;0;0;0;332829,055803114431910;5679221,033341298811138;6,605098564000059;51,239834711000071;2
264490;5230818515211022038;5;1;54;16;2023;8;13;6;2;0;1;0;0;1;0;0;0;0;0;295483,613570715824608;5729120,028185388073325;6,041925073000073;51,675762813000063;2
264491;5230818600380386251;5;3;14;0;2023;8;15;6;3;0;1;0;0;1;0;0;0;0;0;366291,472668374422938;5616799,210998199880123;7,107108046000064;50,687638716000038;2
264492;5230818705000210936;5;5;54;56;2023;8;18;6;3;0;1;0;0;1;0;0;0;0;0;358398,028243900276721;5759637,355319041758776;6,938651192000066;51,969361923000065;2
264493;5230819600140575603;5;3;14;0;2023;8;10;7;3;8;1;0;0;1;0;0;0;0;0;366473,065828619059175;5624412,948992856778204;7,106921183000054;50,756112889000065;2
264494;5230819601600586500;5;3;15;0;2023;8;18;7;3;0;1;0;0;1;0;0;0;0;0;365889,058745470654685;5646419,970450028777122;7,090584118000038;50,953771787000051;2
264495;5230820300000493854;5;9;11;0;2023;8;20;1;2;0;7;2;0;1;0;0;0;0;0;373480,913129840861075;5706294,129027286544442;7,177478787000041;51,493616619000079;2
264496;5230820307000877631;5;9;62;16;2023;8;12;1;2;0;1;0;0;1;0;0;0;0;0;417202,950916462636087;5689494,442736402153969;7,811040291000040;51,350684265000041;2
264497;5230820313233177665;5;9;58;28;2023;8;19;1;3;0;7;0;0;1;0;0;0;0;0;478589,788722666969988;5673523,567010186612606;8,693475153000065;51,212705044000074;2
264498;5230820313240985416;5;9;58;40;2023;8;16;1;3;0;7;0;0;1;0;0;0;0;0;445427,290900000371039;5671952,634999999776483;8,218967524000050;51,196373768000058;2
264499;5230820315110336004;5;9;70;40;2023;8;18;1;3;0;7;0;0;1;0;0;0;0;1;430925,749273082008585;5638587,501851551234722;8,017819256000053;50,894815323000046;2
264500;5230820410120187105;5;7;70;32;2023;8;15;1;3;0;1;0;0;1;0;0;0;0;0;494413,321884889155626;5789183,114165553823113;8,918159294000077;52,253015816000072;2
264501;5230820410230596821;5;7;70;4;2023;8;18;1;3;0;1;0;0;1;0;0;0;0;0;489635,830121504201088;5784535,821363738738000;8,848315247000073;52,211164743000040;2
264502;5230820411232985418;5;7;74;32;2023;8;15;1;3;8;1;0;0;1;0;0;0;0;0;478801,877840187749825;5733994,597939865663648;8,692880554000055;51,756445730000053;2
264503;5230820503100178740;5;1;24;0;2023;8;12;1;2;0;1;0;0;1;0;0;0;0;0;368239,807497872214299;5680443,687785441055894;7,111609897000051;51,260101431000066;2
264504;5230820513210745573;5;1;62;24;2023;8;12;1;2;3;6;0;0;1;0;0;0;0;0;345538,659480410919059;5669929,561333784833550;6,791024144000062;51,159928969000077;2
264505;5230820518302845138;5;1;70;40;2023;8;15;1;2;0;1;0;0;1;0;0;0;0;0;319049,601612393395044;5723047,925474641844630;6,385511865000069;51,629308250000065;2
264506;5230820600110086340;5;3;14;0;2023;8;12;1;3;6;7;0;0;1;0;1;0;0;0;364242,336473861243576;5625554,516811390407383;7,074892818000023;50,765855551000072;2
264507;5230820606000114816;5;3;78;4;2023;8;17;1;3;0;7;0;0;1;0;0;0;0;1;368422,472705331863835;5652365,225237490609288;7,124480693000066;51,007789998000078;2
264508;5230820607400078278;5;3;82;68;2023;8;11;1;3;9;1;0;0;1;0;0;0;0;0;366319,318151181912981;5625732,775280492380261;7,104263282000034;50,767940019000037;2
264509;5230820610121980722;5;3;70;12;2023;8;14;1;3;2;6;0;0;1;0;0;0;0;0;301566,299374446971342;5653131,864411434158683;6,172119838000071;50,995505535000063;2
264510;5230820706000051231;5;5;58;36;2023;8;11;1;3;0;7;0;0;1;0;0;0;0;0;387406,695745789154898;5726982,631454498507082;7,371352175000027;51,682509269000036;2
264511;5230820709500985422;5;5;66;76;2023;8;14;1;3;0;6;0;0;1;0;0;0;0;0;391287,940584925876465;5793027,028338799253106;7,406543143000022;52,276851705000070;2
264512;5230821301101481332;5;9;13;0;2023;8;21;2;3;4;1;2;0;1;0;0;0;0;1;390920,198804354760796;5706412,897041247226298;7,428547136000077;51,498318087000030;2
264513;5230821310210585328;5;9;54;24;2023;8;20;2;2;0;1;0;0;1;0;0;0;0;0;381786,096120670437813;5681535,909581182524562;7,305298182000058;51,272888600000044;2
264514;5230821404101487098;5;7;66;20;2023;8;1;2;3;9;6;2;0;1;0;0;0;0;0;491168,910646770324092;5753050,304780371487141;8,871567303000063;51,928110554000057;2
264515;5230821601700690450;5;3;16;0;2023;8;11;2;3;2;2;0;0;1;0;0;0;0;0;356204,282250574091449;5657007,359810616821051;6,948594302000060;51,046583028000043;2
264516;5230821607500425400;5;3;82;56;2023;8;9;2;3;0;1;0;0;1;0;0;0;0;1;369307,861731417011470;5627980,152440046891570;7,145821271000045;50,788820715000043;2
264517;5230821709000538481;5;5;66;4;2023;8;17;2;3;0;1;0;1;1;0;0;0;0;1;394756,305127573490608;5768209,976548064500093;7,465056176000076;52,054484411000033;2
264518;5230822303100094280;5;9;15;0;2023;8;15;3;2;0;1;0;0;1;0;0;0;0;0;419019,203809226979502;5725943,579792136326432;7,828741040000068;51,678617858000052;2
264519;5230822313212985297;5;9;58;36;2023;8;16;3;3;0;1;0;0;1;0;0;0;0;0;462488,062345907092094;5689956,736584635451436;8,461232992000021;51,359635739000055;2
264520;5230822411216152365;5;7;74;16;2023;8;11;3;3;0;6;0;0;1;0;0;0;0;1;476116,517927530105226;5718705,047426274977624;8,655022152000072;51,618865089000053;2
264521;5230822514210586051;5;1;66;12;2023;8;16;3;3;4;6;0;0;1;0;0;0;0;0;321329,095856194675434;5695138,945802068337798;6,432548021000059;51,379340454000044;2
264522;5230822515111056538;5;1;54;44;2023;8;19;3;3;0;1;0;0;1;0;0;0;0;0;323156,112529566860758;5737514,000233685597777;6,437448115000052;51,760554638000031;2
264523;5230822515111985313;5;1;54;8;2023;8;14;3;2;3;6;0;0;1;0;0;0;1;0;310840,864444614504464;5748816,725397055037320;6,253039354000066;51,858040172000074;2
264524;5230822608200089862;5;3;34;2;2023;8;16;3;3;0;1;0;0;1;0;0;0;0;0;298491,613439287000801;5624168,247393790632486;6,144309721000070;50,734301495000068;2
264525;5230822705000030801;5;5;54;16;2023;8;12;3;3;4;6;0;0;1;1;0;0;0;0;362126,618676525366027;5759251,197763625532389;6,993048150000050;51,966829439000037;2
264526;5230822706200070571;5;5;58;12;2023;8;13;3;3;2;6;0;0;1;0;0;0;0;0;375597,926392914028838;5752362,892666555009782;7,191522981000048;51,908105278000050;2
264527;5230822709800579150;5;5;66;44;2023;8;15;3;3;8;1;0;0;1;0;0;0;0;0;429555,016065699746832;5777161,485942219384015;7,970622630000037;52,140469783000071;2
264528;5230823313233985250;5;9;58;28;2023;8;18;4;3;0;1;0;0;1;0;0;0;0;0;472232,339993347879499;5676372,127325089648366;8,602238449000026;51,238045330000034;2
264529;5230823410230985278;5;7;70;4;2023;8;7;4;3;0;7;0;0;1;0;0;0;0;0;490255,318341961828992;5787950,107092383317649;8,857283348000067;52,241872467000064;2
264530;5230823516200030452;5;1;58;12;2023;8;17;4;3;4;2;0;0;1;0;0;0;0;1;358597,492100371804554;5688303,148033183999360;6,970392778000075;51,328419767000071;2
264531;5230823601500026044;5;3;15;0;2023;8;22;4;3;0;7;2;0;1;0;0;0;0;1;359721,866427913308144;5649582,113969624042511;7,001614567000047;50,980722157000059;2
264532;5230823607400941637;5;3;82;68;2023;8;14;4;3;0;1;0;0;1;0;0;0;0;0;368437,972840186615940;5628971,577323644421995;7,133131748000039;50,797534916000075;2
264533;5230823705000021120;5;5;54;20;2023;8;15;4;3;4;6;0;0;1;0;0;0;0;0;364910,897549973567948;5786790,790804889053106;7,022638299000050;52,214969726000049;2
264534;5230824301302580430;5;9;13;0;2023;8;9;5;3;0;7;0;1;1;0;0;0;0;0;395657,233010634197854;5707611,222510557621717;7,496410620000063;51,509983682000041;2
264535;5230824317210585000;5;9;78;20;2023;8;8;5;3;4;6;0;1;1;0;0;0;0;0;407340,187245004402939;5715835,407387424260378;7,662544510000032;51,585949395000057;2
264536;5230824514217985213;5;1;66;36;2023;8;14;5;2;5;3;0;0;1;1;0;0;0;0;329262,859952819941100;5679869,568966553546488;6,553749223000068;51,244605085000046;2
264537;5230824607200695371;5;3;82;20;2023;8;9;5;3;0;1;0;1;1;0;0;0;0;0;378738,002364214044064;5626080,051775583066046;7,280170163000037;50,773790549000068;2
264538;5230824702100476643;5;5;15;0;2023;8;16;5;3;4;6;0;0;1;1;0;0;0;0;400095,831630278553348;5755196,218678276054561;7,546696527000051;51,938504355000077;2
264539;5230824705000985220;5;5;54;4;2023;8;11;5;3;0;1;0;0;1;0;0;0;0;0;354624,462827771378215;5777932,583201572299004;6,875974890000066;52,132765370000072;2
264540;5230825317110518830;5;9;78;36;2023;8;18;6;3;6;7;0;0;1;0;1;0;0;0;416035,919465140206739;5710733,455814113840461;7,789246147000028;51,541447702000028;2
264541;5230825514218985170;5;1;66;28;2023;8;14;6;3;8;6;0;1;1;0;0;0;1;0;322702,015451538958587;5685106,429275507107377;6,457249074000060;51,289647734000027;2
264542;5230825600140069527;5;3;14;0;2023;8;19;6;3;7;7;0;0;1;0;1;0;0;0;368826,066296860401053;5623490,406480155885220;7,140590585000041;50,748357543000054;2
264543;5230825709800238741;5;5;66;40;2023;8;17;6;2;0;1;0;0;1;0;0;0;0;0;419339,820787783828564;5780718,128837009891868;7,820540375000064;52,171042718000081;2
264544;5230825711400587231;5;5;70;28;2023;8;15;6;3;4;6;0;0;1;1;0;0;0;0;439860,987200582807418;5742703,056059911847115;8,127240566000069;51,831909134000057;2
264545;5230826317220277920;5;9;78;4;2023;8;14;7;3;4;6;0;0;1;0;0;0;0;0;402769,469147524796426;5720406,178460230119526;7,595323874000030;51,626265280000041;2
264546;5230826502229077996;5;1;13;0;2023;8;15;7;3;3;6;0;0;1;0;0;0;0;0;362666,889428897586185;5697065,886174653656781;7,025379406000070;51,408164197000076;2
264547;5230826516900890292;5;1;58;26;2023;8;23;7;3;0;7;2;0;1;0;0;0;0;0;352015,884404394077137;5663762,882755356840789;6,886119527000062;51,106226250000077;2
264548;5230826603208590954;5;3;66;8;2023;8;15;7;3;0;1;0;0;1;0;0;0;0;0;337984,275213556597009;5586779,903527244925499;6,719733062000046;50,410690878000025;2
264549;5230827317250352447;5;9;78;32;2023;8;15;1;3;7;4;0;0;1;0;1;0;0;0;393720,352062567253597;5728319,836999694816768;7,462234634000026;51,695758770000054;2
264550;5230827405228887287;5;7;54;28;2023;8;3;1;3;0;7;2;1;1;0;1;0;0;0;451646,698470677714795;5745634,361322980374098;8,297853662000023;51,859407778000048;2
264551;5230827407326029594;5;7;62;12;2023;8;15;1;3;0;1;0;0;1;0;0;0;0;0;514436,067986702255439;5709611,671088234521449;9,208144944000026;51,537423202000070;2
264552;5230827410230790741;5;7;70;4;2023;8;15;1;2;0;7;0;0;1;0;0;0;0;1;485921,701755462330766;5784057,272325658239424;8,793977375000054;52,206779929000049;2
264553;5230827601200787056;5;3;15;0;2023;8;12;1;3;7;1;0;0;1;0;0;0;0;0;355373,922005700937007;5640109,092846756801009;6,943476430000032;50,894514425000068;2
264554;5230827709700055930;5;5;66;92;2023;8;17;1;3;4;1;0;1;1;1;0;0;0;0;421692,490654617955443;5795364,668124051764607;7,851541407000070;52,303036300000031;2
264555;5230827711300968997;5;5;70;48;2023;8;16;1;2;4;1;0;0;1;0;0;0;0;0;450083,090861926495563;5730914,733025698922575;8,277268740000068;51,726932411000064;2
264556;5230828600140485760;5;3;14;0;2023;8;19;2;3;6;6;0;0;1;0;1;0;0;0;367019,052904483978637;5625585,969722727313638;7,114233588000047;50,766781354000045;2
264557;5230828601600925115;5;3;15;0;2023;8;10;2;3;0;7;0;0;1;0;0;0;1;0;358857,831954323220998;5640893,051929662004113;6,992680310000026;50,902421902000071;2
264558;5230828709500302282;5;5;66;76;2023;8;7;2;3;4;6;0;0;1;0;0;0;0;0;395519,452116165193729;5791648,771570703946054;7,468969297000058;52,265285360000064;2
264559;5230829400100985012;5;7;11;0;2023;8;18;3;3;4;1;0;0;1;0;0;0;0;0;472176,229109534178860;5765237,718967322260141;8,594368434000046;52,037059310000075;2
264560;5230829516100880942;5;1;58;32;2023;8;15;3;3;3;6;0;0;1;0;0;0;0;0;369230,118880160269327;5690825,259183925576508;7,121989223000071;51,353630720000069;2
264561;5230829602600090187;5;3;62;20;2023;8;19;3;3;0;1;0;0;1;0;0;0;0;0;340661,606291216390673;5624628,733574515208602;6,741164608000076;50,751540372000079;2
264562;5230829607400378253;5;3;82;68;2023;8;15;3;3;0;7;0;0;1;0;0;0;0;0;372779,837922197533771;5636223,688569156453013;7,192192833000036;50,863688425000078;2
264563;5230830506100069395;5;1;16;0;2023;8;18;4;3;0;1;0;1;1;0;0;0;0;0;321183,728284654091112;5667634,375406284816563;6,444206406000035;51,132218306000027;2
264564;5230901709110984760;5;5;66;8;2023;9;16;6;3;5;3;0;0;1;1;0;0;0;0;396054,491924535599537;5782032,293871902860701;7,479761456000062;52,178959187000032;2
264565;5230902410230490794;5;7;70;4;2023;9;16;7;3;3;6;0;0;1;0;1;0;0;0;488574,772784458473325;5786155,408778123557568;8,832731525000042;52,225704802000052;2
264566;5230902411132378086;5;7;74;32;2023;9;11;7;2;0;1;0;1;1;0;0;0;0;0;479977,625530158635229;5728422,714573605917394;8,710235131000047;51,706390770000041;2
264567;5230902503200984881;5;1;24;0;2023;9;20;7;3;8;7;2;0;1;0;0;0;0;0;376064,873293201671913;5682331,217673235572875;7,223044877000063;51,278821006000044;2
264568;5230902513210986056;5;1;62;24;2023;9;15;7;3;0;6;0;0;1;0;0;0;0;1;341353,272923085081857;5672777,771407987922430;6,729961122000020;51,184375438000075;2