OID_;UIDENTSTLAE;ULAND;UREGBEZ;UKREIS;UGEMEINDE;UJAHR;UMONAT;USTUNDE;UWOCHENTAG;UKATEGORIE;UART;UTYP1;ULICHTVERH;IstStrassenzustand;IstRad;IstPKW;IstFuss;IstKrad;IstGkfz;IstSonstige;LINREFX;LINREFY;XGCSWGS84;YGCSWGS84;PLST
264569;5230902600360095283;5;3;82;12;2023;9;23;7;2;0;1;2;0;1;0;0;0;0;0;353886,343821873131674;5626027,682475429028273;6,927950948000046;50,767592336000064;2
264570;5230902709300942420;5;5;66;96;2023;9;17;7;2;8;7;0;0;1;0;0;0;0;0;386786,194078794040252;5786937,842065528035164;7,342628753000042;52,221220736000078;2
264571;5230903300500593921;5;9;11;0;2023;9;15;1;3;0;3;0;0;1;0;0;0;0;0;376222,537401922862045;5701874,424462993629277;7,218499785000063;51,454501798000081;2
264572;5230903313130979576;5;9;58;44;2023;9;15;1;3;9;1;0;0;1;0;0;0;0;0;427205,641482806531712;5687737,225372719578445;7,955010153000046;51,336255612000059;2
264573;5230903502324595923;5;1;13;0;2023;9;18;1;3;5;3;0;0;1;0;0;1;0;0;362943,861416794708930;5709123,455733851529658;7,024685196000064;51,516585947000067;2
264574;5230903503200078835;5;1;24;0;2023;9;11;1;3;3;6;0;0;1;0;0;0;0;0;377247,779565817210823;5684651,242734422907233;7,239198965000071;51,299929046000045;2
264575;5230903514210789447;5;1;66;12;2023;9;12;1;2;0;7;0;0;1;0;0;0;0;0;322702,399212279124185;5693253,555371371097863;6,453201387000036;51,362834459000055;2
264576;5230903516300984852;5;1;58;28;2023;9;16;1;3;0;7;0;0;1;0;0;0;0;1;348066,135780427604914;5683502,876212298870087;6,821389472000021;51,282571038000071;2
264577;5230903518100984861;5;1;70;48;2023;9;12;1;3;0;7;0;0;1;1;0;0;0;0;335081,591143565776292;5728311,369011777453125;6,614443306000055;51,681520909000028;2
264578;5230903601300090176;5;3;15;0;2023;9;17;1;3;0;3;0;0;1;0;0;0;0;0;350222,803016897756606;5647431,450206933543086;6,867274849000069;50,959003117000066;2
264579;5230903601500984840;5;3;15;0;2023;9;13;1;3;0;7;0;0;1;0;1;0;0;0;359622,751716006954666;5649034,115951359272003;7,000415126000064;50,975773115000038;2
264580;5230903602800794776;5;3;62;12;2023;9;12;1;3;0;7;0;1;1;0;1;0;0;0;349427,188099603750743;5629142,311503093689680;6,863485877000073;50,794442048000064;2
264581;5230903705000795050;5;5;54;32;2023;9;16;1;2;2;6;0;0;1;0;0;1;0;0;323131,959875947504770;5747848,680739944800735;6,431825146000051;51,853375532000030;2
264582;5230903706000076632;5;5;58;32;2023;9;16;1;3;6;6;0;0;1;0;1;0;0;0;387771,718530560494401;5757490,963077418506145;7,366743137000071;51,956779062000066;2
264583;5230904303100984802;5;9;15;0;2023;9;19;2;3;4;6;0;0;1;0;0;0;0;0;420008,427583997196052;5727715,918666151352227;7,842639181000038;51,694692254000074;2
264584;5230904317140918930;5;9;78;28;2023;9;13;2;3;5;3;0;0;1;0;0;0;0;0;401131,891564244753681;5699822,142663970589638;7,577453983000055;51,440952269000036;2
264585;5230904405228984831;5;7;54;28;2023;9;8;2;3;1;5;0;0;1;1;0;0;0;0;452475,387176123389509;5740675,004800150170922;8,310567554000045;51,814891600000067;2
264586;5230904410120487167;5;7;70;32;2023;9;16;2;3;0;1;0;0;1;0;0;0;0;0;492030,500606387620792;5787956,427781938575208;8,883281733000047;52,241957861000060;2
264587;5230904410230390717;5;7;70;4;2023;9;13;2;3;5;7;0;0;1;1;0;0;0;0;489865,258626461494714;5783693,658625610172749;8,851698245000023;52,203597454000032;2
264588;5230904503200079421;5;1;24;0;2023;9;20;2;3;0;1;2;0;1;0;0;0;0;0;374007,024270055466332;5681273,978463354520500;7,193928182000036;51,268867571000044;2
264589;5230904515110984815;5;1;54;36;2023;9;14;2;3;3;6;0;0;1;1;0;0;0;0;301077,920206233917270;5744075,905882145278156;6,114176701000076;51,812074834000043;2
264590;5230904600370993585;5;3;82;4;2023;9;20;2;3;3;1;2;0;1;0;0;1;0;0;358834,907654873502906;5616793,131595281884074;7,001615537000021;50,685822635000079;2
264591;5230904609108785730;5;3;58;8;2023;9;19;2;3;0;7;0;0;1;0;0;0;0;0;322602,209523724915925;5627613,209314561448991;6,483959896000044;50,773116150000078;2
264592;5230905313110984760;5;9;58;4;2023;9;14;3;2;0;1;0;0;1;0;0;0;0;0;427587,434828543860931;5701732,662527472712100;7,957633655000052;51,462128919000065;2
264593;5230905313110984771;5;9;58;4;2023;9;13;3;3;8;7;0;0;1;0;0;0;0;0;429526,838861728145275;5699205,284678419120610;7,986049765000075;51,439651621000053;2
264594;5230905313212090815;5;9;58;36;2023;9;10;3;2;9;1;0;0;1;0;0;0;0;0;466114,260154710849747;5681373,568604777567089;8,514128395000057;51,282686552000030;2
264595;5230905317210889440;5;9;78;20;2023;9;15;3;2;0;1;0;0;1;0;0;0;0;0;410535,788785479264334;5717322,259256470017135;7,708278004000022;51,599831588000029;2
264596;5230905317250242440;5;9;78;32;2023;9;18;3;3;6;4;0;0;1;0;1;0;0;0;393132,338000000454485;5729517,673000000417233;7,453362856000069;51,706413440000063;2
264597;5230905410230396865;5;7;70;4;2023;9;18;3;2;0;1;0;0;1;0;0;0;0;0;490008,468693834787700;5782876,201412492431700;8,853817947000039;52,196250619000068;2
264598;5230905514210085961;5;1;66;12;2023;9;13;3;3;5;3;0;0;1;1;0;0;0;0;318226,203999999910593;5693983,372999999672174;6,388600651000047;51,367975486000034;2
264599;5230905600110395527;5;3;14;0;2023;9;19;3;3;8;1;0;0;1;0;0;0;0;0;366632,454721326183062;5621590,672683193348348;7,110201296000071;50,730782923000049;2
264600;5230905608332589844;5;3;34;32;2023;9;18;3;2;0;1;0;0;1;0;0;0;0;0;302814,378744251269381;5626775,407924089580774;6,204095983000059;50,759202908000077;2
264601;5230905709500438807;5;5;66;76;2023;9;10;3;3;0;2;0;0;1;0;0;0;0;0;397989,176002850872464;5786008,163900081068277;7,506849208000062;52,215053865000073;2
264602;5230906300600885400;5;9;16;0;2023;9;19;4;3;0;1;0;0;1;0;0;0;0;0;377838,744311926420778;5714124,439229271374643;7,237505288000023;51,564949419000072;2
264603;5230906313130394382;5;9;58;44;2023;9;18;4;3;4;6;0;0;1;1;0;0;0;0;429420,175975422491319;5691341,615165559574962;7,986080109000056;51,368940303000045;2
264604;5230906405116006676;5;7;54;16;2023;9;18;4;3;5;6;0;0;1;0;0;0;0;0;446985,898991765803657;5757943,582428117282689;8,228284891000044;51,969647714000075;2
264605;5230906515110285928;5;1;54;36;2023;9;7;4;3;0;1;0;0;1;0;0;0;0;0;303480,115878400160000;5739889,106491514481604;6,151351062000060;51,775326315000029;2
264606;5230906518320582292;5;1;70;52;2023;9;19;4;3;0;1;0;0;1;0;0;0;0;0;320216,587000000290573;5726070,570000000298023;6,400801550000040;51,656832463000057;2
264607;5230907503100906910;5;1;24;0;2023;9;8;5;3;4;6;0;0;1;0;0;0;0;0;369579,756000000052154;5680870,847999999299645;7,130647280000062;51,264248570000063;2
264608;5230907701400875422;5;5;12;0;2023;9;13;5;2;0;1;0;0;1;0;0;0;0;0;358258,576310861448292;5710354,227649362757802;6,956709089000071;51,526489520000041;2
264609;5230907701610090207;5;5;62;12;2023;9;3;5;2;0;7;2;0;1;0;0;0;0;0;355277,715683223446831;5727052,843498899601400;6,906878571000050;51,675780358000054;2
264610;5230907705000880991;5;5;54;28;2023;9;16;5;3;0;1;0;0;1;0;0;0;0;0;359922,744525024434552;5746493,119237957522273;6,966176161000021;51,851641870000037;2
264611;5230908315250489986;5;9;70;12;2023;9;12;6;3;0;1;0;0;1;0;0;0;0;0;448145,305560025677551;5647579,856010905466974;8,261362449000046;50,977476312000078;2
264612;5230908513110699741;5;1;62;16;2023;9;17;6;3;3;7;0;0;1;1;0;0;0;0;331961,299457145680208;5677312,116543578915298;6,593573975000027;51,222429704000035;2
264613;5230908600110565600;5;3;14;0;2023;9;11;6;3;9;1;0;0;1;0;0;0;0;0;364434,900521347066388;5625416,911731229163706;7,077672522000057;50,764663811000048;2
264614;5230908702100984550;5;5;15;0;2023;9;23;6;3;3;6;2;0;1;0;0;0;0;0;407329,595792351639830;5754919,412894092500210;7,651967799000033;51,937268047000032;2
264615;5230909300800594000;5;9;54;36;2023;9;14;7;3;0;1;0;0;1;0;0;0;0;0;381120,731942264770623;5698721,093830689787865;7,290022882000073;51,427209997000034;2
264616;5230909307000394385;5;9;62;36;2023;9;19;7;3;0;1;0;0;1;0;0;0;0;0;406706,465057382127270;5663546,078827856108546;7,667110909000030;51,115790036000078;2
264617;5230909310140080500;5;9;54;28;2023;9;0;7;3;0;1;2;0;1;0;0;0;0;0;380041,295510970288888;5688559,958240211009979;7,277935258000070;51,335655894000070;2
264618;5230909600140990960;5;3;14;0;2023;9;20;7;3;3;1;1;0;1;0;0;0;0;0;369528,413154521549586;5619991,631852489896119;7,151779245000057;50,717068037000047;2
264619;5230909602700814916;5;3;62;28;2023;9;20;7;2;7;7;2;0;1;0;0;0;0;0;351267,853000000119209;5641671,759999999776483;6,884495218000040;50,907514573000071;2
264620;5230909602800785762;5;3;62;12;2023;9;16;7;3;0;1;0;0;1;0;0;0;0;0;351291,792000000365078;5633897,067999999970198;6,887996762000057;50,837652902000059;2
264621;5230909608332899658;5;3;34;32;2023;9;14;7;3;0;1;0;0;1;0;0;0;0;0;311779,797420033020899;5625753,138031729497015;6,331589011000062;50,752996593000034;2
264622;5230909701610984503;5;5;62;12;2023;9;18;7;2;0;1;0;0;1;0;0;0;0;0;358394,290786372905131;5725827,798134071752429;6,952418877000071;51,665566758000068;2
264623;5230910400200984460;5;7;11;0;2023;9;19;1;2;8;6;1;0;1;0;0;0;0;0;472655,246816358121578;5765210,184137011878192;8,601353858000039;52,036835584000073;2
264624;5230910411128751247;5;7;74;28;2023;9;14;1;3;4;3;0;0;1;0;0;0;0;1;493393,809870066237636;5718893,062192365527153;8,904574448000062;51,621023651000030;2
264625;5230910502231595554;5;1;13;0;2023;9;13;1;3;7;7;0;0;1;0;0;0;0;0;365937,844585684244521;5695298,656110594980419;7,073049058000038;51,393065171000046;2
264626;5230910502407195746;5;1;17;0;2023;9;11;1;3;0;7;0;0;1;0;0;0;0;0;348133,444278821290936;5693602,560943894088268;6,818049284000040;51,373339500000043;2
264627;5230910513130295447;5;1;62;22;2023;9;13;1;3;4;1;0;0;1;1;0;0;0;0;339453,699329131515697;5681982,400666663423181;6,698681010000030;51,266547839000054;2
264628;5230910516000586002;5;1;58;36;2023;9;14;1;3;0;1;0;0;1;0;0;0;0;0;363061,996426438447088;5684333,004955467768013;7,035956868000028;51,293833711000048;2
264629;5230910516200089212;5;1;58;12;2023;9;15;1;3;5;2;0;0;1;0;0;0;0;0;358952,753419088432565;5688399,384419459849596;6,975450466000041;51,329372802000080;2
264630;5230910516300984461;5;1;58;28;2023;9;19;1;3;6;1;0;0;1;0;1;0;0;0;348011,038175833469722;5683957,772896527312696;6,820406475000027;51,286643836000053;2
264631;5230910518310984477;5;1;70;32;2023;9;13;1;2;8;1;0;0;1;0;0;0;0;0;337029,628866623621434;5710707,803531095385551;6,650775755000041;51,523939500000040;2
264632;5230910603116081466;5;3;66;16;2023;9;11;1;3;0;7;0;0;1;0;0;0;0;1;348608,521018865983933;5610467,270511082373559;6,859537761000070;50,626402825000071;2
264633;5230910705000984468;5;5;54;56;2023;9;17;1;2;0;1;0;0;1;0;0;0;0;0;355500,399098227440845;5765234,904052019119263;6,894140676000063;52,018909644000075;2
264634;5230910709800787278;5;5;66;44;2023;9;10;1;2;0;7;0;0;1;0;0;0;0;0;430241,455216432688758;5779377,158250558190048;7,980196488000047;52,160474243000067;2
264635;5230911404301687381;5;7;66;8;2023;9;18;2;3;6;6;0;0;1;0;1;0;0;0;482411,731918774428777;5769716,207016985863447;8,743354987000032;52,077743588000033;2
264636;5230911502406095746;5;1;17;0;2023;9;16;2;2;0;7;0;0;1;0;0;0;0;0;356000,665566539159045;5698940,790713877417147;6,928834416000029;51,423358594000035;2
264637;5230911502407778844;5;1;17;0;2023;9;19;2;3;0;6;0;0;1;0;0;0;0;0;353570,231999999843538;5694147,506999999284744;6,895880417000058;51,379664411000078;2
264638;5230911503100984446;5;1;24;0;2023;9;2;2;2;9;1;2;0;1;0;0;0;0;0;369508,320814445789438;5680837,356255045160651;7,129636184000049;51,263931221000064;2
264639;5230911702000203348;5;5;15;0;2023;9;20;2;2;8;6;1;0;1;0;0;0;0;0;408149,429700364707969;5759872,957511260174215;7,662565456000038;51,981929263000040;2
264640;5230914303100918602;5;9;15;0;2023;9;14;5;1;0;1;0;0;1;0;0;0;0;0;419795,419451835448854;5727493,452246273867786;7,839609096000061;51,692661975000078;2
264641;5230914315140793797;5;9;70;36;2023;9;21;5;3;8;1;2;0;1;0;0;0;0;0;429014,932860044296831;5627803,069427513517439;7,992743754000060;50,797617048000063;2
264642;5230914406210587050;5;7;58;4;2023;9;17;5;2;3;6;0;0;1;0;0;0;0;0;469631,059492440195754;5782415,867069806903601;8,555732028000023;52,191366120000055;2
264643;5230914505100984241;5;1;14;0;2023;9;16;5;3;0;1;0;0;1;0;0;0;0;0;328799,423999999649823;5687582,260999999940395;6,543420674000060;51,313755542000081;2
264644;5230914608200499657;5;3;34;2;2023;9;16;5;3;0;7;0;0;1;0;0;0;0;0;299172,110284334572498;5628047,532720094546676;6,151825400000064;50,769380001000059;2
264645;5230915300400590148;5;9;11;0;2023;9;18;6;2;4;6;0;0;1;0;0;0;0;1;369666,011564873508178;5699621,748514553532004;7,125015728000051;51,432785641000066;2
264646;5230915301102180394;5;9;13;0;2023;9;14;6;3;6;1;0;0;1;0;1;0;0;0;396771,499948335578665;5705563,314613854512572;7,513060756000073;51,491780341000037;2
264647;5230915307000090142;5;9;62;16;2023;9;12;6;2;0;1;0;0;1;0;0;0;0;0;414478,742274745600298;5693002,226409153081477;7,771086479000076;51,381815279000079;2
264648;5230915404302587415;5;7;66;48;2023;9;15;6;3;0;1;0;0;1;0;0;0;0;0;476922,441980293602683;5757693,868709768168628;8,664068285000042;51,969451940000056;2
264649;5230915506100984176;5;1;16;0;2023;9;17;6;3;1;5;0;0;1;1;0;0;0;1;314776,580598212021869;5674260,470642250962555;6,349321887000031;51,189701994000075;2
264650;5230915516200795760;5;1;58;12;2023;9;14;6;3;0;1;0;0;1;0;0;0;0;0;360967,848473217221908;5688543,272795900702477;7,004299405000040;51,331162076000055;2
264651;5230915602700099122;5;3;62;28;2023;9;15;6;2;3;6;0;0;1;0;0;0;0;0;350027,840712687699124;5639028,887744667939842;6,867955967000057;50,883443786000043;2
264652;5230915709110984177;5;5;66;4;2023;9;15;6;3;0;7;0;0;1;0;0;0;0;0;396242,897615645779297;5765931,090034761466086;7,487421138000059;52,034282686000040;2
264653;5230916300400984135;5;9;11;0;2023;9;14;7;3;0;7;0;0;1;0;0;0;0;1;377695,996415554604027;5697167,123136753216386;7,241321824000067;51,412514748000035;2
264654;5230916307000794454;5;9;62;40;2023;9;13;7;2;0;1;0;0;1;0;0;0;0;0;418152,338184698368423;5699686,151666175574064;7,822319677000053;51,442445173000067;2
264655;5230916307000984151;5;9;62;40;2023;9;8;7;2;0;1;0;0;1;0;0;0;0;0;420367,875565639522392;5700471,801285221241415;7,854014596000070;51,449824022000030;2
264656;5230916307000996280;5;9;62;12;2023;9;23;7;3;0;7;2;1;1;0;0;0;0;0;395022,545031809131615;5670402,423184723593295;7,498241001000054;51,175401563000037;2
264657;5230916313240485082;5;9;58;40;2023;9;13;7;3;0;7;0;0;1;0;0;0;0;0;455099,209966153954156;5676460,975317282602191;8,356814924000048;51,237752974000045;2
264658;5230916410230690784;5;7;70;4;2023;9;18;7;1;9;1;0;0;1;0;0;0;0;0;486668,817543042940088;5780897,671456993557513;8,805034946000035;52,178391767000051;2
264659;5230916502214375232;5;1;13;0;2023;9;10;7;3;4;7;0;0;1;0;0;0;0;0;362552,170886798587162;5699330,182969466783106;7,022852980000039;51,428484502000060;2
264660;5230916516500686812;5;1;58;16;2023;9;12;7;3;4;2;0;0;1;0;0;0;0;0;355396,854572413954884;5668393,671731363981962;6,932523136000043;51,148703463000061;2
264661;5230916600130475847;5;3;82;8;2023;9;15;7;3;0;1;0;1;1;0;0;0;0;0;379730,866900163004175;5611424,579671787098050;7,299019932000022;50,642259620000061;2
264662;5230916600330984138;5;3;82;48;2023;9;13;7;3;0;6;0;0;1;0;0;0;0;0;358163,471015706367325;5613011,359264203347266;6,993566413000053;50,651670700000068;2
264663;5230916610114399732;5;3;70;32;2023;9;21;7;2;0;1;2;0;1;0;0;0;0;0;291828,698498695390299;5660709,983777195215225;6,029192841000054;51,060120670000060;2
264664;5230916705000296552;5;5;54;64;2023;9;17;7;3;0;1;0;0;1;0;0;0;0;0;361748,428310256102122;5754684,234487623907626;6,989383201000066;51,925699089000034;2
264665;5230917313240085082;5;9;58;40;2023;9;13;1;2;0;1;0;1;1;0;0;0;0;0;457433,699389334185980;5668700,019152265042067;8,391174093000075;51,168147930000032;2
264666;5230917503100984072;5;1;24;0;2023;9;14;1;3;5;2;0;1;1;0;0;0;0;1;367305,155823264096398;5679736,245147443376482;7,098484727000027;51,253526755000053;2
264667;5230917503400895733;5;1;22;0;2023;9;22;1;3;0;7;0;0;1;0;0;0;0;0;364214,842626907746308;5672284,422932541929185;7,057049839000058;51,185829887000068;2
264668;5230917600110090257;5;3;14;0;2023;9;14;1;3;0;7;0;0;1;0;0;0;0;0;364296,858577529317699;5625519,014079778455198;7,075678595000056;50,765549216000068;2
264669;5230917603104286464;5;3;66;4;2023;9;11;1;3;0;7;0;0;1;0;0;0;0;0;340818,768525113177020;5604355,568475043401122;6,752108635000070;50,569407374000036;2
264670;5230917709700984081;5;5;66;56;2023;9;12;1;3;5;6;0;0;1;0;0;0;0;0;417963,100436347187497;5797408,869831414893270;7,796360572000026;52,320866200000069;2
264671;5230917709800984080;5;5;66;40;2023;9;12;1;2;8;1;0;0;1;0;0;0;0;0;423968,793269061367027;5783939,705750668421388;7,887491092000062;52,200658624000027;2
264672;5230918500200875992;5;1;11;0;2023;9;15;2;3;7;1;0;0;1;0;0;0;0;0;341583,799939358490519;5689901,781878980807960;6,725672882000026;51,338299102000065;2
264673;5230918600110034045;5;3;14;0;2023;9;15;2;2;0;1;0;0;1;0;0;0;0;0;366263,027921071450692;5623249,955623663961887;7,104367466000042;50,745611591000056;2
264674;5230918601500090278;5;3;15;0;2023;9;6;2;3;6;6;1;0;1;0;1;0;0;0;359622,331079906260129;5649032,494259323924780;7,000409765000029;50,975758438000071;2
264675;5230919313110983950;5;9;58;4;2023;9;20;3;3;9;1;2;0;1;0;0;0;0;0;435828,262766683648806;5693998,138585078530014;8,077642551000054;51,393584792000070;2
264676;5230919600380096518;5;3;14;0;2023;9;7;3;2;7;7;0;0;1;0;0;0;0;0;366789,893331147322897;5616317,470858735963702;7,114333646000034;50,683423120000043;2
264677;5230920404101166256;5;7;66;20;2023;9;23;4;2;8;1;0;0;1;0;0;0;0;0;493024,751763268490322;5757419,311498008668423;8,898468541000057;51,967418752000071;2
264678;5230920502210491002;5;1;13;0;2023;9;16;4;3;0;1;0;0;1;0;0;0;0;1;356702,570152924046852;5691726,569312901236117;6,941834880000044;51,358708906000061;2
264679;5230920503200983921;5;1;24;0;2023;9;16;4;3;5;3;0;0;1;0;0;0;0;0;375934,212106867867988;5682282,676706871949136;7,221189308000021;51,278356293000058;2
264680;5230920513210983810;5;1;62;24;2023;9;20;4;3;0;7;0;0;1;0;0;0;0;1;340958,917371364776045;5673002,827929355204105;6,724223515000062;51,186288019000074;2
264681;5230920702100372346;5;5;15;0;2023;9;15;4;3;4;3;0;0;1;0;0;0;0;1;406168,780855363816954;5757577,763103806413710;7,634361415000058;51,960968052000055;2
264682;5230921317140694377;5;9;78;28;2023;9;18;5;3;0;7;1;0;1;0;0;0;0;0;400179,239105004991870;5700139,040995177812874;7,563662149000038;51,443633773000045;2
264683;5230921600310983892;5;3;14;0;2023;9;9;5;3;4;6;0;0;1;0;0;0;1;0;362719,404859869100619;5618222,224042332731187;7,056040685000028;50,699596555000028;2
264684;5230921705000351453;5;5;54;20;2023;9;14;5;3;6;7;0;0;1;0;1;0;0;0;365026,781426719157025;5786075,498971570283175;7,024618653000061;52,208571024000037;2
264685;5230922502249573504;5;1;13;0;2023;9;17;6;2;9;1;0;0;1;0;0;0;0;0;358105,027665960602462;5692823,861170328222215;6,961526583000023;51,368921461000070;2
264686;5230922505100983823;5;1;14;0;2023;9;11;6;3;0;7;0;0;1;0;0;0;0;1;336039,419841578928754;5689584,598577193915844;6,646291031000032;51,333877557000051;2
264687;5230922516800498956;5;1;58;20;2023;9;6;6;3;0;1;2;1;1;0;0;0;0;0;354510,102829816809390;5666445,523343816399574;6,920640571000035;51,130971994000049;2
264688;5230922705000481550;5;5;54;20;2023;9;12;6;3;0;1;0;0;1;0;0;0;0;0;365322,435678786830977;5783157,316085625439882;7,030102772000021;52,182422495000026;2
264689;5230924317240983718;5;9;78;40;2023;9;16;1;3;4;6;0;0;1;1;0;0;0;0;405813,116354678000789;5729313,415322517976165;7,636880252000026;51,706849514000055;2
264690;5230924411108983740;5;7;74;8;2023;9;11;1;3;0;1;0;0;1;0;0;0;0;0;485717,031907731492538;5735756,595796101726592;8,792994329000067;51,772507374000043;2
264691;5230924503200983731;5;1;24;0;2023;9;13;1;2;9;1;0;0;1;0;0;0;0;0;372148,168528083129786;5681324,126525629311800;7,167278624000062;51,268904295000027;2
264692;5230924513130037505;5;1;62;22;2023;9;16;1;3;0;1;0;0;1;0;0;0;0;0;341418,453303375514224;5687683,029869197867811;6,724288537000064;51,318317762000049;2
264693;5230924600140983721;5;3;14;0;2023;9;15;1;3;4;6;0;0;1;0;0;0;0;0;366847,596256425022148;5622864,481580516323447;7,112787850000075;50,742281306000052;2
264694;5230924600360286558;5;3;82;12;2023;9;11;1;3;4;6;0;0;1;0;0;0;0;0;361808,366210651176516;5627010,730970844626427;7,039852228000029;50,778368766000028;2
264695;5230924702100091795;5;5;15;0;2023;9;15;1;3;4;6;0;0;1;0;0;0;0;0;400554,959328466735315;5757168,499142710119486;7,552802568000061;51,956313789000035;2
264696;5230924709500038567;5;5;66;16;2023;9;12;1;3;5;3;0;0;1;1;0;0;0;0;406825,308954046515282;5789685,789969703182578;7,635130096000069;52,249673758000029;2
264697;5230924709500911962;5;5;66;76;2023;9;13;1;3;8;1;0;0;1;0;0;0;0;0;394929,385035237355623;5783613,486914526671171;7,462822694000067;52,192956923000054;2
264698;5230925500300886847;5;1;11;0;2023;9;16;2;2;3;6;0;0;1;0;0;0;0;0;345236,729677464812994;5673275,754127906635404;6,785268988000041;51,189914627000064;2
264699;5230925601200983657;5;3;15;0;2023;9;16;2;3;6;6;0;0;1;0;1;0;0;0;358053,411555567989126;5641093,362348997965455;6,981169554000076;50,904024902000060;2
264700;5230925606700064394;5;3;78;32;2023;9;7;2;3;2;6;0;0;1;0;0;0;0;0;376593,973534838121850;5667537,734133115038276;7,235717106000038;51,145973628000036;2
264701;5230925607500578263;5;3;82;56;2023;9;10;2;3;0;7;0;0;1;0;0;0;0;0;374400,825845154293347;5626838,117995317094028;7,218429282000045;50,779681427000071;2
264702;5230925706000696571;5;5;58;12;2023;9;15;2;3;5;3;0;0;1;0;0;0;0;1;373129,634499267151114;5756204,450232199393213;7,154244531000074;51,942070413000067;2
264703;5230925711100091830;5;5;70;32;2023;9;7;2;2;6;6;0;0;1;0;1;0;0;0;421791,211957765510306;5766710,153800280764699;7,859595358000036;52,045477850000054;2
264704;5230926315210347893;5;9;70;24;2023;9;12;3;3;0;1;0;0;1;0;0;0;0;0;433444,352988483849913;5646956,787403878755867;8,052097947000050;50,970362480000063;2
264705;5230926406120578202;5;7;58;16;2023;9;16;3;2;4;1;0;1;1;0;0;0;0;0;474050,153338216710836;5776902,979933633469045;8,620798948000072;52,142028162000031;2
264706;5230926411220080624;5;7;74;20;2023;9;19;3;3;0;1;0;0;1;0;0;0;0;0;470834,354467401572037;5735643,807999866083264;8,577311151000060;51,770915643000080;2
264707;5230926518120747920;5;1;70;44;2023;9;5;3;3;0;1;2;0;1;0;0;0;0;0;338687,357923574338201;5719921,738124762661755;6,670421932000067;51,607195241000056;2
264708;5230926600380178248;5;3;14;0;2023;9;7;3;3;3;2;0;0;1;0;0;0;0;1;370748,182703674770892;5617342,104101686738431;7,169976227000063;50,693525679000061;2
264709;5230926608200977511;5;3;34;2;2023;9;14;3;3;0;6;0;0;1;0;0;0;0;0;300536,904296070919372;5624264,944678713567555;6,173204559000055;50,735875897000028;2
264710;5230926706300696613;5;5;58;28;2023;9;15;3;2;2;6;0;0;1;0;0;0;0;0;402971,025899999833200;5729616,237000000663102;7,595676920000074;51,709087180000040;2
264711;5230927601200878365;5;3;15;0;2023;9;22;4;2;8;1;2;0;1;0;0;0;0;0;354651,729932018206455;5644251,356123356148601;6,931564228000070;50,931558711000037;2
264712;5230927602800493378;5;3;62;12;2023;9;15;4;3;0;1;0;0;1;0;0;0;0;0;350113,235941223101690;5632974,158257325179875;6,871648201000028;50,829055088000075;2
264713;5230927606700093504;5;3;78;32;2023;9;6;4;3;6;6;2;0;1;0;1;0;0;0;371553,045067113300320;5663136,885757653042674;7,165256167000052;51,105311198000038;2
264714;5230927706300596613;5;5;58;4;2023;9;16;4;2;0;7;0;0;1;0;0;0;0;0;403858,353500818950124;5739620,681994957849383;7,605748404000053;51,799166670000034;2
264715;5230927711400694414;5;5;70;28;2023;9;14;4;2;5;3;0;0;1;1;0;0;0;0;444942,408650452212896;5737890,690501028671861;8,201740662000077;51,789168187000030;2
264716;5230928315250735997;5;9;70;12;2023;9;18;5;3;7;7;0;0;1;0;0;0;0;1;447498,714358332334086;5653119,738744515925646;8,251351688000057;51,027230840000072;2
264717;5230928505100095995;5;1;14;0;2023;9;17;5;3;4;6;0;0;1;0;0;0;0;0;335227,984000000171363;5688218,072000000625849;6,635285113000066;51,321365689000061;2
264718;5230928705000855673;5;5;54;4;2023;9;11;5;3;0;6;0;0;1;1;0;0;0;0;362522,522267476248089;5770246,060133958235383;6,994392729000026;52,065721080000060;2
264719;5230929405108080600;5;7;54;8;2023;9;15;6;3;0;1;0;0;1;0;0;0;0;0;457915,906291230523493;5757434,113259588368237;8,387442052000040;51,966002445000072;2
264720;5230929411112977063;5;7;74;12;2023;9;7;6;3;6;7;0;0;1;0;1;0;0;0;483392,614188549108803;5719801,448568396270275;8,760066359000064;51,628985086000057;2
264721;5230929518100795960;5;1;70;48;2023;9;13;6;3;3;6;0;0;1;1;0;0;0;0;340302,450953103951178;5727084,790917778387666;6,690457112000047;51,672009967000065;2
264722;5230930300700553577;5;9;16;0;2023;9;21;7;2;0;1;2;0;1;0;0;0;0;0;370600,999916356406175;5710454,669832320883870;7,134489610000060;51,530355363000069;2
264723;5230930310140880860;5;9;54;28;2023;9;15;7;2;0;1;0;0;1;0;0;0;0;0;378770,430999999865890;5691195,539000000804663;7,258802625000044;51,359074430000078;2
264724;5230930405116090670;5;7;54;16;2023;9;20;7;3;5;3;1;0;1;0;0;0;0;1;446224,309320446278434;5757580,001842232421041;8,217256650000024;51,966305897000041;2
264725;5230930607100490907;5;3;82;28;2023;9;15;7;2;0;1;0;0;1;0;0;0;0;0;374651,983769640210085;5634199,814521137624979;7,219475318000036;50,845906012000057;2