OID_;UIDENTSTLAE;ULAND;UREGBEZ;UKREIS;UGEMEINDE;UJAHR;UMONAT;USTUNDE;UWOCHENTAG;UKATEGORIE;UART;UTYP1;ULICHTVERH;IstStrassenzustand;IstRad;IstPKW;IstFuss;IstKrad;IstGkfz;IstSonstige;LINREFX;LINREFY;XGCSWGS84;YGCSWGS84;PLST
264726;5231001314210185515;5;9;66;4;2023;10;15;1;2;0;1;0;1;1;0;0;0;0;0;422466,102856747107580;5661634,704726973548532;7,892630713000074;51,100954965000028;2
264727;5231001411132082120;5;7;74;20;2023;10;18;1;3;8;1;1;0;1;0;0;0;0;0;474739,682142187608406;5737253,254609323106706;8,633791413000040;51,785576231000050;2
264728;5231001411224983338;5;7;74;24;2023;10;22;1;3;0;1;2;0;1;0;0;0;0;0;471757,999900143477134;5742497,714600254781544;8,590138481000054;51,832586710000044;2
264729;5231001518320095965;5;1;70;52;2023;10;12;1;3;0;7;0;0;1;0;0;0;0;1;322130,094769094546791;5727861,049636296927929;6,427524412000025;51,673523981000073;2
264730;5231001600310983351;5;3;14;0;2023;10;15;1;3;0;1;0;0;1;0;0;0;0;0;363539,155580324004404;5616622,673427539877594;7,068232455000043;50,685412959000075;2
264731;5231001602500080844;5;3;62;24;2023;10;13;1;3;6;6;0;0;1;0;1;0;0;0;345157,448469081369694;5644639,478185493499041;6,796390797000072;50,932575836000069;2
264732;5231001607500078264;5;3;82;56;2023;10;14;1;3;0;1;0;0;1;0;0;0;0;0;375380,358999318559654;5628004,845880135893822;7,231920851000041;50,790379955000049;2
264733;5231001701200799306;5;5;62;20;2023;10;12;1;2;0;7;0;0;1;0;1;0;0;0;372031,407822732930072;5713777,287183846347034;7,153891445000056;51,560541693000062;2
264734;5231001702100368282;5;5;15;0;2023;10;14;1;3;4;6;0;0;1;0;0;0;0;0;407235,943114932393655;5752290,413036839105189;7,651314449000040;51,913621470000066;2
264735;5231001709300070501;5;5;66;52;2023;10;14;1;3;3;6;0;0;1;0;0;0;0;0;380413,050779531826265;5779422,726159557700157;7,252027273000067;52,152339641000026;2
264736;5231002313240983316;5;9;58;40;2023;10;13;2;2;4;6;0;0;1;0;0;0;0;0;446669,866197906725574;5674088,375163491815329;8,236431795000044;51,215694368000072;2
264737;5231002501133983317;5;1;12;0;2023;10;14;2;3;5;3;0;0;1;0;0;0;0;1;342002,982356311578769;5710146,601314959116280;6,722656592000021;51,520310507000033;2
264738;5231002516800695744;5;1;58;20;2023;10;15;2;2;0;7;0;0;1;0;0;0;0;0;357908,854616700846236;5663916,160036249086261;6,970179603000076;51,109094780000078;2
264739;5231002601500983304;5;3;15;0;2023;10;16;2;3;4;6;0;0;1;0;0;0;0;0;359705,004297471488826;5648565,090792407281697;7,001766966000048;50,971577998000043;2
264740;5231002702100579163;5;5;15;0;2023;10;18;2;2;0;6;1;0;1;0;0;0;0;0;405345,144725332444068;5758255,608787097036839;7,622190944000067;51,966921198000080;2
264741;5231002702100978182;5;5;15;0;2023;10;8;2;3;7;7;0;0;1;0;0;0;0;0;407776,522602725191973;5751068,878000735305250;7,659498518000021;51,902731316000029;2
264742;5231003603116096195;5;3;66;16;2023;10;16;3;3;0;1;0;0;1;0;0;0;0;0;349117,494904388266150;5617558,817326664924622;6,863838377000036;50,690264942000056;2
264743;5231003711300983150;5;5;70;8;2023;10;16;3;3;0;3;0;1;1;0;0;0;0;0;433340,130743721441831;5734073,335031250491738;8,034279904000073;51,753587793000065;2
264744;5231004404101876240;5;7;66;20;2023;10;10;4;3;0;1;0;1;1;0;0;0;0;0;490054,628190859802999;5753849,092563956975937;8,855338983000024;51,935273689000041;2
264745;5231004702100087867;5;5;15;0;2023;10;18;4;3;6;4;0;0;1;0;1;0;0;0;405552,531885595701169;5755453,346995972096920;7,625979018000066;51,941768513000056;2
264746;5231005705000781025;5;5;54;48;2023;10;11;5;3;3;6;0;0;1;0;0;0;0;0;342698,638488649739884;5745842,781478362157941;6,716592672000047;51,841211745000066;2
264747;5231006600140199400;5;3;14;0;2023;10;17;6;2;6;6;0;0;1;0;1;0;0;0;366832,698215918848291;5622808,222951578907669;7,112597151000045;50,741772236000031;2
264748;5231007310110889970;5;9;54;16;2023;10;16;7;3;0;1;0;0;1;0;0;0;0;0;372077,772591872839257;5694565,471903330646455;7,161515901000030;51,387893383000062;2
264749;5231007313232983138;5;9;58;20;2023;10;12;7;3;0;1;0;0;1;0;0;0;0;0;472531,169415743905120;5662565,580707228742540;8,607574268000064;51,113911105000057;2
264750;5231007600120371666;5;3;82;24;2023;10;12;7;2;8;1;0;0;1;0;0;0;0;0;373249,481052776332945;5616073,827487892471254;7,205807372000038;50,682676145000073;2
264751;5231007607100899944;5;3;82;60;2023;10;15;7;3;3;6;0;0;1;0;0;0;0;0;373446,526735029590782;5630193,931891225278378;7,203743883000072;50,809637334000058;2
264752;5231007607300037130;5;3;82;76;2023;10;11;7;3;0;7;0;0;1;0;0;0;0;0;400345,344729846692644;5629769,478348622098565;7,585510635000048;50,811074243000064;2
264753;5231008405116983100;5;7;54;16;2023;10;15;1;2;6;6;0;0;1;0;1;0;0;0;451875,679589472187217;5755622,596666795201600;8,299783540000021;51,949226153000041;2
264754;5231008503400186531;5;1;22;0;2023;10;14;1;3;3;7;0;0;1;0;0;0;0;0;365131,645742356195115;5673402,516263208352029;7,069740464000063;51,196095358000036;2
264755;5231008608328089793;5;3;34;28;2023;10;16;1;3;2;6;0;0;1;0;0;0;0;0;315497,587075753661338;5612666,881707910448313;6,390772153000057;50,636628244000065;2
264756;5231008702100074725;5;5;15;0;2023;10;12;1;3;0;7;0;0;1;0;0;0;0;0;403423,330674785538577;5755776,605351979844272;7,594922573000076;51,944308553000042;2
264757;5231009515110983060;5;1;54;40;2023;10;10;2;2;0;7;0;1;1;0;0;0;0;0;294509,520821495505515;5746032,625547490082681;6,017863182000042;51,827268866000054;2
264758;5231010301102289340;5;9;13;0;2023;10;15;3;3;9;1;0;0;1;0;0;0;0;0;394256,796575401967857;5698415,097496017813683;7,478989328000068;51,427063041000054;2
264759;5231010313110987452;5;9;58;4;2023;10;15;3;3;0;1;0;0;1;0;0;0;0;0;434905,746645696577616;5692866,176942569203675;8,064592411000035;51,383302566000054;2
264760;5231010406110670297;5;7;58;12;2023;10;13;3;3;0;1;0;0;1;0;0;0;0;0;476268,722205130499788;5770128,284203773364425;8,653690109000024;52,081219203000046;2
264761;5231010407106983022;5;7;62;20;2023;10;6;3;2;0;1;0;1;1;0;0;0;0;0;519237,849799416726455;5728695,154403724707663;9,278426371000023;51,708867809000026;2
264762;5231010602300199614;5;3;62;36;2023;10;8;3;3;0;1;0;1;1;0;0;0;0;0;344887,587898091587704;5647255,518095843493938;6,791439325000056;50,956010807000041;2
264763;5231010705000874717;5;5;54;32;2023;10;17;3;3;0;7;0;0;1;0;0;0;0;1;324645,170739129534923;5742546,983359782025218;6,456459575000054;51,806231261000050;2
264764;5231010705000983000;5;5;54;20;2023;10;17;3;3;8;1;0;0;1;0;0;0;0;0;364016,778151900565717;5780736,171479230746627;7,011987911000062;52,160347536000074;2
264765;5231010709110076753;5;5;66;12;2023;10;18;3;3;0;1;0;0;1;0;0;0;0;0;401998,052963474765420;5774792,010914064943790;7,568746099000066;52,114971976000049;2
264766;5231011601600487237;5;3;15;0;2023;10;13;4;3;9;1;0;0;1;0;0;0;0;0;358673,733228112338111;5644007,578181425109506;6,988857212000028;50,930367391000061;2
264767;5231012411216296991;5;7;74;16;2023;10;11;5;3;0;1;0;1;1;0;0;0;0;0;471859,192958729923703;5714109,554681989364326;8,593898724000042;51,577348627000049;2
264768;5231013406110982116;5;7;58;12;2023;10;14;6;3;5;1;0;1;1;1;0;0;0;0;478032,581248826463707;5778883,335232866927981;8,678864390000058;52,160005454000043;2
264769;5231013411232176192;5;7;74;32;2023;10;16;6;3;8;1;0;0;1;0;0;0;0;0;477988,650443721388001;5726709,947600987739861;8,681559147000030;51,690916288000039;2
264770;5231013501326982837;5;1;12;0;2023;10;16;6;2;0;7;0;1;1;0;0;0;0;0;346282,848968569305725;5691709,226892330683768;6,792300344000068;51,355829454000059;2
264771;5231013600110386285;5;3;14;0;2023;10;14;6;3;6;1;0;1;1;0;1;0;0;0;366246,495451830909587;5617244,255978032946587;7,106310598000050;50,691628471000058;2
264772;5231014709800982803;5;5;66;32;2023;10;17;7;2;0;7;0;0;1;0;0;0;0;1;413054,840563979814760;5778474,123909930698574;7,729236058000026;52,149918021000076;2
264773;5231015316100982800;5;9;74;40;2023;10;0;1;3;0;7;2;0;1;0;0;0;0;1;441493,302630658901762;5714676,321626389399171;8,155630667000025;51,580110179000030;2
264774;5231015600140775847;5;3;14;0;2023;10;19;1;3;2;6;2;0;1;0;0;0;0;0;367197,806811967224348;5621400,218310111202300;7,118276235000053;50,729200632000072;2
264775;5231015606100982781;5;3;78;12;2023;10;11;1;3;0;1;0;1;1;0;0;0;0;0;379329,895440546097234;5652191,695183013565838;7,279935541000043;51,008621969000046;2
264776;5231016303100982728;5;9;15;0;2023;10;16;2;3;4;6;0;0;1;0;0;0;0;0;419794,457089538977016;5727493,109999909996986;7,839595254000074;51,692658762000065;2
264777;5231016601200982745;5;3;15;0;2023;10;12;2;3;6;6;0;1;1;0;1;0;0;0;358739,839558590610977;5640280,032536825165153;6,991240475000041;50,896883766000030;2
264778;5231017407202190640;5;7;62;4;2023;10;17;3;3;7;7;0;0;1;0;0;0;0;1;503622,680832739744801;5734065,325950819067657;9,052486711000029;51,757471153000040;2
264779;5231017701800675247;5;5;62;4;2023;10;16;3;3;5;3;0;0;1;0;0;0;0;1;385184,475280568294693;5710850,368443843908608;7,344506178000074;51,537065923000057;2
264780;5231018404101070346;5;7;66;20;2023;10;16;4;3;5;6;0;0;1;0;0;0;0;0;491540,843530941288918;5754037,042480301111937;8,876952138000036;51,936988131000078;2
264781;5231018516300387000;5;1;58;28;2023;10;18;4;3;2;6;0;0;1;0;0;0;0;0;355415,128730550990440;5686298,992557993158698;6,925559658000054;51,309610078000048;2
264782;5231018600380190898;5;3;14;0;2023;10;20;4;3;8;1;2;0;1;0;0;0;0;0;368442,009639354189858;5619593,797165234573185;7,136540068000045;50,713247316000036;2
264783;5231018706000496670;5;5;58;12;2023;10;18;4;3;0;3;1;0;1;1;0;0;0;0;374335,716135547787417;5751569,783433363772929;7,173473003000026;51,900694677000047;2
264784;5231019405228939150;5;7;54;28;2023;10;11;5;3;6;7;0;0;1;0;1;0;0;0;452197,928064053296112;5743216,972452626563609;8,306191781000052;51,837721665000061;2
264785;5231019601300487660;5;3;15;0;2023;10;22;5;2;0;1;2;1;1;0;0;0;0;0;354822,103458194178529;5646001,349720155820251;6,933289772000023;50,947328357000060;2
264786;5231019606700599802;5;3;78;16;2023;10;9;5;2;6;6;0;1;1;0;1;0;0;0;360818,456835235818289;5663621,675466209650040;7,011830766000060;51,107162208000034;2
264787;5231021513210586188;5;1;62;24;2023;10;13;7;2;0;1;0;0;1;0;0;0;0;0;341125,067987283575349;5673329,505042861215770;6,726454528000033;51,189269457000080;2
264788;5231021602700982500;5;3;62;28;2023;10;17;7;3;0;7;0;0;1;0;1;0;0;0;350347,764083186979406;5640922,655309991911054;6,871724952000022;50,900545006000073;2
264789;5231021702100791735;5;5;15;0;2023;10;3;7;2;0;1;2;1;1;0;0;0;0;0;400414,991300864377990;5759835,199283513240516;7,549992868000061;51,980257381000058;2
264790;5231022300700971454;5;9;16;0;2023;10;17;1;3;0;1;0;1;1;0;0;0;0;0;373278,838775676325895;5709515,733099913224578;7,173411737000038;51,522524385000054;2
264791;5231022600110895333;5;3;14;0;2023;10;15;1;3;0;1;0;1;1;0;0;0;0;0;365622,847272528742906;5624213,843983427621424;7,094946966000066;50,754127119000032;2
264792;5231023400200494410;5;7;11;0;2023;10;16;2;3;0;7;0;0;1;0;1;0;0;0;471016,035262420016807;5761648,133920039981604;8,577758905000053;52,004727055000046;2
264793;5231023404302587416;5;7;66;8;2023;10;16;2;3;0;1;0;1;1;0;0;0;0;0;483121,288999105687253;5771376,628733041696250;8,753626425000050;52,092694102000053;2
264794;5231023406110095544;5;7;58;12;2023;10;15;2;3;4;6;0;0;1;0;0;0;0;1;477039,797769779455848;5773872,810778472572565;8,664689849000069;52,114917465000076;2
264795;5231023411128072321;5;7;74;28;2023;10;18;2;2;0;7;1;0;1;0;0;0;0;0;498015,184343193133827;5713761,201813353225589;8,971358617000021;51,574915416000067;2
264796;5231024404101496917;5;7;66;20;2023;10;14;3;3;2;6;0;0;1;1;0;0;0;0;489752,652112139796373;5753670,646517778746784;8,850951903000066;51,933663796000076;2
264797;5231024514219573896;5;1;66;36;2023;10;14;3;3;5;2;0;1;1;0;0;0;0;0;327610,904094162513502;5680137,187931806780398;6,529975307000029;51,246512492000079;2
264798;5231024602700790930;5;3;62;28;2023;10;7;3;3;6;6;2;1;1;0;1;0;0;0;351531,177999571897089;5637122,315847354009748;6,890086342000075;50,866698473000042;2
264799;5231025607200286263;5;3;82;20;2023;10;6;4;3;8;1;2;1;1;0;0;0;0;0;377645,594003585749306;5625036,918995861895382;7,265031297000064;50,764184685000032;2
264800;5231027301101985992;5;9;13;0;2023;10;16;6;3;0;7;0;1;1;0;0;0;0;0;392430,800159033737145;5707661,589190602302551;7,449920072000054;51,509831359000032;2
264801;5231029514216982157;5;1;66;28;2023;10;2;1;3;8;7;2;1;1;0;0;0;0;0;320871,184152232774068;5689334,894185459241271;6,428896905000045;51,327059048000081;2
264802;5231030301205269355;5;9;13;0;2023;10;11;2;3;0;7;0;0;1;0;0;0;0;1;388493,220093852025457;5714995,777931839227676;7,390878999000051;51,574988569000027;2
264803;5231030301304585050;5;9;13;0;2023;10;14;2;3;1;1;0;1;1;1;0;0;0;0;404142,089753656066023;5709806,539185141213238;7,618041041000026;51,531220822000080;2
264804;5231031405108982040;5;7;54;8;2023;10;11;3;3;5;3;0;1;1;0;0;0;0;0;457293,126042891584802;5750943,572276774793863;8,379183632000036;51,907601563000071;2
264805;5231031607500090891;5;3;82;56;2023;10;13;3;3;0;1;0;1;1;0;0;0;0;0;372425,512103023938835;5628098,804471003822982;7,189987509000048;50,790581702000054;2
264806;5231031702100381934;5;5;15;0;2023;10;15;3;3;5;3;0;1;1;1;0;0;0;0;405803,135427523055114;5753498,831996145658195;7,630158815000073;51,924242863000075;2
264807;5231101314110047380;5;9;66;24;2023;11;17;4;2;7;1;1;1;1;0;0;0;0;1;419048,498914294992574;5658770,919535800814629;7,844471383000041;51,074735597000029;2
264808;5231101317220981940;5;9;78;4;2023;11;15;4;3;0;1;0;1;1;0;0;0;0;0;401930,956910481443629;5717015,984577412717044;7,584162492000075;51,595645960000070;2
264809;5231101505200091560;5;1;14;0;2023;11;12;4;3;3;6;0;0;1;0;0;0;0;0;327229,791000000201166;5691148,162000000476837;6,519191279000040;51,345315647000064;2
264810;5231101601400062751;5;3;15;0;2023;11;12;4;3;7;7;0;0;1;0;1;0;0;0;350902,160961181158200;5656047,961880689486861;6,873403353000072;51,036609978000058;2
264811;5231102313122981911;5;9;58;8;2023;11;7;5;2;7;7;0;1;1;0;0;0;0;0;459333,929284541227389;5693025,606260241009295;8,415582817000029;51,387012282000057;2
264812;5231103315210093717;5;9;70;24;2023;11;13;6;2;0;6;0;0;1;0;0;0;0;0;429001,525560651847627;5645827,061252829618752;7,989052808000054;50,959674376000066;2
264813;5231103503200981844;5;1;24;0;2023;11;11;6;3;3;6;0;0;1;0;0;0;0;0;376097,329352328088135;5682454,542031345888972;7,223467219000042;51,279936473000078;2
264814;5231104608328785784;5;3;34;28;2023;11;12;7;3;8;1;0;1;1;0;0;0;0;0;312620,586631958081853;5607280,831214483827353;6,352850317000048;50,587325020000037;2
264815;5231107411220887045;5;7;74;20;2023;11;14;3;3;5;3;0;0;1;1;0;0;0;0;468193,743382408458274;5738119,163280040025711;8,538815992000025;51,793027749000032;2
264816;5231107705000891733;5;5;54;8;2023;11;15;3;3;4;6;0;0;1;1;0;0;0;0;337686,870236478280276;5744586,117606402374804;6,644495958000050;51,828488222000033;2
264817;5231108316300981185;5;9;74;28;2023;11;16;4;2;0;7;0;0;1;0;0;0;0;1;458646,535965346731246;5728896,402992377057672;8,401487740000050;51,709482890000061;2
264818;5231108407304981653;5;7;62;36;2023;11;15;4;2;0;1;0;1;1;0;0;0;0;1;512738,005857816897333;5702685,672011456452310;9,183411558000046;51,475187768000069;2
264819;5231108411132237560;5;7;74;32;2023;11;15;4;3;0;6;0;1;1;0;0;0;0;0;482496,782450034224894;5730314,555721353739500;8,746597047000023;51,723485148000066;2
264820;5231108705000981676;5;5;54;20;2023;11;7;4;3;4;7;1;0;1;0;0;0;0;0;363830,125443249999080;5788230,670059004798532;7,006249353000044;52,227641259000052;2
264821;5231111513120981738;5;1;62;20;2023;11;13;7;3;5;3;0;0;1;0;0;0;0;1;330184,802891580446158;5674781,515541187487543;6,569355687000041;51,199168952000036;2
264822;5231112300100191817;5;9;11;0;2023;11;14;1;3;0;1;0;1;1;0;0;0;0;0;376960,338069944933522;5708059,029250114224851;7,226958505000027;51,510246455000072;2
264823;5231112405148981481;5;7;54;48;2023;11;16;1;3;0;7;1;0;1;0;0;0;0;0;441232,704793644137681;5765453,129426272585988;8,143258407000076;52,036579623000080;2
264824;5231112405148981500;5;7;54;48;2023;11;15;1;3;3;6;0;0;1;1;0;0;0;0;439681,929178999387659;5763697,368180532008410;8,120962758000076;52,020629050000082;2
264825;5231112701610899765;5;5;62;12;2023;11;12;1;3;4;6;0;0;1;0;0;0;0;0;359124,702560432662722;5725850,276838002726436;6,962964166000063;51,665952335000043;2
264826;5231112702100670628;5;5;15;0;2023;11;11;1;3;8;7;0;0;1;0;0;0;0;0;395973,059207285579760;5755951,966768210753798;7,486516191000021;51,944541481000044;2
264827;5231112705000896520;5;5;54;8;2023;11;10;1;2;7;7;0;1;1;0;0;0;0;0;336945,790900324354880;5749500,505607100203633;6,631433547000029;51,872420874000056;2
264828;5231113601100586377;5;3;15;0;2023;11;15;2;3;0;1;0;1;1;0;0;0;0;0;356880,659971585962921;5645271,870596320368350;6,962861473000032;50,941287364000061;2
264829;5231114513210290180;5;1;62;24;2023;11;13;3;3;1;7;0;1;1;1;0;0;0;0;339769,579186643240973;5674115,348977110348642;6,706723045000047;51,195951875000048;2
264830;5231114514123079540;5;1;66;20;2023;11;13;3;2;0;7;0;1;1;0;0;0;0;0;305580,102692857268266;5675728,377854855731130;6,217081502000042;51,199832261000040;2
264831;5231114606100078567;5;3;78;4;2023;11;15;3;2;0;1;0;1;1;0;0;0;0;0;371785,204489482799545;5648983,163793718442321;7,173580905000051;50,978151644000036;2
264832;5231114607500981391;5;3;82;56;2023;11;11;3;3;0;1;0;1;1;0;0;0;0;0;371876,610878066101577;5627331,547119801864028;7,182471433000046;50,783564296000065;2
264833;5231115310230090147;5;9;54;12;2023;11;13;4;3;0;7;0;0;1;0;0;0;0;1;386311,173026282805949;5688552,261601319536567;7,367904524000039;51,336875078000048;2
264834;5231116411224870344;5;7;74;24;2023;11;7;5;3;8;1;2;1;1;0;0;0;0;0;476051,273000000044703;5743694,550000000745058;8,652360320000071;51,843548104000035;2
264835;5231116602400569704;5;3;62;32;2023;11;9;5;3;5;7;0;0;1;1;0;0;0;0;337075,086158197838813;5642180,273393288254738;6,682564971000033;50,908252939000079;2
264836;5231116711400502632;5;5;70;28;2023;11;5;5;3;4;6;2;1;1;0;0;0;0;0;444066,737125366169494;5744458,871234959922731;8,187985152000067;51,848131456000033;2
264837;5231117705000691708;5;5;54;4;2023;11;10;6;3;4;7;0;1;1;1;0;0;0;0;355589,165581873152405;5778187,257468719966710;6,889951253000049;52,135306462000074;2
264838;5231118410110981168;5;7;70;24;2023;11;2;7;3;0;1;2;1;1;0;0;0;0;0;494608,227549677365460;5794991,959849014878273;8,920921613000075;52,305242314000054;2
264839;5231120518210096116;5;1;70;28;2023;11;10;2;2;5;3;0;1;1;1;0;0;0;0;327951,584027846693061;5703523,551908471621573;6,523544805000029;51,456708822000053;2
264840;5231121310120089970;5;9;54;32;2023;11;7;3;2;0;1;1;1;1;0;0;0;0;0;384762,189792908378877;5696493,105841455981135;7,343102578000071;51,407936848000077;2
264841;5231121701500285465;5;5;62;24;2023;11;13;3;3;0;7;0;1;1;0;0;0;0;0;367947,302619230002165;5724229,957217080518603;7,091070918000071;51,653534044000025;2
264842;5231123705000220881;5;5;54;20;2023;11;15;5;3;4;6;0;1;1;0;0;1;0;0;364917,589403035119176;5786824,670905746519566;7,022722666000050;52,215275788000042;2
264843;5231123709000212030;5;5;66;76;2023;11;6;5;3;0;7;2;1;1;0;0;0;0;0;398014,103171284717973;5785825,140635131858289;7,507269090000023;52,213413544000048;2
264844;5231126313110980810;5;9;58;4;2023;11;13;1;3;0;1;0;1;1;0;0;0;0;0;427377,545131236605812;5701109,684534181840718;7,954740822000076;51,456501271000036;2
264845;5231126410230636410;5;7;70;4;2023;11;15;1;3;0;7;0;1;1;0;0;0;0;0;488079,097537072142586;5785434,077049530111253;8,825500160000047;52,219209107000040;2
264846;5231126700000677610;5;5;13;0;2023;11;22;1;3;0;7;2;1;1;0;0;0;0;0;369163,553730447660200;5712379,613206563517451;7,113062872000057;51,547323171000073;2
264847;5231127516000495747;5;1;58;28;2023;11;19;2;3;6;6;2;1;1;0;1;0;0;0;348171,134608354768716;5684653,414211889728904;6,822404787000039;51,292937257000062;2
264848;5231127709300741173;5;5;66;68;2023;11;18;2;3;6;1;2;1;1;0;1;0;0;0;376594,369996735127643;5785678,807890763506293;7,193963631000031;52,207718009000075;2
264849;5231129300100678810;5;9;11;0;2023;11;15;4;3;0;1;0;1;1;0;0;0;0;0;374870,819965686125215;5704753,996952835470438;7,198035690000040;51,480084329000078;2
264850;5231129516200791126;5;1;58;12;2023;11;8;4;3;0;1;1;2;1;0;0;0;0;0;355940,253317925496958;5690531,548432858660817;6,931377310000073;51,347777549000057;2
264851;5231130601300684967;5;3;15;0;2023;11;14;5;3;0;7;0;0;1;0;1;0;0;0;354455,598857437376864;5645330,736965746618807;6,928343936000033;50,941209344000072;2
264852;5231130705000665870;5;5;54;48;2023;11;11;5;3;0;7;0;0;1;0;0;0;0;0;341227,917688612709753;5745417,007715984247625;6,695457449000060;51,836970422000036;2
264853;5231202706300374761;5;5;58;24;2023;12;16;7;3;0;6;2;1;1;0;0;0;0;0;393359,891539250558708;5737309,818144269287586;7,454266238000059;51,776493205000065;2
264854;5231203610121285810;5;3;70;12;2023;12;12;1;3;0;7;0;0;1;0;0;0;0;0;298813,801850821822882;5650734,712042041122913;6,134273031000021;50,973020564000080;2
264855;5231204404301978057;5;7;66;44;2023;12;11;2;3;0;1;0;2;1;0;0;0;0;0;492686,583052309812047;5762339,391046408563852;8,893441237000047;52,011650639000038;2
264856;5231204705000182336;5;5;54;48;2023;12;8;2;3;8;6;0;1;1;1;0;0;0;0;341916,384112371073570;5749337,778149620629847;6,703648534000024;51,872389751000071;2
264857;5231205702100905253;5;5;15;0;2023;12;7;3;3;3;6;2;1;1;1;0;0;0;0;408274,585032230941579;5755856,148403892293572;7,665460183000050;51,945844567000051;2
264858;5231205709800980357;5;5;66;44;2023;12;10;3;3;8;7;0;1;1;0;0;0;0;0;429390,626847925828770;5775488,716292017139494;7,968568262000076;52,125411774000042;2
264859;5231206601500099034;5;3;15;0;2023;12;22;4;3;0;1;2;2;1;0;0;0;0;0;359109,207605964737013;5646044,765258891507983;6,994262343000059;50,948782289000064;2
264860;5231207518300191600;5;1;70;20;2023;12;18;5;3;0;7;2;1;1;0;0;0;0;0;325277,003336361201946;5708221,440806054510176;6,482763267000053;51,498091307000038;2
264861;5231207609224978420;5;3;58;24;2023;12;17;5;2;6;7;2;1;1;0;1;0;0;0;315903,029575092601590;5644007,750275017693639;6,380809780000050;50,918307020000043;2
264862;5231208601300475996;5;3;15;0;2023;12;13;6;3;0;7;0;0;1;0;0;0;0;0;351208,391056520980783;5649092,432822224684060;6,880619262000039;50,974184701000070;2
264863;5231208610212833036;5;3;70;40;2023;12;13;6;2;0;7;0;1;1;0;0;0;0;0;308108,536661929101683;5670123,761643820442259;6,256220199000040;51,150346890000037;2
264864;5231209500100980188;5;1;11;0;2023;12;12;7;3;0;7;0;0;1;0;1;0;0;0;344282,941084963793401;5677162,765485147014260;6,769943955000031;51,224581790000059;2
264865;5231209709500755928;5;5;66;60;2023;12;11;7;3;5;1;0;0;1;0;0;0;1;0;391511,374357573862653;5785891,222053531557322;7,412108226000043;52,212765480000030;2
264866;5231210411132980155;5;7;74;32;2023;12;11;1;3;6;6;0;1;1;0;1;0;0;0;485861,511666879407130;5730053,501204678788781;8,795320161000063;51,721232865000047;2
264867;5231213400200594410;5;7;11;0;2023;12;9;4;3;5;3;0;1;1;0;0;0;0;1;467982,539764009416103;5763685,022113998420537;8,533377702000053;52,022873298000036;2
264868;5231214518200980023;5;1;70;24;2023;12;6;5;3;0;1;2;1;1;0;0;0;0;0;335041,469019404787105;5697626,869903918355703;6,628246200000035;51,405842551000035;2
264869;5231216513210978320;5;1;62;24;2023;12;9;7;3;0;7;0;0;1;0;0;0;0;1;340793,375910589355044;5675484,519398800097406;6,720756185000027;51,208540126000059;2
264870;5231216702100269102;5;5;15;0;2023;12;9;7;3;8;6;0;0;1;1;0;0;0;0;404178,424584811727982;5760375,812608368694782;7,604621401000031;51,985778389000075;2
264871;5231216711200791797;5;5;70;4;2023;12;16;7;2;3;2;0;0;1;0;0;0;0;1;424936,425139603437856;5735703,146432249806821;7,912203350000027;51,767176140000061;2
264872;5231217500300979930;5;1;11;0;2023;12;15;1;3;8;6;0;0;1;0;0;0;0;0;352215,922998012858443;5667854,230920383706689;6,887297661000048;51,143043501000079;2
264873;5231218313240589260;5;9;58;40;2023;12;15;2;3;6;6;0;0;1;0;1;0;0;0;460368,613534370262641;5678262,369950276799500;8,432093235000025;51,254340949000039;2
264874;5231218705000864268;5;5;54;20;2023;12;7;2;3;5;3;2;1;1;1;0;0;0;0;365738,083970912906807;5784950,132702847011387;7,035468302000027;52,198632950000047;2
264875;5231219307000979850;5;9;62;24;2023;12;14;3;3;4;1;0;1;1;0;0;0;0;1;407313,642756425775588;5698121,454330412670970;7,666817391000052;51,426709467000080;2
264876;5231220607100090907;5;3;82;60;2023;12;16;4;3;0;1;1;1;1;0;0;0;0;0;373288,648557129316032;5629138,191102125681937;7,201868583000021;50,800113433000035;2
264877;5231221702100074122;5;5;15;0;2023;12;14;5;3;5;3;0;1;1;1;0;0;0;0;403705,016368165786844;5753119,475566442124546;7,599763145000054;51,920474107000075;2
264878;5231221706200381082;5;5;58;12;2023;12;17;5;3;5;3;2;1;1;1;0;0;0;0;374137,419769634143449;5752289,799521366134286;7,170329405000075;51,907120360000079;2
264879;5231226600310090850;5;3;14;0;2023;12;16;3;3;0;7;1;1;1;0;1;0;0;0;364614,406039203458931;5614769,290918964892626;7,084123338000040;50,669006016000026;2
264880;5231228411232979660;5;7;74;32;2023;12;14;5;3;0;1;0;1;1;0;0;0;0;0;479996,546618224179838;5728494,949426905252039;8,710504809000042;51,707040930000062;2
264881;5231230515110499226;5;1;54;36;2023;12;9;7;3;7;7;0;0;1;0;0;0;0;1;303292,401508967450354;5741396,857360880821943;6,147779332000027;51,788800214000048;2
264882;5231230518400891621;5;1;70;8;2023;12;12;7;2;0;1;0;1;1;0;0;0;0;0;344891,273983062070329;5714842,997581520117819;6,762183801000049;51,563307211000051;2